2026-01-10 19:13:11,236 - AUTO_PILOT - Auto-Pilot Started. Monitoring pipeline...
2026-01-10 19:13:11,237 - AUTO_PILOT - Triggering FETCH...
2026-01-10 19:13:11,237 - AUTO_PILOT - Starting process: ['/usr/local/bin/python', '/app/stock_ticker/main.py', '--fetch-only']
2026-01-10 19:15:11,338 - AUTO_PILOT - Triggering FETCH...
2026-01-10 19:15:11,339 - AUTO_PILOT - Starting process: ['/usr/local/bin/python', '/app/stock_ticker/main.py', '--fetch-only']
2026-01-10 19:17:11,434 - AUTO_PILOT - Triggering FETCH...
2026-01-10 19:17:11,435 - AUTO_PILOT - Starting process: ['/usr/local/bin/python', '/app/stock_ticker/main.py', '--fetch-only']
2026-01-10 19:19:11,538 - AUTO_PILOT - Triggering FETCH...
2026-01-10 19:19:11,540 - AUTO_PILOT - Starting process: ['/usr/local/bin/python', '/app/stock_ticker/main.py', '--fetch-only']
2026-01-10 19:21:11,553 - AUTO_PILOT - Triggering FETCH...
2026-01-10 19:21:11,554 - AUTO_PILOT - Starting process: ['/usr/local/bin/python', '/app/stock_ticker/main.py', '--fetch-only']
2026-01-10 19:22:16,101 - AUTO_PILOT - Auto-Pilot Started. Monitoring pipeline...
2026-01-10 19:22:16,102 - AUTO_PILOT - Triggering FETCH...
2026-01-10 19:22:16,103 - AUTO_PILOT - Starting process: ['/usr/local/bin/python', '/app/stock_ticker/main.py', '--fetch-only']
2026-01-10 19:24:16,208 - AUTO_PILOT - Triggering FETCH...
2026-01-10 19:24:16,210 - AUTO_PILOT - Starting process: ['/usr/local/bin/python', '/app/stock_ticker/main.py', '--fetch-only']
2026-01-10 19:26:16,272 - AUTO_PILOT - Triggering FETCH...
2026-01-10 19:26:16,273 - AUTO_PILOT - Starting process: ['/usr/local/bin/python', '/app/stock_ticker/main.py', '--fetch-only']
2026-01-10 19:28:16,390 - AUTO_PILOT - Triggering FETCH...
2026-01-10 19:28:16,393 - AUTO_PILOT - Starting process: ['/usr/local/bin/python', '/app/stock_ticker/main.py', '--fetch-only']
2026-01-10 19:30:16,485 - AUTO_PILOT - Triggering MODEL...
2026-01-10 19:30:16,487 - AUTO_PILOT - Starting process: ['/usr/local/bin/python', '/app/stock_ticker/main.py', '--analyze-only']
2026-01-10 19:34:22,192 - AUTO_PILOT - Auto-Pilot Loop Error: maximum recursion depth exceeded while calling a Python object
2026-01-10 19:35:27,965 - AUTO_PILOT - Auto-Pilot Loop Error: maximum recursion depth exceeded while calling a Python object
2026-01-10 19:36:41,070 - AUTO_PILOT - Auto-Pilot Loop Error: maximum recursion depth exceeded while calling a Python object
2026-01-10 19:37:45,984 - AUTO_PILOT - Auto-Pilot Loop Error: maximum recursion depth exceeded while calling a Python object
2026-01-10 19:39:13,315 - AUTO_PILOT - Auto-Pilot Loop Error: maximum recursion depth exceeded while calling a Python object
2026-01-10 19:40:16,049 - AUTO_PILOT - Auto-Pilot Loop Error: maximum recursion depth exceeded while calling a Python object
2026-01-10 19:41:18,605 - AUTO_PILOT - Auto-Pilot Loop Error: maximum recursion depth exceeded while calling a Python object
2026-01-10 19:42:20,938 - AUTO_PILOT - Auto-Pilot Loop Error: maximum recursion depth exceeded while calling a Python object
2026-01-10 19:43:23,837 - AUTO_PILOT - Auto-Pilot Loop Error: maximum recursion depth exceeded while calling a Python object
2026-01-10 19:44:26,504 - AUTO_PILOT - Auto-Pilot Loop Error: maximum recursion depth exceeded while calling a Python object
2026-01-10 19:45:29,208 - AUTO_PILOT - Auto-Pilot Loop Error: maximum recursion depth exceeded while calling a Python object
2026-01-10 19:46:31,630 - AUTO_PILOT - Auto-Pilot Loop Error: maximum recursion depth exceeded while calling a Python object
2026-01-10 19:47:34,325 - AUTO_PILOT - Auto-Pilot Loop Error: maximum recursion depth exceeded while calling a Python object
2026-01-10 19:48:36,774 - AUTO_PILOT - Auto-Pilot Loop Error: maximum recursion depth exceeded while calling a Python object
2026-01-10 19:49:39,500 - AUTO_PILOT - Auto-Pilot Loop Error: maximum recursion depth exceeded while calling a Python object
2026-01-10 19:50:42,467 - AUTO_PILOT - Auto-Pilot Loop Error: maximum recursion depth exceeded while calling a Python object
2026-01-10 19:51:45,945 - AUTO_PILOT - Auto-Pilot Loop Error: maximum recursion depth exceeded while calling a Python object
2026-01-10 19:52:42,163 - AUTO_PILOT - Auto-Pilot Started. Monitoring pipeline...
2026-01-10 19:52:42,166 - AUTO_PILOT - New Day Detected! Resetting flags. ( -> 2026-01-10)
2026-01-10 19:52:42,172 - AUTO_PILOT - Triggering FETCH...
2026-01-10 19:52:42,172 - AUTO_PILOT - Starting process: ['/usr/local/bin/python', '/app/stock_ticker/main.py', '--fetch-only']
2026-01-10 19:58:42,359 - AUTO_PILOT - New Day Detected! Resetting flags. ( -> 2026-01-10)
2026-01-10 19:58:42,366 - AUTO_PILOT - Triggering FETCH...
2026-01-10 19:58:42,367 - AUTO_PILOT - Starting process: ['/usr/local/bin/python', '/app/stock_ticker/main.py', '--fetch-only']
2026-01-10 20:00:42,482 - AUTO_PILOT - New Day Detected! Resetting flags. ( -> 2026-01-10)
2026-01-10 20:00:42,490 - AUTO_PILOT - Triggering FETCH...
2026-01-10 20:00:42,490 - AUTO_PILOT - Starting process: ['/usr/local/bin/python', '/app/stock_ticker/main.py', '--fetch-only']
2026-01-10 20:02:42,618 - AUTO_PILOT - New Day Detected! Resetting flags. ( -> 2026-01-10)
2026-01-10 20:02:42,631 - AUTO_PILOT - Triggering FETCH...
2026-01-10 20:02:42,632 - AUTO_PILOT - Starting process: ['/usr/local/bin/python', '/app/stock_ticker/main.py', '--fetch-only']
2026-01-10 20:04:42,741 - AUTO_PILOT - New Day Detected! Resetting flags. ( -> 2026-01-10)
2026-01-10 20:04:42,749 - AUTO_PILOT - Triggering FETCH...
2026-01-10 20:04:42,750 - AUTO_PILOT - Starting process: ['/usr/local/bin/python', '/app/stock_ticker/main.py', '--fetch-only']
2026-01-10 20:06:42,802 - AUTO_PILOT - New Day Detected! Resetting flags. ( -> 2026-01-10)
2026-01-10 20:06:42,809 - AUTO_PILOT - Triggering FETCH...
2026-01-10 20:06:42,809 - AUTO_PILOT - Starting process: ['/usr/local/bin/python', '/app/stock_ticker/main.py', '--fetch-only']
2026-01-10 20:08:42,988 - AUTO_PILOT - New Day Detected! Resetting flags. ( -> 2026-01-10)
2026-01-10 20:08:42,997 - AUTO_PILOT - Triggering FETCH...
2026-01-10 20:08:42,998 - AUTO_PILOT - Starting process: ['/usr/local/bin/python', '/app/stock_ticker/main.py', '--fetch-only']
2026-01-10 20:10:43,088 - AUTO_PILOT - New Day Detected! Resetting flags. ( -> 2026-01-10)
2026-01-10 20:10:43,099 - AUTO_PILOT - Triggering FETCH...
2026-01-10 20:10:43,100 - AUTO_PILOT - Starting process: ['/usr/local/bin/python', '/app/stock_ticker/main.py', '--fetch-only']
2026-01-10 20:12:43,205 - AUTO_PILOT - New Day Detected! Resetting flags. ( -> 2026-01-10)
2026-01-10 20:12:43,219 - AUTO_PILOT - Triggering FETCH...
2026-01-10 20:12:43,220 - AUTO_PILOT - Starting process: ['/usr/local/bin/python', '/app/stock_ticker/main.py', '--fetch-only']
2026-01-10 20:14:43,338 - AUTO_PILOT - New Day Detected! Resetting flags. ( -> 2026-01-10)
2026-01-10 20:14:43,346 - AUTO_PILOT - Triggering FETCH...
2026-01-10 20:14:43,346 - AUTO_PILOT - Starting process: ['/usr/local/bin/python', '/app/stock_ticker/main.py', '--fetch-only']
2026-01-10 20:16:43,365 - AUTO_PILOT - New Day Detected! Resetting flags. ( -> 2026-01-10)
2026-01-10 20:16:43,377 - AUTO_PILOT - Triggering FETCH...
2026-01-10 20:16:43,377 - AUTO_PILOT - Starting process: ['/usr/local/bin/python', '/app/stock_ticker/main.py', '--fetch-only']
2026-01-10 20:18:43,396 - AUTO_PILOT - New Day Detected! Resetting flags. ( -> 2026-01-10)
2026-01-10 20:18:43,402 - AUTO_PILOT - Triggering FETCH...
2026-01-10 20:18:43,402 - AUTO_PILOT - Starting process: ['/usr/local/bin/python', '/app/stock_ticker/main.py', '--fetch-only']
2026-01-10 20:20:43,485 - AUTO_PILOT - New Day Detected! Resetting flags. ( -> 2026-01-10)
2026-01-10 20:20:43,496 - AUTO_PILOT - Triggering FETCH...
2026-01-10 20:20:43,497 - AUTO_PILOT - Starting process: ['/usr/local/bin/python', '/app/stock_ticker/main.py', '--fetch-only']
2026-01-10 20:22:43,600 - AUTO_PILOT - New Day Detected! Resetting flags. ( -> 2026-01-10)
2026-01-10 20:22:43,612 - AUTO_PILOT - Triggering FETCH...
2026-01-10 20:22:43,613 - AUTO_PILOT - Starting process: ['/usr/local/bin/python', '/app/stock_ticker/main.py', '--fetch-only']
2026-01-10 20:24:43,668 - AUTO_PILOT - New Day Detected! Resetting flags. ( -> 2026-01-10)
2026-01-10 20:24:43,677 - AUTO_PILOT - Triggering FETCH...
2026-01-10 20:24:43,677 - AUTO_PILOT - Starting process: ['/usr/local/bin/python', '/app/stock_ticker/main.py', '--fetch-only']
2026-01-10 20:26:43,785 - AUTO_PILOT - New Day Detected! Resetting flags. ( -> 2026-01-10)
2026-01-10 20:26:43,792 - AUTO_PILOT - Triggering FETCH...
2026-01-10 20:26:43,792 - AUTO_PILOT - Starting process: ['/usr/local/bin/python', '/app/stock_ticker/main.py', '--fetch-only']
2026-01-10 20:28:43,888 - AUTO_PILOT - New Day Detected! Resetting flags. ( -> 2026-01-10)
2026-01-10 20:28:43,898 - AUTO_PILOT - Triggering FETCH...
2026-01-10 20:28:43,899 - AUTO_PILOT - Starting process: ['/usr/local/bin/python', '/app/stock_ticker/main.py', '--fetch-only']
2026-01-10 20:30:44,015 - AUTO_PILOT - New Day Detected! Resetting flags. ( -> 2026-01-10)
2026-01-10 20:30:44,025 - AUTO_PILOT - Triggering FETCH...
2026-01-10 20:30:44,025 - AUTO_PILOT - Starting process: ['/usr/local/bin/python', '/app/stock_ticker/main.py', '--fetch-only']
2026-01-10 20:32:44,131 - AUTO_PILOT - New Day Detected! Resetting flags. ( -> 2026-01-10)
2026-01-10 20:32:44,141 - AUTO_PILOT - Triggering FETCH...
2026-01-10 20:32:44,141 - AUTO_PILOT - Starting process: ['/usr/local/bin/python', '/app/stock_ticker/main.py', '--fetch-only']
2026-01-10 20:34:44,202 - AUTO_PILOT - New Day Detected! Resetting flags. ( -> 2026-01-10)
2026-01-10 20:34:44,208 - AUTO_PILOT - Triggering FETCH...
2026-01-10 20:34:44,209 - AUTO_PILOT - Starting process: ['/usr/local/bin/python', '/app/stock_ticker/main.py', '--fetch-only']
2026-01-10 20:36:44,305 - AUTO_PILOT - New Day Detected! Resetting flags. ( -> 2026-01-10)
2026-01-10 20:36:44,320 - AUTO_PILOT - Triggering FETCH...
2026-01-10 20:36:44,321 - AUTO_PILOT - Starting process: ['/usr/local/bin/python', '/app/stock_ticker/main.py', '--fetch-only']
2026-01-10 20:38:44,406 - AUTO_PILOT - New Day Detected! Resetting flags. ( -> 2026-01-10)
2026-01-10 20:38:44,414 - AUTO_PILOT - Triggering FETCH...
2026-01-10 20:38:44,415 - AUTO_PILOT - Starting process: ['/usr/local/bin/python', '/app/stock_ticker/main.py', '--fetch-only']
2026-01-10 20:40:17,742 - AUTO_PILOT - Auto-Pilot Started. Monitoring pipeline...
2026-01-10 20:40:17,749 - AUTO_PILOT - New Day Detected! Resetting flags. ( -> 2026-01-10)
2026-01-10 20:40:17,759 - AUTO_PILOT - Triggering FETCH...
2026-01-10 20:40:17,759 - AUTO_PILOT - Starting process: ['/usr/local/bin/python', '/app/stock_ticker/main.py', '--fetch-only']
2026-01-10 21:22:20,521 - AUTO_PILOT - Triggering MODEL...
2026-01-10 21:22:20,523 - AUTO_PILOT - Starting process: ['/usr/local/bin/python', '/app/stock_ticker/main.py', '--analyze-only']
2026-01-10 23:33:04,309 - AUTO_PILOT - Auto-Pilot Started. Schedule: Daily at 12:00 AM (Midnight).
2026-01-10 23:33:04,349 - AUTO_PILOT - Next run scheduled for: 2026-01-11 00:00:00
2026-01-11 00:00:04,442 - AUTO_PILOT - Midnight Triggered! Starting new day...
2026-01-11 00:00:04,447 - AUTO_PILOT - State reset for 2026-01-11. Pipeline should pick this up shortly.
2026-01-11 00:00:04,450 - AUTO_PILOT - Triggering FETCH...
2026-01-11 00:00:04,451 - AUTO_PILOT - Starting process: ['C:\\Users\\ABCD\\AppData\\Local\\Programs\\Python\\Python312\\python.exe', 'C:\\Users\\ABCD\\Documents\\Antigravity Projects\\Stock Market Ticker\\stock_ticker\\main.py', '--fetch-only']
2026-01-11 00:00:31,834 - AUTO_PILOT - Triggering FETCH...
2026-01-11 00:00:31,854 - AUTO_PILOT - Starting process: ['/usr/local/bin/python', '/app/stock_ticker/main.py', '--fetch-only']
2026-01-11 00:02:04,483 - AUTO_PILOT - Triggering MODEL...
2026-01-11 00:02:04,484 - AUTO_PILOT - Starting process: ['C:\\Users\\ABCD\\AppData\\Local\\Programs\\Python\\Python312\\python.exe', 'C:\\Users\\ABCD\\Documents\\Antigravity Projects\\Stock Market Ticker\\stock_ticker\\main.py', '--analyze-only']
2026-01-11 00:02:31,981 - AUTO_PILOT - Triggering MODEL...
2026-01-11 00:02:31,983 - AUTO_PILOT - Starting process: ['/usr/local/bin/python', '/app/stock_ticker/main.py', '--analyze-only']
2026-01-12 00:00:14,440 - AUTO_PILOT - Midnight Triggered! Starting new day...
2026-01-12 00:00:14,457 - AUTO_PILOT - State reset for 2026-01-12. Pipeline should pick this up shortly.
2026-01-12 00:00:14,459 - AUTO_PILOT - Triggering FETCH...
2026-01-12 00:00:14,461 - AUTO_PILOT - Starting process: ['C:\\Users\\ABCD\\AppData\\Local\\Programs\\Python\\Python312\\python.exe', 'C:\\Users\\ABCD\\Documents\\Antigravity Projects\\Stock Market Ticker\\stock_ticker\\main.py', '--fetch-only']
2026-01-12 00:02:14,485 - AUTO_PILOT - Triggering FETCH...
2026-01-12 00:02:14,485 - AUTO_PILOT - Starting process: ['C:\\Users\\ABCD\\AppData\\Local\\Programs\\Python\\Python312\\python.exe', 'C:\\Users\\ABCD\\Documents\\Antigravity Projects\\Stock Market Ticker\\stock_ticker\\main.py', '--fetch-only']
2026-01-12 00:04:14,497 - AUTO_PILOT - Triggering FETCH...
2026-01-12 00:04:14,497 - AUTO_PILOT - Starting process: ['C:\\Users\\ABCD\\AppData\\Local\\Programs\\Python\\Python312\\python.exe', 'C:\\Users\\ABCD\\Documents\\Antigravity Projects\\Stock Market Ticker\\stock_ticker\\main.py', '--fetch-only']
2026-01-12 00:06:14,508 - AUTO_PILOT - Triggering FETCH...
2026-01-12 00:06:14,508 - AUTO_PILOT - Starting process: ['C:\\Users\\ABCD\\AppData\\Local\\Programs\\Python\\Python312\\python.exe', 'C:\\Users\\ABCD\\Documents\\Antigravity Projects\\Stock Market Ticker\\stock_ticker\\main.py', '--fetch-only']
2026-01-12 00:08:14,518 - AUTO_PILOT - Triggering FETCH...
2026-01-12 00:08:14,518 - AUTO_PILOT - Starting process: ['C:\\Users\\ABCD\\AppData\\Local\\Programs\\Python\\Python312\\python.exe', 'C:\\Users\\ABCD\\Documents\\Antigravity Projects\\Stock Market Ticker\\stock_ticker\\main.py', '--fetch-only']
2026-01-12 00:10:14,526 - AUTO_PILOT - Triggering FETCH...
2026-01-12 00:10:14,526 - AUTO_PILOT - Starting process: ['C:\\Users\\ABCD\\AppData\\Local\\Programs\\Python\\Python312\\python.exe', 'C:\\Users\\ABCD\\Documents\\Antigravity Projects\\Stock Market Ticker\\stock_ticker\\main.py', '--fetch-only']
2026-01-12 00:12:14,537 - AUTO_PILOT - Triggering FETCH...
2026-01-12 00:12:14,539 - AUTO_PILOT - Starting process: ['C:\\Users\\ABCD\\AppData\\Local\\Programs\\Python\\Python312\\python.exe', 'C:\\Users\\ABCD\\Documents\\Antigravity Projects\\Stock Market Ticker\\stock_ticker\\main.py', '--fetch-only']
2026-01-12 00:14:14,550 - AUTO_PILOT - Triggering FETCH...
2026-01-12 00:14:14,552 - AUTO_PILOT - Starting process: ['C:\\Users\\ABCD\\AppData\\Local\\Programs\\Python\\Python312\\python.exe', 'C:\\Users\\ABCD\\Documents\\Antigravity Projects\\Stock Market Ticker\\stock_ticker\\main.py', '--fetch-only']
2026-01-12 00:16:14,568 - AUTO_PILOT - Triggering FETCH...
2026-01-12 00:16:14,568 - AUTO_PILOT - Starting process: ['C:\\Users\\ABCD\\AppData\\Local\\Programs\\Python\\Python312\\python.exe', 'C:\\Users\\ABCD\\Documents\\Antigravity Projects\\Stock Market Ticker\\stock_ticker\\main.py', '--fetch-only']
2026-01-12 00:23:10,875 - AUTO_PILOT - Triggering FETCH...
2026-01-12 00:23:10,927 - AUTO_PILOT - Starting process: ['C:\\Users\\ABCD\\AppData\\Local\\Programs\\Python\\Python312\\python.exe', 'C:\\Users\\ABCD\\Documents\\Antigravity Projects\\Stock Market Ticker\\stock_ticker\\main.py', '--fetch-only']
2026-01-12 00:23:53,740 - AUTO_PILOT - Auto-Pilot Started. Schedule: Daily at 12:00 AM (Midnight).
2026-01-12 00:23:53,748 - AUTO_PILOT - Next run scheduled for: 2026-01-13 00:00:00
2026-01-12 00:23:53,749 - AUTO_PILOT - Syncing FROM GitHub (Pull)...
2026-01-12 00:23:53,760 - AUTO_PILOT - Git Pull Failed: [Errno 2] No such file or directory: 'git'
2026-01-12 00:23:53,777 - AUTO_PILOT - Triggering FETCH...
2026-01-12 00:23:53,778 - AUTO_PILOT - Starting process: ['/usr/local/bin/python', '/app/stock_ticker/main.py', '--fetch-only']
2026-01-12 00:25:11,052 - AUTO_PILOT - Triggering MODEL...
2026-01-12 00:25:11,052 - AUTO_PILOT - Starting process: ['C:\\Users\\ABCD\\AppData\\Local\\Programs\\Python\\Python312\\python.exe', 'C:\\Users\\ABCD\\Documents\\Antigravity Projects\\Stock Market Ticker\\stock_ticker\\main.py', '--analyze-only']
2026-01-12 00:25:53,837 - AUTO_PILOT - Syncing FROM GitHub (Pull)...
2026-01-12 00:25:53,842 - AUTO_PILOT - Git Pull Failed: [Errno 2] No such file or directory: 'git'
2026-01-12 00:25:53,868 - AUTO_PILOT - Triggering MODEL...
2026-01-12 00:25:53,870 - AUTO_PILOT - Starting process: ['/usr/local/bin/python', '/app/stock_ticker/main.py', '--analyze-only']
2026-01-12 00:27:53,972 - AUTO_PILOT - Syncing FROM GitHub (Pull)...
2026-01-12 00:27:53,976 - AUTO_PILOT - Git Pull Failed: [Errno 2] No such file or directory: 'git'
2026-01-12 00:27:53,991 - AUTO_PILOT - Triggering BIG BETS...
2026-01-12 00:27:53,991 - AUTO_PILOT - Starting Big Bets Analysis...
2026-01-12 00:27:54,315 - AUTO_PILOT - Big Bets Results Saved to /app/stock_ticker/data/big_bets_results.csv
2026-01-12 00:27:54,321 - AUTO_PILOT - Git Auto-Sync failed: [Errno 2] No such file or directory: 'git'
2026-01-12 00:27:54,321 - AUTO_PILOT - Pushed All Data results to GitHub.
2026-01-12 00:29:54,399 - AUTO_PILOT - Syncing FROM GitHub (Pull)...
2026-01-12 00:29:54,405 - AUTO_PILOT - Git Pull Failed: [Errno 2] No such file or directory: 'git'
2026-01-12 00:30:54,493 - AUTO_PILOT - Syncing FROM GitHub (Pull)...
2026-01-12 00:30:54,497 - AUTO_PILOT - Git Pull Failed: [Errno 2] No such file or directory: 'git'
2026-01-12 00:31:54,573 - AUTO_PILOT - Syncing FROM GitHub (Pull)...
2026-01-12 00:31:54,576 - AUTO_PILOT - Git Pull Failed: [Errno 2] No such file or directory: 'git'
2026-01-12 00:32:54,606 - AUTO_PILOT - Syncing FROM GitHub (Pull)...
2026-01-12 00:32:54,611 - AUTO_PILOT - Git Pull Failed: [Errno 2] No such file or directory: 'git'
2026-01-12 00:33:54,634 - AUTO_PILOT - Syncing FROM GitHub (Pull)...
2026-01-12 00:33:54,636 - AUTO_PILOT - Git Pull Failed: [Errno 2] No such file or directory: 'git'
2026-01-12 00:34:54,703 - AUTO_PILOT - Syncing FROM GitHub (Pull)...
2026-01-12 00:34:54,706 - AUTO_PILOT - Git Pull Failed: [Errno 2] No such file or directory: 'git'
2026-01-12 00:35:54,754 - AUTO_PILOT - Syncing FROM GitHub (Pull)...
2026-01-12 00:35:54,756 - AUTO_PILOT - Git Pull Failed: [Errno 2] No such file or directory: 'git'
2026-01-12 00:36:54,817 - AUTO_PILOT - Syncing FROM GitHub (Pull)...
2026-01-12 00:36:54,819 - AUTO_PILOT - Git Pull Failed: [Errno 2] No such file or directory: 'git'
2026-01-12 00:37:54,882 - AUTO_PILOT - Syncing FROM GitHub (Pull)...
2026-01-12 00:37:54,884 - AUTO_PILOT - Git Pull Failed: [Errno 2] No such file or directory: 'git'
2026-01-12 00:38:54,954 - AUTO_PILOT - Syncing FROM GitHub (Pull)...
2026-01-12 00:38:54,957 - AUTO_PILOT - Git Pull Failed: [Errno 2] No such file or directory: 'git'
2026-01-12 00:39:55,034 - AUTO_PILOT - Syncing FROM GitHub (Pull)...
2026-01-12 00:39:55,036 - AUTO_PILOT - Git Pull Failed: [Errno 2] No such file or directory: 'git'
2026-01-12 00:40:55,044 - AUTO_PILOT - Syncing FROM GitHub (Pull)...
2026-01-12 00:40:55,046 - AUTO_PILOT - Git Pull Failed: [Errno 2] No such file or directory: 'git'
2026-01-12 00:41:55,108 - AUTO_PILOT - Syncing FROM GitHub (Pull)...
2026-01-12 00:41:55,113 - AUTO_PILOT - Git Pull Failed: [Errno 2] No such file or directory: 'git'
2026-01-12 00:42:55,159 - AUTO_PILOT - Syncing FROM GitHub (Pull)...
2026-01-12 00:42:55,164 - AUTO_PILOT - Git Pull Failed: [Errno 2] No such file or directory: 'git'
2026-01-12 00:43:55,254 - AUTO_PILOT - Syncing FROM GitHub (Pull)...
2026-01-12 00:43:55,260 - AUTO_PILOT - Git Pull Failed: [Errno 2] No such file or directory: 'git'
2026-01-12 00:44:55,328 - AUTO_PILOT - Syncing FROM GitHub (Pull)...
2026-01-12 00:44:55,331 - AUTO_PILOT - Git Pull Failed: [Errno 2] No such file or directory: 'git'
2026-01-12 00:45:55,396 - AUTO_PILOT - Syncing FROM GitHub (Pull)...
2026-01-12 00:45:55,401 - AUTO_PILOT - Git Pull Failed: [Errno 2] No such file or directory: 'git'
2026-01-12 00:46:55,468 - AUTO_PILOT - Syncing FROM GitHub (Pull)...
2026-01-12 00:46:55,472 - AUTO_PILOT - Git Pull Failed: [Errno 2] No such file or directory: 'git'
2026-01-12 00:47:55,548 - AUTO_PILOT - Syncing FROM GitHub (Pull)...
2026-01-12 00:47:55,551 - AUTO_PILOT - Git Pull Failed: [Errno 2] No such file or directory: 'git'
2026-01-12 00:48:55,612 - AUTO_PILOT - Syncing FROM GitHub (Pull)...
2026-01-12 00:48:55,618 - AUTO_PILOT - Git Pull Failed: [Errno 2] No such file or directory: 'git'
2026-01-12 00:49:55,706 - AUTO_PILOT - Syncing FROM GitHub (Pull)...
2026-01-12 00:49:55,708 - AUTO_PILOT - Git Pull Failed: [Errno 2] No such file or directory: 'git'
2026-01-12 00:50:55,770 - AUTO_PILOT - Syncing FROM GitHub (Pull)...
2026-01-12 00:50:55,775 - AUTO_PILOT - Git Pull Failed: [Errno 2] No such file or directory: 'git'
2026-01-12 00:51:55,813 - AUTO_PILOT - Syncing FROM GitHub (Pull)...
2026-01-12 00:51:55,817 - AUTO_PILOT - Git Pull Failed: [Errno 2] No such file or directory: 'git'
2026-01-12 00:52:55,887 - AUTO_PILOT - Syncing FROM GitHub (Pull)...
2026-01-12 00:52:55,889 - AUTO_PILOT - Git Pull Failed: [Errno 2] No such file or directory: 'git'
2026-01-12 00:53:55,951 - AUTO_PILOT - Syncing FROM GitHub (Pull)...
2026-01-12 00:53:55,954 - AUTO_PILOT - Git Pull Failed: [Errno 2] No such file or directory: 'git'
2026-01-12 00:54:56,017 - AUTO_PILOT - Syncing FROM GitHub (Pull)...
2026-01-12 00:54:56,021 - AUTO_PILOT - Git Pull Failed: [Errno 2] No such file or directory: 'git'
2026-01-12 00:55:56,105 - AUTO_PILOT - Syncing FROM GitHub (Pull)...
2026-01-12 00:55:56,110 - AUTO_PILOT - Git Pull Failed: [Errno 2] No such file or directory: 'git'
2026-01-12 00:56:56,201 - AUTO_PILOT - Syncing FROM GitHub (Pull)...
2026-01-12 00:56:56,202 - AUTO_PILOT - Git Pull Failed: [Errno 2] No such file or directory: 'git'
2026-01-12 00:57:56,265 - AUTO_PILOT - Syncing FROM GitHub (Pull)...
2026-01-12 00:57:56,268 - AUTO_PILOT - Git Pull Failed: [Errno 2] No such file or directory: 'git'
2026-01-12 00:58:56,351 - AUTO_PILOT - Syncing FROM GitHub (Pull)...
2026-01-12 00:58:56,357 - AUTO_PILOT - Git Pull Failed: [Errno 2] No such file or directory: 'git'
2026-01-12 00:59:56,411 - AUTO_PILOT - Syncing FROM GitHub (Pull)...
2026-01-12 00:59:56,413 - AUTO_PILOT - Git Pull Failed: [Errno 2] No such file or directory: 'git'
2026-01-12 01:00:56,479 - AUTO_PILOT - Syncing FROM GitHub (Pull)...
2026-01-12 01:00:56,485 - AUTO_PILOT - Git Pull Failed: [Errno 2] No such file or directory: 'git'
2026-01-12 01:01:56,575 - AUTO_PILOT - Syncing FROM GitHub (Pull)...
2026-01-12 01:01:56,580 - AUTO_PILOT - Git Pull Failed: [Errno 2] No such file or directory: 'git'
2026-01-12 01:02:56,661 - AUTO_PILOT - Syncing FROM GitHub (Pull)...
2026-01-12 01:02:56,665 - AUTO_PILOT - Git Pull Failed: [Errno 2] No such file or directory: 'git'
2026-01-12 01:03:56,739 - AUTO_PILOT - Syncing FROM GitHub (Pull)...
2026-01-12 01:03:56,743 - AUTO_PILOT - Git Pull Failed: [Errno 2] No such file or directory: 'git'
2026-01-12 01:04:56,816 - AUTO_PILOT - Syncing FROM GitHub (Pull)...
2026-01-12 01:04:56,821 - AUTO_PILOT - Git Pull Failed: [Errno 2] No such file or directory: 'git'
2026-01-12 01:05:56,910 - AUTO_PILOT - Syncing FROM GitHub (Pull)...
2026-01-12 01:05:56,915 - AUTO_PILOT - Git Pull Failed: [Errno 2] No such file or directory: 'git'
2026-01-12 01:06:56,959 - AUTO_PILOT - Syncing FROM GitHub (Pull)...
2026-01-12 01:06:56,967 - AUTO_PILOT - Git Pull Failed: [Errno 2] No such file or directory: 'git'
2026-01-12 01:07:57,048 - AUTO_PILOT - Syncing FROM GitHub (Pull)...
2026-01-12 01:07:57,049 - AUTO_PILOT - Git Pull Failed: [Errno 2] No such file or directory: 'git'
2026-01-12 01:08:57,113 - AUTO_PILOT - Syncing FROM GitHub (Pull)...
2026-01-12 01:08:57,115 - AUTO_PILOT - Git Pull Failed: [Errno 2] No such file or directory: 'git'
2026-01-12 01:09:57,127 - AUTO_PILOT - Syncing FROM GitHub (Pull)...
2026-01-12 01:09:57,133 - AUTO_PILOT - Git Pull Failed: [Errno 2] No such file or directory: 'git'
2026-01-12 01:10:57,164 - AUTO_PILOT - Syncing FROM GitHub (Pull)...
2026-01-12 01:10:57,165 - AUTO_PILOT - Git Pull Failed: [Errno 2] No such file or directory: 'git'
2026-01-12 01:11:57,169 - AUTO_PILOT - Syncing FROM GitHub (Pull)...
2026-01-12 01:11:57,171 - AUTO_PILOT - Git Pull Failed: [Errno 2] No such file or directory: 'git'
2026-01-12 01:12:57,218 - AUTO_PILOT - Syncing FROM GitHub (Pull)...
2026-01-12 01:12:57,220 - AUTO_PILOT - Git Pull Failed: [Errno 2] No such file or directory: 'git'
2026-01-12 01:13:57,244 - AUTO_PILOT - Syncing FROM GitHub (Pull)...
2026-01-12 01:13:57,246 - AUTO_PILOT - Git Pull Failed: [Errno 2] No such file or directory: 'git'
2026-01-12 01:14:57,298 - AUTO_PILOT - Syncing FROM GitHub (Pull)...
2026-01-12 01:14:57,303 - AUTO_PILOT - Git Pull Failed: [Errno 2] No such file or directory: 'git'
2026-01-12 01:15:57,374 - AUTO_PILOT - Syncing FROM GitHub (Pull)...
2026-01-12 01:15:57,379 - AUTO_PILOT - Git Pull Failed: [Errno 2] No such file or directory: 'git'
2026-01-12 01:16:57,449 - AUTO_PILOT - Syncing FROM GitHub (Pull)...
2026-01-12 01:16:57,451 - AUTO_PILOT - Git Pull Failed: [Errno 2] No such file or directory: 'git'
2026-01-12 01:17:57,510 - AUTO_PILOT - Syncing FROM GitHub (Pull)...
2026-01-12 01:17:57,514 - AUTO_PILOT - Git Pull Failed: [Errno 2] No such file or directory: 'git'
2026-01-12 01:18:57,587 - AUTO_PILOT - Syncing FROM GitHub (Pull)...
2026-01-12 01:18:57,591 - AUTO_PILOT - Git Pull Failed: [Errno 2] No such file or directory: 'git'
2026-01-12 01:19:57,652 - AUTO_PILOT - Syncing FROM GitHub (Pull)...
2026-01-12 01:19:57,655 - AUTO_PILOT - Git Pull Failed: [Errno 2] No such file or directory: 'git'
2026-01-12 01:20:57,722 - AUTO_PILOT - Syncing FROM GitHub (Pull)...
2026-01-12 01:20:57,726 - AUTO_PILOT - Git Pull Failed: [Errno 2] No such file or directory: 'git'
2026-01-12 01:21:57,806 - AUTO_PILOT - Syncing FROM GitHub (Pull)...
2026-01-12 01:21:57,808 - AUTO_PILOT - Git Pull Failed: [Errno 2] No such file or directory: 'git'
2026-01-12 01:22:57,870 - AUTO_PILOT - Syncing FROM GitHub (Pull)...
2026-01-12 01:22:57,877 - AUTO_PILOT - Git Pull Failed: [Errno 2] No such file or directory: 'git'
2026-01-12 01:23:57,936 - AUTO_PILOT - Syncing FROM GitHub (Pull)...
2026-01-12 01:23:57,941 - AUTO_PILOT - Git Pull Failed: [Errno 2] No such file or directory: 'git'
2026-01-12 01:24:58,026 - AUTO_PILOT - Syncing FROM GitHub (Pull)...
2026-01-12 01:24:58,031 - AUTO_PILOT - Git Pull Failed: [Errno 2] No such file or directory: 'git'
2026-01-12 01:25:58,120 - AUTO_PILOT - Syncing FROM GitHub (Pull)...
2026-01-12 01:25:58,122 - AUTO_PILOT - Git Pull Failed: [Errno 2] No such file or directory: 'git'
2026-01-12 01:26:58,184 - AUTO_PILOT - Syncing FROM GitHub (Pull)...
2026-01-12 01:26:58,190 - AUTO_PILOT - Git Pull Failed: [Errno 2] No such file or directory: 'git'
2026-01-12 01:27:58,275 - AUTO_PILOT - Syncing FROM GitHub (Pull)...
2026-01-12 01:27:58,279 - AUTO_PILOT - Git Pull Failed: [Errno 2] No such file or directory: 'git'
2026-01-12 01:28:58,342 - AUTO_PILOT - Syncing FROM GitHub (Pull)...
2026-01-12 01:28:58,343 - AUTO_PILOT - Git Pull Failed: [Errno 2] No such file or directory: 'git'
2026-01-12 01:29:58,380 - AUTO_PILOT - Syncing FROM GitHub (Pull)...
2026-01-12 01:29:58,386 - AUTO_PILOT - Git Pull Failed: [Errno 2] No such file or directory: 'git'
2026-01-12 01:30:58,473 - AUTO_PILOT - Syncing FROM GitHub (Pull)...
2026-01-12 01:30:58,481 - AUTO_PILOT - Git Pull Failed: [Errno 2] No such file or directory: 'git'
2026-01-12 01:31:58,569 - AUTO_PILOT - Syncing FROM GitHub (Pull)...
2026-01-12 01:31:58,572 - AUTO_PILOT - Git Pull Failed: [Errno 2] No such file or directory: 'git'
2026-01-12 01:32:58,641 - AUTO_PILOT - Syncing FROM GitHub (Pull)...
2026-01-12 01:32:58,644 - AUTO_PILOT - Git Pull Failed: [Errno 2] No such file or directory: 'git'
2026-01-12 01:33:58,716 - AUTO_PILOT - Syncing FROM GitHub (Pull)...
2026-01-12 01:33:58,719 - AUTO_PILOT - Git Pull Failed: [Errno 2] No such file or directory: 'git'
2026-01-12 01:34:58,790 - AUTO_PILOT - Syncing FROM GitHub (Pull)...
2026-01-12 01:34:58,795 - AUTO_PILOT - Git Pull Failed: [Errno 2] No such file or directory: 'git'
2026-01-12 01:35:58,843 - AUTO_PILOT - Syncing FROM GitHub (Pull)...
2026-01-12 01:35:58,844 - AUTO_PILOT - Git Pull Failed: [Errno 2] No such file or directory: 'git'
2026-01-12 01:36:58,906 - AUTO_PILOT - Syncing FROM GitHub (Pull)...
2026-01-12 01:36:58,910 - AUTO_PILOT - Git Pull Failed: [Errno 2] No such file or directory: 'git'
2026-01-12 01:37:58,969 - AUTO_PILOT - Syncing FROM GitHub (Pull)...
2026-01-12 01:37:58,974 - AUTO_PILOT - Git Pull Failed: [Errno 2] No such file or directory: 'git'
2026-01-12 01:38:59,005 - AUTO_PILOT - Syncing FROM GitHub (Pull)...
2026-01-12 01:38:59,008 - AUTO_PILOT - Git Pull Failed: [Errno 2] No such file or directory: 'git'
2026-01-12 01:39:59,031 - AUTO_PILOT - Syncing FROM GitHub (Pull)...
2026-01-12 01:39:59,036 - AUTO_PILOT - Git Pull Failed: [Errno 2] No such file or directory: 'git'
2026-01-12 01:40:59,124 - AUTO_PILOT - Syncing FROM GitHub (Pull)...
2026-01-12 01:40:59,127 - AUTO_PILOT - Git Pull Failed: [Errno 2] No such file or directory: 'git'
2026-01-12 01:41:59,166 - AUTO_PILOT - Syncing FROM GitHub (Pull)...
2026-01-12 01:41:59,171 - AUTO_PILOT - Git Pull Failed: [Errno 2] No such file or directory: 'git'
2026-01-12 01:42:59,234 - AUTO_PILOT - Syncing FROM GitHub (Pull)...
2026-01-12 01:42:59,238 - AUTO_PILOT - Git Pull Failed: [Errno 2] No such file or directory: 'git'
2026-01-12 01:43:59,306 - AUTO_PILOT - Syncing FROM GitHub (Pull)...
2026-01-12 01:43:59,308 - AUTO_PILOT - Git Pull Failed: [Errno 2] No such file or directory: 'git'
2026-01-12 01:44:59,314 - AUTO_PILOT - Syncing FROM GitHub (Pull)...
2026-01-12 01:44:59,316 - AUTO_PILOT - Git Pull Failed: [Errno 2] No such file or directory: 'git'
2026-01-12 01:45:59,383 - AUTO_PILOT - Syncing FROM GitHub (Pull)...
2026-01-12 01:45:59,389 - AUTO_PILOT - Git Pull Failed: [Errno 2] No such file or directory: 'git'
2026-01-12 01:46:59,435 - AUTO_PILOT - Syncing FROM GitHub (Pull)...
2026-01-12 01:46:59,440 - AUTO_PILOT - Git Pull Failed: [Errno 2] No such file or directory: 'git'
2026-01-12 01:47:59,511 - AUTO_PILOT - Syncing FROM GitHub (Pull)...
2026-01-12 01:47:59,516 - AUTO_PILOT - Git Pull Failed: [Errno 2] No such file or directory: 'git'
2026-01-12 01:48:59,602 - AUTO_PILOT - Syncing FROM GitHub (Pull)...
2026-01-12 01:48:59,607 - AUTO_PILOT - Git Pull Failed: [Errno 2] No such file or directory: 'git'
2026-01-12 01:49:59,680 - AUTO_PILOT - Syncing FROM GitHub (Pull)...
2026-01-12 01:49:59,686 - AUTO_PILOT - Git Pull Failed: [Errno 2] No such file or directory: 'git'
2026-01-12 01:50:59,721 - AUTO_PILOT - Syncing FROM GitHub (Pull)...
2026-01-12 01:50:59,723 - AUTO_PILOT - Git Pull Failed: [Errno 2] No such file or directory: 'git'
2026-01-12 01:51:59,788 - AUTO_PILOT - Syncing FROM GitHub (Pull)...
2026-01-12 01:51:59,792 - AUTO_PILOT - Git Pull Failed: [Errno 2] No such file or directory: 'git'
2026-01-12 01:52:59,858 - AUTO_PILOT - Syncing FROM GitHub (Pull)...
2026-01-12 01:52:59,861 - AUTO_PILOT - Git Pull Failed: [Errno 2] No such file or directory: 'git'
2026-01-12 01:53:59,902 - AUTO_PILOT - Syncing FROM GitHub (Pull)...
2026-01-12 01:53:59,907 - AUTO_PILOT - Git Pull Failed: [Errno 2] No such file or directory: 'git'
2026-01-12 01:54:59,990 - AUTO_PILOT - Syncing FROM GitHub (Pull)...
2026-01-12 01:54:59,993 - AUTO_PILOT - Git Pull Failed: [Errno 2] No such file or directory: 'git'
2026-01-12 01:56:00,066 - AUTO_PILOT - Syncing FROM GitHub (Pull)...
2026-01-12 01:56:00,068 - AUTO_PILOT - Git Pull Failed: [Errno 2] No such file or directory: 'git'
2026-01-12 01:57:00,101 - AUTO_PILOT - Syncing FROM GitHub (Pull)...
2026-01-12 01:57:00,103 - AUTO_PILOT - Git Pull Failed: [Errno 2] No such file or directory: 'git'
2026-01-12 01:58:00,167 - AUTO_PILOT - Syncing FROM GitHub (Pull)...
2026-01-12 01:58:00,171 - AUTO_PILOT - Git Pull Failed: [Errno 2] No such file or directory: 'git'
2026-01-12 01:59:00,259 - AUTO_PILOT - Syncing FROM GitHub (Pull)...
2026-01-12 01:59:00,263 - AUTO_PILOT - Git Pull Failed: [Errno 2] No such file or directory: 'git'
2026-01-12 02:00:00,335 - AUTO_PILOT - Syncing FROM GitHub (Pull)...
2026-01-12 02:00:00,338 - AUTO_PILOT - Git Pull Failed: [Errno 2] No such file or directory: 'git'
2026-01-12 02:01:00,399 - AUTO_PILOT - Syncing FROM GitHub (Pull)...
2026-01-12 02:01:00,403 - AUTO_PILOT - Git Pull Failed: [Errno 2] No such file or directory: 'git'
2026-01-12 02:02:00,443 - AUTO_PILOT - Syncing FROM GitHub (Pull)...
2026-01-12 02:02:00,445 - AUTO_PILOT - Git Pull Failed: [Errno 2] No such file or directory: 'git'
2026-01-12 02:03:00,513 - AUTO_PILOT - Syncing FROM GitHub (Pull)...
2026-01-12 02:03:00,518 - AUTO_PILOT - Git Pull Failed: [Errno 2] No such file or directory: 'git'
2026-01-12 02:04:00,608 - AUTO_PILOT - Syncing FROM GitHub (Pull)...
2026-01-12 02:04:00,610 - AUTO_PILOT - Git Pull Failed: [Errno 2] No such file or directory: 'git'
2026-01-12 02:05:00,676 - AUTO_PILOT - Syncing FROM GitHub (Pull)...
2026-01-12 02:05:00,680 - AUTO_PILOT - Git Pull Failed: [Errno 2] No such file or directory: 'git'
2026-01-12 02:06:00,755 - AUTO_PILOT - Syncing FROM GitHub (Pull)...
2026-01-12 02:06:00,757 - AUTO_PILOT - Git Pull Failed: [Errno 2] No such file or directory: 'git'
2026-01-12 02:07:00,818 - AUTO_PILOT - Syncing FROM GitHub (Pull)...
2026-01-12 02:07:00,823 - AUTO_PILOT - Git Pull Failed: [Errno 2] No such file or directory: 'git'
2026-01-12 02:08:00,876 - AUTO_PILOT - Syncing FROM GitHub (Pull)...
2026-01-12 02:08:00,882 - AUTO_PILOT - Git Pull Failed: [Errno 2] No such file or directory: 'git'
2026-01-12 02:09:00,968 - AUTO_PILOT - Syncing FROM GitHub (Pull)...
2026-01-12 02:09:00,974 - AUTO_PILOT - Git Pull Failed: [Errno 2] No such file or directory: 'git'
2026-01-12 02:10:01,065 - AUTO_PILOT - Syncing FROM GitHub (Pull)...
2026-01-12 02:10:01,067 - AUTO_PILOT - Git Pull Failed: [Errno 2] No such file or directory: 'git'
2026-01-12 02:11:01,132 - AUTO_PILOT - Syncing FROM GitHub (Pull)...
2026-01-12 02:11:01,134 - AUTO_PILOT - Git Pull Failed: [Errno 2] No such file or directory: 'git'
2026-01-12 02:12:01,185 - AUTO_PILOT - Syncing FROM GitHub (Pull)...
2026-01-12 02:12:01,188 - AUTO_PILOT - Git Pull Failed: [Errno 2] No such file or directory: 'git'
2026-01-12 02:13:01,213 - AUTO_PILOT - Syncing FROM GitHub (Pull)...
2026-01-12 02:13:01,218 - AUTO_PILOT - Git Pull Failed: [Errno 2] No such file or directory: 'git'
2026-01-12 02:14:01,273 - AUTO_PILOT - Syncing FROM GitHub (Pull)...
2026-01-12 02:14:01,278 - AUTO_PILOT - Git Pull Failed: [Errno 2] No such file or directory: 'git'
2026-01-12 02:15:01,365 - AUTO_PILOT - Syncing FROM GitHub (Pull)...
2026-01-12 02:15:01,371 - AUTO_PILOT - Git Pull Failed: [Errno 2] No such file or directory: 'git'
2026-01-12 02:16:01,461 - AUTO_PILOT - Syncing FROM GitHub (Pull)...
2026-01-12 02:16:01,465 - AUTO_PILOT - Git Pull Failed: [Errno 2] No such file or directory: 'git'
2026-01-12 02:17:01,546 - AUTO_PILOT - Syncing FROM GitHub (Pull)...
2026-01-12 02:17:01,552 - AUTO_PILOT - Git Pull Failed: [Errno 2] No such file or directory: 'git'
2026-01-12 02:18:01,637 - AUTO_PILOT - Syncing FROM GitHub (Pull)...
2026-01-12 02:18:01,638 - AUTO_PILOT - Git Pull Failed: [Errno 2] No such file or directory: 'git'
2026-01-12 02:19:01,699 - AUTO_PILOT - Syncing FROM GitHub (Pull)...
2026-01-12 02:19:01,704 - AUTO_PILOT - Git Pull Failed: [Errno 2] No such file or directory: 'git'
2026-01-12 02:20:01,791 - AUTO_PILOT - Syncing FROM GitHub (Pull)...
2026-01-12 02:20:01,796 - AUTO_PILOT - Git Pull Failed: [Errno 2] No such file or directory: 'git'
2026-01-12 02:21:01,843 - AUTO_PILOT - Syncing FROM GitHub (Pull)...
2026-01-12 02:21:01,848 - AUTO_PILOT - Git Pull Failed: [Errno 2] No such file or directory: 'git'
2026-01-12 02:22:01,926 - AUTO_PILOT - Syncing FROM GitHub (Pull)...
2026-01-12 02:22:01,928 - AUTO_PILOT - Git Pull Failed: [Errno 2] No such file or directory: 'git'
2026-01-12 02:23:01,992 - AUTO_PILOT - Syncing FROM GitHub (Pull)...
2026-01-12 02:23:01,996 - AUTO_PILOT - Git Pull Failed: [Errno 2] No such file or directory: 'git'
2026-01-12 02:24:02,026 - AUTO_PILOT - Syncing FROM GitHub (Pull)...
2026-01-12 02:24:02,031 - AUTO_PILOT - Git Pull Failed: [Errno 2] No such file or directory: 'git'
2026-01-12 02:25:02,117 - AUTO_PILOT - Syncing FROM GitHub (Pull)...
2026-01-12 02:25:02,120 - AUTO_PILOT - Git Pull Failed: [Errno 2] No such file or directory: 'git'
2026-01-12 02:26:02,187 - AUTO_PILOT - Syncing FROM GitHub (Pull)...
2026-01-12 02:26:02,192 - AUTO_PILOT - Git Pull Failed: [Errno 2] No such file or directory: 'git'
2026-01-12 02:27:02,276 - AUTO_PILOT - Syncing FROM GitHub (Pull)...
2026-01-12 02:27:02,281 - AUTO_PILOT - Git Pull Failed: [Errno 2] No such file or directory: 'git'
2026-01-12 02:28:02,370 - AUTO_PILOT - Syncing FROM GitHub (Pull)...
2026-01-12 02:28:02,374 - AUTO_PILOT - Git Pull Failed: [Errno 2] No such file or directory: 'git'
2026-01-12 02:29:02,422 - AUTO_PILOT - Syncing FROM GitHub (Pull)...
2026-01-12 02:29:02,423 - AUTO_PILOT - Git Pull Failed: [Errno 2] No such file or directory: 'git'
2026-01-12 02:30:02,487 - AUTO_PILOT - Syncing FROM GitHub (Pull)...
2026-01-12 02:30:02,489 - AUTO_PILOT - Git Pull Failed: [Errno 2] No such file or directory: 'git'
2026-01-12 02:31:02,557 - AUTO_PILOT - Syncing FROM GitHub (Pull)...
2026-01-12 02:31:02,558 - AUTO_PILOT - Git Pull Failed: [Errno 2] No such file or directory: 'git'
2026-01-12 02:32:02,561 - AUTO_PILOT - Syncing FROM GitHub (Pull)...
2026-01-12 02:32:02,568 - AUTO_PILOT - Git Pull Failed: [Errno 2] No such file or directory: 'git'
2026-01-12 02:33:02,647 - AUTO_PILOT - Syncing FROM GitHub (Pull)...
2026-01-12 02:33:02,652 - AUTO_PILOT - Git Pull Failed: [Errno 2] No such file or directory: 'git'
2026-01-12 02:34:02,698 - AUTO_PILOT - Syncing FROM GitHub (Pull)...
2026-01-12 02:34:02,702 - AUTO_PILOT - Git Pull Failed: [Errno 2] No such file or directory: 'git'
2026-01-12 02:35:02,770 - AUTO_PILOT - Syncing FROM GitHub (Pull)...
2026-01-12 02:35:02,774 - AUTO_PILOT - Git Pull Failed: [Errno 2] No such file or directory: 'git'
2026-01-12 02:36:02,810 - AUTO_PILOT - Syncing FROM GitHub (Pull)...
2026-01-12 02:36:02,815 - AUTO_PILOT - Git Pull Failed: [Errno 2] No such file or directory: 'git'
2026-01-12 02:37:02,893 - AUTO_PILOT - Syncing FROM GitHub (Pull)...
2026-01-12 02:37:02,898 - AUTO_PILOT - Git Pull Failed: [Errno 2] No such file or directory: 'git'
2026-01-12 02:38:02,986 - AUTO_PILOT - Syncing FROM GitHub (Pull)...
2026-01-12 02:38:02,989 - AUTO_PILOT - Git Pull Failed: [Errno 2] No such file or directory: 'git'
2026-01-12 02:39:03,026 - AUTO_PILOT - Syncing FROM GitHub (Pull)...
2026-01-12 02:39:03,029 - AUTO_PILOT - Git Pull Failed: [Errno 2] No such file or directory: 'git'
2026-01-12 02:40:03,040 - AUTO_PILOT - Syncing FROM GitHub (Pull)...
2026-01-12 02:40:03,046 - AUTO_PILOT - Git Pull Failed: [Errno 2] No such file or directory: 'git'
2026-01-12 02:41:03,082 - AUTO_PILOT - Syncing FROM GitHub (Pull)...
2026-01-12 02:41:03,087 - AUTO_PILOT - Git Pull Failed: [Errno 2] No such file or directory: 'git'
2026-01-12 02:42:03,173 - AUTO_PILOT - Syncing FROM GitHub (Pull)...
2026-01-12 02:42:03,175 - AUTO_PILOT - Git Pull Failed: [Errno 2] No such file or directory: 'git'
2026-01-12 02:43:03,219 - AUTO_PILOT - Syncing FROM GitHub (Pull)...
2026-01-12 02:43:03,222 - AUTO_PILOT - Git Pull Failed: [Errno 2] No such file or directory: 'git'
2026-01-12 02:44:03,226 - AUTO_PILOT - Syncing FROM GitHub (Pull)...
2026-01-12 02:44:03,228 - AUTO_PILOT - Git Pull Failed: [Errno 2] No such file or directory: 'git'
2026-01-12 02:45:03,294 - AUTO_PILOT - Syncing FROM GitHub (Pull)...
2026-01-12 02:45:03,299 - AUTO_PILOT - Git Pull Failed: [Errno 2] No such file or directory: 'git'
2026-01-12 02:46:03,390 - AUTO_PILOT - Syncing FROM GitHub (Pull)...
2026-01-12 02:46:03,397 - AUTO_PILOT - Git Pull Failed: [Errno 2] No such file or directory: 'git'
2026-01-12 02:47:03,441 - AUTO_PILOT - Syncing FROM GitHub (Pull)...
2026-01-12 02:47:03,442 - AUTO_PILOT - Git Pull Failed: [Errno 2] No such file or directory: 'git'
2026-01-12 02:48:03,472 - AUTO_PILOT - Syncing FROM GitHub (Pull)...
2026-01-12 02:48:03,476 - AUTO_PILOT - Git Pull Failed: [Errno 2] No such file or directory: 'git'
2026-01-12 02:49:03,556 - AUTO_PILOT - Syncing FROM GitHub (Pull)...
2026-01-12 02:49:03,560 - AUTO_PILOT - Git Pull Failed: [Errno 2] No such file or directory: 'git'
2026-01-12 02:50:03,631 - AUTO_PILOT - Syncing FROM GitHub (Pull)...
2026-01-12 02:50:03,636 - AUTO_PILOT - Git Pull Failed: [Errno 2] No such file or directory: 'git'
2026-01-12 02:51:03,706 - AUTO_PILOT - Syncing FROM GitHub (Pull)...
2026-01-12 02:51:03,711 - AUTO_PILOT - Git Pull Failed: [Errno 2] No such file or directory: 'git'
2026-01-12 02:52:03,772 - AUTO_PILOT - Syncing FROM GitHub (Pull)...
2026-01-12 02:52:03,777 - AUTO_PILOT - Git Pull Failed: [Errno 2] No such file or directory: 'git'
2026-01-12 02:53:03,849 - AUTO_PILOT - Syncing FROM GitHub (Pull)...
2026-01-12 02:53:03,850 - AUTO_PILOT - Git Pull Failed: [Errno 2] No such file or directory: 'git'
2026-01-12 02:54:03,910 - AUTO_PILOT - Syncing FROM GitHub (Pull)...
2026-01-12 02:54:03,912 - AUTO_PILOT - Git Pull Failed: [Errno 2] No such file or directory: 'git'
2026-01-12 02:55:03,972 - AUTO_PILOT - Syncing FROM GitHub (Pull)...
2026-01-12 02:55:03,974 - AUTO_PILOT - Git Pull Failed: [Errno 2] No such file or directory: 'git'
2026-01-12 02:56:04,035 - AUTO_PILOT - Syncing FROM GitHub (Pull)...
2026-01-12 02:56:04,039 - AUTO_PILOT - Git Pull Failed: [Errno 2] No such file or directory: 'git'
2026-01-12 02:57:04,113 - AUTO_PILOT - Syncing FROM GitHub (Pull)...
2026-01-12 02:57:04,118 - AUTO_PILOT - Git Pull Failed: [Errno 2] No such file or directory: 'git'
2026-01-12 02:58:04,209 - AUTO_PILOT - Syncing FROM GitHub (Pull)...
2026-01-12 02:58:04,210 - AUTO_PILOT - Git Pull Failed: [Errno 2] No such file or directory: 'git'
2026-01-12 02:59:04,272 - AUTO_PILOT - Syncing FROM GitHub (Pull)...
2026-01-12 02:59:04,275 - AUTO_PILOT - Git Pull Failed: [Errno 2] No such file or directory: 'git'
2026-01-12 03:00:04,339 - AUTO_PILOT - Syncing FROM GitHub (Pull)...
2026-01-12 03:00:04,342 - AUTO_PILOT - Git Pull Failed: [Errno 2] No such file or directory: 'git'
2026-01-12 03:01:04,358 - AUTO_PILOT - Syncing FROM GitHub (Pull)...
2026-01-12 03:01:04,360 - AUTO_PILOT - Git Pull Failed: [Errno 2] No such file or directory: 'git'
2026-01-12 03:02:04,421 - AUTO_PILOT - Syncing FROM GitHub (Pull)...
2026-01-12 03:02:04,426 - AUTO_PILOT - Git Pull Failed: [Errno 2] No such file or directory: 'git'
2026-01-12 03:03:04,481 - AUTO_PILOT - Syncing FROM GitHub (Pull)...
2026-01-12 03:03:04,486 - AUTO_PILOT - Git Pull Failed: [Errno 2] No such file or directory: 'git'
2026-01-12 03:04:04,566 - AUTO_PILOT - Syncing FROM GitHub (Pull)...
2026-01-12 03:04:04,571 - AUTO_PILOT - Git Pull Failed: [Errno 2] No such file or directory: 'git'
2026-01-12 03:05:04,652 - AUTO_PILOT - Syncing FROM GitHub (Pull)...
2026-01-12 03:05:04,656 - AUTO_PILOT - Git Pull Failed: [Errno 2] No such file or directory: 'git'
2026-01-12 03:06:04,709 - AUTO_PILOT - Syncing FROM GitHub (Pull)...
2026-01-12 03:06:04,713 - AUTO_PILOT - Git Pull Failed: [Errno 2] No such file or directory: 'git'
2026-01-12 03:07:04,742 - AUTO_PILOT - Syncing FROM GitHub (Pull)...
2026-01-12 03:07:04,747 - AUTO_PILOT - Git Pull Failed: [Errno 2] No such file or directory: 'git'
2026-01-12 03:08:04,822 - AUTO_PILOT - Syncing FROM GitHub (Pull)...
2026-01-12 03:08:04,828 - AUTO_PILOT - Git Pull Failed: [Errno 2] No such file or directory: 'git'
2026-01-12 03:09:04,891 - AUTO_PILOT - Syncing FROM GitHub (Pull)...
2026-01-12 03:09:04,894 - AUTO_PILOT - Git Pull Failed: [Errno 2] No such file or directory: 'git'
2026-01-12 03:10:04,952 - AUTO_PILOT - Syncing FROM GitHub (Pull)...
2026-01-12 03:10:04,954 - AUTO_PILOT - Git Pull Failed: [Errno 2] No such file or directory: 'git'
2026-01-12 03:11:05,023 - AUTO_PILOT - Syncing FROM GitHub (Pull)...
2026-01-12 03:11:05,029 - AUTO_PILOT - Git Pull Failed: [Errno 2] No such file or directory: 'git'
2026-01-12 03:12:05,106 - AUTO_PILOT - Syncing FROM GitHub (Pull)...
2026-01-12 03:12:05,112 - AUTO_PILOT - Git Pull Failed: [Errno 2] No such file or directory: 'git'
2026-01-12 03:13:05,197 - AUTO_PILOT - Syncing FROM GitHub (Pull)...
2026-01-12 03:13:05,200 - AUTO_PILOT - Git Pull Failed: [Errno 2] No such file or directory: 'git'
2026-01-12 03:14:05,284 - AUTO_PILOT - Syncing FROM GitHub (Pull)...
2026-01-12 03:14:05,289 - AUTO_PILOT - Git Pull Failed: [Errno 2] No such file or directory: 'git'
2026-01-12 03:15:05,317 - AUTO_PILOT - Syncing FROM GitHub (Pull)...
2026-01-12 03:15:05,319 - AUTO_PILOT - Git Pull Failed: [Errno 2] No such file or directory: 'git'
2026-01-12 03:16:05,365 - AUTO_PILOT - Syncing FROM GitHub (Pull)...
2026-01-12 03:16:05,369 - AUTO_PILOT - Git Pull Failed: [Errno 2] No such file or directory: 'git'
2026-01-12 03:17:05,421 - AUTO_PILOT - Syncing FROM GitHub (Pull)...
2026-01-12 03:17:05,422 - AUTO_PILOT - Git Pull Failed: [Errno 2] No such file or directory: 'git'
2026-01-12 03:18:05,476 - AUTO_PILOT - Syncing FROM GitHub (Pull)...
2026-01-12 03:18:05,482 - AUTO_PILOT - Git Pull Failed: [Errno 2] No such file or directory: 'git'
2026-01-12 03:19:05,518 - AUTO_PILOT - Syncing FROM GitHub (Pull)...
2026-01-12 03:19:05,524 - AUTO_PILOT - Git Pull Failed: [Errno 2] No such file or directory: 'git'
2026-01-12 03:20:05,602 - AUTO_PILOT - Syncing FROM GitHub (Pull)...
2026-01-12 03:20:05,606 - AUTO_PILOT - Git Pull Failed: [Errno 2] No such file or directory: 'git'
2026-01-12 03:21:05,680 - AUTO_PILOT - Syncing FROM GitHub (Pull)...
2026-01-12 03:21:05,685 - AUTO_PILOT - Git Pull Failed: [Errno 2] No such file or directory: 'git'
2026-01-12 03:22:05,775 - AUTO_PILOT - Syncing FROM GitHub (Pull)...
2026-01-12 03:22:05,776 - AUTO_PILOT - Git Pull Failed: [Errno 2] No such file or directory: 'git'
2026-01-12 03:23:05,838 - AUTO_PILOT - Syncing FROM GitHub (Pull)...
2026-01-12 03:23:05,843 - AUTO_PILOT - Git Pull Failed: [Errno 2] No such file or directory: 'git'
2026-01-12 03:24:05,933 - AUTO_PILOT - Syncing FROM GitHub (Pull)...
2026-01-12 03:24:05,939 - AUTO_PILOT - Git Pull Failed: [Errno 2] No such file or directory: 'git'
2026-01-12 03:25:05,997 - AUTO_PILOT - Syncing FROM GitHub (Pull)...
2026-01-12 03:25:05,999 - AUTO_PILOT - Git Pull Failed: [Errno 2] No such file or directory: 'git'
2026-01-12 03:26:06,046 - AUTO_PILOT - Syncing FROM GitHub (Pull)...
2026-01-12 03:26:06,047 - AUTO_PILOT - Git Pull Failed: [Errno 2] No such file or directory: 'git'
2026-01-12 03:27:06,106 - AUTO_PILOT - Syncing FROM GitHub (Pull)...
2026-01-12 03:27:06,109 - AUTO_PILOT - Git Pull Failed: [Errno 2] No such file or directory: 'git'
2026-01-12 03:28:06,141 - AUTO_PILOT - Syncing FROM GitHub (Pull)...
2026-01-12 03:28:06,145 - AUTO_PILOT - Git Pull Failed: [Errno 2] No such file or directory: 'git'
2026-01-12 03:29:06,218 - AUTO_PILOT - Syncing FROM GitHub (Pull)...
2026-01-12 03:29:06,219 - AUTO_PILOT - Git Pull Failed: [Errno 2] No such file or directory: 'git'
2026-01-12 03:30:06,283 - AUTO_PILOT - Syncing FROM GitHub (Pull)...
2026-01-12 03:30:06,284 - AUTO_PILOT - Git Pull Failed: [Errno 2] No such file or directory: 'git'
2026-01-12 03:31:06,344 - AUTO_PILOT - Syncing FROM GitHub (Pull)...
2026-01-12 03:31:06,347 - AUTO_PILOT - Git Pull Failed: [Errno 2] No such file or directory: 'git'
2026-01-12 03:32:06,423 - AUTO_PILOT - Syncing FROM GitHub (Pull)...
2026-01-12 03:32:06,438 - AUTO_PILOT - Git Pull Failed: [Errno 2] No such file or directory: 'git'
2026-01-12 03:33:06,461 - AUTO_PILOT - Syncing FROM GitHub (Pull)...
2026-01-12 03:33:06,465 - AUTO_PILOT - Git Pull Failed: [Errno 2] No such file or directory: 'git'
2026-01-12 03:34:06,536 - AUTO_PILOT - Syncing FROM GitHub (Pull)...
2026-01-12 03:34:06,539 - AUTO_PILOT - Git Pull Failed: [Errno 2] No such file or directory: 'git'
2026-01-12 03:35:06,610 - AUTO_PILOT - Syncing FROM GitHub (Pull)...
2026-01-12 03:35:06,614 - AUTO_PILOT - Git Pull Failed: [Errno 2] No such file or directory: 'git'
2026-01-12 03:36:06,666 - AUTO_PILOT - Syncing FROM GitHub (Pull)...
2026-01-12 03:36:06,669 - AUTO_PILOT - Git Pull Failed: [Errno 2] No such file or directory: 'git'
2026-01-12 03:37:06,740 - AUTO_PILOT - Syncing FROM GitHub (Pull)...
2026-01-12 03:37:06,742 - AUTO_PILOT - Git Pull Failed: [Errno 2] No such file or directory: 'git'
2026-01-12 03:38:06,754 - AUTO_PILOT - Syncing FROM GitHub (Pull)...
2026-01-12 03:38:06,757 - AUTO_PILOT - Git Pull Failed: [Errno 2] No such file or directory: 'git'
2026-01-12 03:39:06,820 - AUTO_PILOT - Syncing FROM GitHub (Pull)...
2026-01-12 03:39:06,822 - AUTO_PILOT - Git Pull Failed: [Errno 2] No such file or directory: 'git'
2026-01-12 03:40:06,887 - AUTO_PILOT - Syncing FROM GitHub (Pull)...
2026-01-12 03:40:06,893 - AUTO_PILOT - Git Pull Failed: [Errno 2] No such file or directory: 'git'
2026-01-12 03:41:06,912 - AUTO_PILOT - Syncing FROM GitHub (Pull)...
2026-01-12 03:41:06,915 - AUTO_PILOT - Git Pull Failed: [Errno 2] No such file or directory: 'git'
2026-01-12 03:42:06,974 - AUTO_PILOT - Syncing FROM GitHub (Pull)...
2026-01-12 03:42:06,977 - AUTO_PILOT - Git Pull Failed: [Errno 2] No such file or directory: 'git'
2026-01-12 03:43:07,043 - AUTO_PILOT - Syncing FROM GitHub (Pull)...
2026-01-12 03:43:07,045 - AUTO_PILOT - Git Pull Failed: [Errno 2] No such file or directory: 'git'
2026-01-12 03:44:20,481 - AUTO_PILOT - Syncing FROM GitHub (Pull)...
2026-01-12 03:44:20,484 - AUTO_PILOT - Git Pull Failed: [Errno 2] No such file or directory: 'git'
2026-01-13 01:37:41,413 - AUTO_PILOT - Auto-Pilot Started. Schedule: Daily at 12:00 AM (Midnight).
2026-01-13 01:37:41,424 - AUTO_PILOT - Next run scheduled for: 2026-01-14 00:00:00
2026-01-13 01:37:41,428 - AUTO_PILOT - Syncing FROM GitHub (Pull)...
2026-01-13 01:37:41,432 - AUTO_PILOT - Git Pull Failed: [Errno 2] No such file or directory: 'git'
2026-01-13 01:38:41,491 - AUTO_PILOT - Syncing FROM GitHub (Pull)...
2026-01-13 01:38:41,494 - AUTO_PILOT - Git Pull Failed: [Errno 2] No such file or directory: 'git'
2026-01-13 01:39:41,542 - AUTO_PILOT - Syncing FROM GitHub (Pull)...
2026-01-13 01:39:41,546 - AUTO_PILOT - Git Pull Failed: [Errno 2] No such file or directory: 'git'
2026-01-13 01:40:41,629 - AUTO_PILOT - Syncing FROM GitHub (Pull)...
2026-01-13 01:40:41,646 - AUTO_PILOT - Git Pull Failed: [Errno 2] No such file or directory: 'git'
2026-01-13 01:41:41,810 - AUTO_PILOT - Syncing FROM GitHub (Pull)...
2026-01-13 01:41:41,816 - AUTO_PILOT - Git Pull Failed: [Errno 2] No such file or directory: 'git'
2026-01-13 01:42:41,908 - AUTO_PILOT - Syncing FROM GitHub (Pull)...
2026-01-13 01:42:41,915 - AUTO_PILOT - Git Pull Failed: [Errno 2] No such file or directory: 'git'
2026-01-13 01:43:42,003 - AUTO_PILOT - Syncing FROM GitHub (Pull)...
2026-01-13 01:43:42,008 - AUTO_PILOT - Git Pull Failed: [Errno 2] No such file or directory: 'git'
2026-01-13 01:44:42,098 - AUTO_PILOT - Syncing FROM GitHub (Pull)...
2026-01-13 01:44:42,105 - AUTO_PILOT - Git Pull Failed: [Errno 2] No such file or directory: 'git'
2026-01-13 01:45:42,195 - AUTO_PILOT - Syncing FROM GitHub (Pull)...
2026-01-13 01:45:42,201 - AUTO_PILOT - Git Pull Failed: [Errno 2] No such file or directory: 'git'
2026-01-13 01:46:42,292 - AUTO_PILOT - Syncing FROM GitHub (Pull)...
2026-01-13 01:46:42,298 - AUTO_PILOT - Git Pull Failed: [Errno 2] No such file or directory: 'git'
2026-01-13 01:47:42,299 - AUTO_PILOT - Syncing FROM GitHub (Pull)...
2026-01-13 01:47:42,302 - AUTO_PILOT - Git Pull Failed: [Errno 2] No such file or directory: 'git'
2026-01-13 01:48:42,376 - AUTO_PILOT - Syncing FROM GitHub (Pull)...
2026-01-13 01:48:42,380 - AUTO_PILOT - Git Pull Failed: [Errno 2] No such file or directory: 'git'
2026-01-13 01:49:42,446 - AUTO_PILOT - Syncing FROM GitHub (Pull)...
2026-01-13 01:49:42,449 - AUTO_PILOT - Git Pull Failed: [Errno 2] No such file or directory: 'git'
2026-01-13 01:50:42,522 - AUTO_PILOT - Syncing FROM GitHub (Pull)...
2026-01-13 01:50:42,524 - AUTO_PILOT - Git Pull Failed: [Errno 2] No such file or directory: 'git'
2026-01-13 01:51:42,588 - AUTO_PILOT - Syncing FROM GitHub (Pull)...
2026-01-13 01:51:42,591 - AUTO_PILOT - Git Pull Failed: [Errno 2] No such file or directory: 'git'
2026-01-13 01:52:42,653 - AUTO_PILOT - Syncing FROM GitHub (Pull)...
2026-01-13 01:52:42,656 - AUTO_PILOT - Git Pull Failed: [Errno 2] No such file or directory: 'git'
2026-01-13 01:53:42,726 - AUTO_PILOT - Syncing FROM GitHub (Pull)...
2026-01-13 01:53:42,729 - AUTO_PILOT - Git Pull Failed: [Errno 2] No such file or directory: 'git'
2026-01-13 01:54:42,802 - AUTO_PILOT - Syncing FROM GitHub (Pull)...
2026-01-13 01:54:42,804 - AUTO_PILOT - Git Pull Failed: [Errno 2] No such file or directory: 'git'
2026-01-13 01:55:42,855 - AUTO_PILOT - Syncing FROM GitHub (Pull)...
2026-01-13 01:55:42,859 - AUTO_PILOT - Git Pull Failed: [Errno 2] No such file or directory: 'git'
2026-01-13 01:56:42,926 - AUTO_PILOT - Syncing FROM GitHub (Pull)...
2026-01-13 01:56:42,930 - AUTO_PILOT - Git Pull Failed: [Errno 2] No such file or directory: 'git'
2026-01-13 01:57:43,000 - AUTO_PILOT - Syncing FROM GitHub (Pull)...
2026-01-13 01:57:43,001 - AUTO_PILOT - Git Pull Failed: [Errno 2] No such file or directory: 'git'
2026-01-13 01:58:43,012 - AUTO_PILOT - Syncing FROM GitHub (Pull)...
2026-01-13 01:58:43,014 - AUTO_PILOT - Git Pull Failed: [Errno 2] No such file or directory: 'git'
2026-01-13 01:59:43,045 - AUTO_PILOT - Syncing FROM GitHub (Pull)...
2026-01-13 01:59:43,046 - AUTO_PILOT - Git Pull Failed: [Errno 2] No such file or directory: 'git'
2026-01-30 05:53:57,113 - AUTO_PILOT - Auto-Pilot Started. Schedule: Daily at 12:00 AM (Midnight).
2026-01-30 05:53:57,117 - AUTO_PILOT - Next run scheduled for: 2026-01-31 00:00:00
2026-01-30 05:53:57,118 - AUTO_PILOT - Syncing FROM GitHub (Pull)...
2026-01-30 05:53:57,120 - AUTO_PILOT - Git Pull Failed: [Errno 2] No such file or directory: 'git'
2026-01-30 05:54:57,172 - AUTO_PILOT - Syncing FROM GitHub (Pull)...
2026-01-30 05:54:57,175 - AUTO_PILOT - Git Pull Failed: [Errno 2] No such file or directory: 'git'
2026-01-30 05:55:57,242 - AUTO_PILOT - Syncing FROM GitHub (Pull)...
2026-01-30 05:55:57,243 - AUTO_PILOT - Git Pull Failed: [Errno 2] No such file or directory: 'git'
2026-01-30 05:56:57,303 - AUTO_PILOT - Syncing FROM GitHub (Pull)...
2026-01-30 05:56:57,304 - AUTO_PILOT - Git Pull Failed: [Errno 2] No such file or directory: 'git'
2026-01-30 05:57:57,366 - AUTO_PILOT - Syncing FROM GitHub (Pull)...
2026-01-30 05:57:57,384 - AUTO_PILOT - Git Pull Failed: [Errno 2] No such file or directory: 'git'
2026-01-30 05:58:57,457 - AUTO_PILOT - Syncing FROM GitHub (Pull)...
2026-01-30 05:58:57,460 - AUTO_PILOT - Git Pull Failed: [Errno 2] No such file or directory: 'git'
2026-01-30 05:59:57,562 - AUTO_PILOT - Syncing FROM GitHub (Pull)...
2026-01-30 05:59:57,568 - AUTO_PILOT - Git Pull Failed: [Errno 2] No such file or directory: 'git'
2026-01-30 06:00:57,655 - AUTO_PILOT - Syncing FROM GitHub (Pull)...
2026-01-30 06:00:57,658 - AUTO_PILOT - Git Pull Failed: [Errno 2] No such file or directory: 'git'
2026-01-30 06:01:57,674 - AUTO_PILOT - Syncing FROM GitHub (Pull)...
2026-01-30 06:01:57,717 - AUTO_PILOT - Git Pull Failed: [Errno 2] No such file or directory: 'git'
2026-01-30 06:02:58,658 - AUTO_PILOT - Syncing FROM GitHub (Pull)...
2026-01-30 06:02:58,661 - AUTO_PILOT - Git Pull Failed: [Errno 2] No such file or directory: 'git'
2026-01-30 06:03:58,732 - AUTO_PILOT - Syncing FROM GitHub (Pull)...
2026-01-30 06:03:58,771 - AUTO_PILOT - Git Pull Failed: [Errno 2] No such file or directory: 'git'
2026-01-30 06:04:58,877 - AUTO_PILOT - Syncing FROM GitHub (Pull)...
2026-01-30 06:04:58,879 - AUTO_PILOT - Git Pull Failed: [Errno 2] No such file or directory: 'git'
2026-01-30 06:05:58,944 - AUTO_PILOT - Syncing FROM GitHub (Pull)...
2026-01-30 06:05:58,947 - AUTO_PILOT - Git Pull Failed: [Errno 2] No such file or directory: 'git'
2026-01-30 06:06:59,015 - AUTO_PILOT - Syncing FROM GitHub (Pull)...
2026-01-30 06:06:59,033 - AUTO_PILOT - Git Pull Failed: [Errno 2] No such file or directory: 'git'
2026-01-30 06:07:59,137 - AUTO_PILOT - Syncing FROM GitHub (Pull)...
2026-01-30 06:07:59,147 - AUTO_PILOT - Git Pull Failed: [Errno 2] No such file or directory: 'git'
2026-01-30 06:08:59,317 - AUTO_PILOT - Syncing FROM GitHub (Pull)...
2026-01-30 06:08:59,342 - AUTO_PILOT - Git Pull Failed: [Errno 2] No such file or directory: 'git'
2026-01-30 06:09:59,673 - AUTO_PILOT - Syncing FROM GitHub (Pull)...
2026-01-30 06:09:59,676 - AUTO_PILOT - Git Pull Failed: [Errno 2] No such file or directory: 'git'
2026-01-30 06:10:59,742 - AUTO_PILOT - Syncing FROM GitHub (Pull)...
2026-01-30 06:10:59,746 - AUTO_PILOT - Git Pull Failed: [Errno 2] No such file or directory: 'git'
2026-01-30 06:11:59,812 - AUTO_PILOT - Syncing FROM GitHub (Pull)...
2026-01-30 06:11:59,815 - AUTO_PILOT - Git Pull Failed: [Errno 2] No such file or directory: 'git'
2026-01-30 06:12:59,883 - AUTO_PILOT - Syncing FROM GitHub (Pull)...
2026-01-30 06:12:59,886 - AUTO_PILOT - Git Pull Failed: [Errno 2] No such file or directory: 'git'
2026-01-30 06:13:59,956 - AUTO_PILOT - Syncing FROM GitHub (Pull)...
2026-01-30 06:13:59,960 - AUTO_PILOT - Git Pull Failed: [Errno 2] No such file or directory: 'git'
2026-01-30 06:15:00,027 - AUTO_PILOT - Syncing FROM GitHub (Pull)...
2026-01-30 06:15:00,030 - AUTO_PILOT - Git Pull Failed: [Errno 2] No such file or directory: 'git'
2026-01-30 06:16:00,097 - AUTO_PILOT - Syncing FROM GitHub (Pull)...
2026-01-30 06:16:00,100 - AUTO_PILOT - Git Pull Failed: [Errno 2] No such file or directory: 'git'
2026-01-30 06:17:00,163 - AUTO_PILOT - Syncing FROM GitHub (Pull)...
2026-01-30 06:17:00,166 - AUTO_PILOT - Git Pull Failed: [Errno 2] No such file or directory: 'git'
2026-01-30 06:18:00,226 - AUTO_PILOT - Syncing FROM GitHub (Pull)...
2026-01-30 06:18:00,229 - AUTO_PILOT - Git Pull Failed: [Errno 2] No such file or directory: 'git'
2026-01-30 06:19:00,284 - AUTO_PILOT - Syncing FROM GitHub (Pull)...
2026-01-30 06:19:00,286 - AUTO_PILOT - Git Pull Failed: [Errno 2] No such file or directory: 'git'
2026-01-30 06:20:00,349 - AUTO_PILOT - Syncing FROM GitHub (Pull)...
2026-01-30 06:20:00,355 - AUTO_PILOT - Git Pull Failed: [Errno 2] No such file or directory: 'git'
2026-01-30 06:21:00,462 - AUTO_PILOT - Syncing FROM GitHub (Pull)...
2026-01-30 06:21:00,466 - AUTO_PILOT - Git Pull Failed: [Errno 2] No such file or directory: 'git'
2026-01-30 06:22:00,474 - AUTO_PILOT - Syncing FROM GitHub (Pull)...
2026-01-30 06:22:00,479 - AUTO_PILOT - Git Pull Failed: [Errno 2] No such file or directory: 'git'
2026-01-30 06:23:00,491 - AUTO_PILOT - Syncing FROM GitHub (Pull)...
2026-01-30 06:23:00,693 - AUTO_PILOT - Git Pull Failed: [Errno 2] No such file or directory: 'git'
2026-01-30 06:24:00,785 - AUTO_PILOT - Syncing FROM GitHub (Pull)...
2026-01-30 06:24:00,790 - AUTO_PILOT - Git Pull Failed: [Errno 2] No such file or directory: 'git'
2026-01-30 06:25:00,871 - AUTO_PILOT - Syncing FROM GitHub (Pull)...
2026-01-30 06:25:00,876 - AUTO_PILOT - Git Pull Failed: [Errno 2] No such file or directory: 'git'
2026-01-30 06:26:00,947 - AUTO_PILOT - Syncing FROM GitHub (Pull)...
2026-01-30 06:26:00,952 - AUTO_PILOT - Git Pull Failed: [Errno 2] No such file or directory: 'git'
2026-01-30 06:27:01,019 - AUTO_PILOT - Syncing FROM GitHub (Pull)...
2026-01-30 06:27:01,022 - AUTO_PILOT - Git Pull Failed: [Errno 2] No such file or directory: 'git'
2026-01-30 06:28:01,087 - AUTO_PILOT - Syncing FROM GitHub (Pull)...
2026-01-30 06:28:01,090 - AUTO_PILOT - Git Pull Failed: [Errno 2] No such file or directory: 'git'
2026-01-30 06:29:01,131 - AUTO_PILOT - Syncing FROM GitHub (Pull)...
2026-01-30 06:29:01,134 - AUTO_PILOT - Git Pull Failed: [Errno 2] No such file or directory: 'git'
2026-01-30 06:30:01,147 - AUTO_PILOT - Syncing FROM GitHub (Pull)...
2026-01-30 06:30:01,151 - AUTO_PILOT - Git Pull Failed: [Errno 2] No such file or directory: 'git'
2026-01-30 06:31:01,208 - AUTO_PILOT - Syncing FROM GitHub (Pull)...
2026-01-30 06:31:01,214 - AUTO_PILOT - Git Pull Failed: [Errno 2] No such file or directory: 'git'
2026-01-30 06:32:01,275 - AUTO_PILOT - Syncing FROM GitHub (Pull)...
2026-01-30 06:32:01,279 - AUTO_PILOT - Git Pull Failed: [Errno 2] No such file or directory: 'git'
2026-01-30 06:33:01,348 - AUTO_PILOT - Syncing FROM GitHub (Pull)...
2026-01-30 06:33:01,351 - AUTO_PILOT - Git Pull Failed: [Errno 2] No such file or directory: 'git'
2026-01-30 06:34:01,366 - AUTO_PILOT - Syncing FROM GitHub (Pull)...
2026-01-30 06:34:01,368 - AUTO_PILOT - Git Pull Failed: [Errno 2] No such file or directory: 'git'
2026-01-30 06:35:01,428 - AUTO_PILOT - Syncing FROM GitHub (Pull)...
2026-01-30 06:35:01,432 - AUTO_PILOT - Git Pull Failed: [Errno 2] No such file or directory: 'git'
2026-01-30 06:36:01,454 - AUTO_PILOT - Syncing FROM GitHub (Pull)...
2026-01-30 06:36:01,461 - AUTO_PILOT - Git Pull Failed: [Errno 2] No such file or directory: 'git'
2026-01-30 06:37:01,528 - AUTO_PILOT - Syncing FROM GitHub (Pull)...
2026-01-30 06:37:01,537 - AUTO_PILOT - Git Pull Failed: [Errno 2] No such file or directory: 'git'
2026-01-30 06:38:01,623 - AUTO_PILOT - Syncing FROM GitHub (Pull)...
2026-01-30 06:38:01,628 - AUTO_PILOT - Git Pull Failed: [Errno 2] No such file or directory: 'git'
2026-01-30 06:39:01,678 - AUTO_PILOT - Syncing FROM GitHub (Pull)...
2026-01-30 06:39:01,682 - AUTO_PILOT - Git Pull Failed: [Errno 2] No such file or directory: 'git'
2026-01-30 06:40:01,754 - AUTO_PILOT - Syncing FROM GitHub (Pull)...
2026-01-30 06:40:01,758 - AUTO_PILOT - Git Pull Failed: [Errno 2] No such file or directory: 'git'
2026-01-30 06:41:01,830 - AUTO_PILOT - Syncing FROM GitHub (Pull)...
2026-01-30 06:41:01,834 - AUTO_PILOT - Git Pull Failed: [Errno 2] No such file or directory: 'git'
2026-01-30 06:42:01,903 - AUTO_PILOT - Syncing FROM GitHub (Pull)...
2026-01-30 06:42:01,908 - AUTO_PILOT - Git Pull Failed: [Errno 2] No such file or directory: 'git'
2026-01-30 06:43:01,976 - AUTO_PILOT - Syncing FROM GitHub (Pull)...
2026-01-30 06:43:01,980 - AUTO_PILOT - Git Pull Failed: [Errno 2] No such file or directory: 'git'
2026-01-30 06:44:02,047 - AUTO_PILOT - Syncing FROM GitHub (Pull)...
2026-01-30 06:44:02,051 - AUTO_PILOT - Git Pull Failed: [Errno 2] No such file or directory: 'git'
2026-01-30 06:45:02,116 - AUTO_PILOT - Syncing FROM GitHub (Pull)...
2026-01-30 06:45:02,120 - AUTO_PILOT - Git Pull Failed: [Errno 2] No such file or directory: 'git'
2026-01-30 06:46:02,186 - AUTO_PILOT - Syncing FROM GitHub (Pull)...
2026-01-30 06:46:02,190 - AUTO_PILOT - Git Pull Failed: [Errno 2] No such file or directory: 'git'
2026-01-30 06:47:02,288 - AUTO_PILOT - Syncing FROM GitHub (Pull)...
2026-01-30 06:47:02,295 - AUTO_PILOT - Git Pull Failed: [Errno 2] No such file or directory: 'git'
2026-01-30 06:48:02,382 - AUTO_PILOT - Syncing FROM GitHub (Pull)...
2026-01-30 06:48:02,388 - AUTO_PILOT - Git Pull Failed: [Errno 2] No such file or directory: 'git'
2026-01-30 06:49:02,431 - AUTO_PILOT - Syncing FROM GitHub (Pull)...
2026-01-30 06:49:02,442 - AUTO_PILOT - Git Pull Failed: [Errno 2] No such file or directory: 'git'
2026-01-30 06:50:02,532 - AUTO_PILOT - Syncing FROM GitHub (Pull)...
2026-01-30 06:50:02,540 - AUTO_PILOT - Git Pull Failed: [Errno 2] No such file or directory: 'git'
2026-01-30 06:51:02,630 - AUTO_PILOT - Syncing FROM GitHub (Pull)...
2026-01-30 06:51:02,641 - AUTO_PILOT - Git Pull Failed: [Errno 2] No such file or directory: 'git'
2026-01-30 06:52:02,729 - AUTO_PILOT - Syncing FROM GitHub (Pull)...
2026-01-30 06:52:02,735 - AUTO_PILOT - Git Pull Failed: [Errno 2] No such file or directory: 'git'
2026-01-30 06:53:02,823 - AUTO_PILOT - Syncing FROM GitHub (Pull)...
2026-01-30 06:53:02,826 - AUTO_PILOT - Git Pull Failed: [Errno 2] No such file or directory: 'git'
2026-01-30 06:54:02,894 - AUTO_PILOT - Syncing FROM GitHub (Pull)...
2026-01-30 06:54:02,898 - AUTO_PILOT - Git Pull Failed: [Errno 2] No such file or directory: 'git'
2026-01-30 06:55:02,938 - AUTO_PILOT - Syncing FROM GitHub (Pull)...
2026-01-30 06:55:02,944 - AUTO_PILOT - Git Pull Failed: [Errno 2] No such file or directory: 'git'
2026-01-30 06:56:03,030 - AUTO_PILOT - Syncing FROM GitHub (Pull)...
2026-01-30 06:56:03,034 - AUTO_PILOT - Git Pull Failed: [Errno 2] No such file or directory: 'git'
2026-01-30 06:57:03,077 - AUTO_PILOT - Syncing FROM GitHub (Pull)...
2026-01-30 06:57:03,083 - AUTO_PILOT - Git Pull Failed: [Errno 2] No such file or directory: 'git'
2026-01-30 06:58:03,170 - AUTO_PILOT - Syncing FROM GitHub (Pull)...
2026-01-30 06:58:03,177 - AUTO_PILOT - Git Pull Failed: [Errno 2] No such file or directory: 'git'
2026-01-30 06:59:03,260 - AUTO_PILOT - Syncing FROM GitHub (Pull)...
2026-01-30 06:59:03,265 - AUTO_PILOT - Git Pull Failed: [Errno 2] No such file or directory: 'git'
2026-01-30 07:00:03,291 - AUTO_PILOT - Syncing FROM GitHub (Pull)...
2026-01-30 07:00:03,298 - AUTO_PILOT - Git Pull Failed: [Errno 2] No such file or directory: 'git'
2026-01-30 07:01:03,385 - AUTO_PILOT - Syncing FROM GitHub (Pull)...
2026-01-30 07:01:03,392 - AUTO_PILOT - Git Pull Failed: [Errno 2] No such file or directory: 'git'
2026-01-30 07:02:03,455 - AUTO_PILOT - Syncing FROM GitHub (Pull)...
2026-01-30 07:02:03,459 - AUTO_PILOT - Git Pull Failed: [Errno 2] No such file or directory: 'git'
2026-01-30 07:03:03,522 - AUTO_PILOT - Syncing FROM GitHub (Pull)...
2026-01-30 07:03:03,526 - AUTO_PILOT - Git Pull Failed: [Errno 2] No such file or directory: 'git'
2026-01-30 07:04:03,576 - AUTO_PILOT - Syncing FROM GitHub (Pull)...
2026-01-30 07:04:03,581 - AUTO_PILOT - Git Pull Failed: [Errno 2] No such file or directory: 'git'
2026-01-30 07:05:03,660 - AUTO_PILOT - Syncing FROM GitHub (Pull)...
2026-01-30 07:05:03,669 - AUTO_PILOT - Git Pull Failed: [Errno 2] No such file or directory: 'git'
2026-01-30 07:06:03,695 - AUTO_PILOT - Syncing FROM GitHub (Pull)...
2026-01-30 07:06:03,701 - AUTO_PILOT - Git Pull Failed: [Errno 2] No such file or directory: 'git'
2026-01-30 07:07:03,782 - AUTO_PILOT - Syncing FROM GitHub (Pull)...
2026-01-30 07:07:03,789 - AUTO_PILOT - Git Pull Failed: [Errno 2] No such file or directory: 'git'
2026-01-30 07:08:03,856 - AUTO_PILOT - Syncing FROM GitHub (Pull)...
2026-01-30 07:08:03,861 - AUTO_PILOT - Git Pull Failed: [Errno 2] No such file or directory: 'git'
2026-01-30 07:09:03,943 - AUTO_PILOT - Syncing FROM GitHub (Pull)...
2026-01-30 07:09:03,948 - AUTO_PILOT - Git Pull Failed: [Errno 2] No such file or directory: 'git'
2026-01-30 07:10:04,027 - AUTO_PILOT - Syncing FROM GitHub (Pull)...
2026-01-30 07:10:04,033 - AUTO_PILOT - Git Pull Failed: [Errno 2] No such file or directory: 'git'
2026-01-30 07:11:04,111 - AUTO_PILOT - Syncing FROM GitHub (Pull)...
2026-01-30 07:11:04,117 - AUTO_PILOT - Git Pull Failed: [Errno 2] No such file or directory: 'git'
2026-01-30 07:12:04,198 - AUTO_PILOT - Syncing FROM GitHub (Pull)...
2026-01-30 07:12:04,205 - AUTO_PILOT - Git Pull Failed: [Errno 2] No such file or directory: 'git'
2026-01-30 07:13:04,283 - AUTO_PILOT - Syncing FROM GitHub (Pull)...
2026-01-30 07:13:04,285 - AUTO_PILOT - Git Pull Failed: [Errno 2] No such file or directory: 'git'
2026-01-30 07:14:04,316 - AUTO_PILOT - Syncing FROM GitHub (Pull)...
2026-01-30 07:14:04,319 - AUTO_PILOT - Git Pull Failed: [Errno 2] No such file or directory: 'git'
2026-01-30 07:15:04,337 - AUTO_PILOT - Syncing FROM GitHub (Pull)...
2026-01-30 07:15:04,344 - AUTO_PILOT - Git Pull Failed: [Errno 2] No such file or directory: 'git'
2026-01-30 07:16:04,424 - AUTO_PILOT - Syncing FROM GitHub (Pull)...
2026-01-30 07:16:04,430 - AUTO_PILOT - Git Pull Failed: [Errno 2] No such file or directory: 'git'
2026-01-30 07:17:04,512 - AUTO_PILOT - Syncing FROM GitHub (Pull)...
2026-01-30 07:17:04,517 - AUTO_PILOT - Git Pull Failed: [Errno 2] No such file or directory: 'git'
2026-01-30 07:18:04,596 - AUTO_PILOT - Syncing FROM GitHub (Pull)...
2026-01-30 07:18:04,600 - AUTO_PILOT - Git Pull Failed: [Errno 2] No such file or directory: 'git'
2026-01-30 07:19:04,668 - AUTO_PILOT - Syncing FROM GitHub (Pull)...
2026-01-30 07:19:04,671 - AUTO_PILOT - Git Pull Failed: [Errno 2] No such file or directory: 'git'
2026-01-30 07:20:04,700 - AUTO_PILOT - Syncing FROM GitHub (Pull)...
2026-01-30 07:20:04,703 - AUTO_PILOT - Git Pull Failed: [Errno 2] No such file or directory: 'git'
2026-01-30 07:21:04,763 - AUTO_PILOT - Syncing FROM GitHub (Pull)...
2026-01-30 07:21:04,769 - AUTO_PILOT - Git Pull Failed: [Errno 2] No such file or directory: 'git'
2026-01-30 07:22:04,830 - AUTO_PILOT - Syncing FROM GitHub (Pull)...
2026-01-30 07:22:04,836 - AUTO_PILOT - Git Pull Failed: [Errno 2] No such file or directory: 'git'
2026-01-30 07:23:04,904 - AUTO_PILOT - Syncing FROM GitHub (Pull)...
2026-01-30 07:23:04,908 - AUTO_PILOT - Git Pull Failed: [Errno 2] No such file or directory: 'git'
2026-01-30 07:24:04,968 - AUTO_PILOT - Syncing FROM GitHub (Pull)...
2026-01-30 07:24:04,975 - AUTO_PILOT - Git Pull Failed: [Errno 2] No such file or directory: 'git'
2026-01-30 07:25:05,033 - AUTO_PILOT - Syncing FROM GitHub (Pull)...
2026-01-30 07:25:05,040 - AUTO_PILOT - Git Pull Failed: [Errno 2] No such file or directory: 'git'
2026-01-30 07:26:05,121 - AUTO_PILOT - Syncing FROM GitHub (Pull)...
2026-01-30 07:26:05,128 - AUTO_PILOT - Git Pull Failed: [Errno 2] No such file or directory: 'git'
2026-01-30 07:27:05,211 - AUTO_PILOT - Syncing FROM GitHub (Pull)...
2026-01-30 07:27:05,217 - AUTO_PILOT - Git Pull Failed: [Errno 2] No such file or directory: 'git'
2026-01-30 07:28:05,267 - AUTO_PILOT - Syncing FROM GitHub (Pull)...
2026-01-30 07:28:05,273 - AUTO_PILOT - Git Pull Failed: [Errno 2] No such file or directory: 'git'
2026-01-30 07:29:05,349 - AUTO_PILOT - Syncing FROM GitHub (Pull)...
2026-01-30 07:29:05,356 - AUTO_PILOT - Git Pull Failed: [Errno 2] No such file or directory: 'git'
2026-01-30 07:30:05,438 - AUTO_PILOT - Syncing FROM GitHub (Pull)...
2026-01-30 07:30:05,443 - AUTO_PILOT - Git Pull Failed: [Errno 2] No such file or directory: 'git'
2026-01-30 07:31:05,528 - AUTO_PILOT - Syncing FROM GitHub (Pull)...
2026-01-30 07:31:05,533 - AUTO_PILOT - Git Pull Failed: [Errno 2] No such file or directory: 'git'
2026-01-30 07:32:05,617 - AUTO_PILOT - Syncing FROM GitHub (Pull)...
2026-01-30 07:32:05,624 - AUTO_PILOT - Git Pull Failed: [Errno 2] No such file or directory: 'git'
2026-01-30 07:33:05,707 - AUTO_PILOT - Syncing FROM GitHub (Pull)...
2026-01-30 07:33:05,711 - AUTO_PILOT - Git Pull Failed: [Errno 2] No such file or directory: 'git'
2026-01-30 07:34:05,795 - AUTO_PILOT - Syncing FROM GitHub (Pull)...
2026-01-30 07:34:05,799 - AUTO_PILOT - Git Pull Failed: [Errno 2] No such file or directory: 'git'
2026-01-30 07:35:05,868 - AUTO_PILOT - Syncing FROM GitHub (Pull)...
2026-01-30 07:35:05,874 - AUTO_PILOT - Git Pull Failed: [Errno 2] No such file or directory: 'git'
2026-01-30 07:36:05,915 - AUTO_PILOT - Syncing FROM GitHub (Pull)...
2026-01-30 07:36:05,921 - AUTO_PILOT - Git Pull Failed: [Errno 2] No such file or directory: 'git'
2026-01-30 07:37:05,997 - AUTO_PILOT - Syncing FROM GitHub (Pull)...
2026-01-30 07:37:06,003 - AUTO_PILOT - Git Pull Failed: [Errno 2] No such file or directory: 'git'
2026-01-30 07:38:06,087 - AUTO_PILOT - Syncing FROM GitHub (Pull)...
2026-01-30 07:38:06,091 - AUTO_PILOT - Git Pull Failed: [Errno 2] No such file or directory: 'git'
2026-01-30 07:39:06,174 - AUTO_PILOT - Syncing FROM GitHub (Pull)...
2026-01-30 07:39:06,180 - AUTO_PILOT - Git Pull Failed: [Errno 2] No such file or directory: 'git'
2026-01-30 07:40:06,266 - AUTO_PILOT - Syncing FROM GitHub (Pull)...
2026-01-30 07:40:06,272 - AUTO_PILOT - Git Pull Failed: [Errno 2] No such file or directory: 'git'
2026-01-30 07:41:06,356 - AUTO_PILOT - Syncing FROM GitHub (Pull)...
2026-01-30 07:41:06,361 - AUTO_PILOT - Git Pull Failed: [Errno 2] No such file or directory: 'git'
2026-01-30 07:42:06,436 - AUTO_PILOT - Syncing FROM GitHub (Pull)...
2026-01-30 07:42:06,439 - AUTO_PILOT - Git Pull Failed: [Errno 2] No such file or directory: 'git'
2026-01-30 07:43:06,466 - AUTO_PILOT - Syncing FROM GitHub (Pull)...
2026-01-30 07:43:06,472 - AUTO_PILOT - Git Pull Failed: [Errno 2] No such file or directory: 'git'
2026-01-30 07:44:06,556 - AUTO_PILOT - Syncing FROM GitHub (Pull)...
2026-01-30 07:44:06,562 - AUTO_PILOT - Git Pull Failed: [Errno 2] No such file or directory: 'git'
2026-01-30 07:45:06,611 - AUTO_PILOT - Syncing FROM GitHub (Pull)...
2026-01-30 07:45:06,615 - AUTO_PILOT - Git Pull Failed: [Errno 2] No such file or directory: 'git'
2026-01-30 07:46:06,641 - AUTO_PILOT - Syncing FROM GitHub (Pull)...
2026-01-30 07:46:06,648 - AUTO_PILOT - Git Pull Failed: [Errno 2] No such file or directory: 'git'
2026-01-30 07:47:06,732 - AUTO_PILOT - Syncing FROM GitHub (Pull)...
2026-01-30 07:47:06,738 - AUTO_PILOT - Git Pull Failed: [Errno 2] No such file or directory: 'git'
2026-01-30 07:48:06,825 - AUTO_PILOT - Syncing FROM GitHub (Pull)...
2026-01-30 07:48:06,832 - AUTO_PILOT - Git Pull Failed: [Errno 2] No such file or directory: 'git'
2026-01-30 07:49:06,949 - AUTO_PILOT - Syncing FROM GitHub (Pull)...
2026-01-30 07:49:06,954 - AUTO_PILOT - Git Pull Failed: [Errno 2] No such file or directory: 'git'
2026-01-30 07:50:07,039 - AUTO_PILOT - Syncing FROM GitHub (Pull)...
2026-01-30 07:50:07,045 - AUTO_PILOT - Git Pull Failed: [Errno 2] No such file or directory: 'git'
2026-01-30 07:51:07,073 - AUTO_PILOT - Syncing FROM GitHub (Pull)...
2026-01-30 07:51:07,079 - AUTO_PILOT - Git Pull Failed: [Errno 2] No such file or directory: 'git'
2026-01-30 07:52:07,159 - AUTO_PILOT - Syncing FROM GitHub (Pull)...
2026-01-30 07:52:07,165 - AUTO_PILOT - Git Pull Failed: [Errno 2] No such file or directory: 'git'
2026-01-30 07:53:07,228 - AUTO_PILOT - Syncing FROM GitHub (Pull)...
2026-01-30 07:53:07,235 - AUTO_PILOT - Git Pull Failed: [Errno 2] No such file or directory: 'git'
2026-01-30 07:54:07,323 - AUTO_PILOT - Syncing FROM GitHub (Pull)...
2026-01-30 07:54:07,328 - AUTO_PILOT - Git Pull Failed: [Errno 2] No such file or directory: 'git'
2026-01-30 07:55:07,416 - AUTO_PILOT - Syncing FROM GitHub (Pull)...
2026-01-30 07:55:07,421 - AUTO_PILOT - Git Pull Failed: [Errno 2] No such file or directory: 'git'
2026-01-31 23:22:44,889 - AUTO_PILOT - Auto-Pilot Started. Schedule: Daily at 12:00 AM (Midnight).
2026-01-31 23:22:44,894 - AUTO_PILOT - Next run scheduled for: 2026-02-01 00:00:00
2026-01-31 23:22:44,895 - AUTO_PILOT - Syncing FROM GitHub (Pull)...
2026-01-31 23:22:44,897 - AUTO_PILOT - Git Pull Failed: [Errno 2] No such file or directory: 'git'
2026-01-31 23:23:44,961 - AUTO_PILOT - Syncing FROM GitHub (Pull)...
2026-01-31 23:23:44,966 - AUTO_PILOT - Git Pull Failed: [Errno 2] No such file or directory: 'git'
2026-01-31 23:24:44,993 - AUTO_PILOT - Syncing FROM GitHub (Pull)...
2026-01-31 23:24:44,998 - AUTO_PILOT - Git Pull Failed: [Errno 2] No such file or directory: 'git'
2026-01-31 23:25:45,029 - AUTO_PILOT - Syncing FROM GitHub (Pull)...
2026-01-31 23:25:45,031 - AUTO_PILOT - Git Pull Failed: [Errno 2] No such file or directory: 'git'
2026-01-31 23:26:45,097 - AUTO_PILOT - Syncing FROM GitHub (Pull)...
2026-01-31 23:26:45,111 - AUTO_PILOT - Git Pull Failed: [Errno 2] No such file or directory: 'git'
2026-01-31 23:27:45,119 - AUTO_PILOT - Syncing FROM GitHub (Pull)...
2026-01-31 23:27:45,124 - AUTO_PILOT - Git Pull Failed: [Errno 2] No such file or directory: 'git'
2026-01-31 23:28:45,201 - AUTO_PILOT - Syncing FROM GitHub (Pull)...
2026-01-31 23:28:45,208 - AUTO_PILOT - Git Pull Failed: [Errno 2] No such file or directory: 'git'
2026-01-31 23:29:45,300 - AUTO_PILOT - Syncing FROM GitHub (Pull)...
2026-01-31 23:29:45,307 - AUTO_PILOT - Git Pull Failed: [Errno 2] No such file or directory: 'git'
2026-01-31 23:30:45,402 - AUTO_PILOT - Syncing FROM GitHub (Pull)...
2026-01-31 23:30:45,409 - AUTO_PILOT - Git Pull Failed: [Errno 2] No such file or directory: 'git'
2026-01-31 23:31:45,503 - AUTO_PILOT - Syncing FROM GitHub (Pull)...
2026-01-31 23:31:45,507 - AUTO_PILOT - Git Pull Failed: [Errno 2] No such file or directory: 'git'
2026-01-31 23:32:45,580 - AUTO_PILOT - Syncing FROM GitHub (Pull)...
2026-01-31 23:32:45,589 - AUTO_PILOT - Git Pull Failed: [Errno 2] No such file or directory: 'git'
2026-01-31 23:33:45,683 - AUTO_PILOT - Syncing FROM GitHub (Pull)...
2026-01-31 23:33:45,689 - AUTO_PILOT - Git Pull Failed: [Errno 2] No such file or directory: 'git'
2026-01-31 23:34:45,778 - AUTO_PILOT - Syncing FROM GitHub (Pull)...
2026-01-31 23:34:45,784 - AUTO_PILOT - Git Pull Failed: [Errno 2] No such file or directory: 'git'
2026-02-01 09:29:44,831 - AUTO_PILOT - Syncing FROM GitHub (Pull)...
2026-02-01 09:29:44,833 - AUTO_PILOT - Git Pull Failed: [Errno 2] No such file or directory: 'git'
2026-02-01 09:29:44,834 - AUTO_PILOT - Midnight Triggered! Starting new day...
2026-02-01 09:29:44,842 - AUTO_PILOT - State reset for 2026-02-01. Pipeline should pick this up shortly.
2026-02-01 09:29:44,849 - AUTO_PILOT - Triggering FETCH...
2026-02-01 09:29:44,849 - AUTO_PILOT - Starting process: ['/usr/local/bin/python', '/app/stock_ticker/main.py', '--fetch-only']
2026-02-01 09:31:44,934 - AUTO_PILOT - Syncing FROM GitHub (Pull)...
2026-02-01 09:31:44,935 - AUTO_PILOT - Git Pull Failed: [Errno 2] No such file or directory: 'git'
2026-02-01 09:31:44,945 - AUTO_PILOT - Triggering MODEL...
2026-02-01 09:31:44,945 - AUTO_PILOT - Starting process: ['/usr/local/bin/python', '/app/stock_ticker/main.py', '--analyze-only']
2026-02-01 09:33:45,027 - AUTO_PILOT - Syncing FROM GitHub (Pull)...
2026-02-01 09:33:45,031 - AUTO_PILOT - Git Pull Failed: [Errno 2] No such file or directory: 'git'
2026-02-01 09:33:45,066 - AUTO_PILOT - Triggering BIG BETS...
2026-02-01 09:33:45,067 - AUTO_PILOT - Starting Big Bets Analysis...
2026-02-01 09:33:45,410 - AUTO_PILOT - Big Bets Results Saved to /app/stock_ticker/data/big_bets_results.csv
2026-02-01 09:33:45,417 - AUTO_PILOT - Git Auto-Sync failed: [Errno 2] No such file or directory: 'git'
2026-02-01 09:33:45,417 - AUTO_PILOT - Pushed All Data results to GitHub.
2026-02-01 09:35:45,485 - AUTO_PILOT - Syncing FROM GitHub (Pull)...
2026-02-01 09:35:45,493 - AUTO_PILOT - Git Pull Failed: [Errno 2] No such file or directory: 'git'
2026-02-01 09:36:45,575 - AUTO_PILOT - Syncing FROM GitHub (Pull)...
2026-02-01 09:36:45,580 - AUTO_PILOT - Git Pull Failed: [Errno 2] No such file or directory: 'git'
2026-02-01 09:37:45,666 - AUTO_PILOT - Syncing FROM GitHub (Pull)...
2026-02-01 09:37:45,673 - AUTO_PILOT - Git Pull Failed: [Errno 2] No such file or directory: 'git'
2026-02-01 09:38:45,755 - AUTO_PILOT - Syncing FROM GitHub (Pull)...
2026-02-01 09:38:45,760 - AUTO_PILOT - Git Pull Failed: [Errno 2] No such file or directory: 'git'
2026-02-01 09:39:45,795 - AUTO_PILOT - Syncing FROM GitHub (Pull)...
2026-02-01 09:39:45,802 - AUTO_PILOT - Git Pull Failed: [Errno 2] No such file or directory: 'git'
2026-02-01 09:40:45,858 - AUTO_PILOT - Syncing FROM GitHub (Pull)...
2026-02-01 09:40:45,863 - AUTO_PILOT - Git Pull Failed: [Errno 2] No such file or directory: 'git'
2026-02-01 09:41:45,946 - AUTO_PILOT - Syncing FROM GitHub (Pull)...
2026-02-01 09:41:45,951 - AUTO_PILOT - Git Pull Failed: [Errno 2] No such file or directory: 'git'
2026-02-01 09:42:46,032 - AUTO_PILOT - Syncing FROM GitHub (Pull)...
2026-02-01 09:42:46,038 - AUTO_PILOT - Git Pull Failed: [Errno 2] No such file or directory: 'git'
2026-02-01 09:43:46,126 - AUTO_PILOT - Syncing FROM GitHub (Pull)...
2026-02-01 09:43:46,130 - AUTO_PILOT - Git Pull Failed: [Errno 2] No such file or directory: 'git'
2026-02-01 09:44:46,209 - AUTO_PILOT - Syncing FROM GitHub (Pull)...
2026-02-01 09:44:46,213 - AUTO_PILOT - Git Pull Failed: [Errno 2] No such file or directory: 'git'
2026-02-01 09:45:46,298 - AUTO_PILOT - Syncing FROM GitHub (Pull)...
2026-02-01 09:45:46,303 - AUTO_PILOT - Git Pull Failed: [Errno 2] No such file or directory: 'git'
2026-02-01 09:46:46,391 - AUTO_PILOT - Syncing FROM GitHub (Pull)...
2026-02-01 09:46:46,396 - AUTO_PILOT - Git Pull Failed: [Errno 2] No such file or directory: 'git'
2026-02-01 09:47:46,482 - AUTO_PILOT - Syncing FROM GitHub (Pull)...
2026-02-01 09:47:46,486 - AUTO_PILOT - Git Pull Failed: [Errno 2] No such file or directory: 'git'
2026-02-01 09:48:46,563 - AUTO_PILOT - Syncing FROM GitHub (Pull)...
2026-02-01 09:48:46,569 - AUTO_PILOT - Git Pull Failed: [Errno 2] No such file or directory: 'git'
2026-02-01 09:49:46,651 - AUTO_PILOT - Syncing FROM GitHub (Pull)...
2026-02-01 09:49:46,655 - AUTO_PILOT - Git Pull Failed: [Errno 2] No such file or directory: 'git'
2026-02-01 09:50:46,724 - AUTO_PILOT - Syncing FROM GitHub (Pull)...
2026-02-01 09:50:46,727 - AUTO_PILOT - Git Pull Failed: [Errno 2] No such file or directory: 'git'
2026-02-01 09:51:46,748 - AUTO_PILOT - Syncing FROM GitHub (Pull)...
2026-02-01 09:51:46,754 - AUTO_PILOT - Git Pull Failed: [Errno 2] No such file or directory: 'git'
2026-02-01 09:52:46,834 - AUTO_PILOT - Syncing FROM GitHub (Pull)...
2026-02-01 09:52:46,837 - AUTO_PILOT - Git Pull Failed: [Errno 2] No such file or directory: 'git'
2026-02-01 09:53:46,894 - AUTO_PILOT - Syncing FROM GitHub (Pull)...
2026-02-01 09:53:46,896 - AUTO_PILOT - Git Pull Failed: [Errno 2] No such file or directory: 'git'
2026-02-01 09:54:46,958 - AUTO_PILOT - Syncing FROM GitHub (Pull)...
2026-02-01 09:54:46,964 - AUTO_PILOT - Git Pull Failed: [Errno 2] No such file or directory: 'git'
2026-02-01 09:55:47,049 - AUTO_PILOT - Syncing FROM GitHub (Pull)...
2026-02-01 09:55:47,051 - AUTO_PILOT - Git Pull Failed: [Errno 2] No such file or directory: 'git'
2026-02-01 09:56:47,127 - AUTO_PILOT - Syncing FROM GitHub (Pull)...
2026-02-01 09:56:47,129 - AUTO_PILOT - Git Pull Failed: [Errno 2] No such file or directory: 'git'
2026-02-01 09:57:47,191 - AUTO_PILOT - Syncing FROM GitHub (Pull)...
2026-02-01 09:57:47,196 - AUTO_PILOT - Git Pull Failed: [Errno 2] No such file or directory: 'git'
2026-02-01 09:58:47,218 - AUTO_PILOT - Syncing FROM GitHub (Pull)...
2026-02-01 09:58:47,224 - AUTO_PILOT - Git Pull Failed: [Errno 2] No such file or directory: 'git'
2026-02-01 09:59:47,302 - AUTO_PILOT - Syncing FROM GitHub (Pull)...
2026-02-01 09:59:47,308 - AUTO_PILOT - Git Pull Failed: [Errno 2] No such file or directory: 'git'
2026-02-01 10:00:47,393 - AUTO_PILOT - Syncing FROM GitHub (Pull)...
2026-02-01 10:00:47,395 - AUTO_PILOT - Git Pull Failed: [Errno 2] No such file or directory: 'git'
2026-02-01 10:01:47,455 - AUTO_PILOT - Syncing FROM GitHub (Pull)...
2026-02-01 10:01:47,460 - AUTO_PILOT - Git Pull Failed: [Errno 2] No such file or directory: 'git'
2026-02-01 10:02:47,510 - AUTO_PILOT - Syncing FROM GitHub (Pull)...
2026-02-01 10:02:47,512 - AUTO_PILOT - Git Pull Failed: [Errno 2] No such file or directory: 'git'
2026-02-01 10:03:47,579 - AUTO_PILOT - Syncing FROM GitHub (Pull)...
2026-02-01 10:03:47,582 - AUTO_PILOT - Git Pull Failed: [Errno 2] No such file or directory: 'git'
2026-02-01 10:04:47,592 - AUTO_PILOT - Syncing FROM GitHub (Pull)...
2026-02-01 10:04:47,594 - AUTO_PILOT - Git Pull Failed: [Errno 2] No such file or directory: 'git'
2026-02-01 10:05:47,625 - AUTO_PILOT - Syncing FROM GitHub (Pull)...
2026-02-01 10:05:47,628 - AUTO_PILOT - Git Pull Failed: [Errno 2] No such file or directory: 'git'
2026-02-01 10:06:47,693 - AUTO_PILOT - Syncing FROM GitHub (Pull)...
2026-02-01 10:06:47,694 - AUTO_PILOT - Git Pull Failed: [Errno 2] No such file or directory: 'git'
2026-02-01 10:07:47,700 - AUTO_PILOT - Syncing FROM GitHub (Pull)...
2026-02-01 10:07:47,702 - AUTO_PILOT - Git Pull Failed: [Errno 2] No such file or directory: 'git'
2026-02-01 10:08:47,741 - AUTO_PILOT - Syncing FROM GitHub (Pull)...
2026-02-01 10:08:47,743 - AUTO_PILOT - Git Pull Failed: [Errno 2] No such file or directory: 'git'
2026-02-01 10:09:47,800 - AUTO_PILOT - Syncing FROM GitHub (Pull)...
2026-02-01 10:09:47,801 - AUTO_PILOT - Git Pull Failed: [Errno 2] No such file or directory: 'git'
2026-02-01 10:10:47,861 - AUTO_PILOT - Syncing FROM GitHub (Pull)...
2026-02-01 10:10:47,863 - AUTO_PILOT - Git Pull Failed: [Errno 2] No such file or directory: 'git'
2026-02-01 10:11:47,925 - AUTO_PILOT - Syncing FROM GitHub (Pull)...
2026-02-01 10:11:47,926 - AUTO_PILOT - Git Pull Failed: [Errno 2] No such file or directory: 'git'
2026-02-01 10:12:47,988 - AUTO_PILOT - Syncing FROM GitHub (Pull)...
2026-02-01 10:12:47,989 - AUTO_PILOT - Git Pull Failed: [Errno 2] No such file or directory: 'git'
2026-02-01 10:13:48,054 - AUTO_PILOT - Syncing FROM GitHub (Pull)...
2026-02-01 10:13:48,056 - AUTO_PILOT - Git Pull Failed: [Errno 2] No such file or directory: 'git'
2026-02-01 10:14:48,113 - AUTO_PILOT - Syncing FROM GitHub (Pull)...
2026-02-01 10:14:48,118 - AUTO_PILOT - Git Pull Failed: [Errno 2] No such file or directory: 'git'
2026-02-01 10:15:48,155 - AUTO_PILOT - Syncing FROM GitHub (Pull)...
2026-02-01 10:15:48,159 - AUTO_PILOT - Git Pull Failed: [Errno 2] No such file or directory: 'git'
2026-02-01 10:16:48,245 - AUTO_PILOT - Syncing FROM GitHub (Pull)...
2026-02-01 10:16:48,250 - AUTO_PILOT - Git Pull Failed: [Errno 2] No such file or directory: 'git'
2026-02-01 10:17:48,334 - AUTO_PILOT - Syncing FROM GitHub (Pull)...
2026-02-01 10:17:48,339 - AUTO_PILOT - Git Pull Failed: [Errno 2] No such file or directory: 'git'
2026-02-01 10:18:48,416 - AUTO_PILOT - Syncing FROM GitHub (Pull)...
2026-02-01 10:18:48,421 - AUTO_PILOT - Git Pull Failed: [Errno 2] No such file or directory: 'git'
2026-02-01 10:19:48,435 - AUTO_PILOT - Syncing FROM GitHub (Pull)...
2026-02-01 10:19:48,436 - AUTO_PILOT - Git Pull Failed: [Errno 2] No such file or directory: 'git'
2026-02-01 10:20:48,439 - AUTO_PILOT - Syncing FROM GitHub (Pull)...
2026-02-01 10:20:48,444 - AUTO_PILOT - Git Pull Failed: [Errno 2] No such file or directory: 'git'
2026-02-01 10:21:48,521 - AUTO_PILOT - Syncing FROM GitHub (Pull)...
2026-02-01 10:21:48,527 - AUTO_PILOT - Git Pull Failed: [Errno 2] No such file or directory: 'git'
2026-02-01 10:22:48,579 - AUTO_PILOT - Syncing FROM GitHub (Pull)...
2026-02-01 10:22:48,580 - AUTO_PILOT - Git Pull Failed: [Errno 2] No such file or directory: 'git'
2026-02-01 10:23:48,632 - AUTO_PILOT - Syncing FROM GitHub (Pull)...
2026-02-01 10:23:48,634 - AUTO_PILOT - Git Pull Failed: [Errno 2] No such file or directory: 'git'
2026-02-01 10:24:48,642 - AUTO_PILOT - Syncing FROM GitHub (Pull)...
2026-02-01 10:24:48,646 - AUTO_PILOT - Git Pull Failed: [Errno 2] No such file or directory: 'git'
2026-02-01 10:25:48,697 - AUTO_PILOT - Syncing FROM GitHub (Pull)...
2026-02-01 10:25:48,699 - AUTO_PILOT - Git Pull Failed: [Errno 2] No such file or directory: 'git'
2026-02-01 10:26:48,733 - AUTO_PILOT - Syncing FROM GitHub (Pull)...
2026-02-01 10:26:48,738 - AUTO_PILOT - Git Pull Failed: [Errno 2] No such file or directory: 'git'
2026-02-01 10:27:48,770 - AUTO_PILOT - Syncing FROM GitHub (Pull)...
2026-02-01 10:27:48,775 - AUTO_PILOT - Git Pull Failed: [Errno 2] No such file or directory: 'git'
2026-02-01 10:28:48,849 - AUTO_PILOT - Syncing FROM GitHub (Pull)...
2026-02-01 10:28:48,851 - AUTO_PILOT - Git Pull Failed: [Errno 2] No such file or directory: 'git'
2026-02-01 10:29:48,909 - AUTO_PILOT - Syncing FROM GitHub (Pull)...
2026-02-01 10:29:48,913 - AUTO_PILOT - Git Pull Failed: [Errno 2] No such file or directory: 'git'
2026-02-01 10:30:48,988 - AUTO_PILOT - Syncing FROM GitHub (Pull)...
2026-02-01 10:30:48,990 - AUTO_PILOT - Git Pull Failed: [Errno 2] No such file or directory: 'git'
2026-02-01 10:31:49,055 - AUTO_PILOT - Syncing FROM GitHub (Pull)...
2026-02-01 10:31:49,062 - AUTO_PILOT - Git Pull Failed: [Errno 2] No such file or directory: 'git'
2026-02-01 10:32:49,145 - AUTO_PILOT - Syncing FROM GitHub (Pull)...
2026-02-01 10:32:49,153 - AUTO_PILOT - Git Pull Failed: [Errno 2] No such file or directory: 'git'
2026-02-01 10:33:49,165 - AUTO_PILOT - Syncing FROM GitHub (Pull)...
2026-02-01 10:33:49,170 - AUTO_PILOT - Git Pull Failed: [Errno 2] No such file or directory: 'git'
2026-02-01 10:34:49,233 - AUTO_PILOT - Syncing FROM GitHub (Pull)...
2026-02-01 10:34:49,239 - AUTO_PILOT - Git Pull Failed: [Errno 2] No such file or directory: 'git'
2026-02-01 10:35:49,324 - AUTO_PILOT - Syncing FROM GitHub (Pull)...
2026-02-01 10:35:49,330 - AUTO_PILOT - Git Pull Failed: [Errno 2] No such file or directory: 'git'
2026-02-01 10:36:49,394 - AUTO_PILOT - Syncing FROM GitHub (Pull)...
2026-02-01 10:36:49,399 - AUTO_PILOT - Git Pull Failed: [Errno 2] No such file or directory: 'git'
2026-02-01 10:37:49,481 - AUTO_PILOT - Syncing FROM GitHub (Pull)...
2026-02-01 10:37:49,486 - AUTO_PILOT - Git Pull Failed: [Errno 2] No such file or directory: 'git'
2026-02-01 10:38:49,571 - AUTO_PILOT - Syncing FROM GitHub (Pull)...
2026-02-01 10:38:49,575 - AUTO_PILOT - Git Pull Failed: [Errno 2] No such file or directory: 'git'
2026-02-01 10:39:49,659 - AUTO_PILOT - Syncing FROM GitHub (Pull)...
2026-02-01 10:39:49,664 - AUTO_PILOT - Git Pull Failed: [Errno 2] No such file or directory: 'git'
2026-02-01 10:40:49,746 - AUTO_PILOT - Syncing FROM GitHub (Pull)...
2026-02-01 10:40:49,751 - AUTO_PILOT - Git Pull Failed: [Errno 2] No such file or directory: 'git'
2026-02-01 10:41:49,835 - AUTO_PILOT - Syncing FROM GitHub (Pull)...
2026-02-01 10:41:49,841 - AUTO_PILOT - Git Pull Failed: [Errno 2] No such file or directory: 'git'
2026-02-01 10:42:49,924 - AUTO_PILOT - Syncing FROM GitHub (Pull)...
2026-02-01 10:42:49,929 - AUTO_PILOT - Git Pull Failed: [Errno 2] No such file or directory: 'git'
2026-02-01 10:43:50,018 - AUTO_PILOT - Syncing FROM GitHub (Pull)...
2026-02-01 10:43:50,025 - AUTO_PILOT - Git Pull Failed: [Errno 2] No such file or directory: 'git'
2026-02-01 10:44:50,094 - AUTO_PILOT - Syncing FROM GitHub (Pull)...
2026-02-01 10:44:50,100 - AUTO_PILOT - Git Pull Failed: [Errno 2] No such file or directory: 'git'
2026-02-01 10:45:50,181 - AUTO_PILOT - Syncing FROM GitHub (Pull)...
2026-02-01 10:45:50,184 - AUTO_PILOT - Git Pull Failed: [Errno 2] No such file or directory: 'git'
2026-02-01 10:46:50,253 - AUTO_PILOT - Syncing FROM GitHub (Pull)...
2026-02-01 10:46:50,256 - AUTO_PILOT - Git Pull Failed: [Errno 2] No such file or directory: 'git'
2026-02-01 10:47:50,276 - AUTO_PILOT - Syncing FROM GitHub (Pull)...
2026-02-01 10:47:50,282 - AUTO_PILOT - Git Pull Failed: [Errno 2] No such file or directory: 'git'
2026-02-01 10:48:50,379 - AUTO_PILOT - Syncing FROM GitHub (Pull)...
2026-02-01 10:48:50,383 - AUTO_PILOT - Git Pull Failed: [Errno 2] No such file or directory: 'git'
2026-02-01 10:49:50,474 - AUTO_PILOT - Syncing FROM GitHub (Pull)...
2026-02-01 10:49:50,480 - AUTO_PILOT - Git Pull Failed: [Errno 2] No such file or directory: 'git'
2026-02-01 10:50:50,571 - AUTO_PILOT - Syncing FROM GitHub (Pull)...
2026-02-01 10:50:50,574 - AUTO_PILOT - Git Pull Failed: [Errno 2] No such file or directory: 'git'
2026-02-01 10:51:50,648 - AUTO_PILOT - Syncing FROM GitHub (Pull)...
2026-02-01 10:51:50,650 - AUTO_PILOT - Git Pull Failed: [Errno 2] No such file or directory: 'git'
2026-02-01 10:52:50,716 - AUTO_PILOT - Syncing FROM GitHub (Pull)...
2026-02-01 10:52:50,720 - AUTO_PILOT - Git Pull Failed: [Errno 2] No such file or directory: 'git'
2026-02-01 10:53:50,791 - AUTO_PILOT - Syncing FROM GitHub (Pull)...
2026-02-01 10:53:50,798 - AUTO_PILOT - Git Pull Failed: [Errno 2] No such file or directory: 'git'
2026-02-01 10:54:50,879 - AUTO_PILOT - Syncing FROM GitHub (Pull)...
2026-02-01 10:54:50,886 - AUTO_PILOT - Git Pull Failed: [Errno 2] No such file or directory: 'git'
2026-02-01 10:55:50,957 - AUTO_PILOT - Syncing FROM GitHub (Pull)...
2026-02-01 10:55:50,963 - AUTO_PILOT - Git Pull Failed: [Errno 2] No such file or directory: 'git'
2026-02-01 10:56:51,048 - AUTO_PILOT - Syncing FROM GitHub (Pull)...
2026-02-01 10:56:51,051 - AUTO_PILOT - Git Pull Failed: [Errno 2] No such file or directory: 'git'
2026-02-01 10:57:51,072 - AUTO_PILOT - Syncing FROM GitHub (Pull)...
2026-02-01 10:57:51,079 - AUTO_PILOT - Git Pull Failed: [Errno 2] No such file or directory: 'git'
2026-02-01 10:58:51,110 - AUTO_PILOT - Syncing FROM GitHub (Pull)...
2026-02-01 10:58:51,112 - AUTO_PILOT - Git Pull Failed: [Errno 2] No such file or directory: 'git'
2026-02-01 10:59:51,162 - AUTO_PILOT - Syncing FROM GitHub (Pull)...
2026-02-01 10:59:51,166 - AUTO_PILOT - Git Pull Failed: [Errno 2] No such file or directory: 'git'
2026-02-01 11:00:51,196 - AUTO_PILOT - Syncing FROM GitHub (Pull)...
2026-02-01 11:00:51,203 - AUTO_PILOT - Git Pull Failed: [Errno 2] No such file or directory: 'git'
2026-02-01 11:01:51,271 - AUTO_PILOT - Syncing FROM GitHub (Pull)...
2026-02-01 11:01:51,273 - AUTO_PILOT - Git Pull Failed: [Errno 2] No such file or directory: 'git'
2026-02-01 11:02:51,332 - AUTO_PILOT - Syncing FROM GitHub (Pull)...
2026-02-01 11:02:51,337 - AUTO_PILOT - Git Pull Failed: [Errno 2] No such file or directory: 'git'
2026-02-01 11:03:51,423 - AUTO_PILOT - Syncing FROM GitHub (Pull)...
2026-02-01 11:03:51,427 - AUTO_PILOT - Git Pull Failed: [Errno 2] No such file or directory: 'git'
2026-02-01 11:04:51,502 - AUTO_PILOT - Syncing FROM GitHub (Pull)...
2026-02-01 11:04:51,505 - AUTO_PILOT - Git Pull Failed: [Errno 2] No such file or directory: 'git'
2026-02-01 11:05:51,566 - AUTO_PILOT - Syncing FROM GitHub (Pull)...
2026-02-01 11:05:51,571 - AUTO_PILOT - Git Pull Failed: [Errno 2] No such file or directory: 'git'
2026-02-01 11:06:51,635 - AUTO_PILOT - Syncing FROM GitHub (Pull)...
2026-02-01 11:06:51,640 - AUTO_PILOT - Git Pull Failed: [Errno 2] No such file or directory: 'git'
2026-02-01 11:07:51,711 - AUTO_PILOT - Syncing FROM GitHub (Pull)...
2026-02-01 11:07:51,716 - AUTO_PILOT - Git Pull Failed: [Errno 2] No such file or directory: 'git'
2026-02-01 11:08:51,793 - AUTO_PILOT - Syncing FROM GitHub (Pull)...
2026-02-01 11:08:51,795 - AUTO_PILOT - Git Pull Failed: [Errno 2] No such file or directory: 'git'
2026-02-01 11:09:51,811 - AUTO_PILOT - Syncing FROM GitHub (Pull)...
2026-02-01 11:09:51,816 - AUTO_PILOT - Git Pull Failed: [Errno 2] No such file or directory: 'git'
2026-02-01 11:10:51,897 - AUTO_PILOT - Syncing FROM GitHub (Pull)...
2026-02-01 11:10:51,898 - AUTO_PILOT - Git Pull Failed: [Errno 2] No such file or directory: 'git'
2026-02-01 11:11:51,951 - AUTO_PILOT - Syncing FROM GitHub (Pull)...
2026-02-01 11:11:51,956 - AUTO_PILOT - Git Pull Failed: [Errno 2] No such file or directory: 'git'
2026-02-01 11:12:52,038 - AUTO_PILOT - Syncing FROM GitHub (Pull)...
2026-02-01 11:12:52,044 - AUTO_PILOT - Git Pull Failed: [Errno 2] No such file or directory: 'git'
2026-02-01 11:13:52,125 - AUTO_PILOT - Syncing FROM GitHub (Pull)...
2026-02-01 11:13:52,131 - AUTO_PILOT - Git Pull Failed: [Errno 2] No such file or directory: 'git'
2026-02-01 11:14:52,216 - AUTO_PILOT - Syncing FROM GitHub (Pull)...
2026-02-01 11:14:52,221 - AUTO_PILOT - Git Pull Failed: [Errno 2] No such file or directory: 'git'
2026-02-01 11:15:52,287 - AUTO_PILOT - Syncing FROM GitHub (Pull)...
2026-02-01 11:15:52,292 - AUTO_PILOT - Git Pull Failed: [Errno 2] No such file or directory: 'git'
2026-02-01 11:16:52,346 - AUTO_PILOT - Syncing FROM GitHub (Pull)...
2026-02-01 11:16:52,351 - AUTO_PILOT - Git Pull Failed: [Errno 2] No such file or directory: 'git'
2026-02-01 11:17:52,434 - AUTO_PILOT - Syncing FROM GitHub (Pull)...
2026-02-01 11:17:52,439 - AUTO_PILOT - Git Pull Failed: [Errno 2] No such file or directory: 'git'
2026-02-01 11:18:52,521 - AUTO_PILOT - Syncing FROM GitHub (Pull)...
2026-02-01 11:18:52,529 - AUTO_PILOT - Git Pull Failed: [Errno 2] No such file or directory: 'git'
2026-02-01 11:19:52,612 - AUTO_PILOT - Syncing FROM GitHub (Pull)...
2026-02-01 11:19:52,619 - AUTO_PILOT - Git Pull Failed: [Errno 2] No such file or directory: 'git'
2026-02-01 11:20:52,654 - AUTO_PILOT - Syncing FROM GitHub (Pull)...
2026-02-01 11:20:52,656 - AUTO_PILOT - Git Pull Failed: [Errno 2] No such file or directory: 'git'
2026-02-01 11:21:52,709 - AUTO_PILOT - Syncing FROM GitHub (Pull)...
2026-02-01 11:21:52,711 - AUTO_PILOT - Git Pull Failed: [Errno 2] No such file or directory: 'git'
2026-02-01 11:22:52,768 - AUTO_PILOT - Syncing FROM GitHub (Pull)...
2026-02-01 11:22:52,775 - AUTO_PILOT - Git Pull Failed: [Errno 2] No such file or directory: 'git'
2026-02-01 11:23:52,858 - AUTO_PILOT - Syncing FROM GitHub (Pull)...
2026-02-01 11:23:52,866 - AUTO_PILOT - Git Pull Failed: [Errno 2] No such file or directory: 'git'
2026-02-01 11:24:52,949 - AUTO_PILOT - Syncing FROM GitHub (Pull)...
2026-02-01 11:24:52,955 - AUTO_PILOT - Git Pull Failed: [Errno 2] No such file or directory: 'git'
2026-02-01 11:25:53,043 - AUTO_PILOT - Syncing FROM GitHub (Pull)...
2026-02-01 11:25:53,045 - AUTO_PILOT - Git Pull Failed: [Errno 2] No such file or directory: 'git'
2026-02-01 11:26:53,097 - AUTO_PILOT - Syncing FROM GitHub (Pull)...
2026-02-01 11:26:53,101 - AUTO_PILOT - Git Pull Failed: [Errno 2] No such file or directory: 'git'
2026-02-01 11:27:53,167 - AUTO_PILOT - Syncing FROM GitHub (Pull)...
2026-02-01 11:27:53,175 - AUTO_PILOT - Git Pull Failed: [Errno 2] No such file or directory: 'git'
2026-02-01 11:28:53,256 - AUTO_PILOT - Syncing FROM GitHub (Pull)...
2026-02-01 11:28:53,262 - AUTO_PILOT - Git Pull Failed: [Errno 2] No such file or directory: 'git'
2026-02-01 11:29:53,322 - AUTO_PILOT - Syncing FROM GitHub (Pull)...
2026-02-01 11:29:53,328 - AUTO_PILOT - Git Pull Failed: [Errno 2] No such file or directory: 'git'
2026-02-01 11:30:53,414 - AUTO_PILOT - Syncing FROM GitHub (Pull)...
2026-02-01 11:30:53,421 - AUTO_PILOT - Git Pull Failed: [Errno 2] No such file or directory: 'git'
2026-02-01 11:31:53,495 - AUTO_PILOT - Syncing FROM GitHub (Pull)...
2026-02-01 11:31:53,500 - AUTO_PILOT - Git Pull Failed: [Errno 2] No such file or directory: 'git'
2026-02-01 11:32:53,581 - AUTO_PILOT - Syncing FROM GitHub (Pull)...
2026-02-01 11:32:53,585 - AUTO_PILOT - Git Pull Failed: [Errno 2] No such file or directory: 'git'
2026-02-01 11:33:53,649 - AUTO_PILOT - Syncing FROM GitHub (Pull)...
2026-02-01 11:33:53,654 - AUTO_PILOT - Git Pull Failed: [Errno 2] No such file or directory: 'git'
2026-02-01 11:34:53,736 - AUTO_PILOT - Syncing FROM GitHub (Pull)...
2026-02-01 11:34:53,741 - AUTO_PILOT - Git Pull Failed: [Errno 2] No such file or directory: 'git'
2026-02-01 11:35:53,820 - AUTO_PILOT - Syncing FROM GitHub (Pull)...
2026-02-01 11:35:53,827 - AUTO_PILOT - Git Pull Failed: [Errno 2] No such file or directory: 'git'
2026-02-01 11:36:53,912 - AUTO_PILOT - Syncing FROM GitHub (Pull)...
2026-02-01 11:36:53,916 - AUTO_PILOT - Git Pull Failed: [Errno 2] No such file or directory: 'git'
2026-02-01 11:37:53,986 - AUTO_PILOT - Syncing FROM GitHub (Pull)...
2026-02-01 11:37:53,992 - AUTO_PILOT - Git Pull Failed: [Errno 2] No such file or directory: 'git'
2026-02-01 11:38:54,054 - AUTO_PILOT - Syncing FROM GitHub (Pull)...
2026-02-01 11:38:54,061 - AUTO_PILOT - Git Pull Failed: [Errno 2] No such file or directory: 'git'
2026-02-01 11:39:54,157 - AUTO_PILOT - Syncing FROM GitHub (Pull)...
2026-02-01 11:39:54,162 - AUTO_PILOT - Git Pull Failed: [Errno 2] No such file or directory: 'git'
2026-02-01 11:40:54,246 - AUTO_PILOT - Syncing FROM GitHub (Pull)...
2026-02-01 11:40:54,253 - AUTO_PILOT - Git Pull Failed: [Errno 2] No such file or directory: 'git'
2026-02-01 11:41:54,333 - AUTO_PILOT - Syncing FROM GitHub (Pull)...
2026-02-01 11:41:54,334 - AUTO_PILOT - Git Pull Failed: [Errno 2] No such file or directory: 'git'
2026-02-01 11:42:54,364 - AUTO_PILOT - Syncing FROM GitHub (Pull)...
2026-02-01 11:42:54,369 - AUTO_PILOT - Git Pull Failed: [Errno 2] No such file or directory: 'git'
2026-02-01 11:43:54,453 - AUTO_PILOT - Syncing FROM GitHub (Pull)...
2026-02-01 11:43:54,459 - AUTO_PILOT - Git Pull Failed: [Errno 2] No such file or directory: 'git'
2026-02-01 11:44:54,509 - AUTO_PILOT - Syncing FROM GitHub (Pull)...
2026-02-01 11:44:54,515 - AUTO_PILOT - Git Pull Failed: [Errno 2] No such file or directory: 'git'
2026-02-01 11:45:54,539 - AUTO_PILOT - Syncing FROM GitHub (Pull)...
2026-02-01 11:45:54,541 - AUTO_PILOT - Git Pull Failed: [Errno 2] No such file or directory: 'git'
2026-02-01 11:46:54,601 - AUTO_PILOT - Syncing FROM GitHub (Pull)...
2026-02-01 11:46:54,603 - AUTO_PILOT - Git Pull Failed: [Errno 2] No such file or directory: 'git'
2026-02-01 11:47:54,658 - AUTO_PILOT - Syncing FROM GitHub (Pull)...
2026-02-01 11:47:54,660 - AUTO_PILOT - Git Pull Failed: [Errno 2] No such file or directory: 'git'
2026-02-01 11:48:54,720 - AUTO_PILOT - Syncing FROM GitHub (Pull)...
2026-02-01 11:48:54,723 - AUTO_PILOT - Git Pull Failed: [Errno 2] No such file or directory: 'git'
2026-02-01 11:49:54,782 - AUTO_PILOT - Syncing FROM GitHub (Pull)...
2026-02-01 11:49:54,788 - AUTO_PILOT - Git Pull Failed: [Errno 2] No such file or directory: 'git'
2026-02-01 11:50:54,869 - AUTO_PILOT - Syncing FROM GitHub (Pull)...
2026-02-01 11:50:54,874 - AUTO_PILOT - Git Pull Failed: [Errno 2] No such file or directory: 'git'
2026-02-01 11:51:54,955 - AUTO_PILOT - Syncing FROM GitHub (Pull)...
2026-02-01 11:51:54,962 - AUTO_PILOT - Git Pull Failed: [Errno 2] No such file or directory: 'git'
2026-02-01 11:52:54,969 - AUTO_PILOT - Syncing FROM GitHub (Pull)...
2026-02-01 11:52:54,975 - AUTO_PILOT - Git Pull Failed: [Errno 2] No such file or directory: 'git'
2026-02-01 11:53:55,055 - AUTO_PILOT - Syncing FROM GitHub (Pull)...
2026-02-01 11:53:55,057 - AUTO_PILOT - Git Pull Failed: [Errno 2] No such file or directory: 'git'
2026-02-01 11:54:55,118 - AUTO_PILOT - Syncing FROM GitHub (Pull)...
2026-02-01 11:54:55,120 - AUTO_PILOT - Git Pull Failed: [Errno 2] No such file or directory: 'git'
2026-02-01 11:55:55,185 - AUTO_PILOT - Syncing FROM GitHub (Pull)...
2026-02-01 11:55:55,191 - AUTO_PILOT - Git Pull Failed: [Errno 2] No such file or directory: 'git'
2026-02-01 11:56:55,284 - AUTO_PILOT - Syncing FROM GitHub (Pull)...
2026-02-01 11:56:55,288 - AUTO_PILOT - Git Pull Failed: [Errno 2] No such file or directory: 'git'
2026-02-01 11:57:55,331 - AUTO_PILOT - Syncing FROM GitHub (Pull)...
2026-02-01 11:57:55,332 - AUTO_PILOT - Git Pull Failed: [Errno 2] No such file or directory: 'git'
2026-02-01 11:58:55,388 - AUTO_PILOT - Syncing FROM GitHub (Pull)...
2026-02-01 11:58:55,393 - AUTO_PILOT - Git Pull Failed: [Errno 2] No such file or directory: 'git'
2026-02-01 11:59:55,475 - AUTO_PILOT - Syncing FROM GitHub (Pull)...
2026-02-01 11:59:55,476 - AUTO_PILOT - Git Pull Failed: [Errno 2] No such file or directory: 'git'
2026-02-01 12:00:55,499 - AUTO_PILOT - Syncing FROM GitHub (Pull)...
2026-02-01 12:00:55,502 - AUTO_PILOT - Git Pull Failed: [Errno 2] No such file or directory: 'git'
2026-02-01 12:01:55,568 - AUTO_PILOT - Syncing FROM GitHub (Pull)...
2026-02-01 12:01:55,570 - AUTO_PILOT - Git Pull Failed: [Errno 2] No such file or directory: 'git'
2026-02-01 12:02:55,633 - AUTO_PILOT - Syncing FROM GitHub (Pull)...
2026-02-01 12:02:55,635 - AUTO_PILOT - Git Pull Failed: [Errno 2] No such file or directory: 'git'
2026-02-01 12:03:55,649 - AUTO_PILOT - Syncing FROM GitHub (Pull)...
2026-02-01 12:03:55,652 - AUTO_PILOT - Git Pull Failed: [Errno 2] No such file or directory: 'git'
2026-02-01 12:04:55,729 - AUTO_PILOT - Syncing FROM GitHub (Pull)...
2026-02-01 12:04:55,732 - AUTO_PILOT - Git Pull Failed: [Errno 2] No such file or directory: 'git'
2026-02-01 12:05:55,803 - AUTO_PILOT - Syncing FROM GitHub (Pull)...
2026-02-01 12:05:55,808 - AUTO_PILOT - Git Pull Failed: [Errno 2] No such file or directory: 'git'
2026-02-01 12:06:55,881 - AUTO_PILOT - Syncing FROM GitHub (Pull)...
2026-02-01 12:06:55,887 - AUTO_PILOT - Git Pull Failed: [Errno 2] No such file or directory: 'git'
2026-02-01 12:07:55,977 - AUTO_PILOT - Syncing FROM GitHub (Pull)...
2026-02-01 12:07:55,980 - AUTO_PILOT - Git Pull Failed: [Errno 2] No such file or directory: 'git'
2026-02-01 12:08:56,021 - AUTO_PILOT - Syncing FROM GitHub (Pull)...
2026-02-01 12:08:56,023 - AUTO_PILOT - Git Pull Failed: [Errno 2] No such file or directory: 'git'
2026-02-01 12:09:56,085 - AUTO_PILOT - Syncing FROM GitHub (Pull)...
2026-02-01 12:09:56,091 - AUTO_PILOT - Git Pull Failed: [Errno 2] No such file or directory: 'git'
2026-02-01 12:10:56,182 - AUTO_PILOT - Syncing FROM GitHub (Pull)...
2026-02-01 12:10:56,185 - AUTO_PILOT - Git Pull Failed: [Errno 2] No such file or directory: 'git'
2026-02-01 12:11:56,256 - AUTO_PILOT - Syncing FROM GitHub (Pull)...
2026-02-01 12:11:56,263 - AUTO_PILOT - Git Pull Failed: [Errno 2] No such file or directory: 'git'
2026-02-01 12:12:56,316 - AUTO_PILOT - Syncing FROM GitHub (Pull)...
2026-02-01 12:12:56,319 - AUTO_PILOT - Git Pull Failed: [Errno 2] No such file or directory: 'git'
2026-02-01 12:13:56,391 - AUTO_PILOT - Syncing FROM GitHub (Pull)...
2026-02-01 12:13:56,397 - AUTO_PILOT - Git Pull Failed: [Errno 2] No such file or directory: 'git'
2026-02-01 12:14:56,486 - AUTO_PILOT - Syncing FROM GitHub (Pull)...
2026-02-01 12:14:56,492 - AUTO_PILOT - Git Pull Failed: [Errno 2] No such file or directory: 'git'
2026-02-01 12:15:56,580 - AUTO_PILOT - Syncing FROM GitHub (Pull)...
2026-02-01 12:15:56,586 - AUTO_PILOT - Git Pull Failed: [Errno 2] No such file or directory: 'git'
2026-02-01 12:16:56,677 - AUTO_PILOT - Syncing FROM GitHub (Pull)...
2026-02-01 12:16:56,684 - AUTO_PILOT - Git Pull Failed: [Errno 2] No such file or directory: 'git'
2026-02-01 12:17:56,765 - AUTO_PILOT - Syncing FROM GitHub (Pull)...
2026-02-01 12:17:56,770 - AUTO_PILOT - Git Pull Failed: [Errno 2] No such file or directory: 'git'
2026-02-01 12:18:56,800 - AUTO_PILOT - Syncing FROM GitHub (Pull)...
2026-02-01 12:18:56,805 - AUTO_PILOT - Git Pull Failed: [Errno 2] No such file or directory: 'git'
2026-02-01 12:19:56,836 - AUTO_PILOT - Syncing FROM GitHub (Pull)...
2026-02-01 12:19:56,840 - AUTO_PILOT - Git Pull Failed: [Errno 2] No such file or directory: 'git'
2026-02-01 12:20:56,923 - AUTO_PILOT - Syncing FROM GitHub (Pull)...
2026-02-01 12:20:56,925 - AUTO_PILOT - Git Pull Failed: [Errno 2] No such file or directory: 'git'
2026-02-01 12:21:56,988 - AUTO_PILOT - Syncing FROM GitHub (Pull)...
2026-02-01 12:21:56,990 - AUTO_PILOT - Git Pull Failed: [Errno 2] No such file or directory: 'git'
2026-02-01 12:22:57,048 - AUTO_PILOT - Syncing FROM GitHub (Pull)...
2026-02-01 12:22:57,054 - AUTO_PILOT - Git Pull Failed: [Errno 2] No such file or directory: 'git'
2026-02-01 12:23:57,112 - AUTO_PILOT - Syncing FROM GitHub (Pull)...
2026-02-01 12:23:57,114 - AUTO_PILOT - Git Pull Failed: [Errno 2] No such file or directory: 'git'
2026-02-01 12:24:57,174 - AUTO_PILOT - Syncing FROM GitHub (Pull)...
2026-02-01 12:24:57,178 - AUTO_PILOT - Git Pull Failed: [Errno 2] No such file or directory: 'git'
2026-02-01 12:25:57,225 - AUTO_PILOT - Syncing FROM GitHub (Pull)...
2026-02-01 12:25:57,230 - AUTO_PILOT - Git Pull Failed: [Errno 2] No such file or directory: 'git'
2026-02-01 12:26:57,315 - AUTO_PILOT - Syncing FROM GitHub (Pull)...
2026-02-01 12:26:57,319 - AUTO_PILOT - Git Pull Failed: [Errno 2] No such file or directory: 'git'
2026-02-01 12:27:57,380 - AUTO_PILOT - Syncing FROM GitHub (Pull)...
2026-02-01 12:27:57,385 - AUTO_PILOT - Git Pull Failed: [Errno 2] No such file or directory: 'git'
2026-02-01 12:28:57,476 - AUTO_PILOT - Syncing FROM GitHub (Pull)...
2026-02-01 12:28:57,481 - AUTO_PILOT - Git Pull Failed: [Errno 2] No such file or directory: 'git'
2026-02-01 12:29:57,560 - AUTO_PILOT - Syncing FROM GitHub (Pull)...
2026-02-01 12:29:57,563 - AUTO_PILOT - Git Pull Failed: [Errno 2] No such file or directory: 'git'
2026-02-01 12:30:57,615 - AUTO_PILOT - Syncing FROM GitHub (Pull)...
2026-02-01 12:30:57,618 - AUTO_PILOT - Git Pull Failed: [Errno 2] No such file or directory: 'git'
2026-02-01 12:31:57,686 - AUTO_PILOT - Syncing FROM GitHub (Pull)...
2026-02-01 12:31:57,691 - AUTO_PILOT - Git Pull Failed: [Errno 2] No such file or directory: 'git'
2026-02-01 12:32:57,720 - AUTO_PILOT - Syncing FROM GitHub (Pull)...
2026-02-01 12:32:57,725 - AUTO_PILOT - Git Pull Failed: [Errno 2] No such file or directory: 'git'
2026-02-01 12:33:57,802 - AUTO_PILOT - Syncing FROM GitHub (Pull)...
2026-02-01 12:33:57,807 - AUTO_PILOT - Git Pull Failed: [Errno 2] No such file or directory: 'git'
2026-02-01 12:34:57,896 - AUTO_PILOT - Syncing FROM GitHub (Pull)...
2026-02-01 12:34:57,900 - AUTO_PILOT - Git Pull Failed: [Errno 2] No such file or directory: 'git'
2026-02-01 12:35:57,985 - AUTO_PILOT - Syncing FROM GitHub (Pull)...
2026-02-01 12:35:57,989 - AUTO_PILOT - Git Pull Failed: [Errno 2] No such file or directory: 'git'
2026-02-01 12:36:58,043 - AUTO_PILOT - Syncing FROM GitHub (Pull)...
2026-02-01 12:36:58,046 - AUTO_PILOT - Git Pull Failed: [Errno 2] No such file or directory: 'git'
2026-02-01 12:37:58,116 - AUTO_PILOT - Syncing FROM GitHub (Pull)...
2026-02-01 12:37:58,117 - AUTO_PILOT - Git Pull Failed: [Errno 2] No such file or directory: 'git'
2026-02-01 12:38:58,177 - AUTO_PILOT - Syncing FROM GitHub (Pull)...
2026-02-01 12:38:58,184 - AUTO_PILOT - Git Pull Failed: [Errno 2] No such file or directory: 'git'
2026-02-01 12:39:58,275 - AUTO_PILOT - Syncing FROM GitHub (Pull)...
2026-02-01 12:39:58,278 - AUTO_PILOT - Git Pull Failed: [Errno 2] No such file or directory: 'git'
2026-02-01 12:40:58,353 - AUTO_PILOT - Syncing FROM GitHub (Pull)...
2026-02-01 12:40:58,358 - AUTO_PILOT - Git Pull Failed: [Errno 2] No such file or directory: 'git'
2026-02-01 12:41:58,444 - AUTO_PILOT - Syncing FROM GitHub (Pull)...
2026-02-01 12:41:58,449 - AUTO_PILOT - Git Pull Failed: [Errno 2] No such file or directory: 'git'
2026-02-01 12:42:58,533 - AUTO_PILOT - Syncing FROM GitHub (Pull)...
2026-02-01 12:42:58,541 - AUTO_PILOT - Git Pull Failed: [Errno 2] No such file or directory: 'git'
2026-02-01 12:43:58,630 - AUTO_PILOT - Syncing FROM GitHub (Pull)...
2026-02-01 12:43:58,631 - AUTO_PILOT - Git Pull Failed: [Errno 2] No such file or directory: 'git'
2026-02-01 12:44:58,690 - AUTO_PILOT - Syncing FROM GitHub (Pull)...
2026-02-01 12:44:58,696 - AUTO_PILOT - Git Pull Failed: [Errno 2] No such file or directory: 'git'
2026-02-01 12:45:58,759 - AUTO_PILOT - Syncing FROM GitHub (Pull)...
2026-02-01 12:45:58,763 - AUTO_PILOT - Git Pull Failed: [Errno 2] No such file or directory: 'git'
2026-02-01 12:46:58,803 - AUTO_PILOT - Syncing FROM GitHub (Pull)...
2026-02-01 12:46:58,808 - AUTO_PILOT - Git Pull Failed: [Errno 2] No such file or directory: 'git'
2026-02-01 12:47:58,886 - AUTO_PILOT - Syncing FROM GitHub (Pull)...
2026-02-01 12:47:58,891 - AUTO_PILOT - Git Pull Failed: [Errno 2] No such file or directory: 'git'
2026-02-01 12:48:58,970 - AUTO_PILOT - Syncing FROM GitHub (Pull)...
2026-02-01 12:48:58,975 - AUTO_PILOT - Git Pull Failed: [Errno 2] No such file or directory: 'git'
2026-02-01 12:49:59,061 - AUTO_PILOT - Syncing FROM GitHub (Pull)...
2026-02-01 12:49:59,066 - AUTO_PILOT - Git Pull Failed: [Errno 2] No such file or directory: 'git'
2026-02-01 12:50:59,121 - AUTO_PILOT - Syncing FROM GitHub (Pull)...
2026-02-01 12:50:59,125 - AUTO_PILOT - Git Pull Failed: [Errno 2] No such file or directory: 'git'
2026-02-01 12:51:59,211 - AUTO_PILOT - Syncing FROM GitHub (Pull)...
2026-02-01 12:51:59,216 - AUTO_PILOT - Git Pull Failed: [Errno 2] No such file or directory: 'git'
2026-02-01 12:52:59,295 - AUTO_PILOT - Syncing FROM GitHub (Pull)...
2026-02-01 12:52:59,299 - AUTO_PILOT - Git Pull Failed: [Errno 2] No such file or directory: 'git'
2026-02-01 12:53:59,332 - AUTO_PILOT - Syncing FROM GitHub (Pull)...
2026-02-01 12:53:59,336 - AUTO_PILOT - Git Pull Failed: [Errno 2] No such file or directory: 'git'
2026-02-01 12:54:59,401 - AUTO_PILOT - Syncing FROM GitHub (Pull)...
2026-02-01 12:54:59,403 - AUTO_PILOT - Git Pull Failed: [Errno 2] No such file or directory: 'git'
2026-02-01 12:55:59,427 - AUTO_PILOT - Syncing FROM GitHub (Pull)...
2026-02-01 12:55:59,431 - AUTO_PILOT - Git Pull Failed: [Errno 2] No such file or directory: 'git'
2026-02-01 12:56:59,502 - AUTO_PILOT - Syncing FROM GitHub (Pull)...
2026-02-01 12:56:59,507 - AUTO_PILOT - Git Pull Failed: [Errno 2] No such file or directory: 'git'
2026-02-01 12:57:59,581 - AUTO_PILOT - Syncing FROM GitHub (Pull)...
2026-02-01 12:57:59,586 - AUTO_PILOT - Git Pull Failed: [Errno 2] No such file or directory: 'git'
2026-02-01 12:58:59,643 - AUTO_PILOT - Syncing FROM GitHub (Pull)...
2026-02-01 12:58:59,648 - AUTO_PILOT - Git Pull Failed: [Errno 2] No such file or directory: 'git'
2026-02-01 12:59:59,726 - AUTO_PILOT - Syncing FROM GitHub (Pull)...
2026-02-01 12:59:59,728 - AUTO_PILOT - Git Pull Failed: [Errno 2] No such file or directory: 'git'
2026-02-01 13:00:59,787 - AUTO_PILOT - Syncing FROM GitHub (Pull)...
2026-02-01 13:00:59,789 - AUTO_PILOT - Git Pull Failed: [Errno 2] No such file or directory: 'git'
2026-02-01 13:01:59,851 - AUTO_PILOT - Syncing FROM GitHub (Pull)...
2026-02-01 13:01:59,859 - AUTO_PILOT - Git Pull Failed: [Errno 2] No such file or directory: 'git'
2026-02-01 13:02:59,942 - AUTO_PILOT - Syncing FROM GitHub (Pull)...
2026-02-01 13:02:59,950 - AUTO_PILOT - Git Pull Failed: [Errno 2] No such file or directory: 'git'
2026-02-01 13:04:00,002 - AUTO_PILOT - Syncing FROM GitHub (Pull)...
2026-02-01 13:04:00,009 - AUTO_PILOT - Git Pull Failed: [Errno 2] No such file or directory: 'git'
2026-02-01 13:19:48,051 - AUTO_PILOT - Syncing FROM GitHub (Pull)...
2026-02-01 13:19:48,053 - AUTO_PILOT - Git Pull Failed: [Errno 2] No such file or directory: 'git'
2026-02-01 13:20:48,114 - AUTO_PILOT - Syncing FROM GitHub (Pull)...
2026-02-01 13:20:48,116 - AUTO_PILOT - Git Pull Failed: [Errno 2] No such file or directory: 'git'
2026-02-01 13:21:48,179 - AUTO_PILOT - Syncing FROM GitHub (Pull)...
2026-02-01 13:21:48,184 - AUTO_PILOT - Git Pull Failed: [Errno 2] No such file or directory: 'git'
2026-02-01 13:22:48,267 - AUTO_PILOT - Syncing FROM GitHub (Pull)...
2026-02-01 13:22:48,270 - AUTO_PILOT - Git Pull Failed: [Errno 2] No such file or directory: 'git'
2026-02-01 13:23:48,331 - AUTO_PILOT - Syncing FROM GitHub (Pull)...
2026-02-01 13:23:48,337 - AUTO_PILOT - Git Pull Failed: [Errno 2] No such file or directory: 'git'
2026-02-01 13:24:48,415 - AUTO_PILOT - Syncing FROM GitHub (Pull)...
2026-02-01 13:24:48,420 - AUTO_PILOT - Git Pull Failed: [Errno 2] No such file or directory: 'git'
2026-02-01 13:25:48,470 - AUTO_PILOT - Syncing FROM GitHub (Pull)...
2026-02-01 13:25:48,476 - AUTO_PILOT - Git Pull Failed: [Errno 2] No such file or directory: 'git'
2026-02-01 13:26:48,546 - AUTO_PILOT - Syncing FROM GitHub (Pull)...
2026-02-01 13:26:48,551 - AUTO_PILOT - Git Pull Failed: [Errno 2] No such file or directory: 'git'
2026-02-01 13:27:48,623 - AUTO_PILOT - Syncing FROM GitHub (Pull)...
2026-02-01 13:27:48,625 - AUTO_PILOT - Git Pull Failed: [Errno 2] No such file or directory: 'git'
2026-02-01 13:28:48,686 - AUTO_PILOT - Syncing FROM GitHub (Pull)...
2026-02-01 13:28:48,693 - AUTO_PILOT - Git Pull Failed: [Errno 2] No such file or directory: 'git'
2026-02-01 13:29:48,777 - AUTO_PILOT - Syncing FROM GitHub (Pull)...
2026-02-01 13:29:48,780 - AUTO_PILOT - Git Pull Failed: [Errno 2] No such file or directory: 'git'
2026-02-01 13:30:48,848 - AUTO_PILOT - Syncing FROM GitHub (Pull)...
2026-02-01 13:30:48,851 - AUTO_PILOT - Git Pull Failed: [Errno 2] No such file or directory: 'git'
2026-02-01 13:31:48,892 - AUTO_PILOT - Syncing FROM GitHub (Pull)...
2026-02-01 13:31:48,898 - AUTO_PILOT - Git Pull Failed: [Errno 2] No such file or directory: 'git'
2026-02-01 13:32:48,982 - AUTO_PILOT - Syncing FROM GitHub (Pull)...
2026-02-01 13:32:48,988 - AUTO_PILOT - Git Pull Failed: [Errno 2] No such file or directory: 'git'
2026-02-01 13:33:49,083 - AUTO_PILOT - Syncing FROM GitHub (Pull)...
2026-02-01 13:33:49,088 - AUTO_PILOT - Git Pull Failed: [Errno 2] No such file or directory: 'git'
2026-02-01 13:34:49,178 - AUTO_PILOT - Syncing FROM GitHub (Pull)...
2026-02-01 13:34:49,184 - AUTO_PILOT - Git Pull Failed: [Errno 2] No such file or directory: 'git'
2026-02-01 13:35:49,273 - AUTO_PILOT - Syncing FROM GitHub (Pull)...
2026-02-01 13:35:49,280 - AUTO_PILOT - Git Pull Failed: [Errno 2] No such file or directory: 'git'
2026-02-01 13:36:49,361 - AUTO_PILOT - Syncing FROM GitHub (Pull)...
2026-02-01 13:36:49,365 - AUTO_PILOT - Git Pull Failed: [Errno 2] No such file or directory: 'git'
2026-02-01 13:37:49,441 - AUTO_PILOT - Syncing FROM GitHub (Pull)...
2026-02-01 13:37:49,446 - AUTO_PILOT - Git Pull Failed: [Errno 2] No such file or directory: 'git'
2026-02-01 13:38:49,521 - AUTO_PILOT - Syncing FROM GitHub (Pull)...
2026-02-01 13:38:49,524 - AUTO_PILOT - Git Pull Failed: [Errno 2] No such file or directory: 'git'
2026-02-01 13:39:49,531 - AUTO_PILOT - Syncing FROM GitHub (Pull)...
2026-02-01 13:39:49,533 - AUTO_PILOT - Git Pull Failed: [Errno 2] No such file or directory: 'git'
2026-02-01 13:40:49,589 - AUTO_PILOT - Syncing FROM GitHub (Pull)...
2026-02-01 13:40:49,595 - AUTO_PILOT - Git Pull Failed: [Errno 2] No such file or directory: 'git'
2026-02-01 13:41:49,676 - AUTO_PILOT - Syncing FROM GitHub (Pull)...
2026-02-01 13:41:49,682 - AUTO_PILOT - Git Pull Failed: [Errno 2] No such file or directory: 'git'
2026-02-01 13:42:49,765 - AUTO_PILOT - Syncing FROM GitHub (Pull)...
2026-02-01 13:42:49,771 - AUTO_PILOT - Git Pull Failed: [Errno 2] No such file or directory: 'git'
2026-02-01 13:43:49,794 - AUTO_PILOT - Syncing FROM GitHub (Pull)...
2026-02-01 13:43:49,799 - AUTO_PILOT - Git Pull Failed: [Errno 2] No such file or directory: 'git'
2026-02-01 13:44:49,882 - AUTO_PILOT - Syncing FROM GitHub (Pull)...
2026-02-01 13:44:49,887 - AUTO_PILOT - Git Pull Failed: [Errno 2] No such file or directory: 'git'
2026-02-01 13:45:49,966 - AUTO_PILOT - Syncing FROM GitHub (Pull)...
2026-02-01 13:45:49,971 - AUTO_PILOT - Git Pull Failed: [Errno 2] No such file or directory: 'git'
2026-02-01 14:19:19,408 - AUTO_PILOT - Syncing FROM GitHub (Pull)...
2026-02-01 14:19:19,409 - AUTO_PILOT - Git Pull Failed: [Errno 2] No such file or directory: 'git'
2026-02-01 14:20:19,431 - AUTO_PILOT - Syncing FROM GitHub (Pull)...
2026-02-01 14:20:19,436 - AUTO_PILOT - Git Pull Failed: [Errno 2] No such file or directory: 'git'
2026-02-01 14:21:19,515 - AUTO_PILOT - Syncing FROM GitHub (Pull)...
2026-02-01 14:21:19,522 - AUTO_PILOT - Git Pull Failed: [Errno 2] No such file or directory: 'git'
2026-02-01 14:22:19,552 - AUTO_PILOT - Syncing FROM GitHub (Pull)...
2026-02-01 14:22:19,557 - AUTO_PILOT - Git Pull Failed: [Errno 2] No such file or directory: 'git'
2026-02-01 14:23:19,649 - AUTO_PILOT - Syncing FROM GitHub (Pull)...
2026-02-01 14:23:19,655 - AUTO_PILOT - Git Pull Failed: [Errno 2] No such file or directory: 'git'
2026-02-01 14:24:19,702 - AUTO_PILOT - Syncing FROM GitHub (Pull)...
2026-02-01 14:24:19,708 - AUTO_PILOT - Git Pull Failed: [Errno 2] No such file or directory: 'git'
2026-02-01 14:25:19,790 - AUTO_PILOT - Syncing FROM GitHub (Pull)...
2026-02-01 14:25:19,796 - AUTO_PILOT - Git Pull Failed: [Errno 2] No such file or directory: 'git'
2026-02-01 14:26:19,885 - AUTO_PILOT - Syncing FROM GitHub (Pull)...
2026-02-01 14:26:19,891 - AUTO_PILOT - Git Pull Failed: [Errno 2] No such file or directory: 'git'
2026-02-01 14:27:19,933 - AUTO_PILOT - Syncing FROM GitHub (Pull)...
2026-02-01 14:27:19,936 - AUTO_PILOT - Git Pull Failed: [Errno 2] No such file or directory: 'git'
2026-02-01 14:28:19,984 - AUTO_PILOT - Syncing FROM GitHub (Pull)...
2026-02-01 14:28:19,989 - AUTO_PILOT - Git Pull Failed: [Errno 2] No such file or directory: 'git'
2026-02-01 14:29:20,026 - AUTO_PILOT - Syncing FROM GitHub (Pull)...
2026-02-01 14:29:20,031 - AUTO_PILOT - Git Pull Failed: [Errno 2] No such file or directory: 'git'
2026-02-01 14:30:20,119 - AUTO_PILOT - Syncing FROM GitHub (Pull)...
2026-02-01 14:30:20,123 - AUTO_PILOT - Git Pull Failed: [Errno 2] No such file or directory: 'git'
2026-02-01 14:31:20,214 - AUTO_PILOT - Syncing FROM GitHub (Pull)...
2026-02-01 14:31:20,219 - AUTO_PILOT - Git Pull Failed: [Errno 2] No such file or directory: 'git'
2026-02-01 14:32:20,303 - AUTO_PILOT - Syncing FROM GitHub (Pull)...
2026-02-01 14:32:20,307 - AUTO_PILOT - Git Pull Failed: [Errno 2] No such file or directory: 'git'
2026-02-01 14:33:20,384 - AUTO_PILOT - Syncing FROM GitHub (Pull)...
2026-02-01 14:33:20,388 - AUTO_PILOT - Git Pull Failed: [Errno 2] No such file or directory: 'git'
2026-02-01 14:34:20,466 - AUTO_PILOT - Syncing FROM GitHub (Pull)...
2026-02-01 14:34:20,470 - AUTO_PILOT - Git Pull Failed: [Errno 2] No such file or directory: 'git'
2026-02-01 14:35:20,543 - AUTO_PILOT - Syncing FROM GitHub (Pull)...
2026-02-01 14:35:20,548 - AUTO_PILOT - Git Pull Failed: [Errno 2] No such file or directory: 'git'
2026-02-01 14:36:20,615 - AUTO_PILOT - Syncing FROM GitHub (Pull)...
2026-02-01 14:36:20,620 - AUTO_PILOT - Git Pull Failed: [Errno 2] No such file or directory: 'git'
2026-02-01 14:37:20,667 - AUTO_PILOT - Syncing FROM GitHub (Pull)...
2026-02-01 14:37:20,670 - AUTO_PILOT - Git Pull Failed: [Errno 2] No such file or directory: 'git'
2026-02-01 14:38:20,741 - AUTO_PILOT - Syncing FROM GitHub (Pull)...
2026-02-01 14:38:20,746 - AUTO_PILOT - Git Pull Failed: [Errno 2] No such file or directory: 'git'
2026-02-01 14:39:20,831 - AUTO_PILOT - Syncing FROM GitHub (Pull)...
2026-02-01 14:39:20,837 - AUTO_PILOT - Git Pull Failed: [Errno 2] No such file or directory: 'git'
2026-02-01 14:40:20,924 - AUTO_PILOT - Syncing FROM GitHub (Pull)...
2026-02-01 14:40:20,929 - AUTO_PILOT - Git Pull Failed: [Errno 2] No such file or directory: 'git'
2026-02-01 14:41:21,008 - AUTO_PILOT - Syncing FROM GitHub (Pull)...
2026-02-01 14:41:21,013 - AUTO_PILOT - Git Pull Failed: [Errno 2] No such file or directory: 'git'
2026-02-01 14:42:21,105 - AUTO_PILOT - Syncing FROM GitHub (Pull)...
2026-02-01 14:42:21,111 - AUTO_PILOT - Git Pull Failed: [Errno 2] No such file or directory: 'git'
2026-02-01 14:43:21,186 - AUTO_PILOT - Syncing FROM GitHub (Pull)...
2026-02-01 14:43:21,189 - AUTO_PILOT - Git Pull Failed: [Errno 2] No such file or directory: 'git'
2026-02-01 14:44:21,260 - AUTO_PILOT - Syncing FROM GitHub (Pull)...
2026-02-01 14:44:21,267 - AUTO_PILOT - Git Pull Failed: [Errno 2] No such file or directory: 'git'
2026-02-01 14:45:21,355 - AUTO_PILOT - Syncing FROM GitHub (Pull)...
2026-02-01 14:45:21,360 - AUTO_PILOT - Git Pull Failed: [Errno 2] No such file or directory: 'git'
2026-02-01 14:46:21,387 - AUTO_PILOT - Syncing FROM GitHub (Pull)...
2026-02-01 14:46:21,393 - AUTO_PILOT - Git Pull Failed: [Errno 2] No such file or directory: 'git'
2026-02-01 14:47:21,466 - AUTO_PILOT - Syncing FROM GitHub (Pull)...
2026-02-01 14:47:21,471 - AUTO_PILOT - Git Pull Failed: [Errno 2] No such file or directory: 'git'
2026-02-01 14:48:21,550 - AUTO_PILOT - Syncing FROM GitHub (Pull)...
2026-02-01 14:48:21,555 - AUTO_PILOT - Git Pull Failed: [Errno 2] No such file or directory: 'git'
2026-02-01 14:49:21,638 - AUTO_PILOT - Syncing FROM GitHub (Pull)...
2026-02-01 14:49:21,641 - AUTO_PILOT - Git Pull Failed: [Errno 2] No such file or directory: 'git'
2026-02-01 14:50:21,709 - AUTO_PILOT - Syncing FROM GitHub (Pull)...
2026-02-01 14:50:21,714 - AUTO_PILOT - Git Pull Failed: [Errno 2] No such file or directory: 'git'
2026-02-01 14:51:21,798 - AUTO_PILOT - Syncing FROM GitHub (Pull)...
2026-02-01 14:51:21,804 - AUTO_PILOT - Git Pull Failed: [Errno 2] No such file or directory: 'git'
2026-02-01 14:52:21,887 - AUTO_PILOT - Syncing FROM GitHub (Pull)...
2026-02-01 14:52:21,893 - AUTO_PILOT - Git Pull Failed: [Errno 2] No such file or directory: 'git'
2026-02-01 14:53:21,976 - AUTO_PILOT - Syncing FROM GitHub (Pull)...
2026-02-01 14:53:21,983 - AUTO_PILOT - Git Pull Failed: [Errno 2] No such file or directory: 'git'
2026-02-01 14:54:22,048 - AUTO_PILOT - Syncing FROM GitHub (Pull)...
2026-02-01 14:54:22,053 - AUTO_PILOT - Git Pull Failed: [Errno 2] No such file or directory: 'git'
2026-02-01 14:55:22,135 - AUTO_PILOT - Syncing FROM GitHub (Pull)...
2026-02-01 14:55:22,138 - AUTO_PILOT - Git Pull Failed: [Errno 2] No such file or directory: 'git'
2026-02-01 14:56:22,196 - AUTO_PILOT - Syncing FROM GitHub (Pull)...
2026-02-01 14:56:22,201 - AUTO_PILOT - Git Pull Failed: [Errno 2] No such file or directory: 'git'
2026-02-01 14:57:22,282 - AUTO_PILOT - Syncing FROM GitHub (Pull)...
2026-02-01 14:57:22,288 - AUTO_PILOT - Git Pull Failed: [Errno 2] No such file or directory: 'git'
2026-02-01 14:58:22,342 - AUTO_PILOT - Syncing FROM GitHub (Pull)...
2026-02-01 14:58:22,347 - AUTO_PILOT - Git Pull Failed: [Errno 2] No such file or directory: 'git'
2026-02-01 14:59:22,427 - AUTO_PILOT - Syncing FROM GitHub (Pull)...
2026-02-01 14:59:22,429 - AUTO_PILOT - Git Pull Failed: [Errno 2] No such file or directory: 'git'
2026-02-01 16:01:17,498 - AUTO_PILOT - Syncing FROM GitHub (Pull)...
2026-02-01 16:01:17,500 - AUTO_PILOT - Git Pull Failed: [Errno 2] No such file or directory: 'git'
2026-02-01 16:02:17,557 - AUTO_PILOT - Syncing FROM GitHub (Pull)...
2026-02-01 16:02:17,563 - AUTO_PILOT - Git Pull Failed: [Errno 2] No such file or directory: 'git'
2026-02-01 16:03:17,623 - AUTO_PILOT - Syncing FROM GitHub (Pull)...
2026-02-01 16:03:17,628 - AUTO_PILOT - Git Pull Failed: [Errno 2] No such file or directory: 'git'
2026-02-01 16:04:17,711 - AUTO_PILOT - Syncing FROM GitHub (Pull)...
2026-02-01 16:04:17,716 - AUTO_PILOT - Git Pull Failed: [Errno 2] No such file or directory: 'git'
2026-02-01 16:05:17,804 - AUTO_PILOT - Syncing FROM GitHub (Pull)...
2026-02-01 16:05:17,808 - AUTO_PILOT - Git Pull Failed: [Errno 2] No such file or directory: 'git'
2026-02-01 16:06:17,878 - AUTO_PILOT - Syncing FROM GitHub (Pull)...
2026-02-01 16:06:17,885 - AUTO_PILOT - Git Pull Failed: [Errno 2] No such file or directory: 'git'
2026-02-01 16:07:17,970 - AUTO_PILOT - Syncing FROM GitHub (Pull)...
2026-02-01 16:07:17,975 - AUTO_PILOT - Git Pull Failed: [Errno 2] No such file or directory: 'git'
2026-02-01 16:08:18,059 - AUTO_PILOT - Syncing FROM GitHub (Pull)...
2026-02-01 16:08:18,065 - AUTO_PILOT - Git Pull Failed: [Errno 2] No such file or directory: 'git'
2026-02-01 16:09:18,152 - AUTO_PILOT - Syncing FROM GitHub (Pull)...
2026-02-01 16:09:18,158 - AUTO_PILOT - Git Pull Failed: [Errno 2] No such file or directory: 'git'
2026-02-01 16:10:18,243 - AUTO_PILOT - Syncing FROM GitHub (Pull)...
2026-02-01 16:10:18,249 - AUTO_PILOT - Git Pull Failed: [Errno 2] No such file or directory: 'git'
2026-02-01 16:11:18,335 - AUTO_PILOT - Syncing FROM GitHub (Pull)...
2026-02-01 16:11:18,342 - AUTO_PILOT - Git Pull Failed: [Errno 2] No such file or directory: 'git'
2026-02-01 16:12:18,414 - AUTO_PILOT - Syncing FROM GitHub (Pull)...
2026-02-01 16:12:18,417 - AUTO_PILOT - Git Pull Failed: [Errno 2] No such file or directory: 'git'
2026-02-01 16:13:18,487 - AUTO_PILOT - Syncing FROM GitHub (Pull)...
2026-02-01 16:13:18,492 - AUTO_PILOT - Git Pull Failed: [Errno 2] No such file or directory: 'git'
2026-02-01 16:14:18,555 - AUTO_PILOT - Syncing FROM GitHub (Pull)...
2026-02-01 16:14:18,560 - AUTO_PILOT - Git Pull Failed: [Errno 2] No such file or directory: 'git'
2026-02-01 16:15:18,649 - AUTO_PILOT - Syncing FROM GitHub (Pull)...
2026-02-01 16:15:18,654 - AUTO_PILOT - Git Pull Failed: [Errno 2] No such file or directory: 'git'
2026-02-01 16:16:18,732 - AUTO_PILOT - Syncing FROM GitHub (Pull)...
2026-02-01 16:16:18,736 - AUTO_PILOT - Git Pull Failed: [Errno 2] No such file or directory: 'git'
2026-02-01 16:17:18,763 - AUTO_PILOT - Syncing FROM GitHub (Pull)...
2026-02-01 16:17:18,770 - AUTO_PILOT - Git Pull Failed: [Errno 2] No such file or directory: 'git'
2026-02-01 16:18:18,803 - AUTO_PILOT - Syncing FROM GitHub (Pull)...
2026-02-01 16:18:18,810 - AUTO_PILOT - Git Pull Failed: [Errno 2] No such file or directory: 'git'
2026-02-01 16:19:18,897 - AUTO_PILOT - Syncing FROM GitHub (Pull)...
2026-02-01 16:19:18,904 - AUTO_PILOT - Git Pull Failed: [Errno 2] No such file or directory: 'git'
2026-02-01 16:20:18,979 - AUTO_PILOT - Syncing FROM GitHub (Pull)...
2026-02-01 16:20:18,982 - AUTO_PILOT - Git Pull Failed: [Errno 2] No such file or directory: 'git'
2026-02-01 16:21:19,042 - AUTO_PILOT - Syncing FROM GitHub (Pull)...
2026-02-01 16:21:19,048 - AUTO_PILOT - Git Pull Failed: [Errno 2] No such file or directory: 'git'
2026-02-01 16:22:19,136 - AUTO_PILOT - Syncing FROM GitHub (Pull)...
2026-02-01 16:22:19,141 - AUTO_PILOT - Git Pull Failed: [Errno 2] No such file or directory: 'git'
2026-02-01 16:23:19,218 - AUTO_PILOT - Syncing FROM GitHub (Pull)...
2026-02-01 16:23:19,221 - AUTO_PILOT - Git Pull Failed: [Errno 2] No such file or directory: 'git'
2026-02-01 16:24:19,295 - AUTO_PILOT - Syncing FROM GitHub (Pull)...
2026-02-01 16:24:19,298 - AUTO_PILOT - Git Pull Failed: [Errno 2] No such file or directory: 'git'
2026-02-01 16:25:19,361 - AUTO_PILOT - Syncing FROM GitHub (Pull)...
2026-02-01 16:25:19,367 - AUTO_PILOT - Git Pull Failed: [Errno 2] No such file or directory: 'git'
2026-02-01 16:26:19,457 - AUTO_PILOT - Syncing FROM GitHub (Pull)...
2026-02-01 16:26:19,463 - AUTO_PILOT - Git Pull Failed: [Errno 2] No such file or directory: 'git'
2026-02-01 16:27:19,552 - AUTO_PILOT - Syncing FROM GitHub (Pull)...
2026-02-01 16:27:19,556 - AUTO_PILOT - Git Pull Failed: [Errno 2] No such file or directory: 'git'
2026-02-01 16:28:19,566 - AUTO_PILOT - Syncing FROM GitHub (Pull)...
2026-02-01 16:28:19,572 - AUTO_PILOT - Git Pull Failed: [Errno 2] No such file or directory: 'git'
2026-02-01 16:29:19,664 - AUTO_PILOT - Syncing FROM GitHub (Pull)...
2026-02-01 16:29:19,668 - AUTO_PILOT - Git Pull Failed: [Errno 2] No such file or directory: 'git'
2026-02-01 16:30:19,739 - AUTO_PILOT - Syncing FROM GitHub (Pull)...
2026-02-01 16:30:19,747 - AUTO_PILOT - Git Pull Failed: [Errno 2] No such file or directory: 'git'
2026-02-01 16:31:19,839 - AUTO_PILOT - Syncing FROM GitHub (Pull)...
2026-02-01 16:31:19,846 - AUTO_PILOT - Git Pull Failed: [Errno 2] No such file or directory: 'git'
2026-02-01 16:32:19,939 - AUTO_PILOT - Syncing FROM GitHub (Pull)...
2026-02-01 16:32:19,941 - AUTO_PILOT - Git Pull Failed: [Errno 2] No such file or directory: 'git'
2026-02-01 16:33:20,003 - AUTO_PILOT - Syncing FROM GitHub (Pull)...
2026-02-01 16:33:20,007 - AUTO_PILOT - Git Pull Failed: [Errno 2] No such file or directory: 'git'
2026-02-01 16:34:20,071 - AUTO_PILOT - Syncing FROM GitHub (Pull)...
2026-02-01 16:34:20,074 - AUTO_PILOT - Git Pull Failed: [Errno 2] No such file or directory: 'git'
2026-02-01 16:35:20,149 - AUTO_PILOT - Syncing FROM GitHub (Pull)...
2026-02-01 16:35:20,152 - AUTO_PILOT - Git Pull Failed: [Errno 2] No such file or directory: 'git'
2026-02-01 16:36:20,223 - AUTO_PILOT - Syncing FROM GitHub (Pull)...
2026-02-01 16:36:20,226 - AUTO_PILOT - Git Pull Failed: [Errno 2] No such file or directory: 'git'
2026-02-01 16:37:20,298 - AUTO_PILOT - Syncing FROM GitHub (Pull)...
2026-02-01 16:37:20,301 - AUTO_PILOT - Git Pull Failed: [Errno 2] No such file or directory: 'git'
2026-02-01 16:38:20,365 - AUTO_PILOT - Syncing FROM GitHub (Pull)...
2026-02-01 16:38:20,371 - AUTO_PILOT - Git Pull Failed: [Errno 2] No such file or directory: 'git'
2026-02-01 16:39:20,430 - AUTO_PILOT - Syncing FROM GitHub (Pull)...
2026-02-01 16:39:20,432 - AUTO_PILOT - Git Pull Failed: [Errno 2] No such file or directory: 'git'
2026-02-01 16:40:20,484 - AUTO_PILOT - Syncing FROM GitHub (Pull)...
2026-02-01 16:40:20,491 - AUTO_PILOT - Git Pull Failed: [Errno 2] No such file or directory: 'git'
2026-02-01 16:41:20,588 - AUTO_PILOT - Syncing FROM GitHub (Pull)...
2026-02-01 16:41:20,596 - AUTO_PILOT - Git Pull Failed: [Errno 2] No such file or directory: 'git'
2026-02-01 16:42:20,681 - AUTO_PILOT - Syncing FROM GitHub (Pull)...
2026-02-01 16:42:20,686 - AUTO_PILOT - Git Pull Failed: [Errno 2] No such file or directory: 'git'
2026-02-01 16:43:20,764 - AUTO_PILOT - Syncing FROM GitHub (Pull)...
2026-02-01 16:43:20,770 - AUTO_PILOT - Git Pull Failed: [Errno 2] No such file or directory: 'git'
2026-02-01 16:44:20,854 - AUTO_PILOT - Syncing FROM GitHub (Pull)...
2026-02-01 16:44:20,861 - AUTO_PILOT - Git Pull Failed: [Errno 2] No such file or directory: 'git'
2026-02-01 16:45:20,942 - AUTO_PILOT - Syncing FROM GitHub (Pull)...
2026-02-01 16:45:20,957 - AUTO_PILOT - Git Pull Failed: [Errno 2] No such file or directory: 'git'
2026-02-01 16:46:21,010 - AUTO_PILOT - Syncing FROM GitHub (Pull)...
2026-02-01 16:46:21,013 - AUTO_PILOT - Git Pull Failed: [Errno 2] No such file or directory: 'git'
2026-02-01 16:47:21,086 - AUTO_PILOT - Syncing FROM GitHub (Pull)...
2026-02-01 16:47:21,088 - AUTO_PILOT - Git Pull Failed: [Errno 2] No such file or directory: 'git'
2026-02-01 16:48:21,135 - AUTO_PILOT - Syncing FROM GitHub (Pull)...
2026-02-01 16:48:21,139 - AUTO_PILOT - Git Pull Failed: [Errno 2] No such file or directory: 'git'
2026-02-01 16:49:21,210 - AUTO_PILOT - Syncing FROM GitHub (Pull)...
2026-02-01 16:49:21,213 - AUTO_PILOT - Git Pull Failed: [Errno 2] No such file or directory: 'git'
2026-02-01 16:50:21,277 - AUTO_PILOT - Syncing FROM GitHub (Pull)...
2026-02-01 16:50:21,282 - AUTO_PILOT - Git Pull Failed: [Errno 2] No such file or directory: 'git'
2026-02-01 16:51:21,366 - AUTO_PILOT - Syncing FROM GitHub (Pull)...
2026-02-01 16:51:21,371 - AUTO_PILOT - Git Pull Failed: [Errno 2] No such file or directory: 'git'
2026-02-01 16:52:21,456 - AUTO_PILOT - Syncing FROM GitHub (Pull)...
2026-02-01 16:52:21,462 - AUTO_PILOT - Git Pull Failed: [Errno 2] No such file or directory: 'git'
2026-02-01 16:53:21,546 - AUTO_PILOT - Syncing FROM GitHub (Pull)...
2026-02-01 16:53:21,549 - AUTO_PILOT - Git Pull Failed: [Errno 2] No such file or directory: 'git'
2026-02-01 16:54:21,619 - AUTO_PILOT - Syncing FROM GitHub (Pull)...
2026-02-01 16:54:21,622 - AUTO_PILOT - Git Pull Failed: [Errno 2] No such file or directory: 'git'
2026-02-01 16:55:21,680 - AUTO_PILOT - Syncing FROM GitHub (Pull)...
2026-02-01 16:55:21,687 - AUTO_PILOT - Git Pull Failed: [Errno 2] No such file or directory: 'git'
2026-02-01 16:56:21,777 - AUTO_PILOT - Syncing FROM GitHub (Pull)...
2026-02-01 16:56:21,783 - AUTO_PILOT - Git Pull Failed: [Errno 2] No such file or directory: 'git'
2026-02-01 16:57:21,868 - AUTO_PILOT - Syncing FROM GitHub (Pull)...
2026-02-01 16:57:21,874 - AUTO_PILOT - Git Pull Failed: [Errno 2] No such file or directory: 'git'
2026-02-01 16:58:21,959 - AUTO_PILOT - Syncing FROM GitHub (Pull)...
2026-02-01 16:58:21,962 - AUTO_PILOT - Git Pull Failed: [Errno 2] No such file or directory: 'git'
2026-02-01 16:59:22,031 - AUTO_PILOT - Syncing FROM GitHub (Pull)...
2026-02-01 16:59:22,037 - AUTO_PILOT - Git Pull Failed: [Errno 2] No such file or directory: 'git'
2026-02-01 17:00:22,123 - AUTO_PILOT - Syncing FROM GitHub (Pull)...
2026-02-01 17:00:22,126 - AUTO_PILOT - Git Pull Failed: [Errno 2] No such file or directory: 'git'
2026-02-01 17:01:22,194 - AUTO_PILOT - Syncing FROM GitHub (Pull)...
2026-02-01 17:01:22,199 - AUTO_PILOT - Git Pull Failed: [Errno 2] No such file or directory: 'git'
2026-02-01 17:02:22,288 - AUTO_PILOT - Syncing FROM GitHub (Pull)...
2026-02-01 17:02:22,293 - AUTO_PILOT - Git Pull Failed: [Errno 2] No such file or directory: 'git'
2026-02-01 17:03:22,345 - AUTO_PILOT - Syncing FROM GitHub (Pull)...
2026-02-01 17:03:22,347 - AUTO_PILOT - Git Pull Failed: [Errno 2] No such file or directory: 'git'
2026-02-01 17:04:22,406 - AUTO_PILOT - Syncing FROM GitHub (Pull)...
2026-02-01 17:04:22,407 - AUTO_PILOT - Git Pull Failed: [Errno 2] No such file or directory: 'git'
2026-02-01 17:05:22,469 - AUTO_PILOT - Syncing FROM GitHub (Pull)...
2026-02-01 17:05:22,475 - AUTO_PILOT - Git Pull Failed: [Errno 2] No such file or directory: 'git'
2026-02-01 17:06:22,566 - AUTO_PILOT - Syncing FROM GitHub (Pull)...
2026-02-01 17:06:22,572 - AUTO_PILOT - Git Pull Failed: [Errno 2] No such file or directory: 'git'
2026-02-01 17:07:22,624 - AUTO_PILOT - Syncing FROM GitHub (Pull)...
2026-02-01 17:07:22,629 - AUTO_PILOT - Git Pull Failed: [Errno 2] No such file or directory: 'git'
2026-02-01 17:08:22,712 - AUTO_PILOT - Syncing FROM GitHub (Pull)...
2026-02-01 17:08:22,713 - AUTO_PILOT - Git Pull Failed: [Errno 2] No such file or directory: 'git'
2026-02-01 17:09:22,770 - AUTO_PILOT - Syncing FROM GitHub (Pull)...
2026-02-01 17:09:22,777 - AUTO_PILOT - Git Pull Failed: [Errno 2] No such file or directory: 'git'
2026-02-01 17:10:22,860 - AUTO_PILOT - Syncing FROM GitHub (Pull)...
2026-02-01 17:10:22,861 - AUTO_PILOT - Git Pull Failed: [Errno 2] No such file or directory: 'git'
2026-02-01 17:11:22,917 - AUTO_PILOT - Syncing FROM GitHub (Pull)...
2026-02-01 17:11:22,923 - AUTO_PILOT - Git Pull Failed: [Errno 2] No such file or directory: 'git'
2026-02-01 17:12:23,008 - AUTO_PILOT - Syncing FROM GitHub (Pull)...
2026-02-01 17:12:23,011 - AUTO_PILOT - Git Pull Failed: [Errno 2] No such file or directory: 'git'
2026-02-01 17:13:23,082 - AUTO_PILOT - Syncing FROM GitHub (Pull)...
2026-02-01 17:13:23,083 - AUTO_PILOT - Git Pull Failed: [Errno 2] No such file or directory: 'git'
2026-02-01 17:14:23,141 - AUTO_PILOT - Syncing FROM GitHub (Pull)...
2026-02-01 17:14:23,146 - AUTO_PILOT - Git Pull Failed: [Errno 2] No such file or directory: 'git'
2026-02-01 17:15:23,218 - AUTO_PILOT - Syncing FROM GitHub (Pull)...
2026-02-01 17:15:23,224 - AUTO_PILOT - Git Pull Failed: [Errno 2] No such file or directory: 'git'
2026-02-01 17:16:23,310 - AUTO_PILOT - Syncing FROM GitHub (Pull)...
2026-02-01 17:16:23,315 - AUTO_PILOT - Git Pull Failed: [Errno 2] No such file or directory: 'git'
2026-02-01 17:17:23,392 - AUTO_PILOT - Syncing FROM GitHub (Pull)...
2026-02-01 17:17:23,395 - AUTO_PILOT - Git Pull Failed: [Errno 2] No such file or directory: 'git'
2026-02-01 17:18:23,428 - AUTO_PILOT - Syncing FROM GitHub (Pull)...
2026-02-01 17:18:23,429 - AUTO_PILOT - Git Pull Failed: [Errno 2] No such file or directory: 'git'
2026-02-01 17:19:23,460 - AUTO_PILOT - Syncing FROM GitHub (Pull)...
2026-02-01 17:19:23,463 - AUTO_PILOT - Git Pull Failed: [Errno 2] No such file or directory: 'git'
2026-02-01 17:20:23,483 - AUTO_PILOT - Syncing FROM GitHub (Pull)...
2026-02-01 17:20:23,488 - AUTO_PILOT - Git Pull Failed: [Errno 2] No such file or directory: 'git'
2026-02-01 17:21:23,521 - AUTO_PILOT - Syncing FROM GitHub (Pull)...
2026-02-01 17:21:23,525 - AUTO_PILOT - Git Pull Failed: [Errno 2] No such file or directory: 'git'
2026-02-01 17:22:23,586 - AUTO_PILOT - Syncing FROM GitHub (Pull)...
2026-02-01 17:22:23,587 - AUTO_PILOT - Git Pull Failed: [Errno 2] No such file or directory: 'git'
2026-02-01 17:23:23,621 - AUTO_PILOT - Syncing FROM GitHub (Pull)...
2026-02-01 17:23:23,626 - AUTO_PILOT - Git Pull Failed: [Errno 2] No such file or directory: 'git'
2026-02-01 17:24:23,712 - AUTO_PILOT - Syncing FROM GitHub (Pull)...
2026-02-01 17:24:23,717 - AUTO_PILOT - Git Pull Failed: [Errno 2] No such file or directory: 'git'
2026-02-01 17:25:23,805 - AUTO_PILOT - Syncing FROM GitHub (Pull)...
2026-02-01 17:25:23,811 - AUTO_PILOT - Git Pull Failed: [Errno 2] No such file or directory: 'git'
2026-02-01 17:26:23,886 - AUTO_PILOT - Syncing FROM GitHub (Pull)...
2026-02-01 17:26:23,891 - AUTO_PILOT - Git Pull Failed: [Errno 2] No such file or directory: 'git'
2026-02-01 17:27:23,978 - AUTO_PILOT - Syncing FROM GitHub (Pull)...
2026-02-01 17:27:23,983 - AUTO_PILOT - Git Pull Failed: [Errno 2] No such file or directory: 'git'
2026-02-01 17:28:24,071 - AUTO_PILOT - Syncing FROM GitHub (Pull)...
2026-02-01 17:28:24,078 - AUTO_PILOT - Git Pull Failed: [Errno 2] No such file or directory: 'git'
2026-02-05 08:44:08,901 - AUTO_PILOT - Auto-Pilot Started. Schedule: Daily at 12:00 AM (Midnight).
2026-02-05 08:44:08,905 - AUTO_PILOT - Next run scheduled for: 2026-02-06 00:00:00
2026-02-05 08:44:08,906 - AUTO_PILOT - Syncing FROM GitHub (Pull)...
2026-02-05 08:44:08,907 - AUTO_PILOT - Git Pull Failed: [Errno 2] No such file or directory: 'git'
2026-02-05 08:45:08,966 - AUTO_PILOT - Syncing FROM GitHub (Pull)...
2026-02-05 08:45:08,971 - AUTO_PILOT - Git Pull Failed: [Errno 2] No such file or directory: 'git'
2026-02-05 08:46:08,992 - AUTO_PILOT - Syncing FROM GitHub (Pull)...
2026-02-05 08:46:08,997 - AUTO_PILOT - Git Pull Failed: [Errno 2] No such file or directory: 'git'
2026-02-05 08:47:09,085 - AUTO_PILOT - Syncing FROM GitHub (Pull)...
2026-02-05 08:47:09,088 - AUTO_PILOT - Git Pull Failed: [Errno 2] No such file or directory: 'git'
2026-02-05 08:48:09,162 - AUTO_PILOT - Syncing FROM GitHub (Pull)...
2026-02-05 08:48:09,165 - AUTO_PILOT - Git Pull Failed: [Errno 2] No such file or directory: 'git'
2026-02-05 08:49:09,178 - AUTO_PILOT - Syncing FROM GitHub (Pull)...
2026-02-05 08:49:09,184 - AUTO_PILOT - Git Pull Failed: [Errno 2] No such file or directory: 'git'
2026-02-05 08:50:09,262 - AUTO_PILOT - Syncing FROM GitHub (Pull)...
2026-02-05 08:50:09,263 - AUTO_PILOT - Git Pull Failed: [Errno 2] No such file or directory: 'git'
2026-02-05 08:51:09,326 - AUTO_PILOT - Syncing FROM GitHub (Pull)...
2026-02-05 08:51:09,329 - AUTO_PILOT - Git Pull Failed: [Errno 2] No such file or directory: 'git'
2026-02-05 08:52:09,403 - AUTO_PILOT - Syncing FROM GitHub (Pull)...
2026-02-05 08:52:09,408 - AUTO_PILOT - Git Pull Failed: [Errno 2] No such file or directory: 'git'
2026-02-05 08:53:09,458 - AUTO_PILOT - Syncing FROM GitHub (Pull)...
2026-02-05 08:53:09,460 - AUTO_PILOT - Git Pull Failed: [Errno 2] No such file or directory: 'git'
2026-02-05 08:54:09,482 - AUTO_PILOT - Syncing FROM GitHub (Pull)...
2026-02-05 08:54:09,488 - AUTO_PILOT - Git Pull Failed: [Errno 2] No such file or directory: 'git'
2026-02-05 08:55:09,581 - AUTO_PILOT - Syncing FROM GitHub (Pull)...
2026-02-05 08:55:09,587 - AUTO_PILOT - Git Pull Failed: [Errno 2] No such file or directory: 'git'
2026-02-05 08:56:09,678 - AUTO_PILOT - Syncing FROM GitHub (Pull)...
2026-02-05 08:56:09,681 - AUTO_PILOT - Git Pull Failed: [Errno 2] No such file or directory: 'git'
2026-02-05 08:57:09,748 - AUTO_PILOT - Syncing FROM GitHub (Pull)...
2026-02-05 08:57:09,751 - AUTO_PILOT - Git Pull Failed: [Errno 2] No such file or directory: 'git'
2026-02-05 08:58:09,783 - AUTO_PILOT - Syncing FROM GitHub (Pull)...
2026-02-05 08:58:09,785 - AUTO_PILOT - Git Pull Failed: [Errno 2] No such file or directory: 'git'
2026-02-05 08:59:09,772 - AUTO_PILOT - Syncing FROM GitHub (Pull)...
2026-02-05 08:59:09,776 - AUTO_PILOT - Git Pull Failed: [Errno 2] No such file or directory: 'git'
2026-02-05 09:00:09,880 - AUTO_PILOT - Syncing FROM GitHub (Pull)...
2026-02-05 09:00:09,884 - AUTO_PILOT - Git Pull Failed: [Errno 2] No such file or directory: 'git'
2026-02-05 09:01:09,960 - AUTO_PILOT - Syncing FROM GitHub (Pull)...
2026-02-05 09:01:09,963 - AUTO_PILOT - Git Pull Failed: [Errno 2] No such file or directory: 'git'
2026-02-05 09:02:10,009 - AUTO_PILOT - Syncing FROM GitHub (Pull)...
2026-02-05 09:02:10,013 - AUTO_PILOT - Git Pull Failed: [Errno 2] No such file or directory: 'git'
2026-02-05 09:03:10,092 - AUTO_PILOT - Syncing FROM GitHub (Pull)...
2026-02-05 09:03:10,097 - AUTO_PILOT - Git Pull Failed: [Errno 2] No such file or directory: 'git'
2026-02-05 09:04:10,181 - AUTO_PILOT - Syncing FROM GitHub (Pull)...
2026-02-05 09:04:10,187 - AUTO_PILOT - Git Pull Failed: [Errno 2] No such file or directory: 'git'
2026-02-05 09:05:10,275 - AUTO_PILOT - Syncing FROM GitHub (Pull)...
2026-02-05 09:05:10,278 - AUTO_PILOT - Git Pull Failed: [Errno 2] No such file or directory: 'git'
2026-02-05 09:06:10,346 - AUTO_PILOT - Syncing FROM GitHub (Pull)...
2026-02-05 09:06:10,351 - AUTO_PILOT - Git Pull Failed: [Errno 2] No such file or directory: 'git'
2026-02-05 09:07:10,438 - AUTO_PILOT - Syncing FROM GitHub (Pull)...
2026-02-05 09:07:10,445 - AUTO_PILOT - Git Pull Failed: [Errno 2] No such file or directory: 'git'
2026-02-05 09:08:10,539 - AUTO_PILOT - Syncing FROM GitHub (Pull)...
2026-02-05 09:08:10,545 - AUTO_PILOT - Git Pull Failed: [Errno 2] No such file or directory: 'git'
2026-02-05 09:09:10,641 - AUTO_PILOT - Syncing FROM GitHub (Pull)...
2026-02-05 09:09:10,647 - AUTO_PILOT - Git Pull Failed: [Errno 2] No such file or directory: 'git'
2026-02-05 09:10:10,708 - AUTO_PILOT - Syncing FROM GitHub (Pull)...
2026-02-05 09:10:10,716 - AUTO_PILOT - Git Pull Failed: [Errno 2] No such file or directory: 'git'
2026-02-05 09:11:10,814 - AUTO_PILOT - Syncing FROM GitHub (Pull)...
2026-02-05 09:11:10,821 - AUTO_PILOT - Git Pull Failed: [Errno 2] No such file or directory: 'git'
2026-02-05 09:12:10,923 - AUTO_PILOT - Syncing FROM GitHub (Pull)...
2026-02-05 09:12:10,929 - AUTO_PILOT - Git Pull Failed: [Errno 2] No such file or directory: 'git'
2026-02-05 09:13:11,023 - AUTO_PILOT - Syncing FROM GitHub (Pull)...
2026-02-05 09:13:11,029 - AUTO_PILOT - Git Pull Failed: [Errno 2] No such file or directory: 'git'
2026-02-05 09:14:11,120 - AUTO_PILOT - Syncing FROM GitHub (Pull)...
2026-02-05 09:14:11,126 - AUTO_PILOT - Git Pull Failed: [Errno 2] No such file or directory: 'git'
2026-02-05 09:15:11,217 - AUTO_PILOT - Syncing FROM GitHub (Pull)...
2026-02-05 09:15:11,222 - AUTO_PILOT - Git Pull Failed: [Errno 2] No such file or directory: 'git'
2026-02-05 09:16:11,310 - AUTO_PILOT - Syncing FROM GitHub (Pull)...
2026-02-05 09:16:11,313 - AUTO_PILOT - Git Pull Failed: [Errno 2] No such file or directory: 'git'
2026-02-05 09:17:11,395 - AUTO_PILOT - Syncing FROM GitHub (Pull)...
2026-02-05 09:17:11,399 - AUTO_PILOT - Git Pull Failed: [Errno 2] No such file or directory: 'git'
2026-02-05 09:18:11,471 - AUTO_PILOT - Syncing FROM GitHub (Pull)...
2026-02-05 09:18:11,474 - AUTO_PILOT - Git Pull Failed: [Errno 2] No such file or directory: 'git'
2026-02-05 09:19:11,547 - AUTO_PILOT - Syncing FROM GitHub (Pull)...
2026-02-05 09:19:11,551 - AUTO_PILOT - Git Pull Failed: [Errno 2] No such file or directory: 'git'
2026-02-05 09:20:11,621 - AUTO_PILOT - Syncing FROM GitHub (Pull)...
2026-02-05 09:20:11,631 - AUTO_PILOT - Git Pull Failed: [Errno 2] No such file or directory: 'git'
2026-02-05 09:21:11,728 - AUTO_PILOT - Syncing FROM GitHub (Pull)...
2026-02-05 09:21:11,735 - AUTO_PILOT - Git Pull Failed: [Errno 2] No such file or directory: 'git'
2026-02-05 09:22:11,833 - AUTO_PILOT - Syncing FROM GitHub (Pull)...
2026-02-05 09:22:11,842 - AUTO_PILOT - Git Pull Failed: [Errno 2] No such file or directory: 'git'
2026-02-05 09:23:11,891 - AUTO_PILOT - Syncing FROM GitHub (Pull)...
2026-02-05 09:23:11,897 - AUTO_PILOT - Git Pull Failed: [Errno 2] No such file or directory: 'git'
2026-02-05 09:24:11,995 - AUTO_PILOT - Syncing FROM GitHub (Pull)...
2026-02-05 09:24:12,000 - AUTO_PILOT - Git Pull Failed: [Errno 2] No such file or directory: 'git'
2026-02-05 09:25:12,053 - AUTO_PILOT - Syncing FROM GitHub (Pull)...
2026-02-05 09:25:12,059 - AUTO_PILOT - Git Pull Failed: [Errno 2] No such file or directory: 'git'
2026-02-05 09:26:12,107 - AUTO_PILOT - Syncing FROM GitHub (Pull)...
2026-02-05 09:26:12,114 - AUTO_PILOT - Git Pull Failed: [Errno 2] No such file or directory: 'git'
2026-02-05 09:27:12,215 - AUTO_PILOT - Syncing FROM GitHub (Pull)...
2026-02-05 09:27:12,222 - AUTO_PILOT - Git Pull Failed: [Errno 2] No such file or directory: 'git'
2026-02-05 09:28:12,319 - AUTO_PILOT - Syncing FROM GitHub (Pull)...
2026-02-05 09:28:12,327 - AUTO_PILOT - Git Pull Failed: [Errno 2] No such file or directory: 'git'
2026-02-05 09:29:12,426 - AUTO_PILOT - Syncing FROM GitHub (Pull)...
2026-02-05 09:29:12,433 - AUTO_PILOT - Git Pull Failed: [Errno 2] No such file or directory: 'git'
2026-02-05 09:30:12,528 - AUTO_PILOT - Syncing FROM GitHub (Pull)...
2026-02-05 09:30:12,535 - AUTO_PILOT - Git Pull Failed: [Errno 2] No such file or directory: 'git'
2026-02-05 09:31:12,584 - AUTO_PILOT - Syncing FROM GitHub (Pull)...
2026-02-05 09:31:12,592 - AUTO_PILOT - Git Pull Failed: [Errno 2] No such file or directory: 'git'
2026-02-05 09:32:12,675 - AUTO_PILOT - Syncing FROM GitHub (Pull)...
2026-02-05 09:32:12,682 - AUTO_PILOT - Git Pull Failed: [Errno 2] No such file or directory: 'git'
2026-02-05 09:33:12,778 - AUTO_PILOT - Syncing FROM GitHub (Pull)...
2026-02-05 09:33:12,784 - AUTO_PILOT - Git Pull Failed: [Errno 2] No such file or directory: 'git'
2026-02-05 09:34:12,878 - AUTO_PILOT - Syncing FROM GitHub (Pull)...
2026-02-05 09:34:12,885 - AUTO_PILOT - Git Pull Failed: [Errno 2] No such file or directory: 'git'
2026-02-05 09:35:12,984 - AUTO_PILOT - Syncing FROM GitHub (Pull)...
2026-02-05 09:35:12,990 - AUTO_PILOT - Git Pull Failed: [Errno 2] No such file or directory: 'git'
2026-02-05 09:36:13,062 - AUTO_PILOT - Syncing FROM GitHub (Pull)...
2026-02-05 09:36:13,069 - AUTO_PILOT - Git Pull Failed: [Errno 2] No such file or directory: 'git'
2026-02-05 09:37:13,165 - AUTO_PILOT - Syncing FROM GitHub (Pull)...
2026-02-05 09:37:13,172 - AUTO_PILOT - Git Pull Failed: [Errno 2] No such file or directory: 'git'
2026-02-05 09:38:13,266 - AUTO_PILOT - Syncing FROM GitHub (Pull)...
2026-02-05 09:38:13,272 - AUTO_PILOT - Git Pull Failed: [Errno 2] No such file or directory: 'git'
2026-02-05 09:39:13,366 - AUTO_PILOT - Syncing FROM GitHub (Pull)...
2026-02-05 09:39:13,377 - AUTO_PILOT - Git Pull Failed: [Errno 2] No such file or directory: 'git'
2026-02-05 09:40:13,418 - AUTO_PILOT - Syncing FROM GitHub (Pull)...
2026-02-05 09:40:13,425 - AUTO_PILOT - Git Pull Failed: [Errno 2] No such file or directory: 'git'
2026-02-05 09:41:13,520 - AUTO_PILOT - Syncing FROM GitHub (Pull)...
2026-02-05 09:41:13,527 - AUTO_PILOT - Git Pull Failed: [Errno 2] No such file or directory: 'git'
2026-02-05 09:42:13,624 - AUTO_PILOT - Syncing FROM GitHub (Pull)...
2026-02-05 09:42:13,628 - AUTO_PILOT - Git Pull Failed: [Errno 2] No such file or directory: 'git'
2026-02-05 09:43:13,703 - AUTO_PILOT - Syncing FROM GitHub (Pull)...
2026-02-05 09:43:13,710 - AUTO_PILOT - Git Pull Failed: [Errno 2] No such file or directory: 'git'
2026-02-05 09:44:13,845 - AUTO_PILOT - Syncing FROM GitHub (Pull)...
2026-02-05 09:44:13,852 - AUTO_PILOT - Git Pull Failed: [Errno 2] No such file or directory: 'git'
2026-02-05 09:45:13,907 - AUTO_PILOT - Syncing FROM GitHub (Pull)...
2026-02-05 09:45:13,910 - AUTO_PILOT - Git Pull Failed: [Errno 2] No such file or directory: 'git'
2026-02-05 09:46:13,992 - AUTO_PILOT - Syncing FROM GitHub (Pull)...
2026-02-05 09:46:13,996 - AUTO_PILOT - Git Pull Failed: [Errno 2] No such file or directory: 'git'
2026-02-05 09:47:14,064 - AUTO_PILOT - Syncing FROM GitHub (Pull)...
2026-02-05 09:47:14,066 - AUTO_PILOT - Git Pull Failed: [Errno 2] No such file or directory: 'git'
2026-02-05 09:48:14,129 - AUTO_PILOT - Syncing FROM GitHub (Pull)...
2026-02-05 09:48:14,133 - AUTO_PILOT - Git Pull Failed: [Errno 2] No such file or directory: 'git'
2026-02-05 09:49:14,193 - AUTO_PILOT - Syncing FROM GitHub (Pull)...
2026-02-05 09:49:14,196 - AUTO_PILOT - Git Pull Failed: [Errno 2] No such file or directory: 'git'
2026-02-05 09:50:14,210 - AUTO_PILOT - Syncing FROM GitHub (Pull)...
2026-02-05 09:50:14,212 - AUTO_PILOT - Git Pull Failed: [Errno 2] No such file or directory: 'git'
2026-02-05 09:51:14,273 - AUTO_PILOT - Syncing FROM GitHub (Pull)...
2026-02-05 09:51:14,280 - AUTO_PILOT - Git Pull Failed: [Errno 2] No such file or directory: 'git'
2026-02-05 09:52:14,374 - AUTO_PILOT - Syncing FROM GitHub (Pull)...
2026-02-05 09:52:14,380 - AUTO_PILOT - Git Pull Failed: [Errno 2] No such file or directory: 'git'
2026-02-05 09:53:14,453 - AUTO_PILOT - Syncing FROM GitHub (Pull)...
2026-02-05 09:53:14,458 - AUTO_PILOT - Git Pull Failed: [Errno 2] No such file or directory: 'git'
2026-02-05 09:54:14,527 - AUTO_PILOT - Syncing FROM GitHub (Pull)...
2026-02-05 09:54:14,533 - AUTO_PILOT - Git Pull Failed: [Errno 2] No such file or directory: 'git'
2026-02-05 09:55:14,608 - AUTO_PILOT - Syncing FROM GitHub (Pull)...
2026-02-05 09:55:14,613 - AUTO_PILOT - Git Pull Failed: [Errno 2] No such file or directory: 'git'
2026-02-05 09:56:14,682 - AUTO_PILOT - Syncing FROM GitHub (Pull)...
2026-02-05 09:56:14,684 - AUTO_PILOT - Git Pull Failed: [Errno 2] No such file or directory: 'git'
2026-02-05 09:57:14,755 - AUTO_PILOT - Syncing FROM GitHub (Pull)...
2026-02-05 09:57:14,759 - AUTO_PILOT - Git Pull Failed: [Errno 2] No such file or directory: 'git'
2026-02-05 09:58:14,829 - AUTO_PILOT - Syncing FROM GitHub (Pull)...
2026-02-05 09:58:14,833 - AUTO_PILOT - Git Pull Failed: [Errno 2] No such file or directory: 'git'
2026-02-05 09:59:14,899 - AUTO_PILOT - Syncing FROM GitHub (Pull)...
2026-02-05 09:59:14,901 - AUTO_PILOT - Git Pull Failed: [Errno 2] No such file or directory: 'git'
2026-02-05 10:00:14,967 - AUTO_PILOT - Syncing FROM GitHub (Pull)...
2026-02-05 10:00:14,968 - AUTO_PILOT - Git Pull Failed: [Errno 2] No such file or directory: 'git'
2026-02-05 10:01:15,030 - AUTO_PILOT - Syncing FROM GitHub (Pull)...
2026-02-05 10:01:15,032 - AUTO_PILOT - Git Pull Failed: [Errno 2] No such file or directory: 'git'
2026-02-05 10:02:15,097 - AUTO_PILOT - Syncing FROM GitHub (Pull)...
2026-02-05 10:02:15,100 - AUTO_PILOT - Git Pull Failed: [Errno 2] No such file or directory: 'git'
2026-02-05 10:03:15,166 - AUTO_PILOT - Syncing FROM GitHub (Pull)...
2026-02-05 10:03:15,168 - AUTO_PILOT - Git Pull Failed: [Errno 2] No such file or directory: 'git'
2026-02-05 10:04:15,231 - AUTO_PILOT - Syncing FROM GitHub (Pull)...
2026-02-05 10:04:15,236 - AUTO_PILOT - Git Pull Failed: [Errno 2] No such file or directory: 'git'
2026-02-05 10:05:15,302 - AUTO_PILOT - Syncing FROM GitHub (Pull)...
2026-02-05 10:05:15,311 - AUTO_PILOT - Git Pull Failed: [Errno 2] No such file or directory: 'git'
2026-02-05 10:06:15,391 - AUTO_PILOT - Syncing FROM GitHub (Pull)...
2026-02-05 10:06:15,399 - AUTO_PILOT - Git Pull Failed: [Errno 2] No such file or directory: 'git'
2026-02-05 10:07:15,476 - AUTO_PILOT - Syncing FROM GitHub (Pull)...
2026-02-05 10:07:15,479 - AUTO_PILOT - Git Pull Failed: [Errno 2] No such file or directory: 'git'
2026-02-05 10:08:15,547 - AUTO_PILOT - Syncing FROM GitHub (Pull)...
2026-02-05 10:08:15,551 - AUTO_PILOT - Git Pull Failed: [Errno 2] No such file or directory: 'git'
2026-02-05 10:09:15,622 - AUTO_PILOT - Syncing FROM GitHub (Pull)...
2026-02-05 10:09:15,626 - AUTO_PILOT - Git Pull Failed: [Errno 2] No such file or directory: 'git'
2026-02-05 10:10:15,694 - AUTO_PILOT - Syncing FROM GitHub (Pull)...
2026-02-05 10:10:15,697 - AUTO_PILOT - Git Pull Failed: [Errno 2] No such file or directory: 'git'
2026-02-05 10:11:15,766 - AUTO_PILOT - Syncing FROM GitHub (Pull)...
2026-02-05 10:11:15,771 - AUTO_PILOT - Git Pull Failed: [Errno 2] No such file or directory: 'git'
2026-02-05 10:12:15,792 - AUTO_PILOT - Syncing FROM GitHub (Pull)...
2026-02-05 10:12:15,797 - AUTO_PILOT - Git Pull Failed: [Errno 2] No such file or directory: 'git'
2026-02-05 10:13:15,847 - AUTO_PILOT - Syncing FROM GitHub (Pull)...
2026-02-05 10:13:15,851 - AUTO_PILOT - Git Pull Failed: [Errno 2] No such file or directory: 'git'
2026-02-05 10:14:15,924 - AUTO_PILOT - Syncing FROM GitHub (Pull)...
2026-02-05 10:14:15,928 - AUTO_PILOT - Git Pull Failed: [Errno 2] No such file or directory: 'git'
2026-02-05 10:15:16,000 - AUTO_PILOT - Syncing FROM GitHub (Pull)...
2026-02-05 10:15:16,002 - AUTO_PILOT - Git Pull Failed: [Errno 2] No such file or directory: 'git'
2026-02-05 10:16:16,067 - AUTO_PILOT - Syncing FROM GitHub (Pull)...
2026-02-05 10:16:16,069 - AUTO_PILOT - Git Pull Failed: [Errno 2] No such file or directory: 'git'
2026-02-05 10:17:16,120 - AUTO_PILOT - Syncing FROM GitHub (Pull)...
2026-02-05 10:17:16,122 - AUTO_PILOT - Git Pull Failed: [Errno 2] No such file or directory: 'git'
2026-02-05 10:18:16,189 - AUTO_PILOT - Syncing FROM GitHub (Pull)...
2026-02-05 10:18:16,192 - AUTO_PILOT - Git Pull Failed: [Errno 2] No such file or directory: 'git'
2026-02-05 10:19:16,257 - AUTO_PILOT - Syncing FROM GitHub (Pull)...
2026-02-05 10:19:16,259 - AUTO_PILOT - Git Pull Failed: [Errno 2] No such file or directory: 'git'
2026-02-05 10:20:16,324 - AUTO_PILOT - Syncing FROM GitHub (Pull)...
2026-02-05 10:20:16,326 - AUTO_PILOT - Git Pull Failed: [Errno 2] No such file or directory: 'git'
2026-02-05 10:21:16,334 - AUTO_PILOT - Syncing FROM GitHub (Pull)...
2026-02-05 10:21:16,337 - AUTO_PILOT - Git Pull Failed: [Errno 2] No such file or directory: 'git'
2026-02-05 10:22:16,405 - AUTO_PILOT - Syncing FROM GitHub (Pull)...
2026-02-05 10:22:16,408 - AUTO_PILOT - Git Pull Failed: [Errno 2] No such file or directory: 'git'
2026-02-05 10:23:16,479 - AUTO_PILOT - Syncing FROM GitHub (Pull)...
2026-02-05 10:23:16,485 - AUTO_PILOT - Git Pull Failed: [Errno 2] No such file or directory: 'git'
2026-02-05 10:24:16,559 - AUTO_PILOT - Syncing FROM GitHub (Pull)...
2026-02-05 10:24:16,563 - AUTO_PILOT - Git Pull Failed: [Errno 2] No such file or directory: 'git'
2026-02-05 10:25:16,640 - AUTO_PILOT - Syncing FROM GitHub (Pull)...
2026-02-05 10:25:16,642 - AUTO_PILOT - Git Pull Failed: [Errno 2] No such file or directory: 'git'
2026-02-05 10:26:16,706 - AUTO_PILOT - Syncing FROM GitHub (Pull)...
2026-02-05 10:26:16,712 - AUTO_PILOT - Git Pull Failed: [Errno 2] No such file or directory: 'git'
2026-02-05 10:27:16,783 - AUTO_PILOT - Syncing FROM GitHub (Pull)...
2026-02-05 10:27:16,789 - AUTO_PILOT - Git Pull Failed: [Errno 2] No such file or directory: 'git'
2026-02-05 10:28:16,863 - AUTO_PILOT - Syncing FROM GitHub (Pull)...
2026-02-05 10:28:16,866 - AUTO_PILOT - Git Pull Failed: [Errno 2] No such file or directory: 'git'
2026-02-05 10:29:16,894 - AUTO_PILOT - Syncing FROM GitHub (Pull)...
2026-02-05 10:29:16,898 - AUTO_PILOT - Git Pull Failed: [Errno 2] No such file or directory: 'git'
2026-02-05 10:30:16,965 - AUTO_PILOT - Syncing FROM GitHub (Pull)...
2026-02-05 10:30:16,969 - AUTO_PILOT - Git Pull Failed: [Errno 2] No such file or directory: 'git'
2026-02-05 10:31:17,044 - AUTO_PILOT - Syncing FROM GitHub (Pull)...
2026-02-05 10:31:17,048 - AUTO_PILOT - Git Pull Failed: [Errno 2] No such file or directory: 'git'
2026-02-05 10:32:17,097 - AUTO_PILOT - Syncing FROM GitHub (Pull)...
2026-02-05 10:32:17,103 - AUTO_PILOT - Git Pull Failed: [Errno 2] No such file or directory: 'git'
2026-02-05 10:33:17,173 - AUTO_PILOT - Syncing FROM GitHub (Pull)...
2026-02-05 10:33:17,177 - AUTO_PILOT - Git Pull Failed: [Errno 2] No such file or directory: 'git'
2026-02-05 10:34:17,251 - AUTO_PILOT - Syncing FROM GitHub (Pull)...
2026-02-05 10:34:17,259 - AUTO_PILOT - Git Pull Failed: [Errno 2] No such file or directory: 'git'
2026-02-05 10:35:17,331 - AUTO_PILOT - Syncing FROM GitHub (Pull)...
2026-02-05 10:35:17,337 - AUTO_PILOT - Git Pull Failed: [Errno 2] No such file or directory: 'git'
2026-02-05 10:36:17,412 - AUTO_PILOT - Syncing FROM GitHub (Pull)...
2026-02-05 10:36:17,418 - AUTO_PILOT - Git Pull Failed: [Errno 2] No such file or directory: 'git'
2026-02-05 10:37:17,493 - AUTO_PILOT - Syncing FROM GitHub (Pull)...
2026-02-05 10:37:17,499 - AUTO_PILOT - Git Pull Failed: [Errno 2] No such file or directory: 'git'
2026-02-05 10:38:17,572 - AUTO_PILOT - Syncing FROM GitHub (Pull)...
2026-02-05 10:38:17,575 - AUTO_PILOT - Git Pull Failed: [Errno 2] No such file or directory: 'git'
2026-02-05 10:39:17,649 - AUTO_PILOT - Syncing FROM GitHub (Pull)...
2026-02-05 10:39:17,652 - AUTO_PILOT - Git Pull Failed: [Errno 2] No such file or directory: 'git'
2026-02-05 10:40:17,718 - AUTO_PILOT - Syncing FROM GitHub (Pull)...
2026-02-05 10:40:17,721 - AUTO_PILOT - Git Pull Failed: [Errno 2] No such file or directory: 'git'
2026-02-05 10:41:17,793 - AUTO_PILOT - Syncing FROM GitHub (Pull)...
2026-02-05 10:41:17,797 - AUTO_PILOT - Git Pull Failed: [Errno 2] No such file or directory: 'git'
2026-02-05 10:42:17,872 - AUTO_PILOT - Syncing FROM GitHub (Pull)...
2026-02-05 10:42:17,876 - AUTO_PILOT - Git Pull Failed: [Errno 2] No such file or directory: 'git'
2026-02-05 10:43:17,946 - AUTO_PILOT - Syncing FROM GitHub (Pull)...
2026-02-05 10:43:17,950 - AUTO_PILOT - Git Pull Failed: [Errno 2] No such file or directory: 'git'
2026-02-05 10:44:18,022 - AUTO_PILOT - Syncing FROM GitHub (Pull)...
2026-02-05 10:44:18,025 - AUTO_PILOT - Git Pull Failed: [Errno 2] No such file or directory: 'git'
2026-02-05 10:45:18,097 - AUTO_PILOT - Syncing FROM GitHub (Pull)...
2026-02-05 10:45:18,104 - AUTO_PILOT - Git Pull Failed: [Errno 2] No such file or directory: 'git'
2026-02-05 10:46:18,185 - AUTO_PILOT - Syncing FROM GitHub (Pull)...
2026-02-05 10:46:18,190 - AUTO_PILOT - Git Pull Failed: [Errno 2] No such file or directory: 'git'
2026-02-05 10:47:18,261 - AUTO_PILOT - Syncing FROM GitHub (Pull)...
2026-02-05 10:47:18,265 - AUTO_PILOT - Git Pull Failed: [Errno 2] No such file or directory: 'git'
2026-02-05 10:48:18,337 - AUTO_PILOT - Syncing FROM GitHub (Pull)...
2026-02-05 10:48:18,339 - AUTO_PILOT - Git Pull Failed: [Errno 2] No such file or directory: 'git'
2026-02-05 10:49:18,409 - AUTO_PILOT - Syncing FROM GitHub (Pull)...
2026-02-05 10:49:18,413 - AUTO_PILOT - Git Pull Failed: [Errno 2] No such file or directory: 'git'
2026-02-05 10:50:18,484 - AUTO_PILOT - Syncing FROM GitHub (Pull)...
2026-02-05 10:50:18,487 - AUTO_PILOT - Git Pull Failed: [Errno 2] No such file or directory: 'git'
2026-02-05 10:51:18,556 - AUTO_PILOT - Syncing FROM GitHub (Pull)...
2026-02-05 10:51:18,562 - AUTO_PILOT - Git Pull Failed: [Errno 2] No such file or directory: 'git'
2026-02-05 10:52:18,636 - AUTO_PILOT - Syncing FROM GitHub (Pull)...
2026-02-05 10:52:18,640 - AUTO_PILOT - Git Pull Failed: [Errno 2] No such file or directory: 'git'
2026-02-05 10:53:18,711 - AUTO_PILOT - Syncing FROM GitHub (Pull)...
2026-02-05 10:53:18,717 - AUTO_PILOT - Git Pull Failed: [Errno 2] No such file or directory: 'git'
2026-02-05 10:54:18,791 - AUTO_PILOT - Syncing FROM GitHub (Pull)...
2026-02-05 10:54:18,797 - AUTO_PILOT - Git Pull Failed: [Errno 2] No such file or directory: 'git'
2026-02-05 10:55:18,871 - AUTO_PILOT - Syncing FROM GitHub (Pull)...
2026-02-05 10:55:18,875 - AUTO_PILOT - Git Pull Failed: [Errno 2] No such file or directory: 'git'
2026-02-05 10:56:18,924 - AUTO_PILOT - Syncing FROM GitHub (Pull)...
2026-02-05 10:56:18,931 - AUTO_PILOT - Git Pull Failed: [Errno 2] No such file or directory: 'git'
2026-02-05 10:57:19,003 - AUTO_PILOT - Syncing FROM GitHub (Pull)...
2026-02-05 10:57:19,007 - AUTO_PILOT - Git Pull Failed: [Errno 2] No such file or directory: 'git'
2026-02-05 10:58:19,076 - AUTO_PILOT - Syncing FROM GitHub (Pull)...
2026-02-05 10:58:19,079 - AUTO_PILOT - Git Pull Failed: [Errno 2] No such file or directory: 'git'
2026-02-05 10:59:19,147 - AUTO_PILOT - Syncing FROM GitHub (Pull)...
2026-02-05 10:59:19,153 - AUTO_PILOT - Git Pull Failed: [Errno 2] No such file or directory: 'git'
2026-02-05 11:00:19,227 - AUTO_PILOT - Syncing FROM GitHub (Pull)...
2026-02-05 11:00:19,229 - AUTO_PILOT - Git Pull Failed: [Errno 2] No such file or directory: 'git'
2026-02-05 11:01:19,254 - AUTO_PILOT - Syncing FROM GitHub (Pull)...
2026-02-05 11:01:19,259 - AUTO_PILOT - Git Pull Failed: [Errno 2] No such file or directory: 'git'
2026-02-05 11:02:19,335 - AUTO_PILOT - Syncing FROM GitHub (Pull)...
2026-02-05 11:02:19,340 - AUTO_PILOT - Git Pull Failed: [Errno 2] No such file or directory: 'git'
2026-02-05 11:03:19,414 - AUTO_PILOT - Syncing FROM GitHub (Pull)...
2026-02-05 11:03:19,417 - AUTO_PILOT - Git Pull Failed: [Errno 2] No such file or directory: 'git'
2026-02-05 11:04:19,492 - AUTO_PILOT - Syncing FROM GitHub (Pull)...
2026-02-05 11:04:19,496 - AUTO_PILOT - Git Pull Failed: [Errno 2] No such file or directory: 'git'
2026-02-05 11:05:19,569 - AUTO_PILOT - Syncing FROM GitHub (Pull)...
2026-02-05 11:05:19,572 - AUTO_PILOT - Git Pull Failed: [Errno 2] No such file or directory: 'git'
2026-02-05 11:06:19,644 - AUTO_PILOT - Syncing FROM GitHub (Pull)...
2026-02-05 11:06:19,647 - AUTO_PILOT - Git Pull Failed: [Errno 2] No such file or directory: 'git'
2026-02-05 11:07:19,714 - AUTO_PILOT - Syncing FROM GitHub (Pull)...
2026-02-05 11:07:19,718 - AUTO_PILOT - Git Pull Failed: [Errno 2] No such file or directory: 'git'
2026-02-05 11:08:19,789 - AUTO_PILOT - Syncing FROM GitHub (Pull)...
2026-02-05 11:08:19,797 - AUTO_PILOT - Git Pull Failed: [Errno 2] No such file or directory: 'git'
2026-02-05 11:09:19,871 - AUTO_PILOT - Syncing FROM GitHub (Pull)...
2026-02-05 11:09:19,880 - AUTO_PILOT - Git Pull Failed: [Errno 2] No such file or directory: 'git'
2026-02-05 11:10:19,952 - AUTO_PILOT - Syncing FROM GitHub (Pull)...
2026-02-05 11:10:19,957 - AUTO_PILOT - Git Pull Failed: [Errno 2] No such file or directory: 'git'
2026-02-05 11:11:20,032 - AUTO_PILOT - Syncing FROM GitHub (Pull)...
2026-02-05 11:11:20,038 - AUTO_PILOT - Git Pull Failed: [Errno 2] No such file or directory: 'git'
2026-02-05 11:12:20,124 - AUTO_PILOT - Syncing FROM GitHub (Pull)...
2026-02-05 11:12:20,127 - AUTO_PILOT - Git Pull Failed: [Errno 2] No such file or directory: 'git'
2026-02-05 11:13:20,200 - AUTO_PILOT - Syncing FROM GitHub (Pull)...
2026-02-05 11:13:20,203 - AUTO_PILOT - Git Pull Failed: [Errno 2] No such file or directory: 'git'
2026-02-05 11:14:20,266 - AUTO_PILOT - Syncing FROM GitHub (Pull)...
2026-02-05 11:14:20,270 - AUTO_PILOT - Git Pull Failed: [Errno 2] No such file or directory: 'git'
2026-02-05 11:15:20,322 - AUTO_PILOT - Syncing FROM GitHub (Pull)...
2026-02-05 11:15:20,327 - AUTO_PILOT - Git Pull Failed: [Errno 2] No such file or directory: 'git'
2026-02-05 11:16:20,389 - AUTO_PILOT - Syncing FROM GitHub (Pull)...
2026-02-05 11:16:20,392 - AUTO_PILOT - Git Pull Failed: [Errno 2] No such file or directory: 'git'
2026-02-05 11:17:20,457 - AUTO_PILOT - Syncing FROM GitHub (Pull)...
2026-02-05 11:17:20,459 - AUTO_PILOT - Git Pull Failed: [Errno 2] No such file or directory: 'git'
2026-02-05 11:18:20,503 - AUTO_PILOT - Syncing FROM GitHub (Pull)...
2026-02-05 11:18:20,505 - AUTO_PILOT - Git Pull Failed: [Errno 2] No such file or directory: 'git'
2026-02-05 11:19:20,576 - AUTO_PILOT - Syncing FROM GitHub (Pull)...
2026-02-05 11:19:20,589 - AUTO_PILOT - Git Pull Failed: [Errno 2] No such file or directory: 'git'
2026-02-05 11:20:20,655 - AUTO_PILOT - Syncing FROM GitHub (Pull)...
2026-02-05 11:20:20,658 - AUTO_PILOT - Git Pull Failed: [Errno 2] No such file or directory: 'git'
2026-02-05 11:21:20,721 - AUTO_PILOT - Syncing FROM GitHub (Pull)...
2026-02-05 11:21:20,723 - AUTO_PILOT - Git Pull Failed: [Errno 2] No such file or directory: 'git'
2026-02-05 11:22:20,788 - AUTO_PILOT - Syncing FROM GitHub (Pull)...
2026-02-05 11:22:20,793 - AUTO_PILOT - Git Pull Failed: [Errno 2] No such file or directory: 'git'
2026-02-05 11:23:20,806 - AUTO_PILOT - Syncing FROM GitHub (Pull)...
2026-02-05 11:23:20,810 - AUTO_PILOT - Git Pull Failed: [Errno 2] No such file or directory: 'git'
2026-02-05 11:24:20,875 - AUTO_PILOT - Syncing FROM GitHub (Pull)...
2026-02-05 11:24:20,881 - AUTO_PILOT - Git Pull Failed: [Errno 2] No such file or directory: 'git'
2026-02-05 11:25:20,957 - AUTO_PILOT - Syncing FROM GitHub (Pull)...
2026-02-05 11:25:20,959 - AUTO_PILOT - Git Pull Failed: [Errno 2] No such file or directory: 'git'
2026-02-05 11:26:21,024 - AUTO_PILOT - Syncing FROM GitHub (Pull)...
2026-02-05 11:26:21,032 - AUTO_PILOT - Git Pull Failed: [Errno 2] No such file or directory: 'git'
2026-02-05 11:27:21,109 - AUTO_PILOT - Syncing FROM GitHub (Pull)...
2026-02-05 11:27:21,114 - AUTO_PILOT - Git Pull Failed: [Errno 2] No such file or directory: 'git'
2026-02-05 11:28:21,189 - AUTO_PILOT - Syncing FROM GitHub (Pull)...
2026-02-05 11:28:21,191 - AUTO_PILOT - Git Pull Failed: [Errno 2] No such file or directory: 'git'
2026-02-05 11:29:21,239 - AUTO_PILOT - Syncing FROM GitHub (Pull)...
2026-02-05 11:29:21,244 - AUTO_PILOT - Git Pull Failed: [Errno 2] No such file or directory: 'git'
2026-02-05 11:30:21,316 - AUTO_PILOT - Syncing FROM GitHub (Pull)...
2026-02-05 11:30:21,319 - AUTO_PILOT - Git Pull Failed: [Errno 2] No such file or directory: 'git'
2026-02-05 11:31:21,393 - AUTO_PILOT - Syncing FROM GitHub (Pull)...
2026-02-05 11:31:21,396 - AUTO_PILOT - Git Pull Failed: [Errno 2] No such file or directory: 'git'
2026-02-05 11:32:21,452 - AUTO_PILOT - Syncing FROM GitHub (Pull)...
2026-02-05 11:32:21,456 - AUTO_PILOT - Git Pull Failed: [Errno 2] No such file or directory: 'git'
2026-02-05 11:33:21,528 - AUTO_PILOT - Syncing FROM GitHub (Pull)...
2026-02-05 11:33:21,533 - AUTO_PILOT - Git Pull Failed: [Errno 2] No such file or directory: 'git'
2026-02-05 11:34:21,610 - AUTO_PILOT - Syncing FROM GitHub (Pull)...
2026-02-05 11:34:21,616 - AUTO_PILOT - Git Pull Failed: [Errno 2] No such file or directory: 'git'
2026-02-05 11:35:21,645 - AUTO_PILOT - Syncing FROM GitHub (Pull)...
2026-02-05 11:35:21,647 - AUTO_PILOT - Git Pull Failed: [Errno 2] No such file or directory: 'git'
2026-02-05 11:36:21,714 - AUTO_PILOT - Syncing FROM GitHub (Pull)...
2026-02-05 11:36:21,718 - AUTO_PILOT - Git Pull Failed: [Errno 2] No such file or directory: 'git'
2026-02-05 11:37:21,790 - AUTO_PILOT - Syncing FROM GitHub (Pull)...
2026-02-05 11:37:21,794 - AUTO_PILOT - Git Pull Failed: [Errno 2] No such file or directory: 'git'
2026-02-05 11:38:21,877 - AUTO_PILOT - Syncing FROM GitHub (Pull)...
2026-02-05 11:38:21,883 - AUTO_PILOT - Git Pull Failed: [Errno 2] No such file or directory: 'git'
2026-02-05 11:39:21,958 - AUTO_PILOT - Syncing FROM GitHub (Pull)...
2026-02-05 11:39:21,963 - AUTO_PILOT - Git Pull Failed: [Errno 2] No such file or directory: 'git'
2026-02-05 11:40:22,040 - AUTO_PILOT - Syncing FROM GitHub (Pull)...
2026-02-05 11:40:22,044 - AUTO_PILOT - Git Pull Failed: [Errno 2] No such file or directory: 'git'
2026-02-05 11:41:22,117 - AUTO_PILOT - Syncing FROM GitHub (Pull)...
2026-02-05 11:41:22,122 - AUTO_PILOT - Git Pull Failed: [Errno 2] No such file or directory: 'git'
2026-02-05 11:42:22,187 - AUTO_PILOT - Syncing FROM GitHub (Pull)...
2026-02-05 11:42:22,195 - AUTO_PILOT - Git Pull Failed: [Errno 2] No such file or directory: 'git'
2026-02-05 11:43:22,267 - AUTO_PILOT - Syncing FROM GitHub (Pull)...
2026-02-05 11:43:22,272 - AUTO_PILOT - Git Pull Failed: [Errno 2] No such file or directory: 'git'
2026-02-05 11:44:22,312 - AUTO_PILOT - Syncing FROM GitHub (Pull)...
2026-02-05 11:44:22,318 - AUTO_PILOT - Git Pull Failed: [Errno 2] No such file or directory: 'git'
2026-02-05 11:45:22,393 - AUTO_PILOT - Syncing FROM GitHub (Pull)...
2026-02-05 11:45:22,395 - AUTO_PILOT - Git Pull Failed: [Errno 2] No such file or directory: 'git'
2026-02-05 11:46:22,460 - AUTO_PILOT - Syncing FROM GitHub (Pull)...
2026-02-05 11:46:22,465 - AUTO_PILOT - Git Pull Failed: [Errno 2] No such file or directory: 'git'
2026-02-05 11:47:22,537 - AUTO_PILOT - Syncing FROM GitHub (Pull)...
2026-02-05 11:47:22,541 - AUTO_PILOT - Git Pull Failed: [Errno 2] No such file or directory: 'git'
2026-02-05 11:48:22,614 - AUTO_PILOT - Syncing FROM GitHub (Pull)...
2026-02-05 11:48:22,621 - AUTO_PILOT - Git Pull Failed: [Errno 2] No such file or directory: 'git'
2026-02-05 11:49:22,693 - AUTO_PILOT - Syncing FROM GitHub (Pull)...
2026-02-05 11:49:22,696 - AUTO_PILOT - Git Pull Failed: [Errno 2] No such file or directory: 'git'
2026-02-05 11:50:22,769 - AUTO_PILOT - Syncing FROM GitHub (Pull)...
2026-02-05 11:50:22,777 - AUTO_PILOT - Git Pull Failed: [Errno 2] No such file or directory: 'git'
2026-02-05 11:51:22,849 - AUTO_PILOT - Syncing FROM GitHub (Pull)...
2026-02-05 11:51:22,851 - AUTO_PILOT - Git Pull Failed: [Errno 2] No such file or directory: 'git'
2026-02-05 11:52:22,916 - AUTO_PILOT - Syncing FROM GitHub (Pull)...
2026-02-05 11:52:22,919 - AUTO_PILOT - Git Pull Failed: [Errno 2] No such file or directory: 'git'
2026-02-05 11:53:22,938 - AUTO_PILOT - Syncing FROM GitHub (Pull)...
2026-02-05 11:53:22,944 - AUTO_PILOT - Git Pull Failed: [Errno 2] No such file or directory: 'git'
2026-02-05 11:54:23,016 - AUTO_PILOT - Syncing FROM GitHub (Pull)...
2026-02-05 11:54:23,021 - AUTO_PILOT - Git Pull Failed: [Errno 2] No such file or directory: 'git'
2026-02-05 11:55:23,086 - AUTO_PILOT - Syncing FROM GitHub (Pull)...
2026-02-05 11:55:23,091 - AUTO_PILOT - Git Pull Failed: [Errno 2] No such file or directory: 'git'
2026-02-05 11:56:23,164 - AUTO_PILOT - Syncing FROM GitHub (Pull)...
2026-02-05 11:56:23,168 - AUTO_PILOT - Git Pull Failed: [Errno 2] No such file or directory: 'git'
2026-02-05 11:57:23,245 - AUTO_PILOT - Syncing FROM GitHub (Pull)...
2026-02-05 11:57:23,249 - AUTO_PILOT - Git Pull Failed: [Errno 2] No such file or directory: 'git'
2026-02-05 11:58:23,319 - AUTO_PILOT - Syncing FROM GitHub (Pull)...
2026-02-05 11:58:23,325 - AUTO_PILOT - Git Pull Failed: [Errno 2] No such file or directory: 'git'
2026-02-05 11:59:23,398 - AUTO_PILOT - Syncing FROM GitHub (Pull)...
2026-02-05 11:59:23,402 - AUTO_PILOT - Git Pull Failed: [Errno 2] No such file or directory: 'git'
2026-02-05 12:00:23,435 - AUTO_PILOT - Syncing FROM GitHub (Pull)...
2026-02-05 12:00:23,439 - AUTO_PILOT - Git Pull Failed: [Errno 2] No such file or directory: 'git'
2026-02-05 12:01:23,515 - AUTO_PILOT - Syncing FROM GitHub (Pull)...
2026-02-05 12:01:23,517 - AUTO_PILOT - Git Pull Failed: [Errno 2] No such file or directory: 'git'
2026-02-05 12:02:23,539 - AUTO_PILOT - Syncing FROM GitHub (Pull)...
2026-02-05 12:02:23,544 - AUTO_PILOT - Git Pull Failed: [Errno 2] No such file or directory: 'git'
2026-02-05 12:03:23,614 - AUTO_PILOT - Syncing FROM GitHub (Pull)...
2026-02-05 12:03:23,621 - AUTO_PILOT - Git Pull Failed: [Errno 2] No such file or directory: 'git'
2026-02-05 12:04:23,694 - AUTO_PILOT - Syncing FROM GitHub (Pull)...
2026-02-05 12:04:23,699 - AUTO_PILOT - Git Pull Failed: [Errno 2] No such file or directory: 'git'
2026-02-05 12:05:23,770 - AUTO_PILOT - Syncing FROM GitHub (Pull)...
2026-02-05 12:05:23,773 - AUTO_PILOT - Git Pull Failed: [Errno 2] No such file or directory: 'git'
2026-02-05 12:06:23,840 - AUTO_PILOT - Syncing FROM GitHub (Pull)...
2026-02-05 12:06:23,842 - AUTO_PILOT - Git Pull Failed: [Errno 2] No such file or directory: 'git'
2026-02-05 12:07:23,908 - AUTO_PILOT - Syncing FROM GitHub (Pull)...
2026-02-05 12:07:23,915 - AUTO_PILOT - Git Pull Failed: [Errno 2] No such file or directory: 'git'
2026-02-05 12:08:23,985 - AUTO_PILOT - Syncing FROM GitHub (Pull)...
2026-02-05 12:08:23,988 - AUTO_PILOT - Git Pull Failed: [Errno 2] No such file or directory: 'git'
2026-02-05 12:09:24,056 - AUTO_PILOT - Syncing FROM GitHub (Pull)...
2026-02-05 12:09:24,062 - AUTO_PILOT - Git Pull Failed: [Errno 2] No such file or directory: 'git'
2026-02-05 12:10:24,139 - AUTO_PILOT - Syncing FROM GitHub (Pull)...
2026-02-05 12:10:24,146 - AUTO_PILOT - Git Pull Failed: [Errno 2] No such file or directory: 'git'
2026-02-05 12:11:24,218 - AUTO_PILOT - Syncing FROM GitHub (Pull)...
2026-02-05 12:11:24,221 - AUTO_PILOT - Git Pull Failed: [Errno 2] No such file or directory: 'git'
2026-02-05 12:12:24,283 - AUTO_PILOT - Syncing FROM GitHub (Pull)...
2026-02-05 12:12:24,286 - AUTO_PILOT - Git Pull Failed: [Errno 2] No such file or directory: 'git'
2026-02-05 12:13:24,352 - AUTO_PILOT - Syncing FROM GitHub (Pull)...
2026-02-05 12:13:24,354 - AUTO_PILOT - Git Pull Failed: [Errno 2] No such file or directory: 'git'
2026-02-05 12:14:24,420 - AUTO_PILOT - Syncing FROM GitHub (Pull)...
2026-02-05 12:14:24,422 - AUTO_PILOT - Git Pull Failed: [Errno 2] No such file or directory: 'git'
2026-02-05 12:15:24,482 - AUTO_PILOT - Syncing FROM GitHub (Pull)...
2026-02-05 12:15:24,484 - AUTO_PILOT - Git Pull Failed: [Errno 2] No such file or directory: 'git'
2026-02-05 12:16:24,549 - AUTO_PILOT - Syncing FROM GitHub (Pull)...
2026-02-05 12:16:24,557 - AUTO_PILOT - Git Pull Failed: [Errno 2] No such file or directory: 'git'
2026-02-05 12:17:24,657 - AUTO_PILOT - Syncing FROM GitHub (Pull)...
2026-02-05 12:17:24,666 - AUTO_PILOT - Git Pull Failed: [Errno 2] No such file or directory: 'git'
2026-02-05 12:18:24,753 - AUTO_PILOT - Syncing FROM GitHub (Pull)...
2026-02-05 12:18:24,761 - AUTO_PILOT - Git Pull Failed: [Errno 2] No such file or directory: 'git'
2026-02-05 12:19:24,857 - AUTO_PILOT - Syncing FROM GitHub (Pull)...
2026-02-05 12:19:24,860 - AUTO_PILOT - Git Pull Failed: [Errno 2] No such file or directory: 'git'
2026-02-05 12:20:24,933 - AUTO_PILOT - Syncing FROM GitHub (Pull)...
2026-02-05 12:20:24,937 - AUTO_PILOT - Git Pull Failed: [Errno 2] No such file or directory: 'git'
2026-02-05 12:21:25,012 - AUTO_PILOT - Syncing FROM GitHub (Pull)...
2026-02-05 12:21:25,019 - AUTO_PILOT - Git Pull Failed: [Errno 2] No such file or directory: 'git'
2026-02-05 12:22:25,107 - AUTO_PILOT - Syncing FROM GitHub (Pull)...
2026-02-05 12:22:25,110 - AUTO_PILOT - Git Pull Failed: [Errno 2] No such file or directory: 'git'
2026-02-05 12:23:25,179 - AUTO_PILOT - Syncing FROM GitHub (Pull)...
2026-02-05 12:23:25,183 - AUTO_PILOT - Git Pull Failed: [Errno 2] No such file or directory: 'git'
2026-02-05 12:24:25,257 - AUTO_PILOT - Syncing FROM GitHub (Pull)...
2026-02-05 12:24:25,261 - AUTO_PILOT - Git Pull Failed: [Errno 2] No such file or directory: 'git'
2026-02-05 12:25:25,338 - AUTO_PILOT - Syncing FROM GitHub (Pull)...
2026-02-05 12:25:25,345 - AUTO_PILOT - Git Pull Failed: [Errno 2] No such file or directory: 'git'
2026-02-05 12:26:25,426 - AUTO_PILOT - Syncing FROM GitHub (Pull)...
2026-02-05 12:26:25,429 - AUTO_PILOT - Git Pull Failed: [Errno 2] No such file or directory: 'git'
2026-02-05 12:27:25,495 - AUTO_PILOT - Syncing FROM GitHub (Pull)...
2026-02-05 12:27:25,497 - AUTO_PILOT - Git Pull Failed: [Errno 2] No such file or directory: 'git'
2026-02-05 12:28:25,563 - AUTO_PILOT - Syncing FROM GitHub (Pull)...
2026-02-05 12:28:25,566 - AUTO_PILOT - Git Pull Failed: [Errno 2] No such file or directory: 'git'
2026-02-05 12:29:25,630 - AUTO_PILOT - Syncing FROM GitHub (Pull)...
2026-02-05 12:29:25,634 - AUTO_PILOT - Git Pull Failed: [Errno 2] No such file or directory: 'git'
2026-02-05 12:30:25,706 - AUTO_PILOT - Syncing FROM GitHub (Pull)...
2026-02-05 12:30:25,711 - AUTO_PILOT - Git Pull Failed: [Errno 2] No such file or directory: 'git'
2026-02-05 12:31:25,783 - AUTO_PILOT - Syncing FROM GitHub (Pull)...
2026-02-05 12:31:25,788 - AUTO_PILOT - Git Pull Failed: [Errno 2] No such file or directory: 'git'
2026-02-05 12:32:25,853 - AUTO_PILOT - Syncing FROM GitHub (Pull)...
2026-02-05 12:32:25,856 - AUTO_PILOT - Git Pull Failed: [Errno 2] No such file or directory: 'git'
2026-02-05 12:33:25,922 - AUTO_PILOT - Syncing FROM GitHub (Pull)...
2026-02-05 12:33:25,926 - AUTO_PILOT - Git Pull Failed: [Errno 2] No such file or directory: 'git'
2026-02-05 12:34:25,936 - AUTO_PILOT - Syncing FROM GitHub (Pull)...
2026-02-05 12:34:25,939 - AUTO_PILOT - Git Pull Failed: [Errno 2] No such file or directory: 'git'
2026-02-05 12:35:26,007 - AUTO_PILOT - Syncing FROM GitHub (Pull)...
2026-02-05 12:35:26,011 - AUTO_PILOT - Git Pull Failed: [Errno 2] No such file or directory: 'git'
2026-02-05 12:36:26,071 - AUTO_PILOT - Syncing FROM GitHub (Pull)...
2026-02-05 12:36:26,074 - AUTO_PILOT - Git Pull Failed: [Errno 2] No such file or directory: 'git'
2026-02-05 12:37:26,142 - AUTO_PILOT - Syncing FROM GitHub (Pull)...
2026-02-05 12:37:26,145 - AUTO_PILOT - Git Pull Failed: [Errno 2] No such file or directory: 'git'
2026-02-05 12:38:26,192 - AUTO_PILOT - Syncing FROM GitHub (Pull)...
2026-02-05 12:38:26,197 - AUTO_PILOT - Git Pull Failed: [Errno 2] No such file or directory: 'git'
2026-02-05 12:39:26,243 - AUTO_PILOT - Syncing FROM GitHub (Pull)...
2026-02-05 12:39:26,251 - AUTO_PILOT - Git Pull Failed: [Errno 2] No such file or directory: 'git'
2026-02-05 12:40:26,326 - AUTO_PILOT - Syncing FROM GitHub (Pull)...
2026-02-05 12:40:26,329 - AUTO_PILOT - Git Pull Failed: [Errno 2] No such file or directory: 'git'
2026-02-05 12:41:26,397 - AUTO_PILOT - Syncing FROM GitHub (Pull)...
2026-02-05 12:41:26,404 - AUTO_PILOT - Git Pull Failed: [Errno 2] No such file or directory: 'git'
2026-02-05 12:42:26,477 - AUTO_PILOT - Syncing FROM GitHub (Pull)...
2026-02-05 12:42:26,480 - AUTO_PILOT - Git Pull Failed: [Errno 2] No such file or directory: 'git'
2026-02-05 12:43:26,536 - AUTO_PILOT - Syncing FROM GitHub (Pull)...
2026-02-05 12:43:26,539 - AUTO_PILOT - Git Pull Failed: [Errno 2] No such file or directory: 'git'
2026-02-05 12:44:26,562 - AUTO_PILOT - Syncing FROM GitHub (Pull)...
2026-02-05 12:44:26,564 - AUTO_PILOT - Git Pull Failed: [Errno 2] No such file or directory: 'git'
2026-02-05 12:45:26,585 - AUTO_PILOT - Syncing FROM GitHub (Pull)...
2026-02-05 12:45:26,587 - AUTO_PILOT - Git Pull Failed: [Errno 2] No such file or directory: 'git'
2026-02-05 12:46:26,596 - AUTO_PILOT - Syncing FROM GitHub (Pull)...
2026-02-05 12:46:26,600 - AUTO_PILOT - Git Pull Failed: [Errno 2] No such file or directory: 'git'
2026-02-05 12:47:26,666 - AUTO_PILOT - Syncing FROM GitHub (Pull)...
2026-02-05 12:47:26,677 - AUTO_PILOT - Git Pull Failed: [Errno 2] No such file or directory: 'git'
2026-02-05 12:48:26,750 - AUTO_PILOT - Syncing FROM GitHub (Pull)...
2026-02-05 12:48:26,753 - AUTO_PILOT - Git Pull Failed: [Errno 2] No such file or directory: 'git'
2026-02-05 12:49:26,819 - AUTO_PILOT - Syncing FROM GitHub (Pull)...
2026-02-05 12:49:26,823 - AUTO_PILOT - Git Pull Failed: [Errno 2] No such file or directory: 'git'
2026-02-05 12:50:26,897 - AUTO_PILOT - Syncing FROM GitHub (Pull)...
2026-02-05 12:50:26,900 - AUTO_PILOT - Git Pull Failed: [Errno 2] No such file or directory: 'git'
2026-02-05 12:51:26,965 - AUTO_PILOT - Syncing FROM GitHub (Pull)...
2026-02-05 12:51:26,969 - AUTO_PILOT - Git Pull Failed: [Errno 2] No such file or directory: 'git'
2026-02-05 12:52:27,035 - AUTO_PILOT - Syncing FROM GitHub (Pull)...
2026-02-05 12:52:27,039 - AUTO_PILOT - Git Pull Failed: [Errno 2] No such file or directory: 'git'
2026-02-05 12:53:27,116 - AUTO_PILOT - Syncing FROM GitHub (Pull)...
2026-02-05 12:53:27,120 - AUTO_PILOT - Git Pull Failed: [Errno 2] No such file or directory: 'git'
2026-02-05 12:54:27,205 - AUTO_PILOT - Syncing FROM GitHub (Pull)...
2026-02-05 12:54:27,209 - AUTO_PILOT - Git Pull Failed: [Errno 2] No such file or directory: 'git'
2026-02-05 12:55:27,282 - AUTO_PILOT - Syncing FROM GitHub (Pull)...
2026-02-05 12:55:27,286 - AUTO_PILOT - Git Pull Failed: [Errno 2] No such file or directory: 'git'
2026-02-05 12:56:27,361 - AUTO_PILOT - Syncing FROM GitHub (Pull)...
2026-02-05 12:56:27,369 - AUTO_PILOT - Git Pull Failed: [Errno 2] No such file or directory: 'git'
2026-02-05 12:57:27,446 - AUTO_PILOT - Syncing FROM GitHub (Pull)...
2026-02-05 12:57:27,450 - AUTO_PILOT - Git Pull Failed: [Errno 2] No such file or directory: 'git'
2026-02-05 12:58:27,531 - AUTO_PILOT - Syncing FROM GitHub (Pull)...
2026-02-05 12:58:27,535 - AUTO_PILOT - Git Pull Failed: [Errno 2] No such file or directory: 'git'
2026-02-05 12:59:27,611 - AUTO_PILOT - Syncing FROM GitHub (Pull)...
2026-02-05 12:59:27,618 - AUTO_PILOT - Git Pull Failed: [Errno 2] No such file or directory: 'git'
2026-02-05 13:00:27,710 - AUTO_PILOT - Syncing FROM GitHub (Pull)...
2026-02-05 13:00:27,717 - AUTO_PILOT - Git Pull Failed: [Errno 2] No such file or directory: 'git'
2026-02-05 13:01:27,811 - AUTO_PILOT - Syncing FROM GitHub (Pull)...
2026-02-05 13:01:27,817 - AUTO_PILOT - Git Pull Failed: [Errno 2] No such file or directory: 'git'
2026-02-05 13:02:27,896 - AUTO_PILOT - Syncing FROM GitHub (Pull)...
2026-02-05 13:02:27,903 - AUTO_PILOT - Git Pull Failed: [Errno 2] No such file or directory: 'git'
2026-02-05 13:03:27,973 - AUTO_PILOT - Syncing FROM GitHub (Pull)...
2026-02-05 13:03:27,984 - AUTO_PILOT - Git Pull Failed: [Errno 2] No such file or directory: 'git'
2026-02-05 13:04:28,070 - AUTO_PILOT - Syncing FROM GitHub (Pull)...
2026-02-05 13:04:28,083 - AUTO_PILOT - Git Pull Failed: [Errno 2] No such file or directory: 'git'
2026-02-05 13:05:28,175 - AUTO_PILOT - Syncing FROM GitHub (Pull)...
2026-02-05 13:05:28,179 - AUTO_PILOT - Git Pull Failed: [Errno 2] No such file or directory: 'git'
2026-02-05 13:06:28,247 - AUTO_PILOT - Syncing FROM GitHub (Pull)...
2026-02-05 13:06:28,253 - AUTO_PILOT - Git Pull Failed: [Errno 2] No such file or directory: 'git'
2026-02-05 13:07:28,322 - AUTO_PILOT - Syncing FROM GitHub (Pull)...
2026-02-05 13:07:28,331 - AUTO_PILOT - Git Pull Failed: [Errno 2] No such file or directory: 'git'
2026-02-05 13:08:28,422 - AUTO_PILOT - Syncing FROM GitHub (Pull)...
2026-02-05 13:08:28,430 - AUTO_PILOT - Git Pull Failed: [Errno 2] No such file or directory: 'git'
2026-02-05 13:09:28,522 - AUTO_PILOT - Syncing FROM GitHub (Pull)...
2026-02-05 13:09:28,530 - AUTO_PILOT - Git Pull Failed: [Errno 2] No such file or directory: 'git'
2026-02-05 13:10:28,615 - AUTO_PILOT - Syncing FROM GitHub (Pull)...
2026-02-05 13:10:28,623 - AUTO_PILOT - Git Pull Failed: [Errno 2] No such file or directory: 'git'
2026-02-05 13:11:28,695 - AUTO_PILOT - Syncing FROM GitHub (Pull)...
2026-02-05 13:11:28,705 - AUTO_PILOT - Git Pull Failed: [Errno 2] No such file or directory: 'git'
2026-02-05 13:12:28,790 - AUTO_PILOT - Syncing FROM GitHub (Pull)...
2026-02-05 13:12:28,797 - AUTO_PILOT - Git Pull Failed: [Errno 2] No such file or directory: 'git'
2026-02-05 13:13:28,874 - AUTO_PILOT - Syncing FROM GitHub (Pull)...
2026-02-05 13:13:28,880 - AUTO_PILOT - Git Pull Failed: [Errno 2] No such file or directory: 'git'
2026-02-05 13:14:28,973 - AUTO_PILOT - Syncing FROM GitHub (Pull)...
2026-02-05 13:14:28,982 - AUTO_PILOT - Git Pull Failed: [Errno 2] No such file or directory: 'git'
2026-02-05 13:15:29,062 - AUTO_PILOT - Syncing FROM GitHub (Pull)...
2026-02-05 13:15:29,068 - AUTO_PILOT - Git Pull Failed: [Errno 2] No such file or directory: 'git'
2026-02-05 13:16:29,113 - AUTO_PILOT - Syncing FROM GitHub (Pull)...
2026-02-05 13:16:29,119 - AUTO_PILOT - Git Pull Failed: [Errno 2] No such file or directory: 'git'
2026-02-05 13:17:29,200 - AUTO_PILOT - Syncing FROM GitHub (Pull)...
2026-02-05 13:17:29,205 - AUTO_PILOT - Git Pull Failed: [Errno 2] No such file or directory: 'git'
2026-02-05 13:18:29,221 - AUTO_PILOT - Syncing FROM GitHub (Pull)...
2026-02-05 13:18:29,224 - AUTO_PILOT - Git Pull Failed: [Errno 2] No such file or directory: 'git'
2026-02-05 13:19:29,293 - AUTO_PILOT - Syncing FROM GitHub (Pull)...
2026-02-05 13:19:29,297 - AUTO_PILOT - Git Pull Failed: [Errno 2] No such file or directory: 'git'
2026-02-05 13:20:29,377 - AUTO_PILOT - Syncing FROM GitHub (Pull)...
2026-02-05 13:20:29,382 - AUTO_PILOT - Git Pull Failed: [Errno 2] No such file or directory: 'git'
2026-02-05 13:21:29,406 - AUTO_PILOT - Syncing FROM GitHub (Pull)...
2026-02-05 13:21:29,410 - AUTO_PILOT - Git Pull Failed: [Errno 2] No such file or directory: 'git'
2026-02-05 13:22:29,487 - AUTO_PILOT - Syncing FROM GitHub (Pull)...
2026-02-05 13:22:29,492 - AUTO_PILOT - Git Pull Failed: [Errno 2] No such file or directory: 'git'
2026-02-05 13:23:29,565 - AUTO_PILOT - Syncing FROM GitHub (Pull)...
2026-02-05 13:23:29,569 - AUTO_PILOT - Git Pull Failed: [Errno 2] No such file or directory: 'git'
2026-02-05 13:24:29,642 - AUTO_PILOT - Syncing FROM GitHub (Pull)...
2026-02-05 13:24:29,647 - AUTO_PILOT - Git Pull Failed: [Errno 2] No such file or directory: 'git'
2026-02-05 13:25:29,721 - AUTO_PILOT - Syncing FROM GitHub (Pull)...
2026-02-05 13:25:29,727 - AUTO_PILOT - Git Pull Failed: [Errno 2] No such file or directory: 'git'
2026-02-05 13:26:29,787 - AUTO_PILOT - Syncing FROM GitHub (Pull)...
2026-02-05 13:26:29,793 - AUTO_PILOT - Git Pull Failed: [Errno 2] No such file or directory: 'git'
2026-02-05 13:27:29,865 - AUTO_PILOT - Syncing FROM GitHub (Pull)...
2026-02-05 13:27:29,873 - AUTO_PILOT - Git Pull Failed: [Errno 2] No such file or directory: 'git'
2026-02-05 13:28:29,968 - AUTO_PILOT - Syncing FROM GitHub (Pull)...
2026-02-05 13:28:29,971 - AUTO_PILOT - Git Pull Failed: [Errno 2] No such file or directory: 'git'
2026-02-05 13:29:30,042 - AUTO_PILOT - Syncing FROM GitHub (Pull)...
2026-02-05 13:29:30,046 - AUTO_PILOT - Git Pull Failed: [Errno 2] No such file or directory: 'git'
2026-02-05 13:30:30,122 - AUTO_PILOT - Syncing FROM GitHub (Pull)...
2026-02-05 13:30:30,126 - AUTO_PILOT - Git Pull Failed: [Errno 2] No such file or directory: 'git'
2026-02-05 13:31:30,199 - AUTO_PILOT - Syncing FROM GitHub (Pull)...
2026-02-05 13:31:30,204 - AUTO_PILOT - Git Pull Failed: [Errno 2] No such file or directory: 'git'
2026-02-05 13:32:30,275 - AUTO_PILOT - Syncing FROM GitHub (Pull)...
2026-02-05 13:32:30,280 - AUTO_PILOT - Git Pull Failed: [Errno 2] No such file or directory: 'git'
2026-02-05 13:33:30,344 - AUTO_PILOT - Syncing FROM GitHub (Pull)...
2026-02-05 13:33:30,350 - AUTO_PILOT - Git Pull Failed: [Errno 2] No such file or directory: 'git'
2026-02-05 13:34:30,428 - AUTO_PILOT - Syncing FROM GitHub (Pull)...
2026-02-05 13:34:30,436 - AUTO_PILOT - Git Pull Failed: [Errno 2] No such file or directory: 'git'
2026-02-05 13:35:30,534 - AUTO_PILOT - Syncing FROM GitHub (Pull)...
2026-02-05 13:35:30,539 - AUTO_PILOT - Git Pull Failed: [Errno 2] No such file or directory: 'git'
2026-02-05 13:36:30,615 - AUTO_PILOT - Syncing FROM GitHub (Pull)...
2026-02-05 13:36:30,619 - AUTO_PILOT - Git Pull Failed: [Errno 2] No such file or directory: 'git'
2026-02-05 13:37:30,692 - AUTO_PILOT - Syncing FROM GitHub (Pull)...
2026-02-05 13:37:30,696 - AUTO_PILOT - Git Pull Failed: [Errno 2] No such file or directory: 'git'
2026-02-05 13:38:30,768 - AUTO_PILOT - Syncing FROM GitHub (Pull)...
2026-02-05 13:38:30,776 - AUTO_PILOT - Git Pull Failed: [Errno 2] No such file or directory: 'git'
2026-02-05 13:39:30,875 - AUTO_PILOT - Syncing FROM GitHub (Pull)...
2026-02-05 13:39:30,880 - AUTO_PILOT - Git Pull Failed: [Errno 2] No such file or directory: 'git'
2026-02-05 13:40:30,953 - AUTO_PILOT - Syncing FROM GitHub (Pull)...
2026-02-05 13:40:30,959 - AUTO_PILOT - Git Pull Failed: [Errno 2] No such file or directory: 'git'
2026-02-05 13:41:31,049 - AUTO_PILOT - Syncing FROM GitHub (Pull)...
2026-02-05 13:41:31,054 - AUTO_PILOT - Git Pull Failed: [Errno 2] No such file or directory: 'git'
2026-02-05 13:42:31,134 - AUTO_PILOT - Syncing FROM GitHub (Pull)...
2026-02-05 13:42:31,142 - AUTO_PILOT - Git Pull Failed: [Errno 2] No such file or directory: 'git'
2026-02-05 13:43:31,231 - AUTO_PILOT - Syncing FROM GitHub (Pull)...
2026-02-05 13:43:31,235 - AUTO_PILOT - Git Pull Failed: [Errno 2] No such file or directory: 'git'
2026-02-05 13:44:31,309 - AUTO_PILOT - Syncing FROM GitHub (Pull)...
2026-02-05 13:44:31,313 - AUTO_PILOT - Git Pull Failed: [Errno 2] No such file or directory: 'git'
2026-02-05 13:45:31,389 - AUTO_PILOT - Syncing FROM GitHub (Pull)...
2026-02-05 13:45:31,395 - AUTO_PILOT - Git Pull Failed: [Errno 2] No such file or directory: 'git'
2026-02-05 13:46:31,474 - AUTO_PILOT - Syncing FROM GitHub (Pull)...
2026-02-05 13:46:31,480 - AUTO_PILOT - Git Pull Failed: [Errno 2] No such file or directory: 'git'
2026-02-05 13:47:31,575 - AUTO_PILOT - Syncing FROM GitHub (Pull)...
2026-02-05 13:47:31,580 - AUTO_PILOT - Git Pull Failed: [Errno 2] No such file or directory: 'git'
2026-02-05 13:48:31,657 - AUTO_PILOT - Syncing FROM GitHub (Pull)...
2026-02-05 13:48:31,664 - AUTO_PILOT - Git Pull Failed: [Errno 2] No such file or directory: 'git'
2026-02-05 13:49:31,733 - AUTO_PILOT - Syncing FROM GitHub (Pull)...
2026-02-05 13:49:31,738 - AUTO_PILOT - Git Pull Failed: [Errno 2] No such file or directory: 'git'
2026-02-05 13:50:31,807 - AUTO_PILOT - Syncing FROM GitHub (Pull)...
2026-02-05 13:50:31,811 - AUTO_PILOT - Git Pull Failed: [Errno 2] No such file or directory: 'git'
2026-02-05 13:51:31,860 - AUTO_PILOT - Syncing FROM GitHub (Pull)...
2026-02-05 13:51:31,863 - AUTO_PILOT - Git Pull Failed: [Errno 2] No such file or directory: 'git'
2026-02-05 13:52:31,892 - AUTO_PILOT - Syncing FROM GitHub (Pull)...
2026-02-05 13:52:31,898 - AUTO_PILOT - Git Pull Failed: [Errno 2] No such file or directory: 'git'
2026-02-05 13:53:31,990 - AUTO_PILOT - Syncing FROM GitHub (Pull)...
2026-02-05 13:53:31,998 - AUTO_PILOT - Git Pull Failed: [Errno 2] No such file or directory: 'git'
2026-02-05 13:54:32,087 - AUTO_PILOT - Syncing FROM GitHub (Pull)...
2026-02-05 13:54:32,091 - AUTO_PILOT - Git Pull Failed: [Errno 2] No such file or directory: 'git'
2026-02-05 13:55:32,161 - AUTO_PILOT - Syncing FROM GitHub (Pull)...
2026-02-05 13:55:32,167 - AUTO_PILOT - Git Pull Failed: [Errno 2] No such file or directory: 'git'
2026-02-05 13:56:32,257 - AUTO_PILOT - Syncing FROM GitHub (Pull)...
2026-02-05 13:56:32,266 - AUTO_PILOT - Git Pull Failed: [Errno 2] No such file or directory: 'git'
2026-02-05 13:57:32,358 - AUTO_PILOT - Syncing FROM GitHub (Pull)...
2026-02-05 13:57:32,369 - AUTO_PILOT - Git Pull Failed: [Errno 2] No such file or directory: 'git'
2026-02-05 13:58:32,447 - AUTO_PILOT - Syncing FROM GitHub (Pull)...
2026-02-05 13:58:32,454 - AUTO_PILOT - Git Pull Failed: [Errno 2] No such file or directory: 'git'
2026-02-05 13:59:32,542 - AUTO_PILOT - Syncing FROM GitHub (Pull)...
2026-02-05 13:59:32,547 - AUTO_PILOT - Git Pull Failed: [Errno 2] No such file or directory: 'git'
2026-02-05 14:00:32,597 - AUTO_PILOT - Syncing FROM GitHub (Pull)...
2026-02-05 14:00:32,603 - AUTO_PILOT - Git Pull Failed: [Errno 2] No such file or directory: 'git'
2026-02-05 14:01:32,666 - AUTO_PILOT - Syncing FROM GitHub (Pull)...
2026-02-05 14:01:32,671 - AUTO_PILOT - Git Pull Failed: [Errno 2] No such file or directory: 'git'
2026-02-05 14:02:32,749 - AUTO_PILOT - Syncing FROM GitHub (Pull)...
2026-02-05 14:02:32,757 - AUTO_PILOT - Git Pull Failed: [Errno 2] No such file or directory: 'git'
2026-02-05 14:03:32,856 - AUTO_PILOT - Syncing FROM GitHub (Pull)...
2026-02-05 14:03:32,861 - AUTO_PILOT - Git Pull Failed: [Errno 2] No such file or directory: 'git'
2026-02-05 14:04:32,938 - AUTO_PILOT - Syncing FROM GitHub (Pull)...
2026-02-05 14:04:32,942 - AUTO_PILOT - Git Pull Failed: [Errno 2] No such file or directory: 'git'
2026-02-05 14:05:33,012 - AUTO_PILOT - Syncing FROM GitHub (Pull)...
2026-02-05 14:05:33,017 - AUTO_PILOT - Git Pull Failed: [Errno 2] No such file or directory: 'git'
2026-02-05 14:06:33,066 - AUTO_PILOT - Syncing FROM GitHub (Pull)...
2026-02-05 14:06:33,074 - AUTO_PILOT - Git Pull Failed: [Errno 2] No such file or directory: 'git'
2026-02-05 14:07:33,169 - AUTO_PILOT - Syncing FROM GitHub (Pull)...
2026-02-05 14:07:33,175 - AUTO_PILOT - Git Pull Failed: [Errno 2] No such file or directory: 'git'
2026-02-05 14:08:33,248 - AUTO_PILOT - Syncing FROM GitHub (Pull)...
2026-02-05 14:08:33,252 - AUTO_PILOT - Git Pull Failed: [Errno 2] No such file or directory: 'git'
2026-02-05 14:09:33,331 - AUTO_PILOT - Syncing FROM GitHub (Pull)...
2026-02-05 14:09:33,337 - AUTO_PILOT - Git Pull Failed: [Errno 2] No such file or directory: 'git'
2026-02-05 14:10:33,425 - AUTO_PILOT - Syncing FROM GitHub (Pull)...
2026-02-05 14:10:33,430 - AUTO_PILOT - Git Pull Failed: [Errno 2] No such file or directory: 'git'
2026-02-05 14:11:33,518 - AUTO_PILOT - Syncing FROM GitHub (Pull)...
2026-02-05 14:11:33,522 - AUTO_PILOT - Git Pull Failed: [Errno 2] No such file or directory: 'git'
2026-02-05 14:12:33,597 - AUTO_PILOT - Syncing FROM GitHub (Pull)...
2026-02-05 14:12:33,600 - AUTO_PILOT - Git Pull Failed: [Errno 2] No such file or directory: 'git'
2026-02-05 14:13:33,664 - AUTO_PILOT - Syncing FROM GitHub (Pull)...
2026-02-05 14:13:33,670 - AUTO_PILOT - Git Pull Failed: [Errno 2] No such file or directory: 'git'
2026-02-05 14:14:33,758 - AUTO_PILOT - Syncing FROM GitHub (Pull)...
2026-02-05 14:14:33,765 - AUTO_PILOT - Git Pull Failed: [Errno 2] No such file or directory: 'git'
2026-02-05 14:15:33,852 - AUTO_PILOT - Syncing FROM GitHub (Pull)...
2026-02-05 14:15:33,856 - AUTO_PILOT - Git Pull Failed: [Errno 2] No such file or directory: 'git'
2026-02-05 14:16:33,932 - AUTO_PILOT - Syncing FROM GitHub (Pull)...
2026-02-05 14:16:33,937 - AUTO_PILOT - Git Pull Failed: [Errno 2] No such file or directory: 'git'
2026-02-05 14:17:34,026 - AUTO_PILOT - Syncing FROM GitHub (Pull)...
2026-02-05 14:17:34,032 - AUTO_PILOT - Git Pull Failed: [Errno 2] No such file or directory: 'git'
2026-02-05 14:18:34,102 - AUTO_PILOT - Syncing FROM GitHub (Pull)...
2026-02-05 14:18:34,112 - AUTO_PILOT - Git Pull Failed: [Errno 2] No such file or directory: 'git'
2026-02-05 14:19:34,204 - AUTO_PILOT - Syncing FROM GitHub (Pull)...
2026-02-05 14:19:34,210 - AUTO_PILOT - Git Pull Failed: [Errno 2] No such file or directory: 'git'
2026-02-05 14:20:34,287 - AUTO_PILOT - Syncing FROM GitHub (Pull)...
2026-02-05 14:20:34,295 - AUTO_PILOT - Git Pull Failed: [Errno 2] No such file or directory: 'git'
2026-02-05 14:21:34,368 - AUTO_PILOT - Syncing FROM GitHub (Pull)...
2026-02-05 14:21:34,372 - AUTO_PILOT - Git Pull Failed: [Errno 2] No such file or directory: 'git'
2026-02-05 14:22:34,439 - AUTO_PILOT - Syncing FROM GitHub (Pull)...
2026-02-05 14:22:34,443 - AUTO_PILOT - Git Pull Failed: [Errno 2] No such file or directory: 'git'
2026-02-05 14:23:34,515 - AUTO_PILOT - Syncing FROM GitHub (Pull)...
2026-02-05 14:23:34,519 - AUTO_PILOT - Git Pull Failed: [Errno 2] No such file or directory: 'git'
2026-02-05 14:24:34,598 - AUTO_PILOT - Syncing FROM GitHub (Pull)...
2026-02-05 14:24:34,603 - AUTO_PILOT - Git Pull Failed: [Errno 2] No such file or directory: 'git'
2026-02-05 14:25:34,659 - AUTO_PILOT - Syncing FROM GitHub (Pull)...
2026-02-05 14:25:34,666 - AUTO_PILOT - Git Pull Failed: [Errno 2] No such file or directory: 'git'
2026-02-05 14:26:34,693 - AUTO_PILOT - Syncing FROM GitHub (Pull)...
2026-02-05 14:26:34,696 - AUTO_PILOT - Git Pull Failed: [Errno 2] No such file or directory: 'git'
2026-02-05 14:27:34,759 - AUTO_PILOT - Syncing FROM GitHub (Pull)...
2026-02-05 14:27:34,761 - AUTO_PILOT - Git Pull Failed: [Errno 2] No such file or directory: 'git'
2026-02-05 14:28:34,798 - AUTO_PILOT - Syncing FROM GitHub (Pull)...
2026-02-05 14:28:34,799 - AUTO_PILOT - Git Pull Failed: [Errno 2] No such file or directory: 'git'
2026-02-05 14:29:34,808 - AUTO_PILOT - Syncing FROM GitHub (Pull)...
2026-02-05 14:29:34,812 - AUTO_PILOT - Git Pull Failed: [Errno 2] No such file or directory: 'git'
2026-02-05 14:30:34,875 - AUTO_PILOT - Syncing FROM GitHub (Pull)...
2026-02-05 14:30:34,879 - AUTO_PILOT - Git Pull Failed: [Errno 2] No such file or directory: 'git'
2026-02-05 14:31:34,937 - AUTO_PILOT - Syncing FROM GitHub (Pull)...
2026-02-05 14:31:34,938 - AUTO_PILOT - Git Pull Failed: [Errno 2] No such file or directory: 'git'
2026-02-05 14:32:34,995 - AUTO_PILOT - Syncing FROM GitHub (Pull)...
2026-02-05 14:32:35,001 - AUTO_PILOT - Git Pull Failed: [Errno 2] No such file or directory: 'git'
2026-02-05 14:33:35,088 - AUTO_PILOT - Syncing FROM GitHub (Pull)...
2026-02-05 14:33:35,098 - AUTO_PILOT - Git Pull Failed: [Errno 2] No such file or directory: 'git'
2026-02-05 14:34:35,195 - AUTO_PILOT - Syncing FROM GitHub (Pull)...
2026-02-05 14:34:35,202 - AUTO_PILOT - Git Pull Failed: [Errno 2] No such file or directory: 'git'
2026-02-05 14:35:35,295 - AUTO_PILOT - Syncing FROM GitHub (Pull)...
2026-02-05 14:35:35,306 - AUTO_PILOT - Git Pull Failed: [Errno 2] No such file or directory: 'git'
2026-02-05 14:36:35,397 - AUTO_PILOT - Syncing FROM GitHub (Pull)...
2026-02-05 14:36:35,406 - AUTO_PILOT - Git Pull Failed: [Errno 2] No such file or directory: 'git'
2026-02-05 14:37:35,500 - AUTO_PILOT - Syncing FROM GitHub (Pull)...
2026-02-05 14:37:35,510 - AUTO_PILOT - Git Pull Failed: [Errno 2] No such file or directory: 'git'
2026-02-05 14:38:35,605 - AUTO_PILOT - Syncing FROM GitHub (Pull)...
2026-02-05 14:38:35,610 - AUTO_PILOT - Git Pull Failed: [Errno 2] No such file or directory: 'git'
2026-02-05 14:39:35,688 - AUTO_PILOT - Syncing FROM GitHub (Pull)...
2026-02-05 14:39:35,693 - AUTO_PILOT - Git Pull Failed: [Errno 2] No such file or directory: 'git'
2026-02-05 14:40:35,782 - AUTO_PILOT - Syncing FROM GitHub (Pull)...
2026-02-05 14:40:35,791 - AUTO_PILOT - Git Pull Failed: [Errno 2] No such file or directory: 'git'
2026-02-05 14:41:35,889 - AUTO_PILOT - Syncing FROM GitHub (Pull)...
2026-02-05 14:41:35,898 - AUTO_PILOT - Git Pull Failed: [Errno 2] No such file or directory: 'git'
2026-02-05 14:42:35,989 - AUTO_PILOT - Syncing FROM GitHub (Pull)...
2026-02-05 14:42:35,993 - AUTO_PILOT - Git Pull Failed: [Errno 2] No such file or directory: 'git'
2026-02-05 14:43:36,030 - AUTO_PILOT - Syncing FROM GitHub (Pull)...
2026-02-05 14:43:36,041 - AUTO_PILOT - Git Pull Failed: [Errno 2] No such file or directory: 'git'
2026-02-05 14:44:36,130 - AUTO_PILOT - Syncing FROM GitHub (Pull)...
2026-02-05 14:44:36,137 - AUTO_PILOT - Git Pull Failed: [Errno 2] No such file or directory: 'git'
2026-02-05 14:45:36,229 - AUTO_PILOT - Syncing FROM GitHub (Pull)...
2026-02-05 14:45:36,233 - AUTO_PILOT - Git Pull Failed: [Errno 2] No such file or directory: 'git'
2026-02-05 14:46:36,307 - AUTO_PILOT - Syncing FROM GitHub (Pull)...
2026-02-05 14:46:36,311 - AUTO_PILOT - Git Pull Failed: [Errno 2] No such file or directory: 'git'
2026-02-05 14:47:36,388 - AUTO_PILOT - Syncing FROM GitHub (Pull)...
2026-02-05 14:47:36,392 - AUTO_PILOT - Git Pull Failed: [Errno 2] No such file or directory: 'git'
2026-02-05 14:48:36,465 - AUTO_PILOT - Syncing FROM GitHub (Pull)...
2026-02-05 14:48:36,468 - AUTO_PILOT - Git Pull Failed: [Errno 2] No such file or directory: 'git'
2026-02-05 14:49:36,476 - AUTO_PILOT - Syncing FROM GitHub (Pull)...
2026-02-05 14:49:36,483 - AUTO_PILOT - Git Pull Failed: [Errno 2] No such file or directory: 'git'
2026-02-05 14:50:36,581 - AUTO_PILOT - Syncing FROM GitHub (Pull)...
2026-02-05 14:50:36,588 - AUTO_PILOT - Git Pull Failed: [Errno 2] No such file or directory: 'git'
2026-02-05 14:51:36,657 - AUTO_PILOT - Syncing FROM GitHub (Pull)...
2026-02-05 14:51:36,662 - AUTO_PILOT - Git Pull Failed: [Errno 2] No such file or directory: 'git'
2026-02-05 14:52:36,731 - AUTO_PILOT - Syncing FROM GitHub (Pull)...
2026-02-05 14:52:36,739 - AUTO_PILOT - Git Pull Failed: [Errno 2] No such file or directory: 'git'
2026-02-05 14:53:36,829 - AUTO_PILOT - Syncing FROM GitHub (Pull)...
2026-02-05 14:53:36,837 - AUTO_PILOT - Git Pull Failed: [Errno 2] No such file or directory: 'git'
2026-02-05 14:54:36,931 - AUTO_PILOT - Syncing FROM GitHub (Pull)...
2026-02-05 14:54:36,938 - AUTO_PILOT - Git Pull Failed: [Errno 2] No such file or directory: 'git'
2026-02-05 14:55:37,029 - AUTO_PILOT - Syncing FROM GitHub (Pull)...
2026-02-05 14:55:37,038 - AUTO_PILOT - Git Pull Failed: [Errno 2] No such file or directory: 'git'
2026-02-05 14:56:37,122 - AUTO_PILOT - Syncing FROM GitHub (Pull)...
2026-02-05 14:56:37,125 - AUTO_PILOT - Git Pull Failed: [Errno 2] No such file or directory: 'git'
2026-02-05 14:57:37,138 - AUTO_PILOT - Syncing FROM GitHub (Pull)...
2026-02-05 14:57:37,146 - AUTO_PILOT - Git Pull Failed: [Errno 2] No such file or directory: 'git'
2026-02-05 14:58:37,200 - AUTO_PILOT - Syncing FROM GitHub (Pull)...
2026-02-05 14:58:37,204 - AUTO_PILOT - Git Pull Failed: [Errno 2] No such file or directory: 'git'
2026-02-05 14:59:37,279 - AUTO_PILOT - Syncing FROM GitHub (Pull)...
2026-02-05 14:59:37,283 - AUTO_PILOT - Git Pull Failed: [Errno 2] No such file or directory: 'git'
2026-02-05 15:00:37,347 - AUTO_PILOT - Syncing FROM GitHub (Pull)...
2026-02-05 15:00:37,350 - AUTO_PILOT - Git Pull Failed: [Errno 2] No such file or directory: 'git'
2026-02-05 15:01:37,367 - AUTO_PILOT - Syncing FROM GitHub (Pull)...
2026-02-05 15:01:37,371 - AUTO_PILOT - Git Pull Failed: [Errno 2] No such file or directory: 'git'
2026-02-05 15:02:37,442 - AUTO_PILOT - Syncing FROM GitHub (Pull)...
2026-02-05 15:02:37,445 - AUTO_PILOT - Git Pull Failed: [Errno 2] No such file or directory: 'git'
2026-02-05 15:03:37,515 - AUTO_PILOT - Syncing FROM GitHub (Pull)...
2026-02-05 15:03:37,518 - AUTO_PILOT - Git Pull Failed: [Errno 2] No such file or directory: 'git'
2026-02-05 15:04:37,580 - AUTO_PILOT - Syncing FROM GitHub (Pull)...
2026-02-05 15:04:37,585 - AUTO_PILOT - Git Pull Failed: [Errno 2] No such file or directory: 'git'
2026-02-05 15:05:37,664 - AUTO_PILOT - Syncing FROM GitHub (Pull)...
2026-02-05 15:05:37,669 - AUTO_PILOT - Git Pull Failed: [Errno 2] No such file or directory: 'git'
2026-02-05 15:06:37,695 - AUTO_PILOT - Syncing FROM GitHub (Pull)...
2026-02-05 15:06:37,698 - AUTO_PILOT - Git Pull Failed: [Errno 2] No such file or directory: 'git'
2026-02-05 15:07:37,760 - AUTO_PILOT - Syncing FROM GitHub (Pull)...
2026-02-05 15:07:37,764 - AUTO_PILOT - Git Pull Failed: [Errno 2] No such file or directory: 'git'
2026-02-05 15:08:37,837 - AUTO_PILOT - Syncing FROM GitHub (Pull)...
2026-02-05 15:08:37,842 - AUTO_PILOT - Git Pull Failed: [Errno 2] No such file or directory: 'git'
2026-02-05 15:09:37,924 - AUTO_PILOT - Syncing FROM GitHub (Pull)...
2026-02-05 15:09:37,927 - AUTO_PILOT - Git Pull Failed: [Errno 2] No such file or directory: 'git'
2026-02-05 15:10:38,006 - AUTO_PILOT - Syncing FROM GitHub (Pull)...
2026-02-05 15:10:38,010 - AUTO_PILOT - Git Pull Failed: [Errno 2] No such file or directory: 'git'
2026-02-05 15:11:38,087 - AUTO_PILOT - Syncing FROM GitHub (Pull)...
2026-02-05 15:11:38,090 - AUTO_PILOT - Git Pull Failed: [Errno 2] No such file or directory: 'git'
2026-02-05 15:12:38,169 - AUTO_PILOT - Syncing FROM GitHub (Pull)...
2026-02-05 15:12:38,173 - AUTO_PILOT - Git Pull Failed: [Errno 2] No such file or directory: 'git'
2026-02-05 15:13:38,221 - AUTO_PILOT - Syncing FROM GitHub (Pull)...
2026-02-05 15:13:38,225 - AUTO_PILOT - Git Pull Failed: [Errno 2] No such file or directory: 'git'
2026-02-05 15:14:38,301 - AUTO_PILOT - Syncing FROM GitHub (Pull)...
2026-02-05 15:14:38,307 - AUTO_PILOT - Git Pull Failed: [Errno 2] No such file or directory: 'git'
2026-02-05 15:15:38,331 - AUTO_PILOT - Syncing FROM GitHub (Pull)...
2026-02-05 15:15:38,335 - AUTO_PILOT - Git Pull Failed: [Errno 2] No such file or directory: 'git'
2026-02-05 15:16:38,412 - AUTO_PILOT - Syncing FROM GitHub (Pull)...
2026-02-05 15:16:38,417 - AUTO_PILOT - Git Pull Failed: [Errno 2] No such file or directory: 'git'
2026-02-05 15:17:38,500 - AUTO_PILOT - Syncing FROM GitHub (Pull)...
2026-02-05 15:17:38,503 - AUTO_PILOT - Git Pull Failed: [Errno 2] No such file or directory: 'git'
2026-02-05 15:18:38,573 - AUTO_PILOT - Syncing FROM GitHub (Pull)...
2026-02-05 15:18:38,577 - AUTO_PILOT - Git Pull Failed: [Errno 2] No such file or directory: 'git'
2026-02-05 15:19:38,655 - AUTO_PILOT - Syncing FROM GitHub (Pull)...
2026-02-05 15:19:38,659 - AUTO_PILOT - Git Pull Failed: [Errno 2] No such file or directory: 'git'
2026-02-05 15:20:38,737 - AUTO_PILOT - Syncing FROM GitHub (Pull)...
2026-02-05 15:20:38,741 - AUTO_PILOT - Git Pull Failed: [Errno 2] No such file or directory: 'git'
2026-02-05 15:21:38,807 - AUTO_PILOT - Syncing FROM GitHub (Pull)...
2026-02-05 15:21:38,813 - AUTO_PILOT - Git Pull Failed: [Errno 2] No such file or directory: 'git'
2026-02-05 15:22:38,895 - AUTO_PILOT - Syncing FROM GitHub (Pull)...
2026-02-05 15:22:38,899 - AUTO_PILOT - Git Pull Failed: [Errno 2] No such file or directory: 'git'
2026-02-05 15:23:38,975 - AUTO_PILOT - Syncing FROM GitHub (Pull)...
2026-02-05 15:23:38,978 - AUTO_PILOT - Git Pull Failed: [Errno 2] No such file or directory: 'git'
2026-02-05 15:24:39,000 - AUTO_PILOT - Syncing FROM GitHub (Pull)...
2026-02-05 15:24:39,005 - AUTO_PILOT - Git Pull Failed: [Errno 2] No such file or directory: 'git'
2026-02-05 15:25:39,077 - AUTO_PILOT - Syncing FROM GitHub (Pull)...
2026-02-05 15:25:39,081 - AUTO_PILOT - Git Pull Failed: [Errno 2] No such file or directory: 'git'
2026-02-05 15:26:39,157 - AUTO_PILOT - Syncing FROM GitHub (Pull)...
2026-02-05 15:26:39,160 - AUTO_PILOT - Git Pull Failed: [Errno 2] No such file or directory: 'git'
2026-02-05 15:27:39,233 - AUTO_PILOT - Syncing FROM GitHub (Pull)...
2026-02-05 15:27:39,237 - AUTO_PILOT - Git Pull Failed: [Errno 2] No such file or directory: 'git'
2026-02-05 15:28:39,311 - AUTO_PILOT - Syncing FROM GitHub (Pull)...
2026-02-05 15:28:39,316 - AUTO_PILOT - Git Pull Failed: [Errno 2] No such file or directory: 'git'
2026-02-05 15:29:39,380 - AUTO_PILOT - Syncing FROM GitHub (Pull)...
2026-02-05 15:29:39,384 - AUTO_PILOT - Git Pull Failed: [Errno 2] No such file or directory: 'git'
2026-02-05 15:30:39,459 - AUTO_PILOT - Syncing FROM GitHub (Pull)...
2026-02-05 15:30:39,464 - AUTO_PILOT - Git Pull Failed: [Errno 2] No such file or directory: 'git'
2026-02-05 15:31:39,535 - AUTO_PILOT - Syncing FROM GitHub (Pull)...
2026-02-05 15:31:39,539 - AUTO_PILOT - Git Pull Failed: [Errno 2] No such file or directory: 'git'
2026-02-05 15:32:39,572 - AUTO_PILOT - Syncing FROM GitHub (Pull)...
2026-02-05 15:32:39,576 - AUTO_PILOT - Git Pull Failed: [Errno 2] No such file or directory: 'git'
2026-02-05 15:33:39,653 - AUTO_PILOT - Syncing FROM GitHub (Pull)...
2026-02-05 15:33:39,656 - AUTO_PILOT - Git Pull Failed: [Errno 2] No such file or directory: 'git'
2026-02-05 15:34:39,729 - AUTO_PILOT - Syncing FROM GitHub (Pull)...
2026-02-05 15:34:39,733 - AUTO_PILOT - Git Pull Failed: [Errno 2] No such file or directory: 'git'
2026-02-05 15:35:39,813 - AUTO_PILOT - Syncing FROM GitHub (Pull)...
2026-02-05 15:35:39,818 - AUTO_PILOT - Git Pull Failed: [Errno 2] No such file or directory: 'git'
2026-02-05 15:36:39,893 - AUTO_PILOT - Syncing FROM GitHub (Pull)...
2026-02-05 15:36:39,897 - AUTO_PILOT - Git Pull Failed: [Errno 2] No such file or directory: 'git'
2026-02-05 15:37:39,972 - AUTO_PILOT - Syncing FROM GitHub (Pull)...
2026-02-05 15:37:39,976 - AUTO_PILOT - Git Pull Failed: [Errno 2] No such file or directory: 'git'
2026-02-05 15:38:40,051 - AUTO_PILOT - Syncing FROM GitHub (Pull)...
2026-02-05 15:38:40,055 - AUTO_PILOT - Git Pull Failed: [Errno 2] No such file or directory: 'git'
2026-02-05 15:39:40,133 - AUTO_PILOT - Syncing FROM GitHub (Pull)...
2026-02-05 15:39:40,138 - AUTO_PILOT - Git Pull Failed: [Errno 2] No such file or directory: 'git'
2026-02-05 15:40:40,215 - AUTO_PILOT - Syncing FROM GitHub (Pull)...
2026-02-05 15:40:40,220 - AUTO_PILOT - Git Pull Failed: [Errno 2] No such file or directory: 'git'
2026-02-05 15:41:40,304 - AUTO_PILOT - Syncing FROM GitHub (Pull)...
2026-02-05 15:41:40,311 - AUTO_PILOT - Git Pull Failed: [Errno 2] No such file or directory: 'git'
2026-02-05 15:42:40,392 - AUTO_PILOT - Syncing FROM GitHub (Pull)...
2026-02-05 15:42:40,399 - AUTO_PILOT - Git Pull Failed: [Errno 2] No such file or directory: 'git'
2026-02-05 15:43:40,487 - AUTO_PILOT - Syncing FROM GitHub (Pull)...
2026-02-05 15:43:40,492 - AUTO_PILOT - Git Pull Failed: [Errno 2] No such file or directory: 'git'
2026-02-05 15:44:40,563 - AUTO_PILOT - Syncing FROM GitHub (Pull)...
2026-02-05 15:44:40,569 - AUTO_PILOT - Git Pull Failed: [Errno 2] No such file or directory: 'git'
2026-02-05 15:45:40,646 - AUTO_PILOT - Syncing FROM GitHub (Pull)...
2026-02-05 15:45:40,654 - AUTO_PILOT - Git Pull Failed: [Errno 2] No such file or directory: 'git'
2026-02-05 15:46:40,741 - AUTO_PILOT - Syncing FROM GitHub (Pull)...
2026-02-05 15:46:40,744 - AUTO_PILOT - Git Pull Failed: [Errno 2] No such file or directory: 'git'
2026-02-05 15:47:40,806 - AUTO_PILOT - Syncing FROM GitHub (Pull)...
2026-02-05 15:47:40,813 - AUTO_PILOT - Git Pull Failed: [Errno 2] No such file or directory: 'git'
2026-02-05 15:48:40,885 - AUTO_PILOT - Syncing FROM GitHub (Pull)...
2026-02-05 15:48:40,889 - AUTO_PILOT - Git Pull Failed: [Errno 2] No such file or directory: 'git'
2026-02-05 15:49:40,955 - AUTO_PILOT - Syncing FROM GitHub (Pull)...
2026-02-05 15:49:40,962 - AUTO_PILOT - Git Pull Failed: [Errno 2] No such file or directory: 'git'
2026-02-05 15:50:41,037 - AUTO_PILOT - Syncing FROM GitHub (Pull)...
2026-02-05 15:50:41,042 - AUTO_PILOT - Git Pull Failed: [Errno 2] No such file or directory: 'git'
2026-02-05 15:51:41,110 - AUTO_PILOT - Syncing FROM GitHub (Pull)...
2026-02-05 15:51:41,113 - AUTO_PILOT - Git Pull Failed: [Errno 2] No such file or directory: 'git'
2026-02-05 15:52:41,186 - AUTO_PILOT - Syncing FROM GitHub (Pull)...
2026-02-05 15:52:41,193 - AUTO_PILOT - Git Pull Failed: [Errno 2] No such file or directory: 'git'
2026-02-05 15:53:41,278 - AUTO_PILOT - Syncing FROM GitHub (Pull)...
2026-02-05 15:53:41,288 - AUTO_PILOT - Git Pull Failed: [Errno 2] No such file or directory: 'git'
2026-02-05 15:54:41,374 - AUTO_PILOT - Syncing FROM GitHub (Pull)...
2026-02-05 15:54:41,380 - AUTO_PILOT - Git Pull Failed: [Errno 2] No such file or directory: 'git'
2026-02-05 15:55:41,466 - AUTO_PILOT - Syncing FROM GitHub (Pull)...
2026-02-05 15:55:41,469 - AUTO_PILOT - Git Pull Failed: [Errno 2] No such file or directory: 'git'
2026-02-05 15:56:41,495 - AUTO_PILOT - Syncing FROM GitHub (Pull)...
2026-02-05 15:56:41,506 - AUTO_PILOT - Git Pull Failed: [Errno 2] No such file or directory: 'git'
2026-02-05 15:57:41,586 - AUTO_PILOT - Syncing FROM GitHub (Pull)...
2026-02-05 15:57:41,592 - AUTO_PILOT - Git Pull Failed: [Errno 2] No such file or directory: 'git'
2026-02-05 15:58:41,667 - AUTO_PILOT - Syncing FROM GitHub (Pull)...
2026-02-05 15:58:41,671 - AUTO_PILOT - Git Pull Failed: [Errno 2] No such file or directory: 'git'
2026-02-05 15:59:41,734 - AUTO_PILOT - Syncing FROM GitHub (Pull)...
2026-02-05 15:59:41,738 - AUTO_PILOT - Git Pull Failed: [Errno 2] No such file or directory: 'git'
2026-02-05 16:00:41,814 - AUTO_PILOT - Syncing FROM GitHub (Pull)...
2026-02-05 16:00:41,820 - AUTO_PILOT - Git Pull Failed: [Errno 2] No such file or directory: 'git'
2026-02-05 16:01:41,912 - AUTO_PILOT - Syncing FROM GitHub (Pull)...
2026-02-05 16:01:41,916 - AUTO_PILOT - Git Pull Failed: [Errno 2] No such file or directory: 'git'
2026-02-05 16:02:41,993 - AUTO_PILOT - Syncing FROM GitHub (Pull)...
2026-02-05 16:02:41,997 - AUTO_PILOT - Git Pull Failed: [Errno 2] No such file or directory: 'git'
2026-02-05 16:03:42,074 - AUTO_PILOT - Syncing FROM GitHub (Pull)...
2026-02-05 16:03:42,082 - AUTO_PILOT - Git Pull Failed: [Errno 2] No such file or directory: 'git'
2026-02-05 16:04:42,170 - AUTO_PILOT - Syncing FROM GitHub (Pull)...
2026-02-05 16:04:42,176 - AUTO_PILOT - Git Pull Failed: [Errno 2] No such file or directory: 'git'
2026-02-05 16:05:42,262 - AUTO_PILOT - Syncing FROM GitHub (Pull)...
2026-02-05 16:05:42,266 - AUTO_PILOT - Git Pull Failed: [Errno 2] No such file or directory: 'git'
2026-02-05 16:06:42,341 - AUTO_PILOT - Syncing FROM GitHub (Pull)...
2026-02-05 16:06:42,344 - AUTO_PILOT - Git Pull Failed: [Errno 2] No such file or directory: 'git'
2026-02-05 16:07:42,417 - AUTO_PILOT - Syncing FROM GitHub (Pull)...
2026-02-05 16:07:42,420 - AUTO_PILOT - Git Pull Failed: [Errno 2] No such file or directory: 'git'
2026-02-05 16:08:42,498 - AUTO_PILOT - Syncing FROM GitHub (Pull)...
2026-02-05 16:08:42,503 - AUTO_PILOT - Git Pull Failed: [Errno 2] No such file or directory: 'git'
2026-02-05 16:09:42,552 - AUTO_PILOT - Syncing FROM GitHub (Pull)...
2026-02-05 16:09:42,559 - AUTO_PILOT - Git Pull Failed: [Errno 2] No such file or directory: 'git'
2026-02-05 16:10:42,583 - AUTO_PILOT - Syncing FROM GitHub (Pull)...
2026-02-05 16:10:42,589 - AUTO_PILOT - Git Pull Failed: [Errno 2] No such file or directory: 'git'
2026-02-05 16:11:42,678 - AUTO_PILOT - Syncing FROM GitHub (Pull)...
2026-02-05 16:11:42,683 - AUTO_PILOT - Git Pull Failed: [Errno 2] No such file or directory: 'git'
2026-02-05 16:12:42,763 - AUTO_PILOT - Syncing FROM GitHub (Pull)...
2026-02-05 16:12:42,769 - AUTO_PILOT - Git Pull Failed: [Errno 2] No such file or directory: 'git'
2026-02-05 16:13:42,857 - AUTO_PILOT - Syncing FROM GitHub (Pull)...
2026-02-05 16:13:42,862 - AUTO_PILOT - Git Pull Failed: [Errno 2] No such file or directory: 'git'
2026-02-05 16:14:42,949 - AUTO_PILOT - Syncing FROM GitHub (Pull)...
2026-02-05 16:14:42,953 - AUTO_PILOT - Git Pull Failed: [Errno 2] No such file or directory: 'git'
2026-02-05 16:15:42,998 - AUTO_PILOT - Syncing FROM GitHub (Pull)...
2026-02-05 16:15:43,004 - AUTO_PILOT - Git Pull Failed: [Errno 2] No such file or directory: 'git'
2026-02-05 16:16:43,101 - AUTO_PILOT - Syncing FROM GitHub (Pull)...
2026-02-05 16:16:43,109 - AUTO_PILOT - Git Pull Failed: [Errno 2] No such file or directory: 'git'
2026-02-05 16:17:43,204 - AUTO_PILOT - Syncing FROM GitHub (Pull)...
2026-02-05 16:17:43,211 - AUTO_PILOT - Git Pull Failed: [Errno 2] No such file or directory: 'git'
2026-02-05 16:18:43,303 - AUTO_PILOT - Syncing FROM GitHub (Pull)...
2026-02-05 16:18:43,311 - AUTO_PILOT - Git Pull Failed: [Errno 2] No such file or directory: 'git'
2026-02-05 16:19:43,403 - AUTO_PILOT - Syncing FROM GitHub (Pull)...
2026-02-05 16:19:43,412 - AUTO_PILOT - Git Pull Failed: [Errno 2] No such file or directory: 'git'
2026-02-05 16:20:43,508 - AUTO_PILOT - Syncing FROM GitHub (Pull)...
2026-02-05 16:20:43,515 - AUTO_PILOT - Git Pull Failed: [Errno 2] No such file or directory: 'git'
2026-02-05 16:21:43,561 - AUTO_PILOT - Syncing FROM GitHub (Pull)...
2026-02-05 16:21:43,569 - AUTO_PILOT - Git Pull Failed: [Errno 2] No such file or directory: 'git'
2026-02-05 16:22:43,628 - AUTO_PILOT - Syncing FROM GitHub (Pull)...
2026-02-05 16:22:43,631 - AUTO_PILOT - Git Pull Failed: [Errno 2] No such file or directory: 'git'
2026-02-05 16:23:43,700 - AUTO_PILOT - Syncing FROM GitHub (Pull)...
2026-02-05 16:23:43,706 - AUTO_PILOT - Git Pull Failed: [Errno 2] No such file or directory: 'git'
2026-02-05 16:24:43,799 - AUTO_PILOT - Syncing FROM GitHub (Pull)...
2026-02-05 16:24:43,806 - AUTO_PILOT - Git Pull Failed: [Errno 2] No such file or directory: 'git'
2026-02-05 16:25:43,840 - AUTO_PILOT - Syncing FROM GitHub (Pull)...
2026-02-05 16:25:43,846 - AUTO_PILOT - Git Pull Failed: [Errno 2] No such file or directory: 'git'
2026-02-05 16:26:43,936 - AUTO_PILOT - Syncing FROM GitHub (Pull)...
2026-02-05 16:26:43,943 - AUTO_PILOT - Git Pull Failed: [Errno 2] No such file or directory: 'git'
2026-02-05 16:27:44,033 - AUTO_PILOT - Syncing FROM GitHub (Pull)...
2026-02-05 16:27:44,039 - AUTO_PILOT - Git Pull Failed: [Errno 2] No such file or directory: 'git'
2026-02-05 16:28:44,129 - AUTO_PILOT - Syncing FROM GitHub (Pull)...
2026-02-05 16:28:44,134 - AUTO_PILOT - Git Pull Failed: [Errno 2] No such file or directory: 'git'
2026-02-05 16:29:44,224 - AUTO_PILOT - Syncing FROM GitHub (Pull)...
2026-02-05 16:29:44,230 - AUTO_PILOT - Git Pull Failed: [Errno 2] No such file or directory: 'git'
2026-02-05 16:30:44,270 - AUTO_PILOT - Syncing FROM GitHub (Pull)...
2026-02-05 16:30:44,276 - AUTO_PILOT - Git Pull Failed: [Errno 2] No such file or directory: 'git'
2026-02-05 16:31:44,367 - AUTO_PILOT - Syncing FROM GitHub (Pull)...
2026-02-05 16:31:44,374 - AUTO_PILOT - Git Pull Failed: [Errno 2] No such file or directory: 'git'
2026-02-05 16:32:44,436 - AUTO_PILOT - Syncing FROM GitHub (Pull)...
2026-02-05 16:32:44,442 - AUTO_PILOT - Git Pull Failed: [Errno 2] No such file or directory: 'git'
2026-02-05 16:33:44,536 - AUTO_PILOT - Syncing FROM GitHub (Pull)...
2026-02-05 16:33:44,544 - AUTO_PILOT - Git Pull Failed: [Errno 2] No such file or directory: 'git'
2026-02-05 16:34:44,602 - AUTO_PILOT - Syncing FROM GitHub (Pull)...
2026-02-05 16:34:44,610 - AUTO_PILOT - Git Pull Failed: [Errno 2] No such file or directory: 'git'
2026-02-05 16:35:44,681 - AUTO_PILOT - Syncing FROM GitHub (Pull)...
2026-02-05 16:35:44,692 - AUTO_PILOT - Git Pull Failed: [Errno 2] No such file or directory: 'git'
2026-02-05 16:36:44,786 - AUTO_PILOT - Syncing FROM GitHub (Pull)...
2026-02-05 16:36:44,792 - AUTO_PILOT - Git Pull Failed: [Errno 2] No such file or directory: 'git'
2026-02-05 16:37:44,882 - AUTO_PILOT - Syncing FROM GitHub (Pull)...
2026-02-05 16:37:44,889 - AUTO_PILOT - Git Pull Failed: [Errno 2] No such file or directory: 'git'
2026-02-05 16:38:44,926 - AUTO_PILOT - Syncing FROM GitHub (Pull)...
2026-02-05 16:38:44,933 - AUTO_PILOT - Git Pull Failed: [Errno 2] No such file or directory: 'git'
2026-02-05 16:39:45,027 - AUTO_PILOT - Syncing FROM GitHub (Pull)...
2026-02-05 16:39:45,035 - AUTO_PILOT - Git Pull Failed: [Errno 2] No such file or directory: 'git'
2026-02-05 16:40:45,131 - AUTO_PILOT - Syncing FROM GitHub (Pull)...
2026-02-05 16:40:45,138 - AUTO_PILOT - Git Pull Failed: [Errno 2] No such file or directory: 'git'
2026-02-05 16:41:45,203 - AUTO_PILOT - Syncing FROM GitHub (Pull)...
2026-02-05 16:41:45,210 - AUTO_PILOT - Git Pull Failed: [Errno 2] No such file or directory: 'git'
2026-02-05 16:42:45,304 - AUTO_PILOT - Syncing FROM GitHub (Pull)...
2026-02-05 16:42:45,313 - AUTO_PILOT - Git Pull Failed: [Errno 2] No such file or directory: 'git'
2026-02-05 16:43:45,419 - AUTO_PILOT - Syncing FROM GitHub (Pull)...
2026-02-05 16:43:45,427 - AUTO_PILOT - Git Pull Failed: [Errno 2] No such file or directory: 'git'
2026-02-05 16:44:45,519 - AUTO_PILOT - Syncing FROM GitHub (Pull)...
2026-02-05 16:44:45,522 - AUTO_PILOT - Git Pull Failed: [Errno 2] No such file or directory: 'git'
2026-02-05 16:45:45,590 - AUTO_PILOT - Syncing FROM GitHub (Pull)...
2026-02-05 16:45:45,592 - AUTO_PILOT - Git Pull Failed: [Errno 2] No such file or directory: 'git'
2026-02-05 16:46:45,657 - AUTO_PILOT - Syncing FROM GitHub (Pull)...
2026-02-05 16:46:45,661 - AUTO_PILOT - Git Pull Failed: [Errno 2] No such file or directory: 'git'
2026-02-05 16:47:45,725 - AUTO_PILOT - Syncing FROM GitHub (Pull)...
2026-02-05 16:47:45,731 - AUTO_PILOT - Git Pull Failed: [Errno 2] No such file or directory: 'git'
2026-02-05 16:48:45,811 - AUTO_PILOT - Syncing FROM GitHub (Pull)...
2026-02-05 16:48:45,817 - AUTO_PILOT - Git Pull Failed: [Errno 2] No such file or directory: 'git'
2026-02-05 16:49:45,907 - AUTO_PILOT - Syncing FROM GitHub (Pull)...
2026-02-05 16:49:45,914 - AUTO_PILOT - Git Pull Failed: [Errno 2] No such file or directory: 'git'
2026-02-05 16:50:46,006 - AUTO_PILOT - Syncing FROM GitHub (Pull)...
2026-02-05 16:50:46,012 - AUTO_PILOT - Git Pull Failed: [Errno 2] No such file or directory: 'git'
2026-02-05 16:51:46,103 - AUTO_PILOT - Syncing FROM GitHub (Pull)...
2026-02-05 16:51:46,110 - AUTO_PILOT - Git Pull Failed: [Errno 2] No such file or directory: 'git'
2026-02-05 16:52:46,203 - AUTO_PILOT - Syncing FROM GitHub (Pull)...
2026-02-05 16:52:46,211 - AUTO_PILOT - Git Pull Failed: [Errno 2] No such file or directory: 'git'
2026-02-05 16:53:46,304 - AUTO_PILOT - Syncing FROM GitHub (Pull)...
2026-02-05 16:53:46,311 - AUTO_PILOT - Git Pull Failed: [Errno 2] No such file or directory: 'git'
2026-02-05 16:54:46,401 - AUTO_PILOT - Syncing FROM GitHub (Pull)...
2026-02-05 16:54:46,407 - AUTO_PILOT - Git Pull Failed: [Errno 2] No such file or directory: 'git'
2026-02-05 16:55:46,499 - AUTO_PILOT - Syncing FROM GitHub (Pull)...
2026-02-05 16:55:46,506 - AUTO_PILOT - Git Pull Failed: [Errno 2] No such file or directory: 'git'
2026-02-05 16:56:46,599 - AUTO_PILOT - Syncing FROM GitHub (Pull)...
2026-02-05 16:56:46,605 - AUTO_PILOT - Git Pull Failed: [Errno 2] No such file or directory: 'git'
2026-02-05 16:57:46,673 - AUTO_PILOT - Syncing FROM GitHub (Pull)...
2026-02-05 16:57:46,680 - AUTO_PILOT - Git Pull Failed: [Errno 2] No such file or directory: 'git'
2026-02-05 16:58:46,715 - AUTO_PILOT - Syncing FROM GitHub (Pull)...
2026-02-05 16:58:46,721 - AUTO_PILOT - Git Pull Failed: [Errno 2] No such file or directory: 'git'
2026-02-05 16:59:46,814 - AUTO_PILOT - Syncing FROM GitHub (Pull)...
2026-02-05 16:59:46,818 - AUTO_PILOT - Git Pull Failed: [Errno 2] No such file or directory: 'git'
2026-02-05 17:00:46,893 - AUTO_PILOT - Syncing FROM GitHub (Pull)...
2026-02-05 17:00:46,901 - AUTO_PILOT - Git Pull Failed: [Errno 2] No such file or directory: 'git'
2026-02-05 17:01:46,997 - AUTO_PILOT - Syncing FROM GitHub (Pull)...
2026-02-05 17:01:47,006 - AUTO_PILOT - Git Pull Failed: [Errno 2] No such file or directory: 'git'
2026-02-05 17:02:47,099 - AUTO_PILOT - Syncing FROM GitHub (Pull)...
2026-02-05 17:02:47,108 - AUTO_PILOT - Git Pull Failed: [Errno 2] No such file or directory: 'git'
2026-02-05 17:03:47,200 - AUTO_PILOT - Syncing FROM GitHub (Pull)...
2026-02-05 17:03:47,209 - AUTO_PILOT - Git Pull Failed: [Errno 2] No such file or directory: 'git'
2026-02-05 17:04:47,305 - AUTO_PILOT - Syncing FROM GitHub (Pull)...
2026-02-05 17:04:47,313 - AUTO_PILOT - Git Pull Failed: [Errno 2] No such file or directory: 'git'
2026-02-05 17:05:47,388 - AUTO_PILOT - Syncing FROM GitHub (Pull)...
2026-02-05 17:05:47,396 - AUTO_PILOT - Git Pull Failed: [Errno 2] No such file or directory: 'git'
2026-02-05 17:06:47,488 - AUTO_PILOT - Syncing FROM GitHub (Pull)...
2026-02-05 17:06:47,496 - AUTO_PILOT - Git Pull Failed: [Errno 2] No such file or directory: 'git'
2026-02-05 17:07:47,590 - AUTO_PILOT - Syncing FROM GitHub (Pull)...
2026-02-05 17:07:47,598 - AUTO_PILOT - Git Pull Failed: [Errno 2] No such file or directory: 'git'
2026-02-05 17:08:47,681 - AUTO_PILOT - Syncing FROM GitHub (Pull)...
2026-02-05 17:08:47,691 - AUTO_PILOT - Git Pull Failed: [Errno 2] No such file or directory: 'git'
2026-02-05 17:09:47,783 - AUTO_PILOT - Syncing FROM GitHub (Pull)...
2026-02-05 17:09:47,793 - AUTO_PILOT - Git Pull Failed: [Errno 2] No such file or directory: 'git'
2026-02-05 17:10:47,889 - AUTO_PILOT - Syncing FROM GitHub (Pull)...
2026-02-05 17:10:47,898 - AUTO_PILOT - Git Pull Failed: [Errno 2] No such file or directory: 'git'
2026-02-05 17:11:47,993 - AUTO_PILOT - Syncing FROM GitHub (Pull)...
2026-02-05 17:11:48,001 - AUTO_PILOT - Git Pull Failed: [Errno 2] No such file or directory: 'git'
2026-02-05 17:12:48,094 - AUTO_PILOT - Syncing FROM GitHub (Pull)...
2026-02-05 17:12:48,100 - AUTO_PILOT - Git Pull Failed: [Errno 2] No such file or directory: 'git'
2026-02-05 17:13:48,192 - AUTO_PILOT - Syncing FROM GitHub (Pull)...
2026-02-05 17:13:48,200 - AUTO_PILOT - Git Pull Failed: [Errno 2] No such file or directory: 'git'
2026-02-05 17:14:48,250 - AUTO_PILOT - Syncing FROM GitHub (Pull)...
2026-02-05 17:14:48,259 - AUTO_PILOT - Git Pull Failed: [Errno 2] No such file or directory: 'git'
2026-02-05 17:15:48,396 - AUTO_PILOT - Syncing FROM GitHub (Pull)...
2026-02-05 17:15:48,403 - AUTO_PILOT - Git Pull Failed: [Errno 2] No such file or directory: 'git'
2026-02-05 17:16:48,497 - AUTO_PILOT - Syncing FROM GitHub (Pull)...
2026-02-05 17:16:48,503 - AUTO_PILOT - Git Pull Failed: [Errno 2] No such file or directory: 'git'
2026-02-05 17:17:48,589 - AUTO_PILOT - Syncing FROM GitHub (Pull)...
2026-02-05 17:17:48,596 - AUTO_PILOT - Git Pull Failed: [Errno 2] No such file or directory: 'git'
2026-02-05 17:18:48,684 - AUTO_PILOT - Syncing FROM GitHub (Pull)...
2026-02-05 17:18:48,689 - AUTO_PILOT - Git Pull Failed: [Errno 2] No such file or directory: 'git'
2026-02-05 17:19:48,717 - AUTO_PILOT - Syncing FROM GitHub (Pull)...
2026-02-05 17:19:48,721 - AUTO_PILOT - Git Pull Failed: [Errno 2] No such file or directory: 'git'
2026-02-05 17:20:48,754 - AUTO_PILOT - Syncing FROM GitHub (Pull)...
2026-02-05 17:20:48,762 - AUTO_PILOT - Git Pull Failed: [Errno 2] No such file or directory: 'git'
2026-02-05 17:21:48,853 - AUTO_PILOT - Syncing FROM GitHub (Pull)...
2026-02-05 17:21:48,860 - AUTO_PILOT - Git Pull Failed: [Errno 2] No such file or directory: 'git'
2026-02-05 17:22:48,954 - AUTO_PILOT - Syncing FROM GitHub (Pull)...
2026-02-05 17:22:48,960 - AUTO_PILOT - Git Pull Failed: [Errno 2] No such file or directory: 'git'
2026-02-05 17:23:49,052 - AUTO_PILOT - Syncing FROM GitHub (Pull)...
2026-02-05 17:23:49,057 - AUTO_PILOT - Git Pull Failed: [Errno 2] No such file or directory: 'git'
2026-02-05 17:24:49,149 - AUTO_PILOT - Syncing FROM GitHub (Pull)...
2026-02-05 17:24:49,155 - AUTO_PILOT - Git Pull Failed: [Errno 2] No such file or directory: 'git'
2026-02-05 17:25:49,247 - AUTO_PILOT - Syncing FROM GitHub (Pull)...
2026-02-05 17:25:49,254 - AUTO_PILOT - Git Pull Failed: [Errno 2] No such file or directory: 'git'
2026-02-05 17:26:49,345 - AUTO_PILOT - Syncing FROM GitHub (Pull)...
2026-02-05 17:26:49,351 - AUTO_PILOT - Git Pull Failed: [Errno 2] No such file or directory: 'git'
2026-02-05 17:27:49,439 - AUTO_PILOT - Syncing FROM GitHub (Pull)...
2026-02-05 17:27:49,444 - AUTO_PILOT - Git Pull Failed: [Errno 2] No such file or directory: 'git'
2026-02-05 17:28:49,523 - AUTO_PILOT - Syncing FROM GitHub (Pull)...
2026-02-05 17:28:49,529 - AUTO_PILOT - Git Pull Failed: [Errno 2] No such file or directory: 'git'
2026-02-05 17:29:49,620 - AUTO_PILOT - Syncing FROM GitHub (Pull)...
2026-02-05 17:29:49,626 - AUTO_PILOT - Git Pull Failed: [Errno 2] No such file or directory: 'git'
2026-02-05 17:30:49,722 - AUTO_PILOT - Syncing FROM GitHub (Pull)...
2026-02-05 17:30:49,730 - AUTO_PILOT - Git Pull Failed: [Errno 2] No such file or directory: 'git'
2026-02-05 17:31:49,822 - AUTO_PILOT - Syncing FROM GitHub (Pull)...
2026-02-05 17:31:49,829 - AUTO_PILOT - Git Pull Failed: [Errno 2] No such file or directory: 'git'
2026-02-05 17:32:49,921 - AUTO_PILOT - Syncing FROM GitHub (Pull)...
2026-02-05 17:32:49,928 - AUTO_PILOT - Git Pull Failed: [Errno 2] No such file or directory: 'git'
2026-02-05 17:33:50,020 - AUTO_PILOT - Syncing FROM GitHub (Pull)...
2026-02-05 17:33:50,028 - AUTO_PILOT - Git Pull Failed: [Errno 2] No such file or directory: 'git'
2026-02-05 17:34:50,123 - AUTO_PILOT - Syncing FROM GitHub (Pull)...
2026-02-05 17:34:50,128 - AUTO_PILOT - Git Pull Failed: [Errno 2] No such file or directory: 'git'
2026-02-05 17:35:50,188 - AUTO_PILOT - Syncing FROM GitHub (Pull)...
2026-02-05 17:35:50,191 - AUTO_PILOT - Git Pull Failed: [Errno 2] No such file or directory: 'git'
2026-02-05 17:36:50,252 - AUTO_PILOT - Syncing FROM GitHub (Pull)...
2026-02-05 17:36:50,255 - AUTO_PILOT - Git Pull Failed: [Errno 2] No such file or directory: 'git'
2026-02-05 17:37:50,321 - AUTO_PILOT - Syncing FROM GitHub (Pull)...
2026-02-05 17:37:50,323 - AUTO_PILOT - Git Pull Failed: [Errno 2] No such file or directory: 'git'
2026-02-05 17:38:50,384 - AUTO_PILOT - Syncing FROM GitHub (Pull)...
2026-02-05 17:38:50,387 - AUTO_PILOT - Git Pull Failed: [Errno 2] No such file or directory: 'git'
2026-02-05 17:39:50,450 - AUTO_PILOT - Syncing FROM GitHub (Pull)...
2026-02-05 17:39:50,460 - AUTO_PILOT - Git Pull Failed: [Errno 2] No such file or directory: 'git'
2026-02-05 17:40:50,531 - AUTO_PILOT - Syncing FROM GitHub (Pull)...
2026-02-05 17:40:50,536 - AUTO_PILOT - Git Pull Failed: [Errno 2] No such file or directory: 'git'
2026-02-05 17:41:50,610 - AUTO_PILOT - Syncing FROM GitHub (Pull)...
2026-02-05 17:41:50,612 - AUTO_PILOT - Git Pull Failed: [Errno 2] No such file or directory: 'git'
2026-02-05 17:42:50,635 - AUTO_PILOT - Syncing FROM GitHub (Pull)...
2026-02-05 17:42:50,642 - AUTO_PILOT - Git Pull Failed: [Errno 2] No such file or directory: 'git'
2026-02-05 17:43:50,716 - AUTO_PILOT - Syncing FROM GitHub (Pull)...
2026-02-05 17:43:50,725 - AUTO_PILOT - Git Pull Failed: [Errno 2] No such file or directory: 'git'
2026-02-05 17:44:50,793 - AUTO_PILOT - Syncing FROM GitHub (Pull)...
2026-02-05 17:44:50,797 - AUTO_PILOT - Git Pull Failed: [Errno 2] No such file or directory: 'git'
2026-02-05 17:45:50,862 - AUTO_PILOT - Syncing FROM GitHub (Pull)...
2026-02-05 17:45:50,867 - AUTO_PILOT - Git Pull Failed: [Errno 2] No such file or directory: 'git'
2026-02-05 17:46:50,937 - AUTO_PILOT - Syncing FROM GitHub (Pull)...
2026-02-05 17:46:50,940 - AUTO_PILOT - Git Pull Failed: [Errno 2] No such file or directory: 'git'
2026-02-05 17:47:51,003 - AUTO_PILOT - Syncing FROM GitHub (Pull)...
2026-02-05 17:47:51,012 - AUTO_PILOT - Git Pull Failed: [Errno 2] No such file or directory: 'git'
2026-02-05 17:48:51,091 - AUTO_PILOT - Syncing FROM GitHub (Pull)...
2026-02-05 17:48:51,093 - AUTO_PILOT - Git Pull Failed: [Errno 2] No such file or directory: 'git'
2026-02-05 17:49:51,155 - AUTO_PILOT - Syncing FROM GitHub (Pull)...
2026-02-05 17:49:51,157 - AUTO_PILOT - Git Pull Failed: [Errno 2] No such file or directory: 'git'
2026-02-05 17:50:51,219 - AUTO_PILOT - Syncing FROM GitHub (Pull)...
2026-02-05 17:50:51,225 - AUTO_PILOT - Git Pull Failed: [Errno 2] No such file or directory: 'git'
2026-02-05 17:51:51,314 - AUTO_PILOT - Syncing FROM GitHub (Pull)...
2026-02-05 17:51:51,316 - AUTO_PILOT - Git Pull Failed: [Errno 2] No such file or directory: 'git'
2026-02-05 17:52:51,346 - AUTO_PILOT - Syncing FROM GitHub (Pull)...
2026-02-05 17:52:51,349 - AUTO_PILOT - Git Pull Failed: [Errno 2] No such file or directory: 'git'
2026-02-05 17:53:51,419 - AUTO_PILOT - Syncing FROM GitHub (Pull)...
2026-02-05 17:53:51,425 - AUTO_PILOT - Git Pull Failed: [Errno 2] No such file or directory: 'git'
2026-02-05 17:54:51,500 - AUTO_PILOT - Syncing FROM GitHub (Pull)...
2026-02-05 17:54:51,504 - AUTO_PILOT - Git Pull Failed: [Errno 2] No such file or directory: 'git'
2026-02-05 17:55:51,555 - AUTO_PILOT - Syncing FROM GitHub (Pull)...
2026-02-05 17:55:51,563 - AUTO_PILOT - Git Pull Failed: [Errno 2] No such file or directory: 'git'
2026-02-05 17:56:51,644 - AUTO_PILOT - Syncing FROM GitHub (Pull)...
2026-02-05 17:56:51,645 - AUTO_PILOT - Git Pull Failed: [Errno 2] No such file or directory: 'git'
2026-02-07 13:24:31,885 - AUTO_PILOT - Auto-Pilot Started. Schedule: Daily at 12:00 AM (Midnight).
2026-02-07 13:24:31,889 - AUTO_PILOT - Next run scheduled for: 2026-02-08 00:00:00
2026-02-07 13:24:31,890 - AUTO_PILOT - Syncing FROM GitHub (Pull)...
2026-02-07 13:24:31,892 - AUTO_PILOT - Git Pull Failed: [Errno 2] No such file or directory: 'git'
2026-02-07 13:25:31,960 - AUTO_PILOT - Syncing FROM GitHub (Pull)...
2026-02-07 13:25:31,962 - AUTO_PILOT - Git Pull Failed: [Errno 2] No such file or directory: 'git'
2026-02-07 13:26:32,023 - AUTO_PILOT - Syncing FROM GitHub (Pull)...
2026-02-07 13:26:32,024 - AUTO_PILOT - Git Pull Failed: [Errno 2] No such file or directory: 'git'
2026-02-07 13:27:32,085 - AUTO_PILOT - Syncing FROM GitHub (Pull)...
2026-02-07 13:27:32,090 - AUTO_PILOT - Git Pull Failed: [Errno 2] No such file or directory: 'git'
2026-02-07 13:28:32,185 - AUTO_PILOT - Syncing FROM GitHub (Pull)...
2026-02-07 13:28:32,190 - AUTO_PILOT - Git Pull Failed: [Errno 2] No such file or directory: 'git'
2026-02-07 13:29:32,277 - AUTO_PILOT - Syncing FROM GitHub (Pull)...
2026-02-07 13:29:32,280 - AUTO_PILOT - Git Pull Failed: [Errno 2] No such file or directory: 'git'
2026-02-07 13:30:32,345 - AUTO_PILOT - Syncing FROM GitHub (Pull)...
2026-02-07 13:30:32,351 - AUTO_PILOT - Git Pull Failed: [Errno 2] No such file or directory: 'git'
2026-02-07 13:31:32,435 - AUTO_PILOT - Syncing FROM GitHub (Pull)...
2026-02-07 13:31:32,440 - AUTO_PILOT - Git Pull Failed: [Errno 2] No such file or directory: 'git'
2026-02-07 13:32:32,519 - AUTO_PILOT - Syncing FROM GitHub (Pull)...
2026-02-07 13:32:32,523 - AUTO_PILOT - Git Pull Failed: [Errno 2] No such file or directory: 'git'
2026-02-07 13:33:32,603 - AUTO_PILOT - Syncing FROM GitHub (Pull)...
2026-02-07 13:33:32,607 - AUTO_PILOT - Git Pull Failed: [Errno 2] No such file or directory: 'git'
2026-02-07 13:34:32,679 - AUTO_PILOT - Syncing FROM GitHub (Pull)...
2026-02-07 13:34:32,683 - AUTO_PILOT - Git Pull Failed: [Errno 2] No such file or directory: 'git'
2026-02-07 13:35:32,748 - AUTO_PILOT - Syncing FROM GitHub (Pull)...
2026-02-07 13:35:32,753 - AUTO_PILOT - Git Pull Failed: [Errno 2] No such file or directory: 'git'
2026-02-07 13:36:32,814 - AUTO_PILOT - Syncing FROM GitHub (Pull)...
2026-02-07 13:36:32,819 - AUTO_PILOT - Git Pull Failed: [Errno 2] No such file or directory: 'git'
2026-02-07 13:37:32,843 - AUTO_PILOT - Syncing FROM GitHub (Pull)...
2026-02-07 13:37:32,847 - AUTO_PILOT - Git Pull Failed: [Errno 2] No such file or directory: 'git'
2026-02-07 13:38:32,915 - AUTO_PILOT - Syncing FROM GitHub (Pull)...
2026-02-07 13:38:32,917 - AUTO_PILOT - Git Pull Failed: [Errno 2] No such file or directory: 'git'
2026-02-07 13:39:32,982 - AUTO_PILOT - Syncing FROM GitHub (Pull)...
2026-02-07 13:39:32,987 - AUTO_PILOT - Git Pull Failed: [Errno 2] No such file or directory: 'git'
2026-02-07 13:40:33,014 - AUTO_PILOT - Syncing FROM GitHub (Pull)...
2026-02-07 13:40:33,018 - AUTO_PILOT - Git Pull Failed: [Errno 2] No such file or directory: 'git'
2026-02-07 13:41:33,101 - AUTO_PILOT - Syncing FROM GitHub (Pull)...
2026-02-07 13:41:33,105 - AUTO_PILOT - Git Pull Failed: [Errno 2] No such file or directory: 'git'
2026-02-07 13:42:33,181 - AUTO_PILOT - Syncing FROM GitHub (Pull)...
2026-02-07 13:42:33,186 - AUTO_PILOT - Git Pull Failed: [Errno 2] No such file or directory: 'git'
2026-02-07 13:43:33,249 - AUTO_PILOT - Syncing FROM GitHub (Pull)...
2026-02-07 13:43:33,251 - AUTO_PILOT - Git Pull Failed: [Errno 2] No such file or directory: 'git'
2026-02-07 13:44:33,305 - AUTO_PILOT - Syncing FROM GitHub (Pull)...
2026-02-07 13:44:33,312 - AUTO_PILOT - Git Pull Failed: [Errno 2] No such file or directory: 'git'
2026-02-07 13:45:33,366 - AUTO_PILOT - Syncing FROM GitHub (Pull)...
2026-02-07 13:45:33,373 - AUTO_PILOT - Git Pull Failed: [Errno 2] No such file or directory: 'git'
2026-02-07 13:46:33,451 - AUTO_PILOT - Syncing FROM GitHub (Pull)...
2026-02-07 13:46:33,457 - AUTO_PILOT - Git Pull Failed: [Errno 2] No such file or directory: 'git'
2026-02-07 13:47:33,545 - AUTO_PILOT - Syncing FROM GitHub (Pull)...
2026-02-07 13:47:33,550 - AUTO_PILOT - Git Pull Failed: [Errno 2] No such file or directory: 'git'
2026-02-07 13:48:33,634 - AUTO_PILOT - Syncing FROM GitHub (Pull)...
2026-02-07 13:48:33,641 - AUTO_PILOT - Git Pull Failed: [Errno 2] No such file or directory: 'git'
2026-02-07 13:49:33,705 - AUTO_PILOT - Syncing FROM GitHub (Pull)...
2026-02-07 13:49:33,709 - AUTO_PILOT - Git Pull Failed: [Errno 2] No such file or directory: 'git'
2026-02-07 13:50:33,772 - AUTO_PILOT - Syncing FROM GitHub (Pull)...
2026-02-07 13:50:33,780 - AUTO_PILOT - Git Pull Failed: [Errno 2] No such file or directory: 'git'
2026-02-07 13:51:33,842 - AUTO_PILOT - Syncing FROM GitHub (Pull)...
2026-02-07 13:51:33,847 - AUTO_PILOT - Git Pull Failed: [Errno 2] No such file or directory: 'git'
2026-02-07 13:52:33,931 - AUTO_PILOT - Syncing FROM GitHub (Pull)...
2026-02-07 13:52:33,936 - AUTO_PILOT - Git Pull Failed: [Errno 2] No such file or directory: 'git'
2026-02-07 13:53:34,016 - AUTO_PILOT - Syncing FROM GitHub (Pull)...
2026-02-07 13:53:34,021 - AUTO_PILOT - Git Pull Failed: [Errno 2] No such file or directory: 'git'
2026-02-07 13:54:34,103 - AUTO_PILOT - Syncing FROM GitHub (Pull)...
2026-02-07 13:54:34,108 - AUTO_PILOT - Git Pull Failed: [Errno 2] No such file or directory: 'git'
2026-02-07 13:55:34,188 - AUTO_PILOT - Syncing FROM GitHub (Pull)...
2026-02-07 13:55:34,193 - AUTO_PILOT - Git Pull Failed: [Errno 2] No such file or directory: 'git'
2026-02-07 13:56:34,273 - AUTO_PILOT - Syncing FROM GitHub (Pull)...
2026-02-07 13:56:34,277 - AUTO_PILOT - Git Pull Failed: [Errno 2] No such file or directory: 'git'
2026-02-07 13:57:34,359 - AUTO_PILOT - Syncing FROM GitHub (Pull)...
2026-02-07 13:57:34,363 - AUTO_PILOT - Git Pull Failed: [Errno 2] No such file or directory: 'git'
2026-02-07 13:58:34,418 - AUTO_PILOT - Syncing FROM GitHub (Pull)...
2026-02-07 13:58:34,421 - AUTO_PILOT - Git Pull Failed: [Errno 2] No such file or directory: 'git'
2026-02-07 13:59:34,475 - AUTO_PILOT - Syncing FROM GitHub (Pull)...
2026-02-07 13:59:34,481 - AUTO_PILOT - Git Pull Failed: [Errno 2] No such file or directory: 'git'
2026-02-07 14:00:34,566 - AUTO_PILOT - Syncing FROM GitHub (Pull)...
2026-02-07 14:00:34,573 - AUTO_PILOT - Git Pull Failed: [Errno 2] No such file or directory: 'git'
2026-02-07 14:01:34,637 - AUTO_PILOT - Syncing FROM GitHub (Pull)...
2026-02-07 14:01:34,642 - AUTO_PILOT - Git Pull Failed: [Errno 2] No such file or directory: 'git'
2026-02-07 14:02:34,728 - AUTO_PILOT - Syncing FROM GitHub (Pull)...
2026-02-07 14:02:34,733 - AUTO_PILOT - Git Pull Failed: [Errno 2] No such file or directory: 'git'
2026-02-07 14:03:34,757 - AUTO_PILOT - Syncing FROM GitHub (Pull)...
2026-02-07 14:03:34,762 - AUTO_PILOT - Git Pull Failed: [Errno 2] No such file or directory: 'git'
2026-02-07 14:04:34,847 - AUTO_PILOT - Syncing FROM GitHub (Pull)...
2026-02-07 14:04:34,853 - AUTO_PILOT - Git Pull Failed: [Errno 2] No such file or directory: 'git'
2026-02-07 14:05:34,910 - AUTO_PILOT - Syncing FROM GitHub (Pull)...
2026-02-07 14:05:34,917 - AUTO_PILOT - Git Pull Failed: [Errno 2] No such file or directory: 'git'
2026-02-07 14:06:34,987 - AUTO_PILOT - Syncing FROM GitHub (Pull)...
2026-02-07 14:06:34,992 - AUTO_PILOT - Git Pull Failed: [Errno 2] No such file or directory: 'git'
2026-02-07 14:07:35,076 - AUTO_PILOT - Syncing FROM GitHub (Pull)...
2026-02-07 14:07:35,081 - AUTO_PILOT - Git Pull Failed: [Errno 2] No such file or directory: 'git'
2026-02-07 14:08:35,164 - AUTO_PILOT - Syncing FROM GitHub (Pull)...
2026-02-07 14:08:35,169 - AUTO_PILOT - Git Pull Failed: [Errno 2] No such file or directory: 'git'
2026-02-07 14:09:35,226 - AUTO_PILOT - Syncing FROM GitHub (Pull)...
2026-02-07 14:09:35,231 - AUTO_PILOT - Git Pull Failed: [Errno 2] No such file or directory: 'git'
2026-02-07 14:10:35,263 - AUTO_PILOT - Syncing FROM GitHub (Pull)...
2026-02-07 14:10:35,268 - AUTO_PILOT - Git Pull Failed: [Errno 2] No such file or directory: 'git'
2026-02-07 14:11:35,328 - AUTO_PILOT - Syncing FROM GitHub (Pull)...
2026-02-07 14:11:35,330 - AUTO_PILOT - Git Pull Failed: [Errno 2] No such file or directory: 'git'
2026-02-07 14:12:35,391 - AUTO_PILOT - Syncing FROM GitHub (Pull)...
2026-02-07 14:12:35,396 - AUTO_PILOT - Git Pull Failed: [Errno 2] No such file or directory: 'git'
2026-02-07 14:13:35,464 - AUTO_PILOT - Syncing FROM GitHub (Pull)...
2026-02-07 14:13:35,468 - AUTO_PILOT - Git Pull Failed: [Errno 2] No such file or directory: 'git'
2026-02-07 14:14:35,534 - AUTO_PILOT - Syncing FROM GitHub (Pull)...
2026-02-07 14:14:35,541 - AUTO_PILOT - Git Pull Failed: [Errno 2] No such file or directory: 'git'
2026-02-07 14:15:35,613 - AUTO_PILOT - Syncing FROM GitHub (Pull)...
2026-02-07 14:15:35,619 - AUTO_PILOT - Git Pull Failed: [Errno 2] No such file or directory: 'git'
2026-02-07 14:16:35,645 - AUTO_PILOT - Syncing FROM GitHub (Pull)...
2026-02-07 14:16:35,650 - AUTO_PILOT - Git Pull Failed: [Errno 2] No such file or directory: 'git'
2026-02-07 14:17:35,727 - AUTO_PILOT - Syncing FROM GitHub (Pull)...
2026-02-07 14:17:35,733 - AUTO_PILOT - Git Pull Failed: [Errno 2] No such file or directory: 'git'
2026-02-07 14:18:35,811 - AUTO_PILOT - Syncing FROM GitHub (Pull)...
2026-02-07 14:18:35,818 - AUTO_PILOT - Git Pull Failed: [Errno 2] No such file or directory: 'git'
2026-02-07 14:19:35,892 - AUTO_PILOT - Syncing FROM GitHub (Pull)...
2026-02-07 14:19:35,897 - AUTO_PILOT - Git Pull Failed: [Errno 2] No such file or directory: 'git'
2026-02-07 14:20:35,918 - AUTO_PILOT - Syncing FROM GitHub (Pull)...
2026-02-07 14:20:35,924 - AUTO_PILOT - Git Pull Failed: [Errno 2] No such file or directory: 'git'
2026-02-07 14:21:36,007 - AUTO_PILOT - Syncing FROM GitHub (Pull)...
2026-02-07 14:21:36,012 - AUTO_PILOT - Git Pull Failed: [Errno 2] No such file or directory: 'git'
2026-02-07 14:22:36,068 - AUTO_PILOT - Syncing FROM GitHub (Pull)...
2026-02-07 14:22:36,072 - AUTO_PILOT - Git Pull Failed: [Errno 2] No such file or directory: 'git'
2026-02-07 14:23:36,148 - AUTO_PILOT - Syncing FROM GitHub (Pull)...
2026-02-07 14:23:36,153 - AUTO_PILOT - Git Pull Failed: [Errno 2] No such file or directory: 'git'
2026-02-07 14:24:36,231 - AUTO_PILOT - Syncing FROM GitHub (Pull)...
2026-02-07 14:24:36,236 - AUTO_PILOT - Git Pull Failed: [Errno 2] No such file or directory: 'git'
2026-02-07 14:25:36,312 - AUTO_PILOT - Syncing FROM GitHub (Pull)...
2026-02-07 14:25:36,317 - AUTO_PILOT - Git Pull Failed: [Errno 2] No such file or directory: 'git'
2026-02-07 14:26:36,396 - AUTO_PILOT - Syncing FROM GitHub (Pull)...
2026-02-07 14:26:36,402 - AUTO_PILOT - Git Pull Failed: [Errno 2] No such file or directory: 'git'
2026-02-07 14:27:36,481 - AUTO_PILOT - Syncing FROM GitHub (Pull)...
2026-02-07 14:27:36,484 - AUTO_PILOT - Git Pull Failed: [Errno 2] No such file or directory: 'git'
2026-02-07 14:28:36,542 - AUTO_PILOT - Syncing FROM GitHub (Pull)...
2026-02-07 14:28:36,547 - AUTO_PILOT - Git Pull Failed: [Errno 2] No such file or directory: 'git'
2026-02-07 14:29:36,625 - AUTO_PILOT - Syncing FROM GitHub (Pull)...
2026-02-07 14:29:36,629 - AUTO_PILOT - Git Pull Failed: [Errno 2] No such file or directory: 'git'
2026-02-07 14:30:36,675 - AUTO_PILOT - Syncing FROM GitHub (Pull)...
2026-02-07 14:30:36,682 - AUTO_PILOT - Git Pull Failed: [Errno 2] No such file or directory: 'git'
2026-02-07 14:31:36,711 - AUTO_PILOT - Syncing FROM GitHub (Pull)...
2026-02-07 14:31:36,716 - AUTO_PILOT - Git Pull Failed: [Errno 2] No such file or directory: 'git'
2026-02-07 14:32:36,795 - AUTO_PILOT - Syncing FROM GitHub (Pull)...
2026-02-07 14:32:36,800 - AUTO_PILOT - Git Pull Failed: [Errno 2] No such file or directory: 'git'
2026-02-07 14:33:36,867 - AUTO_PILOT - Syncing FROM GitHub (Pull)...
2026-02-07 14:33:36,872 - AUTO_PILOT - Git Pull Failed: [Errno 2] No such file or directory: 'git'
2026-02-07 14:34:36,944 - AUTO_PILOT - Syncing FROM GitHub (Pull)...
2026-02-07 14:34:36,952 - AUTO_PILOT - Git Pull Failed: [Errno 2] No such file or directory: 'git'
2026-02-07 14:35:37,004 - AUTO_PILOT - Syncing FROM GitHub (Pull)...
2026-02-07 14:35:37,009 - AUTO_PILOT - Git Pull Failed: [Errno 2] No such file or directory: 'git'
2026-02-07 14:36:37,069 - AUTO_PILOT - Syncing FROM GitHub (Pull)...
2026-02-07 14:36:37,074 - AUTO_PILOT - Git Pull Failed: [Errno 2] No such file or directory: 'git'
2026-02-07 14:37:37,154 - AUTO_PILOT - Syncing FROM GitHub (Pull)...
2026-02-07 14:37:37,158 - AUTO_PILOT - Git Pull Failed: [Errno 2] No such file or directory: 'git'
2026-02-07 14:38:37,234 - AUTO_PILOT - Syncing FROM GitHub (Pull)...
2026-02-07 14:38:37,238 - AUTO_PILOT - Git Pull Failed: [Errno 2] No such file or directory: 'git'
2026-02-07 14:39:37,315 - AUTO_PILOT - Syncing FROM GitHub (Pull)...
2026-02-07 14:39:37,320 - AUTO_PILOT - Git Pull Failed: [Errno 2] No such file or directory: 'git'
2026-02-07 14:40:37,401 - AUTO_PILOT - Syncing FROM GitHub (Pull)...
2026-02-07 14:40:37,405 - AUTO_PILOT - Git Pull Failed: [Errno 2] No such file or directory: 'git'
2026-02-07 14:41:37,423 - AUTO_PILOT - Syncing FROM GitHub (Pull)...
2026-02-07 14:41:37,428 - AUTO_PILOT - Git Pull Failed: [Errno 2] No such file or directory: 'git'
2026-02-07 14:42:37,505 - AUTO_PILOT - Syncing FROM GitHub (Pull)...
2026-02-07 14:42:37,509 - AUTO_PILOT - Git Pull Failed: [Errno 2] No such file or directory: 'git'
2026-02-07 14:43:37,579 - AUTO_PILOT - Syncing FROM GitHub (Pull)...
2026-02-07 14:43:37,583 - AUTO_PILOT - Git Pull Failed: [Errno 2] No such file or directory: 'git'
2026-02-07 14:44:37,656 - AUTO_PILOT - Syncing FROM GitHub (Pull)...
2026-02-07 14:44:37,660 - AUTO_PILOT - Git Pull Failed: [Errno 2] No such file or directory: 'git'
2026-02-07 14:45:37,725 - AUTO_PILOT - Syncing FROM GitHub (Pull)...
2026-02-07 14:45:37,732 - AUTO_PILOT - Git Pull Failed: [Errno 2] No such file or directory: 'git'
2026-02-07 14:46:37,808 - AUTO_PILOT - Syncing FROM GitHub (Pull)...
2026-02-07 14:46:37,815 - AUTO_PILOT - Git Pull Failed: [Errno 2] No such file or directory: 'git'
2026-02-07 14:47:37,886 - AUTO_PILOT - Syncing FROM GitHub (Pull)...
2026-02-07 14:47:37,891 - AUTO_PILOT - Git Pull Failed: [Errno 2] No such file or directory: 'git'
2026-02-07 14:48:37,969 - AUTO_PILOT - Syncing FROM GitHub (Pull)...
2026-02-07 14:48:37,973 - AUTO_PILOT - Git Pull Failed: [Errno 2] No such file or directory: 'git'
2026-02-07 14:49:38,051 - AUTO_PILOT - Syncing FROM GitHub (Pull)...
2026-02-07 14:49:38,056 - AUTO_PILOT - Git Pull Failed: [Errno 2] No such file or directory: 'git'
2026-02-07 14:50:38,138 - AUTO_PILOT - Syncing FROM GitHub (Pull)...
2026-02-07 14:50:38,143 - AUTO_PILOT - Git Pull Failed: [Errno 2] No such file or directory: 'git'
2026-02-07 14:51:38,224 - AUTO_PILOT - Syncing FROM GitHub (Pull)...
2026-02-07 14:51:38,230 - AUTO_PILOT - Git Pull Failed: [Errno 2] No such file or directory: 'git'
2026-02-07 14:52:38,286 - AUTO_PILOT - Syncing FROM GitHub (Pull)...
2026-02-07 14:52:38,291 - AUTO_PILOT - Git Pull Failed: [Errno 2] No such file or directory: 'git'
2026-02-07 14:53:38,368 - AUTO_PILOT - Syncing FROM GitHub (Pull)...
2026-02-07 14:53:38,373 - AUTO_PILOT - Git Pull Failed: [Errno 2] No such file or directory: 'git'
2026-02-07 14:54:38,452 - AUTO_PILOT - Syncing FROM GitHub (Pull)...
2026-02-07 14:54:38,457 - AUTO_PILOT - Git Pull Failed: [Errno 2] No such file or directory: 'git'
2026-02-07 14:55:38,537 - AUTO_PILOT - Syncing FROM GitHub (Pull)...
2026-02-07 14:55:38,542 - AUTO_PILOT - Git Pull Failed: [Errno 2] No such file or directory: 'git'
2026-02-07 14:56:38,620 - AUTO_PILOT - Syncing FROM GitHub (Pull)...
2026-02-07 14:56:38,625 - AUTO_PILOT - Git Pull Failed: [Errno 2] No such file or directory: 'git'
2026-02-07 14:57:38,702 - AUTO_PILOT - Syncing FROM GitHub (Pull)...
2026-02-07 14:57:38,704 - AUTO_PILOT - Git Pull Failed: [Errno 2] No such file or directory: 'git'
2026-02-07 14:58:38,763 - AUTO_PILOT - Syncing FROM GitHub (Pull)...
2026-02-07 14:58:38,767 - AUTO_PILOT - Git Pull Failed: [Errno 2] No such file or directory: 'git'
2026-02-07 14:59:38,846 - AUTO_PILOT - Syncing FROM GitHub (Pull)...
2026-02-07 14:59:38,853 - AUTO_PILOT - Git Pull Failed: [Errno 2] No such file or directory: 'git'
2026-02-07 15:00:38,933 - AUTO_PILOT - Syncing FROM GitHub (Pull)...
2026-02-07 15:00:38,941 - AUTO_PILOT - Git Pull Failed: [Errno 2] No such file or directory: 'git'
2026-02-07 15:01:39,021 - AUTO_PILOT - Syncing FROM GitHub (Pull)...
2026-02-07 15:01:39,026 - AUTO_PILOT - Git Pull Failed: [Errno 2] No such file or directory: 'git'
2026-02-07 15:02:39,102 - AUTO_PILOT - Syncing FROM GitHub (Pull)...
2026-02-07 15:02:39,109 - AUTO_PILOT - Git Pull Failed: [Errno 2] No such file or directory: 'git'
2026-02-07 15:03:39,192 - AUTO_PILOT - Syncing FROM GitHub (Pull)...
2026-02-07 15:03:39,198 - AUTO_PILOT - Git Pull Failed: [Errno 2] No such file or directory: 'git'
2026-02-07 15:04:39,245 - AUTO_PILOT - Syncing FROM GitHub (Pull)...
2026-02-07 15:04:39,252 - AUTO_PILOT - Git Pull Failed: [Errno 2] No such file or directory: 'git'
2026-02-07 15:06:02,496 - AUTO_PILOT - Syncing FROM GitHub (Pull)...
2026-02-07 15:06:02,497 - AUTO_PILOT - Git Pull Failed: [Errno 2] No such file or directory: 'git'
2026-02-07 21:39:33,247 - AUTO_PILOT - Auto-Pilot Started. Schedule: Daily at 12:00 AM (Midnight).
2026-02-07 21:39:33,252 - AUTO_PILOT - Next run scheduled for: 2026-02-08 00:00:00
2026-02-07 21:39:33,253 - AUTO_PILOT - Syncing FROM GitHub (Pull)...
2026-02-07 21:39:33,256 - AUTO_PILOT - Git Pull Failed: [Errno 2] No such file or directory: 'git'
2026-02-07 21:40:33,322 - AUTO_PILOT - Syncing FROM GitHub (Pull)...
2026-02-07 21:40:33,327 - AUTO_PILOT - Git Pull Failed: [Errno 2] No such file or directory: 'git'
2026-02-07 21:41:33,417 - AUTO_PILOT - Syncing FROM GitHub (Pull)...
2026-02-07 21:41:33,422 - AUTO_PILOT - Git Pull Failed: [Errno 2] No such file or directory: 'git'
2026-02-07 21:42:33,511 - AUTO_PILOT - Syncing FROM GitHub (Pull)...
2026-02-07 21:42:33,517 - AUTO_PILOT - Git Pull Failed: [Errno 2] No such file or directory: 'git'
2026-02-07 21:43:33,607 - AUTO_PILOT - Syncing FROM GitHub (Pull)...
2026-02-07 21:43:33,613 - AUTO_PILOT - Git Pull Failed: [Errno 2] No such file or directory: 'git'
2026-02-07 21:44:33,692 - AUTO_PILOT - Syncing FROM GitHub (Pull)...
2026-02-07 21:44:33,695 - AUTO_PILOT - Git Pull Failed: [Errno 2] No such file or directory: 'git'
2026-02-07 21:45:33,773 - AUTO_PILOT - Syncing FROM GitHub (Pull)...
2026-02-07 21:45:33,777 - AUTO_PILOT - Git Pull Failed: [Errno 2] No such file or directory: 'git'
2026-02-07 21:46:33,842 - AUTO_PILOT - Syncing FROM GitHub (Pull)...
2026-02-07 21:46:33,844 - AUTO_PILOT - Git Pull Failed: [Errno 2] No such file or directory: 'git'
2026-02-07 21:47:33,905 - AUTO_PILOT - Syncing FROM GitHub (Pull)...
2026-02-07 21:47:33,910 - AUTO_PILOT - Git Pull Failed: [Errno 2] No such file or directory: 'git'
2026-02-07 21:48:34,000 - AUTO_PILOT - Syncing FROM GitHub (Pull)...
2026-02-07 21:48:34,006 - AUTO_PILOT - Git Pull Failed: [Errno 2] No such file or directory: 'git'
2026-02-07 21:49:34,098 - AUTO_PILOT - Syncing FROM GitHub (Pull)...
2026-02-07 21:49:34,102 - AUTO_PILOT - Git Pull Failed: [Errno 2] No such file or directory: 'git'
2026-02-07 21:50:34,185 - AUTO_PILOT - Syncing FROM GitHub (Pull)...
2026-02-07 21:50:34,188 - AUTO_PILOT - Git Pull Failed: [Errno 2] No such file or directory: 'git'
2026-02-07 21:51:34,253 - AUTO_PILOT - Syncing FROM GitHub (Pull)...
2026-02-07 21:51:34,256 - AUTO_PILOT - Git Pull Failed: [Errno 2] No such file or directory: 'git'
2026-02-07 21:52:34,322 - AUTO_PILOT - Syncing FROM GitHub (Pull)...
2026-02-07 21:52:34,325 - AUTO_PILOT - Git Pull Failed: [Errno 2] No such file or directory: 'git'
2026-02-07 21:53:34,396 - AUTO_PILOT - Syncing FROM GitHub (Pull)...
2026-02-07 21:53:34,399 - AUTO_PILOT - Git Pull Failed: [Errno 2] No such file or directory: 'git'
2026-02-07 21:54:34,475 - AUTO_PILOT - Syncing FROM GitHub (Pull)...
2026-02-07 21:54:34,488 - AUTO_PILOT - Git Pull Failed: [Errno 2] No such file or directory: 'git'
2026-02-07 21:55:34,570 - AUTO_PILOT - Syncing FROM GitHub (Pull)...
2026-02-07 21:55:34,576 - AUTO_PILOT - Git Pull Failed: [Errno 2] No such file or directory: 'git'
2026-02-07 21:56:34,669 - AUTO_PILOT - Syncing FROM GitHub (Pull)...
2026-02-07 21:56:34,671 - AUTO_PILOT - Git Pull Failed: [Errno 2] No such file or directory: 'git'
2026-02-07 21:57:34,736 - AUTO_PILOT - Syncing FROM GitHub (Pull)...
2026-02-07 21:57:34,738 - AUTO_PILOT - Git Pull Failed: [Errno 2] No such file or directory: 'git'
2026-02-07 21:58:34,813 - AUTO_PILOT - Syncing FROM GitHub (Pull)...
2026-02-07 21:58:34,816 - AUTO_PILOT - Git Pull Failed: [Errno 2] No such file or directory: 'git'
2026-02-07 21:59:34,886 - AUTO_PILOT - Syncing FROM GitHub (Pull)...
2026-02-07 21:59:34,893 - AUTO_PILOT - Git Pull Failed: [Errno 2] No such file or directory: 'git'
2026-02-07 22:00:34,973 - AUTO_PILOT - Syncing FROM GitHub (Pull)...
2026-02-07 22:00:34,976 - AUTO_PILOT - Git Pull Failed: [Errno 2] No such file or directory: 'git'
2026-02-07 22:01:35,041 - AUTO_PILOT - Syncing FROM GitHub (Pull)...
2026-02-07 22:01:35,042 - AUTO_PILOT - Git Pull Failed: [Errno 2] No such file or directory: 'git'
2026-02-07 22:02:35,107 - AUTO_PILOT - Syncing FROM GitHub (Pull)...
2026-02-07 22:02:35,114 - AUTO_PILOT - Git Pull Failed: [Errno 2] No such file or directory: 'git'
2026-02-07 22:03:35,205 - AUTO_PILOT - Syncing FROM GitHub (Pull)...
2026-02-07 22:03:35,211 - AUTO_PILOT - Git Pull Failed: [Errno 2] No such file or directory: 'git'
2026-02-07 22:04:35,307 - AUTO_PILOT - Syncing FROM GitHub (Pull)...
2026-02-07 22:04:35,312 - AUTO_PILOT - Git Pull Failed: [Errno 2] No such file or directory: 'git'
2026-02-07 22:05:35,379 - AUTO_PILOT - Syncing FROM GitHub (Pull)...
2026-02-07 22:05:35,385 - AUTO_PILOT - Git Pull Failed: [Errno 2] No such file or directory: 'git'
2026-02-07 22:06:35,431 - AUTO_PILOT - Syncing FROM GitHub (Pull)...
2026-02-07 22:06:35,439 - AUTO_PILOT - Git Pull Failed: [Errno 2] No such file or directory: 'git'
2026-02-07 22:07:35,516 - AUTO_PILOT - Syncing FROM GitHub (Pull)...
2026-02-07 22:07:35,517 - AUTO_PILOT - Git Pull Failed: [Errno 2] No such file or directory: 'git'
2026-02-07 22:08:35,580 - AUTO_PILOT - Syncing FROM GitHub (Pull)...
2026-02-07 22:08:35,586 - AUTO_PILOT - Git Pull Failed: [Errno 2] No such file or directory: 'git'
2026-02-07 22:09:35,630 - AUTO_PILOT - Syncing FROM GitHub (Pull)...
2026-02-07 22:09:35,633 - AUTO_PILOT - Git Pull Failed: [Errno 2] No such file or directory: 'git'
2026-02-07 22:10:35,704 - AUTO_PILOT - Syncing FROM GitHub (Pull)...
2026-02-07 22:10:35,709 - AUTO_PILOT - Git Pull Failed: [Errno 2] No such file or directory: 'git'
2026-02-07 22:11:35,792 - AUTO_PILOT - Syncing FROM GitHub (Pull)...
2026-02-07 22:11:35,800 - AUTO_PILOT - Git Pull Failed: [Errno 2] No such file or directory: 'git'
2026-02-07 22:12:35,893 - AUTO_PILOT - Syncing FROM GitHub (Pull)...
2026-02-07 22:12:35,899 - AUTO_PILOT - Git Pull Failed: [Errno 2] No such file or directory: 'git'
2026-02-07 22:13:35,946 - AUTO_PILOT - Syncing FROM GitHub (Pull)...
2026-02-07 22:13:35,951 - AUTO_PILOT - Git Pull Failed: [Errno 2] No such file or directory: 'git'
2026-02-07 22:14:36,034 - AUTO_PILOT - Syncing FROM GitHub (Pull)...
2026-02-07 22:14:36,037 - AUTO_PILOT - Git Pull Failed: [Errno 2] No such file or directory: 'git'
2026-02-07 22:15:36,101 - AUTO_PILOT - Syncing FROM GitHub (Pull)...
2026-02-07 22:15:36,107 - AUTO_PILOT - Git Pull Failed: [Errno 2] No such file or directory: 'git'
2026-02-07 22:16:36,193 - AUTO_PILOT - Syncing FROM GitHub (Pull)...
2026-02-07 22:16:36,200 - AUTO_PILOT - Git Pull Failed: [Errno 2] No such file or directory: 'git'
2026-02-07 22:17:36,280 - AUTO_PILOT - Syncing FROM GitHub (Pull)...
2026-02-07 22:17:36,285 - AUTO_PILOT - Git Pull Failed: [Errno 2] No such file or directory: 'git'
2026-02-07 22:18:36,374 - AUTO_PILOT - Syncing FROM GitHub (Pull)...
2026-02-07 22:18:36,379 - AUTO_PILOT - Git Pull Failed: [Errno 2] No such file or directory: 'git'
2026-02-07 22:19:36,427 - AUTO_PILOT - Syncing FROM GitHub (Pull)...
2026-02-07 22:19:36,433 - AUTO_PILOT - Git Pull Failed: [Errno 2] No such file or directory: 'git'
2026-02-07 22:20:36,522 - AUTO_PILOT - Syncing FROM GitHub (Pull)...
2026-02-07 22:20:36,528 - AUTO_PILOT - Git Pull Failed: [Errno 2] No such file or directory: 'git'
2026-02-07 22:21:36,571 - AUTO_PILOT - Syncing FROM GitHub (Pull)...
2026-02-07 22:21:36,573 - AUTO_PILOT - Git Pull Failed: [Errno 2] No such file or directory: 'git'
2026-02-07 22:22:36,593 - AUTO_PILOT - Syncing FROM GitHub (Pull)...
2026-02-07 22:22:36,599 - AUTO_PILOT - Git Pull Failed: [Errno 2] No such file or directory: 'git'
2026-02-07 22:23:36,684 - AUTO_PILOT - Syncing FROM GitHub (Pull)...
2026-02-07 22:23:36,689 - AUTO_PILOT - Git Pull Failed: [Errno 2] No such file or directory: 'git'
2026-02-07 22:24:36,765 - AUTO_PILOT - Syncing FROM GitHub (Pull)...
2026-02-07 22:24:36,767 - AUTO_PILOT - Git Pull Failed: [Errno 2] No such file or directory: 'git'
2026-02-07 22:25:36,829 - AUTO_PILOT - Syncing FROM GitHub (Pull)...
2026-02-07 22:25:36,834 - AUTO_PILOT - Git Pull Failed: [Errno 2] No such file or directory: 'git'
2026-02-07 22:26:36,929 - AUTO_PILOT - Syncing FROM GitHub (Pull)...
2026-02-07 22:26:36,932 - AUTO_PILOT - Git Pull Failed: [Errno 2] No such file or directory: 'git'
2026-02-07 22:27:36,997 - AUTO_PILOT - Syncing FROM GitHub (Pull)...
2026-02-07 22:27:37,007 - AUTO_PILOT - Git Pull Failed: [Errno 2] No such file or directory: 'git'
2026-02-07 22:28:37,074 - AUTO_PILOT - Syncing FROM GitHub (Pull)...
2026-02-07 22:28:37,080 - AUTO_PILOT - Git Pull Failed: [Errno 2] No such file or directory: 'git'
2026-02-07 22:29:37,171 - AUTO_PILOT - Syncing FROM GitHub (Pull)...
2026-02-07 22:29:37,178 - AUTO_PILOT - Git Pull Failed: [Errno 2] No such file or directory: 'git'
2026-02-07 22:30:37,271 - AUTO_PILOT - Syncing FROM GitHub (Pull)...
2026-02-07 22:30:37,277 - AUTO_PILOT - Git Pull Failed: [Errno 2] No such file or directory: 'git'
2026-02-07 22:31:37,374 - AUTO_PILOT - Syncing FROM GitHub (Pull)...
2026-02-07 22:31:37,377 - AUTO_PILOT - Git Pull Failed: [Errno 2] No such file or directory: 'git'
2026-02-07 22:32:37,425 - AUTO_PILOT - Syncing FROM GitHub (Pull)...
2026-02-07 22:32:37,431 - AUTO_PILOT - Git Pull Failed: [Errno 2] No such file or directory: 'git'
2026-02-07 22:33:37,528 - AUTO_PILOT - Syncing FROM GitHub (Pull)...
2026-02-07 22:33:37,534 - AUTO_PILOT - Git Pull Failed: [Errno 2] No such file or directory: 'git'
2026-02-07 22:34:37,627 - AUTO_PILOT - Syncing FROM GitHub (Pull)...
2026-02-07 22:34:37,633 - AUTO_PILOT - Git Pull Failed: [Errno 2] No such file or directory: 'git'
2026-02-07 22:35:37,740 - AUTO_PILOT - Syncing FROM GitHub (Pull)...
2026-02-07 22:35:37,747 - AUTO_PILOT - Git Pull Failed: [Errno 2] No such file or directory: 'git'
2026-02-07 22:36:37,847 - AUTO_PILOT - Syncing FROM GitHub (Pull)...
2026-02-07 22:36:37,853 - AUTO_PILOT - Git Pull Failed: [Errno 2] No such file or directory: 'git'
2026-02-07 22:37:37,918 - AUTO_PILOT - Syncing FROM GitHub (Pull)...
2026-02-07 22:37:37,924 - AUTO_PILOT - Git Pull Failed: [Errno 2] No such file or directory: 'git'
2026-02-07 22:38:38,014 - AUTO_PILOT - Syncing FROM GitHub (Pull)...
2026-02-07 22:38:38,020 - AUTO_PILOT - Git Pull Failed: [Errno 2] No such file or directory: 'git'
2026-02-07 22:39:38,103 - AUTO_PILOT - Syncing FROM GitHub (Pull)...
2026-02-07 22:39:38,106 - AUTO_PILOT - Git Pull Failed: [Errno 2] No such file or directory: 'git'
2026-02-07 22:40:38,126 - AUTO_PILOT - Syncing FROM GitHub (Pull)...
2026-02-07 22:40:38,132 - AUTO_PILOT - Git Pull Failed: [Errno 2] No such file or directory: 'git'
2026-02-07 22:41:38,219 - AUTO_PILOT - Syncing FROM GitHub (Pull)...
2026-02-07 22:41:38,225 - AUTO_PILOT - Git Pull Failed: [Errno 2] No such file or directory: 'git'
2026-02-07 22:42:38,316 - AUTO_PILOT - Syncing FROM GitHub (Pull)...
2026-02-07 22:42:38,319 - AUTO_PILOT - Git Pull Failed: [Errno 2] No such file or directory: 'git'
2026-02-07 22:43:38,393 - AUTO_PILOT - Syncing FROM GitHub (Pull)...
2026-02-07 22:43:38,399 - AUTO_PILOT - Git Pull Failed: [Errno 2] No such file or directory: 'git'
2026-02-07 22:44:38,498 - AUTO_PILOT - Syncing FROM GitHub (Pull)...
2026-02-07 22:44:38,500 - AUTO_PILOT - Git Pull Failed: [Errno 2] No such file or directory: 'git'
2026-02-07 22:45:38,563 - AUTO_PILOT - Syncing FROM GitHub (Pull)...
2026-02-07 22:45:38,564 - AUTO_PILOT - Git Pull Failed: [Errno 2] No such file or directory: 'git'
2026-02-07 22:46:38,625 - AUTO_PILOT - Syncing FROM GitHub (Pull)...
2026-02-07 22:46:38,630 - AUTO_PILOT - Git Pull Failed: [Errno 2] No such file or directory: 'git'
2026-02-07 22:47:38,718 - AUTO_PILOT - Syncing FROM GitHub (Pull)...
2026-02-07 22:47:38,721 - AUTO_PILOT - Git Pull Failed: [Errno 2] No such file or directory: 'git'
2026-02-07 22:48:38,787 - AUTO_PILOT - Syncing FROM GitHub (Pull)...
2026-02-07 22:48:38,793 - AUTO_PILOT - Git Pull Failed: [Errno 2] No such file or directory: 'git'
2026-02-07 22:49:38,823 - AUTO_PILOT - Syncing FROM GitHub (Pull)...
2026-02-07 22:49:38,829 - AUTO_PILOT - Git Pull Failed: [Errno 2] No such file or directory: 'git'
2026-02-07 22:50:38,884 - AUTO_PILOT - Syncing FROM GitHub (Pull)...
2026-02-07 22:50:38,891 - AUTO_PILOT - Git Pull Failed: [Errno 2] No such file or directory: 'git'
2026-02-07 22:51:38,915 - AUTO_PILOT - Syncing FROM GitHub (Pull)...
2026-02-07 22:51:38,923 - AUTO_PILOT - Git Pull Failed: [Errno 2] No such file or directory: 'git'
2026-02-07 22:52:39,003 - AUTO_PILOT - Syncing FROM GitHub (Pull)...
2026-02-07 22:52:39,013 - AUTO_PILOT - Git Pull Failed: [Errno 2] No such file or directory: 'git'
2026-02-07 22:53:39,095 - AUTO_PILOT - Syncing FROM GitHub (Pull)...
2026-02-07 22:53:39,102 - AUTO_PILOT - Git Pull Failed: [Errno 2] No such file or directory: 'git'
2026-02-07 22:54:39,132 - AUTO_PILOT - Syncing FROM GitHub (Pull)...
2026-02-07 22:54:39,133 - AUTO_PILOT - Git Pull Failed: [Errno 2] No such file or directory: 'git'
2026-02-07 22:55:39,187 - AUTO_PILOT - Syncing FROM GitHub (Pull)...
2026-02-07 22:55:39,194 - AUTO_PILOT - Git Pull Failed: [Errno 2] No such file or directory: 'git'
2026-02-07 22:56:39,239 - AUTO_PILOT - Syncing FROM GitHub (Pull)...
2026-02-07 22:56:39,246 - AUTO_PILOT - Git Pull Failed: [Errno 2] No such file or directory: 'git'
2026-02-07 22:57:39,301 - AUTO_PILOT - Syncing FROM GitHub (Pull)...
2026-02-07 22:57:39,305 - AUTO_PILOT - Git Pull Failed: [Errno 2] No such file or directory: 'git'
2026-02-07 22:58:39,381 - AUTO_PILOT - Syncing FROM GitHub (Pull)...
2026-02-07 22:58:39,387 - AUTO_PILOT - Git Pull Failed: [Errno 2] No such file or directory: 'git'
2026-02-07 22:59:39,471 - AUTO_PILOT - Syncing FROM GitHub (Pull)...
2026-02-07 22:59:39,476 - AUTO_PILOT - Git Pull Failed: [Errno 2] No such file or directory: 'git'
2026-02-07 23:00:39,546 - AUTO_PILOT - Syncing FROM GitHub (Pull)...
2026-02-07 23:00:39,555 - AUTO_PILOT - Git Pull Failed: [Errno 2] No such file or directory: 'git'
2026-02-07 23:01:39,636 - AUTO_PILOT - Syncing FROM GitHub (Pull)...
2026-02-07 23:01:39,646 - AUTO_PILOT - Git Pull Failed: [Errno 2] No such file or directory: 'git'
2026-02-07 23:02:39,676 - AUTO_PILOT - Syncing FROM GitHub (Pull)...
2026-02-07 23:02:39,680 - AUTO_PILOT - Git Pull Failed: [Errno 2] No such file or directory: 'git'
2026-02-07 23:03:39,720 - AUTO_PILOT - Syncing FROM GitHub (Pull)...
2026-02-07 23:03:39,728 - AUTO_PILOT - Git Pull Failed: [Errno 2] No such file or directory: 'git'
2026-02-07 23:04:39,811 - AUTO_PILOT - Syncing FROM GitHub (Pull)...
2026-02-07 23:04:39,813 - AUTO_PILOT - Git Pull Failed: [Errno 2] No such file or directory: 'git'
2026-02-07 23:05:39,870 - AUTO_PILOT - Syncing FROM GitHub (Pull)...
2026-02-07 23:05:39,873 - AUTO_PILOT - Git Pull Failed: [Errno 2] No such file or directory: 'git'
2026-02-07 23:06:39,941 - AUTO_PILOT - Syncing FROM GitHub (Pull)...
2026-02-07 23:06:39,945 - AUTO_PILOT - Git Pull Failed: [Errno 2] No such file or directory: 'git'
2026-02-07 23:07:39,960 - AUTO_PILOT - Syncing FROM GitHub (Pull)...
2026-02-07 23:07:39,966 - AUTO_PILOT - Git Pull Failed: [Errno 2] No such file or directory: 'git'
2026-02-07 23:08:40,036 - AUTO_PILOT - Syncing FROM GitHub (Pull)...
2026-02-07 23:08:40,041 - AUTO_PILOT - Git Pull Failed: [Errno 2] No such file or directory: 'git'
2026-02-07 23:09:40,127 - AUTO_PILOT - Syncing FROM GitHub (Pull)...
2026-02-07 23:09:40,130 - AUTO_PILOT - Git Pull Failed: [Errno 2] No such file or directory: 'git'
2026-02-07 23:10:40,191 - AUTO_PILOT - Syncing FROM GitHub (Pull)...
2026-02-07 23:10:40,198 - AUTO_PILOT - Git Pull Failed: [Errno 2] No such file or directory: 'git'
2026-02-07 23:11:40,299 - AUTO_PILOT - Syncing FROM GitHub (Pull)...
2026-02-07 23:11:40,306 - AUTO_PILOT - Git Pull Failed: [Errno 2] No such file or directory: 'git'
2026-02-07 23:12:40,393 - AUTO_PILOT - Syncing FROM GitHub (Pull)...
2026-02-07 23:12:40,394 - AUTO_PILOT - Git Pull Failed: [Errno 2] No such file or directory: 'git'
2026-02-07 23:13:40,455 - AUTO_PILOT - Syncing FROM GitHub (Pull)...
2026-02-07 23:13:40,464 - AUTO_PILOT - Git Pull Failed: [Errno 2] No such file or directory: 'git'
2026-02-07 23:14:40,533 - AUTO_PILOT - Syncing FROM GitHub (Pull)...
2026-02-07 23:14:40,539 - AUTO_PILOT - Git Pull Failed: [Errno 2] No such file or directory: 'git'
2026-02-07 23:15:40,573 - AUTO_PILOT - Syncing FROM GitHub (Pull)...
2026-02-07 23:15:40,577 - AUTO_PILOT - Git Pull Failed: [Errno 2] No such file or directory: 'git'
2026-02-07 23:16:40,651 - AUTO_PILOT - Syncing FROM GitHub (Pull)...
2026-02-07 23:16:40,657 - AUTO_PILOT - Git Pull Failed: [Errno 2] No such file or directory: 'git'
2026-02-07 23:17:40,743 - AUTO_PILOT - Syncing FROM GitHub (Pull)...
2026-02-07 23:17:40,750 - AUTO_PILOT - Git Pull Failed: [Errno 2] No such file or directory: 'git'
2026-02-07 23:18:40,830 - AUTO_PILOT - Syncing FROM GitHub (Pull)...
2026-02-07 23:18:40,836 - AUTO_PILOT - Git Pull Failed: [Errno 2] No such file or directory: 'git'
2026-02-07 23:19:40,923 - AUTO_PILOT - Syncing FROM GitHub (Pull)...
2026-02-07 23:19:40,930 - AUTO_PILOT - Git Pull Failed: [Errno 2] No such file or directory: 'git'
2026-02-07 23:20:41,019 - AUTO_PILOT - Syncing FROM GitHub (Pull)...
2026-02-07 23:20:41,025 - AUTO_PILOT - Git Pull Failed: [Errno 2] No such file or directory: 'git'
2026-02-07 23:21:41,113 - AUTO_PILOT - Syncing FROM GitHub (Pull)...
2026-02-07 23:21:41,119 - AUTO_PILOT - Git Pull Failed: [Errno 2] No such file or directory: 'git'
2026-02-07 23:22:41,209 - AUTO_PILOT - Syncing FROM GitHub (Pull)...
2026-02-07 23:22:41,220 - AUTO_PILOT - Git Pull Failed: [Errno 2] No such file or directory: 'git'
2026-02-07 23:23:41,298 - AUTO_PILOT - Syncing FROM GitHub (Pull)...
2026-02-07 23:23:41,305 - AUTO_PILOT - Git Pull Failed: [Errno 2] No such file or directory: 'git'
2026-02-07 23:24:41,397 - AUTO_PILOT - Syncing FROM GitHub (Pull)...
2026-02-07 23:24:41,402 - AUTO_PILOT - Git Pull Failed: [Errno 2] No such file or directory: 'git'
2026-02-07 23:25:41,491 - AUTO_PILOT - Syncing FROM GitHub (Pull)...
2026-02-07 23:25:41,499 - AUTO_PILOT - Git Pull Failed: [Errno 2] No such file or directory: 'git'
2026-02-07 23:26:41,559 - AUTO_PILOT - Syncing FROM GitHub (Pull)...
2026-02-07 23:26:41,563 - AUTO_PILOT - Git Pull Failed: [Errno 2] No such file or directory: 'git'
2026-02-07 23:27:41,636 - AUTO_PILOT - Syncing FROM GitHub (Pull)...
2026-02-07 23:27:41,641 - AUTO_PILOT - Git Pull Failed: [Errno 2] No such file or directory: 'git'
2026-02-07 23:28:41,715 - AUTO_PILOT - Syncing FROM GitHub (Pull)...
2026-02-07 23:28:41,722 - AUTO_PILOT - Git Pull Failed: [Errno 2] No such file or directory: 'git'
2026-02-07 23:29:41,793 - AUTO_PILOT - Syncing FROM GitHub (Pull)...
2026-02-07 23:29:41,796 - AUTO_PILOT - Git Pull Failed: [Errno 2] No such file or directory: 'git'
2026-02-07 23:30:41,866 - AUTO_PILOT - Syncing FROM GitHub (Pull)...
2026-02-07 23:30:41,870 - AUTO_PILOT - Git Pull Failed: [Errno 2] No such file or directory: 'git'
2026-02-07 23:31:41,941 - AUTO_PILOT - Syncing FROM GitHub (Pull)...
2026-02-07 23:31:41,945 - AUTO_PILOT - Git Pull Failed: [Errno 2] No such file or directory: 'git'
2026-02-07 23:32:42,013 - AUTO_PILOT - Syncing FROM GitHub (Pull)...
2026-02-07 23:32:42,018 - AUTO_PILOT - Git Pull Failed: [Errno 2] No such file or directory: 'git'
2026-02-07 23:33:42,099 - AUTO_PILOT - Syncing FROM GitHub (Pull)...
2026-02-07 23:33:42,107 - AUTO_PILOT - Git Pull Failed: [Errno 2] No such file or directory: 'git'
2026-02-07 23:34:42,180 - AUTO_PILOT - Syncing FROM GitHub (Pull)...
2026-02-07 23:34:42,186 - AUTO_PILOT - Git Pull Failed: [Errno 2] No such file or directory: 'git'
2026-02-07 23:35:42,226 - AUTO_PILOT - Syncing FROM GitHub (Pull)...
2026-02-07 23:35:42,233 - AUTO_PILOT - Git Pull Failed: [Errno 2] No such file or directory: 'git'
2026-02-07 23:36:42,321 - AUTO_PILOT - Syncing FROM GitHub (Pull)...
2026-02-07 23:36:42,328 - AUTO_PILOT - Git Pull Failed: [Errno 2] No such file or directory: 'git'
2026-02-07 23:37:42,397 - AUTO_PILOT - Syncing FROM GitHub (Pull)...
2026-02-07 23:37:42,403 - AUTO_PILOT - Git Pull Failed: [Errno 2] No such file or directory: 'git'
2026-02-07 23:38:42,490 - AUTO_PILOT - Syncing FROM GitHub (Pull)...
2026-02-07 23:38:42,494 - AUTO_PILOT - Git Pull Failed: [Errno 2] No such file or directory: 'git'
2026-02-07 23:39:42,562 - AUTO_PILOT - Syncing FROM GitHub (Pull)...
2026-02-07 23:39:42,566 - AUTO_PILOT - Git Pull Failed: [Errno 2] No such file or directory: 'git'
2026-02-07 23:40:42,639 - AUTO_PILOT - Syncing FROM GitHub (Pull)...
2026-02-07 23:40:42,647 - AUTO_PILOT - Git Pull Failed: [Errno 2] No such file or directory: 'git'
2026-02-08 01:32:05,516 - AUTO_PILOT - Syncing FROM GitHub (Pull)...
2026-02-08 01:32:05,518 - AUTO_PILOT - Git Pull Failed: [Errno 2] No such file or directory: 'git'
2026-02-08 01:32:05,520 - AUTO_PILOT - Midnight Triggered! Starting new day...
2026-02-08 01:32:05,532 - AUTO_PILOT - State reset for 2026-02-08. Pipeline should pick this up shortly.
2026-02-08 01:32:05,546 - AUTO_PILOT - Triggering FETCH...
2026-02-08 01:32:05,547 - AUTO_PILOT - Starting process: ['/usr/local/bin/python', '/app/stock_ticker/main.py', '--fetch-only']
2026-02-08 01:34:05,660 - AUTO_PILOT - Syncing FROM GitHub (Pull)...
2026-02-08 01:34:05,673 - AUTO_PILOT - Git Pull Failed: [Errno 2] No such file or directory: 'git'
2026-02-08 01:34:05,717 - AUTO_PILOT - Triggering MODEL...
2026-02-08 01:34:05,719 - AUTO_PILOT - Starting process: ['/usr/local/bin/python', '/app/stock_ticker/main.py', '--analyze-only']
2026-02-08 01:36:05,830 - AUTO_PILOT - Syncing FROM GitHub (Pull)...
2026-02-08 01:36:05,837 - AUTO_PILOT - Git Pull Failed: [Errno 2] No such file or directory: 'git'
2026-02-08 01:36:05,884 - AUTO_PILOT - Triggering BIG BETS...
2026-02-08 01:36:05,887 - AUTO_PILOT - Starting Big Bets Analysis...
2026-02-08 01:36:07,253 - AUTO_PILOT - Big Bets Results Saved to /app/stock_ticker/data/big_bets_results.csv
2026-02-08 01:36:07,271 - AUTO_PILOT - Git Auto-Sync failed: [Errno 2] No such file or directory: 'git'
2026-02-08 01:36:07,271 - AUTO_PILOT - Pushed All Data results to GitHub.
2026-02-08 01:38:07,373 - AUTO_PILOT - Syncing FROM GitHub (Pull)...
2026-02-08 01:38:07,382 - AUTO_PILOT - Git Pull Failed: [Errno 2] No such file or directory: 'git'
2026-02-08 01:39:07,477 - AUTO_PILOT - Syncing FROM GitHub (Pull)...
2026-02-08 01:39:07,485 - AUTO_PILOT - Git Pull Failed: [Errno 2] No such file or directory: 'git'
2026-02-08 01:40:07,576 - AUTO_PILOT - Syncing FROM GitHub (Pull)...
2026-02-08 01:40:07,586 - AUTO_PILOT - Git Pull Failed: [Errno 2] No such file or directory: 'git'
2026-02-08 01:41:07,683 - AUTO_PILOT - Syncing FROM GitHub (Pull)...
2026-02-08 01:41:07,690 - AUTO_PILOT - Git Pull Failed: [Errno 2] No such file or directory: 'git'
2026-02-08 01:42:07,766 - AUTO_PILOT - Syncing FROM GitHub (Pull)...
2026-02-08 01:42:07,771 - AUTO_PILOT - Git Pull Failed: [Errno 2] No such file or directory: 'git'
2026-02-08 01:43:07,864 - AUTO_PILOT - Syncing FROM GitHub (Pull)...
2026-02-08 01:43:07,871 - AUTO_PILOT - Git Pull Failed: [Errno 2] No such file or directory: 'git'
2026-02-08 01:44:07,963 - AUTO_PILOT - Syncing FROM GitHub (Pull)...
2026-02-08 01:44:07,970 - AUTO_PILOT - Git Pull Failed: [Errno 2] No such file or directory: 'git'
2026-02-08 01:45:08,063 - AUTO_PILOT - Syncing FROM GitHub (Pull)...
2026-02-08 01:45:08,068 - AUTO_PILOT - Git Pull Failed: [Errno 2] No such file or directory: 'git'
2026-02-08 01:46:08,157 - AUTO_PILOT - Syncing FROM GitHub (Pull)...
2026-02-08 01:46:08,164 - AUTO_PILOT - Git Pull Failed: [Errno 2] No such file or directory: 'git'
2026-02-08 01:47:08,235 - AUTO_PILOT - Syncing FROM GitHub (Pull)...
2026-02-08 01:47:08,243 - AUTO_PILOT - Git Pull Failed: [Errno 2] No such file or directory: 'git'
2026-02-08 01:48:08,338 - AUTO_PILOT - Syncing FROM GitHub (Pull)...
2026-02-08 01:48:08,344 - AUTO_PILOT - Git Pull Failed: [Errno 2] No such file or directory: 'git'
2026-02-08 01:49:08,423 - AUTO_PILOT - Syncing FROM GitHub (Pull)...
2026-02-08 01:49:08,432 - AUTO_PILOT - Git Pull Failed: [Errno 2] No such file or directory: 'git'
2026-02-08 01:50:08,524 - AUTO_PILOT - Syncing FROM GitHub (Pull)...
2026-02-08 01:50:08,531 - AUTO_PILOT - Git Pull Failed: [Errno 2] No such file or directory: 'git'
2026-02-08 01:51:08,623 - AUTO_PILOT - Syncing FROM GitHub (Pull)...
2026-02-08 01:51:08,631 - AUTO_PILOT - Git Pull Failed: [Errno 2] No such file or directory: 'git'
2026-02-08 01:52:08,689 - AUTO_PILOT - Syncing FROM GitHub (Pull)...
2026-02-08 01:52:08,694 - AUTO_PILOT - Git Pull Failed: [Errno 2] No such file or directory: 'git'
2026-02-08 01:53:08,787 - AUTO_PILOT - Syncing FROM GitHub (Pull)...
2026-02-08 01:53:08,794 - AUTO_PILOT - Git Pull Failed: [Errno 2] No such file or directory: 'git'
2026-02-08 01:54:08,837 - AUTO_PILOT - Syncing FROM GitHub (Pull)...
2026-02-08 01:54:08,844 - AUTO_PILOT - Git Pull Failed: [Errno 2] No such file or directory: 'git'
2026-02-08 01:55:08,937 - AUTO_PILOT - Syncing FROM GitHub (Pull)...
2026-02-08 01:55:08,945 - AUTO_PILOT - Git Pull Failed: [Errno 2] No such file or directory: 'git'
2026-02-08 01:56:08,982 - AUTO_PILOT - Syncing FROM GitHub (Pull)...
2026-02-08 01:56:08,988 - AUTO_PILOT - Git Pull Failed: [Errno 2] No such file or directory: 'git'
2026-02-08 01:57:09,079 - AUTO_PILOT - Syncing FROM GitHub (Pull)...
2026-02-08 01:57:09,087 - AUTO_PILOT - Git Pull Failed: [Errno 2] No such file or directory: 'git'
2026-02-08 01:58:09,165 - AUTO_PILOT - Syncing FROM GitHub (Pull)...
2026-02-08 01:58:09,172 - AUTO_PILOT - Git Pull Failed: [Errno 2] No such file or directory: 'git'
2026-02-08 01:59:09,235 - AUTO_PILOT - Syncing FROM GitHub (Pull)...
2026-02-08 01:59:09,244 - AUTO_PILOT - Git Pull Failed: [Errno 2] No such file or directory: 'git'
2026-02-08 02:00:09,294 - AUTO_PILOT - Syncing FROM GitHub (Pull)...
2026-02-08 02:00:09,301 - AUTO_PILOT - Git Pull Failed: [Errno 2] No such file or directory: 'git'
2026-02-08 02:01:09,400 - AUTO_PILOT - Syncing FROM GitHub (Pull)...
2026-02-08 02:01:09,407 - AUTO_PILOT - Git Pull Failed: [Errno 2] No such file or directory: 'git'
2026-02-08 02:02:09,500 - AUTO_PILOT - Syncing FROM GitHub (Pull)...
2026-02-08 02:02:09,508 - AUTO_PILOT - Git Pull Failed: [Errno 2] No such file or directory: 'git'
2026-02-08 02:03:09,601 - AUTO_PILOT - Syncing FROM GitHub (Pull)...
2026-02-08 02:03:09,607 - AUTO_PILOT - Git Pull Failed: [Errno 2] No such file or directory: 'git'
2026-02-08 02:04:09,703 - AUTO_PILOT - Syncing FROM GitHub (Pull)...
2026-02-08 02:04:09,708 - AUTO_PILOT - Git Pull Failed: [Errno 2] No such file or directory: 'git'
2026-02-08 02:05:09,793 - AUTO_PILOT - Syncing FROM GitHub (Pull)...
2026-02-08 02:05:09,798 - AUTO_PILOT - Git Pull Failed: [Errno 2] No such file or directory: 'git'
2026-02-08 02:06:09,884 - AUTO_PILOT - Syncing FROM GitHub (Pull)...
2026-02-08 02:06:09,891 - AUTO_PILOT - Git Pull Failed: [Errno 2] No such file or directory: 'git'
2026-02-08 02:07:09,986 - AUTO_PILOT - Syncing FROM GitHub (Pull)...
2026-02-08 02:07:09,991 - AUTO_PILOT - Git Pull Failed: [Errno 2] No such file or directory: 'git'
2026-02-08 02:08:10,030 - AUTO_PILOT - Syncing FROM GitHub (Pull)...
2026-02-08 02:08:10,037 - AUTO_PILOT - Git Pull Failed: [Errno 2] No such file or directory: 'git'
2026-02-08 02:09:10,136 - AUTO_PILOT - Syncing FROM GitHub (Pull)...
2026-02-08 02:09:10,144 - AUTO_PILOT - Git Pull Failed: [Errno 2] No such file or directory: 'git'
2026-02-08 02:10:10,233 - AUTO_PILOT - Syncing FROM GitHub (Pull)...
2026-02-08 02:10:10,240 - AUTO_PILOT - Git Pull Failed: [Errno 2] No such file or directory: 'git'
2026-02-08 02:11:10,332 - AUTO_PILOT - Syncing FROM GitHub (Pull)...
2026-02-08 02:11:10,338 - AUTO_PILOT - Git Pull Failed: [Errno 2] No such file or directory: 'git'
2026-02-08 02:12:10,432 - AUTO_PILOT - Syncing FROM GitHub (Pull)...
2026-02-08 02:12:10,439 - AUTO_PILOT - Git Pull Failed: [Errno 2] No such file or directory: 'git'
2026-02-08 02:13:10,532 - AUTO_PILOT - Syncing FROM GitHub (Pull)...
2026-02-08 02:13:10,539 - AUTO_PILOT - Git Pull Failed: [Errno 2] No such file or directory: 'git'
2026-02-08 02:14:10,630 - AUTO_PILOT - Syncing FROM GitHub (Pull)...
2026-02-08 02:14:10,636 - AUTO_PILOT - Git Pull Failed: [Errno 2] No such file or directory: 'git'
2026-02-08 02:15:10,731 - AUTO_PILOT - Syncing FROM GitHub (Pull)...
2026-02-08 02:15:10,739 - AUTO_PILOT - Git Pull Failed: [Errno 2] No such file or directory: 'git'
2026-02-08 02:16:10,830 - AUTO_PILOT - Syncing FROM GitHub (Pull)...
2026-02-08 02:16:10,837 - AUTO_PILOT - Git Pull Failed: [Errno 2] No such file or directory: 'git'
2026-02-08 02:17:10,934 - AUTO_PILOT - Syncing FROM GitHub (Pull)...
2026-02-08 02:17:10,943 - AUTO_PILOT - Git Pull Failed: [Errno 2] No such file or directory: 'git'
2026-02-08 02:18:11,036 - AUTO_PILOT - Syncing FROM GitHub (Pull)...
2026-02-08 02:18:11,041 - AUTO_PILOT - Git Pull Failed: [Errno 2] No such file or directory: 'git'
2026-02-08 02:19:11,132 - AUTO_PILOT - Syncing FROM GitHub (Pull)...
2026-02-08 02:19:11,138 - AUTO_PILOT - Git Pull Failed: [Errno 2] No such file or directory: 'git'
2026-02-08 02:20:11,230 - AUTO_PILOT - Syncing FROM GitHub (Pull)...
2026-02-08 02:20:11,237 - AUTO_PILOT - Git Pull Failed: [Errno 2] No such file or directory: 'git'
2026-02-08 02:21:11,328 - AUTO_PILOT - Syncing FROM GitHub (Pull)...
2026-02-08 02:21:11,337 - AUTO_PILOT - Git Pull Failed: [Errno 2] No such file or directory: 'git'
2026-02-08 02:22:11,434 - AUTO_PILOT - Syncing FROM GitHub (Pull)...
2026-02-08 02:22:11,440 - AUTO_PILOT - Git Pull Failed: [Errno 2] No such file or directory: 'git'
2026-02-08 02:23:11,532 - AUTO_PILOT - Syncing FROM GitHub (Pull)...
2026-02-08 02:23:11,539 - AUTO_PILOT - Git Pull Failed: [Errno 2] No such file or directory: 'git'
2026-02-08 02:24:11,631 - AUTO_PILOT - Syncing FROM GitHub (Pull)...
2026-02-08 02:24:11,636 - AUTO_PILOT - Git Pull Failed: [Errno 2] No such file or directory: 'git'
2026-02-08 02:25:11,730 - AUTO_PILOT - Syncing FROM GitHub (Pull)...
2026-02-08 02:25:11,737 - AUTO_PILOT - Git Pull Failed: [Errno 2] No such file or directory: 'git'
2026-02-08 02:26:11,829 - AUTO_PILOT - Syncing FROM GitHub (Pull)...
2026-02-08 02:26:11,834 - AUTO_PILOT - Git Pull Failed: [Errno 2] No such file or directory: 'git'
2026-02-08 02:27:11,917 - AUTO_PILOT - Syncing FROM GitHub (Pull)...
2026-02-08 02:27:11,924 - AUTO_PILOT - Git Pull Failed: [Errno 2] No such file or directory: 'git'
2026-02-08 02:28:12,018 - AUTO_PILOT - Syncing FROM GitHub (Pull)...
2026-02-08 02:28:12,023 - AUTO_PILOT - Git Pull Failed: [Errno 2] No such file or directory: 'git'
2026-02-08 02:29:12,116 - AUTO_PILOT - Syncing FROM GitHub (Pull)...
2026-02-08 02:29:12,122 - AUTO_PILOT - Git Pull Failed: [Errno 2] No such file or directory: 'git'
2026-02-08 02:30:12,214 - AUTO_PILOT - Syncing FROM GitHub (Pull)...
2026-02-08 02:30:12,221 - AUTO_PILOT - Git Pull Failed: [Errno 2] No such file or directory: 'git'
2026-02-08 02:31:12,295 - AUTO_PILOT - Syncing FROM GitHub (Pull)...
2026-02-08 02:31:12,301 - AUTO_PILOT - Git Pull Failed: [Errno 2] No such file or directory: 'git'
2026-02-08 02:32:12,362 - AUTO_PILOT - Syncing FROM GitHub (Pull)...
2026-02-08 02:32:12,367 - AUTO_PILOT - Git Pull Failed: [Errno 2] No such file or directory: 'git'
2026-02-08 02:33:12,436 - AUTO_PILOT - Syncing FROM GitHub (Pull)...
2026-02-08 02:33:12,443 - AUTO_PILOT - Git Pull Failed: [Errno 2] No such file or directory: 'git'
2026-02-08 02:34:12,537 - AUTO_PILOT - Syncing FROM GitHub (Pull)...
2026-02-08 02:34:12,546 - AUTO_PILOT - Git Pull Failed: [Errno 2] No such file or directory: 'git'
2026-02-08 02:35:12,640 - AUTO_PILOT - Syncing FROM GitHub (Pull)...
2026-02-08 02:35:12,649 - AUTO_PILOT - Git Pull Failed: [Errno 2] No such file or directory: 'git'
2026-02-08 02:36:12,695 - AUTO_PILOT - Syncing FROM GitHub (Pull)...
2026-02-08 02:36:12,709 - AUTO_PILOT - Git Pull Failed: [Errno 2] No such file or directory: 'git'
2026-02-08 02:37:12,755 - AUTO_PILOT - Syncing FROM GitHub (Pull)...
2026-02-08 02:37:12,762 - AUTO_PILOT - Git Pull Failed: [Errno 2] No such file or directory: 'git'
2026-02-08 02:38:12,853 - AUTO_PILOT - Syncing FROM GitHub (Pull)...
2026-02-08 02:38:12,859 - AUTO_PILOT - Git Pull Failed: [Errno 2] No such file or directory: 'git'
2026-02-08 02:39:12,952 - AUTO_PILOT - Syncing FROM GitHub (Pull)...
2026-02-08 02:39:12,958 - AUTO_PILOT - Git Pull Failed: [Errno 2] No such file or directory: 'git'
2026-02-08 02:40:13,048 - AUTO_PILOT - Syncing FROM GitHub (Pull)...
2026-02-08 02:40:13,053 - AUTO_PILOT - Git Pull Failed: [Errno 2] No such file or directory: 'git'
2026-02-08 02:41:13,142 - AUTO_PILOT - Syncing FROM GitHub (Pull)...
2026-02-08 02:41:13,148 - AUTO_PILOT - Git Pull Failed: [Errno 2] No such file or directory: 'git'
2026-02-08 02:42:13,241 - AUTO_PILOT - Syncing FROM GitHub (Pull)...
2026-02-08 02:42:13,246 - AUTO_PILOT - Git Pull Failed: [Errno 2] No such file or directory: 'git'
2026-02-08 02:43:13,337 - AUTO_PILOT - Syncing FROM GitHub (Pull)...
2026-02-08 02:43:13,344 - AUTO_PILOT - Git Pull Failed: [Errno 2] No such file or directory: 'git'
2026-02-08 02:44:13,434 - AUTO_PILOT - Syncing FROM GitHub (Pull)...
2026-02-08 02:44:13,440 - AUTO_PILOT - Git Pull Failed: [Errno 2] No such file or directory: 'git'
2026-02-08 02:45:13,492 - AUTO_PILOT - Syncing FROM GitHub (Pull)...
2026-02-08 02:45:13,497 - AUTO_PILOT - Git Pull Failed: [Errno 2] No such file or directory: 'git'
2026-02-08 02:46:13,582 - AUTO_PILOT - Syncing FROM GitHub (Pull)...
2026-02-08 02:46:13,585 - AUTO_PILOT - Git Pull Failed: [Errno 2] No such file or directory: 'git'
2026-02-08 02:47:13,654 - AUTO_PILOT - Syncing FROM GitHub (Pull)...
2026-02-08 02:47:13,660 - AUTO_PILOT - Git Pull Failed: [Errno 2] No such file or directory: 'git'
2026-02-08 12:05:04,296 - AUTO_PILOT - Auto-Pilot Started. Schedule: Daily at 12:00 AM (Midnight).
2026-02-08 12:05:04,307 - AUTO_PILOT - Next run scheduled for: 2026-02-09 00:00:00
2026-02-08 12:05:04,309 - AUTO_PILOT - Syncing FROM GitHub (Pull)...
2026-02-08 12:05:04,326 - AUTO_PILOT - Git Pull Failed: [Errno 2] No such file or directory: 'git'
2026-02-08 12:06:04,428 - AUTO_PILOT - Syncing FROM GitHub (Pull)...
2026-02-08 12:06:04,430 - AUTO_PILOT - Git Pull Failed: [Errno 2] No such file or directory: 'git'
2026-02-08 12:07:04,478 - AUTO_PILOT - Syncing FROM GitHub (Pull)...
2026-02-08 12:07:04,486 - AUTO_PILOT - Git Pull Failed: [Errno 2] No such file or directory: 'git'
2026-02-08 12:08:04,573 - AUTO_PILOT - Syncing FROM GitHub (Pull)...
2026-02-08 12:08:04,576 - AUTO_PILOT - Git Pull Failed: [Errno 2] No such file or directory: 'git'
2026-02-08 12:09:04,638 - AUTO_PILOT - Syncing FROM GitHub (Pull)...
2026-02-08 12:09:04,641 - AUTO_PILOT - Git Pull Failed: [Errno 2] No such file or directory: 'git'
2026-02-08 12:10:04,707 - AUTO_PILOT - Syncing FROM GitHub (Pull)...
2026-02-08 12:10:04,709 - AUTO_PILOT - Git Pull Failed: [Errno 2] No such file or directory: 'git'
2026-02-08 12:11:04,774 - AUTO_PILOT - Syncing FROM GitHub (Pull)...
2026-02-08 12:11:04,776 - AUTO_PILOT - Git Pull Failed: [Errno 2] No such file or directory: 'git'
2026-02-08 12:12:04,829 - AUTO_PILOT - Syncing FROM GitHub (Pull)...
2026-02-08 12:12:04,834 - AUTO_PILOT - Git Pull Failed: [Errno 2] No such file or directory: 'git'
2026-02-08 12:13:04,921 - AUTO_PILOT - Syncing FROM GitHub (Pull)...
2026-02-08 12:13:04,926 - AUTO_PILOT - Git Pull Failed: [Errno 2] No such file or directory: 'git'
2026-02-08 12:14:04,997 - AUTO_PILOT - Syncing FROM GitHub (Pull)...
2026-02-08 12:14:05,000 - AUTO_PILOT - Git Pull Failed: [Errno 2] No such file or directory: 'git'
2026-02-08 12:15:05,045 - AUTO_PILOT - Syncing FROM GitHub (Pull)...
2026-02-08 12:15:05,047 - AUTO_PILOT - Git Pull Failed: [Errno 2] No such file or directory: 'git'
2026-02-08 12:16:05,113 - AUTO_PILOT - Syncing FROM GitHub (Pull)...
2026-02-08 12:16:05,115 - AUTO_PILOT - Git Pull Failed: [Errno 2] No such file or directory: 'git'
2026-02-08 12:17:05,120 - AUTO_PILOT - Syncing FROM GitHub (Pull)...
2026-02-08 12:17:05,127 - AUTO_PILOT - Git Pull Failed: [Errno 2] No such file or directory: 'git'
2026-02-08 12:18:05,178 - AUTO_PILOT - Syncing FROM GitHub (Pull)...
2026-02-08 12:18:05,185 - AUTO_PILOT - Git Pull Failed: [Errno 2] No such file or directory: 'git'
2026-02-08 12:19:05,255 - AUTO_PILOT - Syncing FROM GitHub (Pull)...
2026-02-08 12:19:05,257 - AUTO_PILOT - Git Pull Failed: [Errno 2] No such file or directory: 'git'
2026-02-08 12:25:29,774 - AUTO_PILOT - Syncing FROM GitHub (Pull)...
2026-02-08 12:25:29,775 - AUTO_PILOT - Git Pull Failed: [Errno 2] No such file or directory: 'git'
2026-02-08 12:26:29,830 - AUTO_PILOT - Syncing FROM GitHub (Pull)...
2026-02-08 12:26:29,832 - AUTO_PILOT - Git Pull Failed: [Errno 2] No such file or directory: 'git'
2026-02-08 12:27:29,896 - AUTO_PILOT - Syncing FROM GitHub (Pull)...
2026-02-08 12:27:29,903 - AUTO_PILOT - Git Pull Failed: [Errno 2] No such file or directory: 'git'
2026-02-08 12:28:29,983 - AUTO_PILOT - Syncing FROM GitHub (Pull)...
2026-02-08 12:28:29,986 - AUTO_PILOT - Git Pull Failed: [Errno 2] No such file or directory: 'git'
2026-02-08 12:29:30,059 - AUTO_PILOT - Syncing FROM GitHub (Pull)...
2026-02-08 12:29:30,063 - AUTO_PILOT - Git Pull Failed: [Errno 2] No such file or directory: 'git'
2026-02-08 12:30:30,152 - AUTO_PILOT - Syncing FROM GitHub (Pull)...
2026-02-08 12:30:30,158 - AUTO_PILOT - Git Pull Failed: [Errno 2] No such file or directory: 'git'
2026-02-08 12:31:30,227 - AUTO_PILOT - Syncing FROM GitHub (Pull)...
2026-02-08 12:31:30,231 - AUTO_PILOT - Git Pull Failed: [Errno 2] No such file or directory: 'git'
2026-02-08 12:32:30,296 - AUTO_PILOT - Syncing FROM GitHub (Pull)...
2026-02-08 12:32:30,302 - AUTO_PILOT - Git Pull Failed: [Errno 2] No such file or directory: 'git'
2026-02-08 12:33:30,376 - AUTO_PILOT - Syncing FROM GitHub (Pull)...
2026-02-08 12:33:30,382 - AUTO_PILOT - Git Pull Failed: [Errno 2] No such file or directory: 'git'
2026-02-08 12:34:30,426 - AUTO_PILOT - Syncing FROM GitHub (Pull)...
2026-02-08 12:34:30,431 - AUTO_PILOT - Git Pull Failed: [Errno 2] No such file or directory: 'git'
2026-02-08 12:35:30,507 - AUTO_PILOT - Syncing FROM GitHub (Pull)...
2026-02-08 12:35:30,512 - AUTO_PILOT - Git Pull Failed: [Errno 2] No such file or directory: 'git'
2026-02-08 12:36:30,601 - AUTO_PILOT - Syncing FROM GitHub (Pull)...
2026-02-08 12:36:30,606 - AUTO_PILOT - Git Pull Failed: [Errno 2] No such file or directory: 'git'
2026-02-08 12:37:30,677 - AUTO_PILOT - Syncing FROM GitHub (Pull)...
2026-02-08 12:37:30,682 - AUTO_PILOT - Git Pull Failed: [Errno 2] No such file or directory: 'git'
2026-02-08 12:38:30,764 - AUTO_PILOT - Syncing FROM GitHub (Pull)...
2026-02-08 12:38:30,768 - AUTO_PILOT - Git Pull Failed: [Errno 2] No such file or directory: 'git'
2026-02-08 12:39:30,830 - AUTO_PILOT - Syncing FROM GitHub (Pull)...
2026-02-08 12:39:30,832 - AUTO_PILOT - Git Pull Failed: [Errno 2] No such file or directory: 'git'
2026-02-08 12:40:30,896 - AUTO_PILOT - Syncing FROM GitHub (Pull)...
2026-02-08 12:40:30,898 - AUTO_PILOT - Git Pull Failed: [Errno 2] No such file or directory: 'git'
2026-02-08 12:41:30,953 - AUTO_PILOT - Syncing FROM GitHub (Pull)...
2026-02-08 12:41:30,958 - AUTO_PILOT - Git Pull Failed: [Errno 2] No such file or directory: 'git'
2026-02-08 12:42:31,022 - AUTO_PILOT - Syncing FROM GitHub (Pull)...
2026-02-08 12:42:31,024 - AUTO_PILOT - Git Pull Failed: [Errno 2] No such file or directory: 'git'
2026-02-08 12:43:31,087 - AUTO_PILOT - Syncing FROM GitHub (Pull)...
2026-02-08 12:43:31,091 - AUTO_PILOT - Git Pull Failed: [Errno 2] No such file or directory: 'git'
2026-02-08 12:44:31,174 - AUTO_PILOT - Syncing FROM GitHub (Pull)...
2026-02-08 12:44:31,178 - AUTO_PILOT - Git Pull Failed: [Errno 2] No such file or directory: 'git'
2026-02-08 12:45:31,247 - AUTO_PILOT - Syncing FROM GitHub (Pull)...
2026-02-08 12:45:31,251 - AUTO_PILOT - Git Pull Failed: [Errno 2] No such file or directory: 'git'
2026-02-08 12:46:31,323 - AUTO_PILOT - Syncing FROM GitHub (Pull)...
2026-02-08 12:46:31,325 - AUTO_PILOT - Git Pull Failed: [Errno 2] No such file or directory: 'git'
2026-02-08 12:47:31,377 - AUTO_PILOT - Syncing FROM GitHub (Pull)...
2026-02-08 12:47:31,382 - AUTO_PILOT - Git Pull Failed: [Errno 2] No such file or directory: 'git'
2026-02-08 12:48:31,465 - AUTO_PILOT - Syncing FROM GitHub (Pull)...
2026-02-08 12:48:31,466 - AUTO_PILOT - Git Pull Failed: [Errno 2] No such file or directory: 'git'
2026-02-08 12:49:31,523 - AUTO_PILOT - Syncing FROM GitHub (Pull)...
2026-02-08 12:49:31,527 - AUTO_PILOT - Git Pull Failed: [Errno 2] No such file or directory: 'git'
2026-02-08 12:50:31,612 - AUTO_PILOT - Syncing FROM GitHub (Pull)...
2026-02-08 12:50:31,615 - AUTO_PILOT - Git Pull Failed: [Errno 2] No such file or directory: 'git'
2026-02-08 12:51:31,684 - AUTO_PILOT - Syncing FROM GitHub (Pull)...
2026-02-08 12:51:31,685 - AUTO_PILOT - Git Pull Failed: [Errno 2] No such file or directory: 'git'
2026-02-08 12:52:31,746 - AUTO_PILOT - Syncing FROM GitHub (Pull)...
2026-02-08 12:52:31,751 - AUTO_PILOT - Git Pull Failed: [Errno 2] No such file or directory: 'git'
2026-02-08 12:53:31,804 - AUTO_PILOT - Syncing FROM GitHub (Pull)...
2026-02-08 12:53:31,809 - AUTO_PILOT - Git Pull Failed: [Errno 2] No such file or directory: 'git'
2026-02-08 12:54:31,895 - AUTO_PILOT - Syncing FROM GitHub (Pull)...
2026-02-08 12:54:31,900 - AUTO_PILOT - Git Pull Failed: [Errno 2] No such file or directory: 'git'
2026-02-08 12:55:31,985 - AUTO_PILOT - Syncing FROM GitHub (Pull)...
2026-02-08 12:55:31,987 - AUTO_PILOT - Git Pull Failed: [Errno 2] No such file or directory: 'git'
2026-02-08 12:56:32,045 - AUTO_PILOT - Syncing FROM GitHub (Pull)...
2026-02-08 12:56:32,046 - AUTO_PILOT - Git Pull Failed: [Errno 2] No such file or directory: 'git'
2026-02-08 12:57:32,107 - AUTO_PILOT - Syncing FROM GitHub (Pull)...
2026-02-08 12:57:32,112 - AUTO_PILOT - Git Pull Failed: [Errno 2] No such file or directory: 'git'
2026-02-08 13:19:34,647 - AUTO_PILOT - Syncing FROM GitHub (Pull)...
2026-02-08 13:19:34,649 - AUTO_PILOT - Git Pull Failed: [Errno 2] No such file or directory: 'git'
2026-02-08 13:20:34,713 - AUTO_PILOT - Syncing FROM GitHub (Pull)...
2026-02-08 13:20:34,717 - AUTO_PILOT - Git Pull Failed: [Errno 2] No such file or directory: 'git'
2026-02-08 13:21:34,809 - AUTO_PILOT - Syncing FROM GitHub (Pull)...
2026-02-08 13:21:34,814 - AUTO_PILOT - Git Pull Failed: [Errno 2] No such file or directory: 'git'
2026-02-08 13:22:34,900 - AUTO_PILOT - Syncing FROM GitHub (Pull)...
2026-02-08 13:22:34,903 - AUTO_PILOT - Git Pull Failed: [Errno 2] No such file or directory: 'git'
2026-02-08 13:23:34,926 - AUTO_PILOT - Syncing FROM GitHub (Pull)...
2026-02-08 13:23:34,930 - AUTO_PILOT - Git Pull Failed: [Errno 2] No such file or directory: 'git'
2026-02-08 13:24:34,970 - AUTO_PILOT - Syncing FROM GitHub (Pull)...
2026-02-08 13:24:34,973 - AUTO_PILOT - Git Pull Failed: [Errno 2] No such file or directory: 'git'
2026-02-08 13:25:35,043 - AUTO_PILOT - Syncing FROM GitHub (Pull)...
2026-02-08 13:25:35,048 - AUTO_PILOT - Git Pull Failed: [Errno 2] No such file or directory: 'git'
2026-02-08 13:26:35,135 - AUTO_PILOT - Syncing FROM GitHub (Pull)...
2026-02-08 13:26:35,140 - AUTO_PILOT - Git Pull Failed: [Errno 2] No such file or directory: 'git'
2026-02-08 13:27:35,222 - AUTO_PILOT - Syncing FROM GitHub (Pull)...
2026-02-08 13:27:35,225 - AUTO_PILOT - Git Pull Failed: [Errno 2] No such file or directory: 'git'
2026-02-08 13:28:35,291 - AUTO_PILOT - Syncing FROM GitHub (Pull)...
2026-02-08 13:28:35,296 - AUTO_PILOT - Git Pull Failed: [Errno 2] No such file or directory: 'git'
2026-02-08 13:29:35,342 - AUTO_PILOT - Syncing FROM GitHub (Pull)...
2026-02-08 13:29:35,343 - AUTO_PILOT - Git Pull Failed: [Errno 2] No such file or directory: 'git'
2026-02-08 13:30:35,401 - AUTO_PILOT - Syncing FROM GitHub (Pull)...
2026-02-08 13:30:35,404 - AUTO_PILOT - Git Pull Failed: [Errno 2] No such file or directory: 'git'
2026-02-08 13:59:07,130 - AUTO_PILOT - Syncing FROM GitHub (Pull)...
2026-02-08 13:59:07,132 - AUTO_PILOT - Git Pull Failed: [Errno 2] No such file or directory: 'git'
2026-02-08 14:00:07,199 - AUTO_PILOT - Syncing FROM GitHub (Pull)...
2026-02-08 14:00:07,201 - AUTO_PILOT - Git Pull Failed: [Errno 2] No such file or directory: 'git'
2026-02-08 14:01:07,268 - AUTO_PILOT - Syncing FROM GitHub (Pull)...
2026-02-08 14:01:07,274 - AUTO_PILOT - Git Pull Failed: [Errno 2] No such file or directory: 'git'
2026-02-08 14:02:07,369 - AUTO_PILOT - Syncing FROM GitHub (Pull)...
2026-02-08 14:02:07,372 - AUTO_PILOT - Git Pull Failed: [Errno 2] No such file or directory: 'git'
2026-02-08 14:03:07,448 - AUTO_PILOT - Syncing FROM GitHub (Pull)...
2026-02-08 14:03:07,454 - AUTO_PILOT - Git Pull Failed: [Errno 2] No such file or directory: 'git'
2026-02-08 14:04:07,545 - AUTO_PILOT - Syncing FROM GitHub (Pull)...
2026-02-08 14:04:07,547 - AUTO_PILOT - Git Pull Failed: [Errno 2] No such file or directory: 'git'
2026-02-08 14:05:07,613 - AUTO_PILOT - Syncing FROM GitHub (Pull)...
2026-02-08 14:05:07,615 - AUTO_PILOT - Git Pull Failed: [Errno 2] No such file or directory: 'git'
2026-02-08 18:10:28,438 - AUTO_PILOT - Syncing FROM GitHub (Pull)...
2026-02-08 18:10:28,440 - AUTO_PILOT - Git Pull Failed: [Errno 2] No such file or directory: 'git'
2026-02-08 18:11:28,507 - AUTO_PILOT - Syncing FROM GitHub (Pull)...
2026-02-08 18:11:28,508 - AUTO_PILOT - Git Pull Failed: [Errno 2] No such file or directory: 'git'
2026-02-08 18:12:28,573 - AUTO_PILOT - Syncing FROM GitHub (Pull)...
2026-02-08 18:12:28,578 - AUTO_PILOT - Git Pull Failed: [Errno 2] No such file or directory: 'git'
2026-02-08 18:13:28,667 - AUTO_PILOT - Syncing FROM GitHub (Pull)...
2026-02-08 18:13:28,672 - AUTO_PILOT - Git Pull Failed: [Errno 2] No such file or directory: 'git'
2026-02-08 18:14:28,760 - AUTO_PILOT - Syncing FROM GitHub (Pull)...
2026-02-08 18:14:28,761 - AUTO_PILOT - Git Pull Failed: [Errno 2] No such file or directory: 'git'
2026-02-11 01:27:49,329 - AUTO_PILOT - Auto-Pilot Started. Schedule: Daily at 12:00 AM (Midnight).
2026-02-11 01:27:49,333 - AUTO_PILOT - Next run scheduled for: 2026-02-12 00:00:00
2026-02-11 01:27:49,333 - AUTO_PILOT - Syncing FROM GitHub (Pull)...
2026-02-11 01:27:49,335 - AUTO_PILOT - Git Pull Failed: [Errno 2] No such file or directory: 'git'
2026-02-11 01:28:49,394 - AUTO_PILOT - Syncing FROM GitHub (Pull)...
2026-02-11 01:28:49,399 - AUTO_PILOT - Git Pull Failed: [Errno 2] No such file or directory: 'git'
2026-02-11 01:29:49,438 - AUTO_PILOT - Syncing FROM GitHub (Pull)...
2026-02-11 01:29:49,443 - AUTO_PILOT - Git Pull Failed: [Errno 2] No such file or directory: 'git'
2026-02-11 01:30:49,531 - AUTO_PILOT - Syncing FROM GitHub (Pull)...
2026-02-11 01:30:49,537 - AUTO_PILOT - Git Pull Failed: [Errno 2] No such file or directory: 'git'
2026-02-11 01:31:49,630 - AUTO_PILOT - Syncing FROM GitHub (Pull)...
2026-02-11 01:31:49,633 - AUTO_PILOT - Git Pull Failed: [Errno 2] No such file or directory: 'git'
2026-02-11 01:32:49,695 - AUTO_PILOT - Syncing FROM GitHub (Pull)...
2026-02-11 01:32:49,699 - AUTO_PILOT - Git Pull Failed: [Errno 2] No such file or directory: 'git'
2026-02-11 01:33:49,772 - AUTO_PILOT - Syncing FROM GitHub (Pull)...
2026-02-11 01:33:49,775 - AUTO_PILOT - Git Pull Failed: [Errno 2] No such file or directory: 'git'
2026-02-11 01:34:49,840 - AUTO_PILOT - Syncing FROM GitHub (Pull)...
2026-02-11 01:34:49,846 - AUTO_PILOT - Git Pull Failed: [Errno 2] No such file or directory: 'git'
2026-02-11 01:35:49,939 - AUTO_PILOT - Syncing FROM GitHub (Pull)...
2026-02-11 01:35:49,945 - AUTO_PILOT - Git Pull Failed: [Errno 2] No such file or directory: 'git'
2026-02-11 01:36:50,022 - AUTO_PILOT - Syncing FROM GitHub (Pull)...
2026-02-11 01:36:50,025 - AUTO_PILOT - Git Pull Failed: [Errno 2] No such file or directory: 'git'
2026-02-11 01:37:50,054 - AUTO_PILOT - Syncing FROM GitHub (Pull)...
2026-02-11 01:37:50,058 - AUTO_PILOT - Git Pull Failed: [Errno 2] No such file or directory: 'git'
2026-02-11 01:38:50,097 - AUTO_PILOT - Syncing FROM GitHub (Pull)...
2026-02-11 01:38:50,101 - AUTO_PILOT - Git Pull Failed: [Errno 2] No such file or directory: 'git'
2026-02-11 01:39:50,175 - AUTO_PILOT - Syncing FROM GitHub (Pull)...
2026-02-11 01:39:50,182 - AUTO_PILOT - Git Pull Failed: [Errno 2] No such file or directory: 'git'
2026-02-11 01:40:50,240 - AUTO_PILOT - Syncing FROM GitHub (Pull)...
2026-02-11 01:40:50,247 - AUTO_PILOT - Git Pull Failed: [Errno 2] No such file or directory: 'git'
2026-02-11 01:41:50,335 - AUTO_PILOT - Syncing FROM GitHub (Pull)...
2026-02-11 01:41:50,340 - AUTO_PILOT - Git Pull Failed: [Errno 2] No such file or directory: 'git'
2026-02-11 01:42:50,428 - AUTO_PILOT - Syncing FROM GitHub (Pull)...
2026-02-11 01:42:50,432 - AUTO_PILOT - Git Pull Failed: [Errno 2] No such file or directory: 'git'
2026-02-11 01:43:50,513 - AUTO_PILOT - Syncing FROM GitHub (Pull)...
2026-02-11 01:43:50,519 - AUTO_PILOT - Git Pull Failed: [Errno 2] No such file or directory: 'git'
2026-02-11 01:44:50,594 - AUTO_PILOT - Syncing FROM GitHub (Pull)...
2026-02-11 01:44:50,598 - AUTO_PILOT - Git Pull Failed: [Errno 2] No such file or directory: 'git'
2026-02-11 01:45:50,677 - AUTO_PILOT - Syncing FROM GitHub (Pull)...
2026-02-11 01:45:50,682 - AUTO_PILOT - Git Pull Failed: [Errno 2] No such file or directory: 'git'
2026-02-11 01:46:50,768 - AUTO_PILOT - Syncing FROM GitHub (Pull)...
2026-02-11 01:46:50,770 - AUTO_PILOT - Git Pull Failed: [Errno 2] No such file or directory: 'git'
2026-02-11 01:47:50,831 - AUTO_PILOT - Syncing FROM GitHub (Pull)...
2026-02-11 01:47:50,836 - AUTO_PILOT - Git Pull Failed: [Errno 2] No such file or directory: 'git'
2026-02-11 01:48:50,875 - AUTO_PILOT - Syncing FROM GitHub (Pull)...
2026-02-11 01:48:50,881 - AUTO_PILOT - Git Pull Failed: [Errno 2] No such file or directory: 'git'
2026-02-11 01:49:50,966 - AUTO_PILOT - Syncing FROM GitHub (Pull)...
2026-02-11 01:49:50,972 - AUTO_PILOT - Git Pull Failed: [Errno 2] No such file or directory: 'git'
2026-02-11 01:50:51,065 - AUTO_PILOT - Syncing FROM GitHub (Pull)...
2026-02-11 01:50:51,067 - AUTO_PILOT - Git Pull Failed: [Errno 2] No such file or directory: 'git'
2026-02-11 01:51:51,142 - AUTO_PILOT - Syncing FROM GitHub (Pull)...
2026-02-11 01:51:51,146 - AUTO_PILOT - Git Pull Failed: [Errno 2] No such file or directory: 'git'
2026-02-11 01:52:51,222 - AUTO_PILOT - Syncing FROM GitHub (Pull)...
2026-02-11 01:52:51,227 - AUTO_PILOT - Git Pull Failed: [Errno 2] No such file or directory: 'git'
2026-02-11 01:53:51,320 - AUTO_PILOT - Syncing FROM GitHub (Pull)...
2026-02-11 01:53:51,330 - AUTO_PILOT - Git Pull Failed: [Errno 2] No such file or directory: 'git'
2026-02-11 01:54:51,419 - AUTO_PILOT - Syncing FROM GitHub (Pull)...
2026-02-11 01:54:51,423 - AUTO_PILOT - Git Pull Failed: [Errno 2] No such file or directory: 'git'
2026-02-11 01:55:51,500 - AUTO_PILOT - Syncing FROM GitHub (Pull)...
2026-02-11 01:55:51,504 - AUTO_PILOT - Git Pull Failed: [Errno 2] No such file or directory: 'git'
2026-02-11 01:56:51,585 - AUTO_PILOT - Syncing FROM GitHub (Pull)...
2026-02-11 01:56:51,590 - AUTO_PILOT - Git Pull Failed: [Errno 2] No such file or directory: 'git'
2026-02-11 01:57:51,665 - AUTO_PILOT - Syncing FROM GitHub (Pull)...
2026-02-11 01:57:51,670 - AUTO_PILOT - Git Pull Failed: [Errno 2] No such file or directory: 'git'
2026-02-11 01:58:51,759 - AUTO_PILOT - Syncing FROM GitHub (Pull)...
2026-02-11 01:58:51,764 - AUTO_PILOT - Git Pull Failed: [Errno 2] No such file or directory: 'git'
2026-02-11 01:59:51,845 - AUTO_PILOT - Syncing FROM GitHub (Pull)...
2026-02-11 01:59:51,851 - AUTO_PILOT - Git Pull Failed: [Errno 2] No such file or directory: 'git'
2026-02-11 02:00:51,883 - AUTO_PILOT - Syncing FROM GitHub (Pull)...
2026-02-11 02:00:51,888 - AUTO_PILOT - Git Pull Failed: [Errno 2] No such file or directory: 'git'
2026-02-11 02:01:51,976 - AUTO_PILOT - Syncing FROM GitHub (Pull)...
2026-02-11 02:01:51,982 - AUTO_PILOT - Git Pull Failed: [Errno 2] No such file or directory: 'git'
2026-02-11 02:02:52,059 - AUTO_PILOT - Syncing FROM GitHub (Pull)...
2026-02-11 02:02:52,064 - AUTO_PILOT - Git Pull Failed: [Errno 2] No such file or directory: 'git'
2026-02-11 02:03:52,095 - AUTO_PILOT - Syncing FROM GitHub (Pull)...
2026-02-11 02:03:52,098 - AUTO_PILOT - Git Pull Failed: [Errno 2] No such file or directory: 'git'
2026-02-11 02:04:52,170 - AUTO_PILOT - Syncing FROM GitHub (Pull)...
2026-02-11 02:04:52,174 - AUTO_PILOT - Git Pull Failed: [Errno 2] No such file or directory: 'git'
2026-02-11 02:05:52,256 - AUTO_PILOT - Syncing FROM GitHub (Pull)...
2026-02-11 02:05:52,263 - AUTO_PILOT - Git Pull Failed: [Errno 2] No such file or directory: 'git'
2026-02-11 02:06:52,361 - AUTO_PILOT - Syncing FROM GitHub (Pull)...
2026-02-11 02:06:52,367 - AUTO_PILOT - Git Pull Failed: [Errno 2] No such file or directory: 'git'
2026-02-11 02:07:52,469 - AUTO_PILOT - Syncing FROM GitHub (Pull)...
2026-02-11 02:07:52,474 - AUTO_PILOT - Git Pull Failed: [Errno 2] No such file or directory: 'git'
2026-02-11 02:08:52,562 - AUTO_PILOT - Syncing FROM GitHub (Pull)...
2026-02-11 02:08:52,565 - AUTO_PILOT - Git Pull Failed: [Errno 2] No such file or directory: 'git'
2026-02-11 02:09:52,638 - AUTO_PILOT - Syncing FROM GitHub (Pull)...
2026-02-11 02:09:52,641 - AUTO_PILOT - Git Pull Failed: [Errno 2] No such file or directory: 'git'
2026-02-11 02:10:52,712 - AUTO_PILOT - Syncing FROM GitHub (Pull)...
2026-02-11 02:10:52,718 - AUTO_PILOT - Git Pull Failed: [Errno 2] No such file or directory: 'git'
2026-02-11 02:11:52,808 - AUTO_PILOT - Syncing FROM GitHub (Pull)...
2026-02-11 02:11:52,813 - AUTO_PILOT - Git Pull Failed: [Errno 2] No such file or directory: 'git'
2026-02-11 02:12:52,899 - AUTO_PILOT - Syncing FROM GitHub (Pull)...
2026-02-11 02:12:52,904 - AUTO_PILOT - Git Pull Failed: [Errno 2] No such file or directory: 'git'
2026-02-11 02:13:52,992 - AUTO_PILOT - Syncing FROM GitHub (Pull)...
2026-02-11 02:13:52,995 - AUTO_PILOT - Git Pull Failed: [Errno 2] No such file or directory: 'git'
2026-02-11 02:14:53,066 - AUTO_PILOT - Syncing FROM GitHub (Pull)...
2026-02-11 02:14:53,071 - AUTO_PILOT - Git Pull Failed: [Errno 2] No such file or directory: 'git'
2026-02-11 02:15:53,162 - AUTO_PILOT - Syncing FROM GitHub (Pull)...
2026-02-11 02:15:53,167 - AUTO_PILOT - Git Pull Failed: [Errno 2] No such file or directory: 'git'
2026-02-11 02:16:53,223 - AUTO_PILOT - Syncing FROM GitHub (Pull)...
2026-02-11 02:16:53,226 - AUTO_PILOT - Git Pull Failed: [Errno 2] No such file or directory: 'git'
2026-02-11 02:17:53,274 - AUTO_PILOT - Syncing FROM GitHub (Pull)...
2026-02-11 02:17:53,280 - AUTO_PILOT - Git Pull Failed: [Errno 2] No such file or directory: 'git'
2026-02-11 02:18:53,315 - AUTO_PILOT - Syncing FROM GitHub (Pull)...
2026-02-11 02:18:53,320 - AUTO_PILOT - Git Pull Failed: [Errno 2] No such file or directory: 'git'
2026-02-11 02:19:53,412 - AUTO_PILOT - Syncing FROM GitHub (Pull)...
2026-02-11 02:19:53,419 - AUTO_PILOT - Git Pull Failed: [Errno 2] No such file or directory: 'git'
2026-02-11 02:20:53,504 - AUTO_PILOT - Syncing FROM GitHub (Pull)...
2026-02-11 02:20:53,510 - AUTO_PILOT - Git Pull Failed: [Errno 2] No such file or directory: 'git'
2026-02-11 02:21:53,591 - AUTO_PILOT - Syncing FROM GitHub (Pull)...
2026-02-11 02:21:53,594 - AUTO_PILOT - Git Pull Failed: [Errno 2] No such file or directory: 'git'
2026-02-11 02:22:53,662 - AUTO_PILOT - Syncing FROM GitHub (Pull)...
2026-02-11 02:22:53,666 - AUTO_PILOT - Git Pull Failed: [Errno 2] No such file or directory: 'git'
2026-02-11 02:23:53,745 - AUTO_PILOT - Syncing FROM GitHub (Pull)...
2026-02-11 02:23:53,752 - AUTO_PILOT - Git Pull Failed: [Errno 2] No such file or directory: 'git'
2026-02-11 02:24:53,844 - AUTO_PILOT - Syncing FROM GitHub (Pull)...
2026-02-11 02:24:53,851 - AUTO_PILOT - Git Pull Failed: [Errno 2] No such file or directory: 'git'
2026-02-11 02:25:53,929 - AUTO_PILOT - Syncing FROM GitHub (Pull)...
2026-02-11 02:25:53,935 - AUTO_PILOT - Git Pull Failed: [Errno 2] No such file or directory: 'git'
2026-02-11 02:26:54,015 - AUTO_PILOT - Syncing FROM GitHub (Pull)...
2026-02-11 02:26:54,018 - AUTO_PILOT - Git Pull Failed: [Errno 2] No such file or directory: 'git'
2026-02-11 02:27:54,098 - AUTO_PILOT - Syncing FROM GitHub (Pull)...
2026-02-11 02:27:54,103 - AUTO_PILOT - Git Pull Failed: [Errno 2] No such file or directory: 'git'
2026-02-11 02:28:54,189 - AUTO_PILOT - Syncing FROM GitHub (Pull)...
2026-02-11 02:28:54,195 - AUTO_PILOT - Git Pull Failed: [Errno 2] No such file or directory: 'git'
2026-02-11 02:29:54,289 - AUTO_PILOT - Syncing FROM GitHub (Pull)...
2026-02-11 02:29:54,296 - AUTO_PILOT - Git Pull Failed: [Errno 2] No such file or directory: 'git'
2026-02-11 02:30:54,354 - AUTO_PILOT - Syncing FROM GitHub (Pull)...
2026-02-11 02:30:54,361 - AUTO_PILOT - Git Pull Failed: [Errno 2] No such file or directory: 'git'
2026-02-11 02:31:54,459 - AUTO_PILOT - Syncing FROM GitHub (Pull)...
2026-02-11 02:31:54,498 - AUTO_PILOT - Git Pull Failed: [Errno 2] No such file or directory: 'git'
2026-02-11 02:32:54,537 - AUTO_PILOT - Syncing FROM GitHub (Pull)...
2026-02-11 02:32:54,541 - AUTO_PILOT - Git Pull Failed: [Errno 2] No such file or directory: 'git'
2026-02-11 02:33:54,612 - AUTO_PILOT - Syncing FROM GitHub (Pull)...
2026-02-11 02:33:54,617 - AUTO_PILOT - Git Pull Failed: [Errno 2] No such file or directory: 'git'
2026-02-11 02:34:54,706 - AUTO_PILOT - Syncing FROM GitHub (Pull)...
2026-02-11 02:34:54,710 - AUTO_PILOT - Git Pull Failed: [Errno 2] No such file or directory: 'git'
2026-02-11 02:35:54,785 - AUTO_PILOT - Syncing FROM GitHub (Pull)...
2026-02-11 02:35:54,791 - AUTO_PILOT - Git Pull Failed: [Errno 2] No such file or directory: 'git'
2026-02-11 02:36:54,888 - AUTO_PILOT - Syncing FROM GitHub (Pull)...
2026-02-11 02:36:54,892 - AUTO_PILOT - Git Pull Failed: [Errno 2] No such file or directory: 'git'
2026-02-11 02:37:54,961 - AUTO_PILOT - Syncing FROM GitHub (Pull)...
2026-02-11 02:37:54,964 - AUTO_PILOT - Git Pull Failed: [Errno 2] No such file or directory: 'git'
2026-02-11 02:38:55,042 - AUTO_PILOT - Syncing FROM GitHub (Pull)...
2026-02-11 02:38:55,046 - AUTO_PILOT - Git Pull Failed: [Errno 2] No such file or directory: 'git'
2026-02-11 02:39:55,121 - AUTO_PILOT - Syncing FROM GitHub (Pull)...
2026-02-11 02:39:55,125 - AUTO_PILOT - Git Pull Failed: [Errno 2] No such file or directory: 'git'
2026-02-11 02:40:55,208 - AUTO_PILOT - Syncing FROM GitHub (Pull)...
2026-02-11 02:40:55,212 - AUTO_PILOT - Git Pull Failed: [Errno 2] No such file or directory: 'git'
2026-02-11 02:41:55,294 - AUTO_PILOT - Syncing FROM GitHub (Pull)...
2026-02-11 02:41:55,297 - AUTO_PILOT - Git Pull Failed: [Errno 2] No such file or directory: 'git'
2026-02-11 02:42:55,377 - AUTO_PILOT - Syncing FROM GitHub (Pull)...
2026-02-11 02:42:55,381 - AUTO_PILOT - Git Pull Failed: [Errno 2] No such file or directory: 'git'
2026-02-11 02:43:55,459 - AUTO_PILOT - Syncing FROM GitHub (Pull)...
2026-02-11 02:43:55,464 - AUTO_PILOT - Git Pull Failed: [Errno 2] No such file or directory: 'git'
2026-02-11 02:44:55,550 - AUTO_PILOT - Syncing FROM GitHub (Pull)...
2026-02-11 02:44:55,554 - AUTO_PILOT - Git Pull Failed: [Errno 2] No such file or directory: 'git'
2026-02-11 02:45:55,629 - AUTO_PILOT - Syncing FROM GitHub (Pull)...
2026-02-11 02:45:55,633 - AUTO_PILOT - Git Pull Failed: [Errno 2] No such file or directory: 'git'
2026-02-11 02:46:55,717 - AUTO_PILOT - Syncing FROM GitHub (Pull)...
2026-02-11 02:46:55,723 - AUTO_PILOT - Git Pull Failed: [Errno 2] No such file or directory: 'git'
2026-02-11 02:47:55,817 - AUTO_PILOT - Syncing FROM GitHub (Pull)...
2026-02-11 02:47:55,825 - AUTO_PILOT - Git Pull Failed: [Errno 2] No such file or directory: 'git'
2026-02-11 02:48:55,914 - AUTO_PILOT - Syncing FROM GitHub (Pull)...
2026-02-11 02:48:55,922 - AUTO_PILOT - Git Pull Failed: [Errno 2] No such file or directory: 'git'
2026-02-11 02:49:56,022 - AUTO_PILOT - Syncing FROM GitHub (Pull)...
2026-02-11 02:49:56,029 - AUTO_PILOT - Git Pull Failed: [Errno 2] No such file or directory: 'git'
2026-02-11 02:50:56,102 - AUTO_PILOT - Syncing FROM GitHub (Pull)...
2026-02-11 02:50:56,105 - AUTO_PILOT - Git Pull Failed: [Errno 2] No such file or directory: 'git'
2026-02-11 02:51:56,168 - AUTO_PILOT - Syncing FROM GitHub (Pull)...
2026-02-11 02:51:56,174 - AUTO_PILOT - Git Pull Failed: [Errno 2] No such file or directory: 'git'
2026-02-11 02:52:56,267 - AUTO_PILOT - Syncing FROM GitHub (Pull)...
2026-02-11 02:52:56,272 - AUTO_PILOT - Git Pull Failed: [Errno 2] No such file or directory: 'git'
2026-02-11 02:53:56,356 - AUTO_PILOT - Syncing FROM GitHub (Pull)...
2026-02-11 02:53:56,364 - AUTO_PILOT - Git Pull Failed: [Errno 2] No such file or directory: 'git'
2026-02-11 02:54:56,420 - AUTO_PILOT - Syncing FROM GitHub (Pull)...
2026-02-11 02:54:56,425 - AUTO_PILOT - Git Pull Failed: [Errno 2] No such file or directory: 'git'
2026-02-11 02:55:56,504 - AUTO_PILOT - Syncing FROM GitHub (Pull)...
2026-02-11 02:55:56,513 - AUTO_PILOT - Git Pull Failed: [Errno 2] No such file or directory: 'git'
2026-02-11 02:56:56,612 - AUTO_PILOT - Syncing FROM GitHub (Pull)...
2026-02-11 02:56:56,619 - AUTO_PILOT - Git Pull Failed: [Errno 2] No such file or directory: 'git'
2026-02-11 02:57:56,668 - AUTO_PILOT - Syncing FROM GitHub (Pull)...
2026-02-11 02:57:56,673 - AUTO_PILOT - Git Pull Failed: [Errno 2] No such file or directory: 'git'
2026-02-11 02:58:56,762 - AUTO_PILOT - Syncing FROM GitHub (Pull)...
2026-02-11 02:58:56,768 - AUTO_PILOT - Git Pull Failed: [Errno 2] No such file or directory: 'git'
2026-02-11 02:59:56,869 - AUTO_PILOT - Syncing FROM GitHub (Pull)...
2026-02-11 02:59:56,875 - AUTO_PILOT - Git Pull Failed: [Errno 2] No such file or directory: 'git'
2026-02-11 03:00:56,966 - AUTO_PILOT - Syncing FROM GitHub (Pull)...
2026-02-11 03:00:56,974 - AUTO_PILOT - Git Pull Failed: [Errno 2] No such file or directory: 'git'
2026-02-11 03:01:57,068 - AUTO_PILOT - Syncing FROM GitHub (Pull)...
2026-02-11 03:01:57,074 - AUTO_PILOT - Git Pull Failed: [Errno 2] No such file or directory: 'git'
2026-02-11 03:02:57,100 - AUTO_PILOT - Syncing FROM GitHub (Pull)...
2026-02-11 03:02:57,105 - AUTO_PILOT - Git Pull Failed: [Errno 2] No such file or directory: 'git'
2026-02-11 03:03:57,195 - AUTO_PILOT - Syncing FROM GitHub (Pull)...
2026-02-11 03:03:57,200 - AUTO_PILOT - Git Pull Failed: [Errno 2] No such file or directory: 'git'
2026-02-11 03:04:57,288 - AUTO_PILOT - Syncing FROM GitHub (Pull)...
2026-02-11 03:04:57,293 - AUTO_PILOT - Git Pull Failed: [Errno 2] No such file or directory: 'git'
2026-02-11 03:05:57,369 - AUTO_PILOT - Syncing FROM GitHub (Pull)...
2026-02-11 03:05:57,375 - AUTO_PILOT - Git Pull Failed: [Errno 2] No such file or directory: 'git'
2026-02-11 03:06:57,468 - AUTO_PILOT - Syncing FROM GitHub (Pull)...
2026-02-11 03:06:57,472 - AUTO_PILOT - Git Pull Failed: [Errno 2] No such file or directory: 'git'
2026-02-11 03:07:57,506 - AUTO_PILOT - Syncing FROM GitHub (Pull)...
2026-02-11 03:07:57,512 - AUTO_PILOT - Git Pull Failed: [Errno 2] No such file or directory: 'git'
2026-02-11 03:08:57,602 - AUTO_PILOT - Syncing FROM GitHub (Pull)...
2026-02-11 03:08:57,610 - AUTO_PILOT - Git Pull Failed: [Errno 2] No such file or directory: 'git'
2026-02-11 03:09:57,703 - AUTO_PILOT - Syncing FROM GitHub (Pull)...
2026-02-11 03:09:57,708 - AUTO_PILOT - Git Pull Failed: [Errno 2] No such file or directory: 'git'
2026-02-11 03:10:57,795 - AUTO_PILOT - Syncing FROM GitHub (Pull)...
2026-02-11 03:10:57,798 - AUTO_PILOT - Git Pull Failed: [Errno 2] No such file or directory: 'git'
2026-02-11 03:11:57,813 - AUTO_PILOT - Syncing FROM GitHub (Pull)...
2026-02-11 03:11:57,820 - AUTO_PILOT - Git Pull Failed: [Errno 2] No such file or directory: 'git'
2026-02-11 03:12:57,888 - AUTO_PILOT - Syncing FROM GitHub (Pull)...
2026-02-11 03:12:57,895 - AUTO_PILOT - Git Pull Failed: [Errno 2] No such file or directory: 'git'
2026-02-11 03:13:57,990 - AUTO_PILOT - Syncing FROM GitHub (Pull)...
2026-02-11 03:13:57,995 - AUTO_PILOT - Git Pull Failed: [Errno 2] No such file or directory: 'git'
2026-02-11 03:14:58,082 - AUTO_PILOT - Syncing FROM GitHub (Pull)...
2026-02-11 03:14:58,088 - AUTO_PILOT - Git Pull Failed: [Errno 2] No such file or directory: 'git'
2026-02-11 03:15:58,169 - AUTO_PILOT - Syncing FROM GitHub (Pull)...
2026-02-11 03:15:58,175 - AUTO_PILOT - Git Pull Failed: [Errno 2] No such file or directory: 'git'
2026-02-11 03:16:58,265 - AUTO_PILOT - Syncing FROM GitHub (Pull)...
2026-02-11 03:16:58,271 - AUTO_PILOT - Git Pull Failed: [Errno 2] No such file or directory: 'git'
2026-02-11 03:17:58,368 - AUTO_PILOT - Syncing FROM GitHub (Pull)...
2026-02-11 03:17:58,373 - AUTO_PILOT - Git Pull Failed: [Errno 2] No such file or directory: 'git'
2026-02-11 03:18:58,456 - AUTO_PILOT - Syncing FROM GitHub (Pull)...
2026-02-11 03:18:58,471 - AUTO_PILOT - Git Pull Failed: [Errno 2] No such file or directory: 'git'
2026-02-11 03:19:58,569 - AUTO_PILOT - Syncing FROM GitHub (Pull)...
2026-02-11 03:19:58,574 - AUTO_PILOT - Git Pull Failed: [Errno 2] No such file or directory: 'git'
2026-02-11 03:20:58,660 - AUTO_PILOT - Syncing FROM GitHub (Pull)...
2026-02-11 03:20:58,667 - AUTO_PILOT - Git Pull Failed: [Errno 2] No such file or directory: 'git'
2026-02-11 03:21:58,764 - AUTO_PILOT - Syncing FROM GitHub (Pull)...
2026-02-11 03:21:58,771 - AUTO_PILOT - Git Pull Failed: [Errno 2] No such file or directory: 'git'
2026-02-11 03:22:58,853 - AUTO_PILOT - Syncing FROM GitHub (Pull)...
2026-02-11 03:22:58,856 - AUTO_PILOT - Git Pull Failed: [Errno 2] No such file or directory: 'git'
2026-02-11 03:23:58,926 - AUTO_PILOT - Syncing FROM GitHub (Pull)...
2026-02-11 03:23:58,931 - AUTO_PILOT - Git Pull Failed: [Errno 2] No such file or directory: 'git'
2026-02-11 03:24:58,987 - AUTO_PILOT - Syncing FROM GitHub (Pull)...
2026-02-11 03:24:58,997 - AUTO_PILOT - Git Pull Failed: [Errno 2] No such file or directory: 'git'
2026-02-11 03:25:59,037 - AUTO_PILOT - Syncing FROM GitHub (Pull)...
2026-02-11 03:25:59,040 - AUTO_PILOT - Git Pull Failed: [Errno 2] No such file or directory: 'git'
2026-02-11 03:26:59,105 - AUTO_PILOT - Syncing FROM GitHub (Pull)...
2026-02-11 03:26:59,110 - AUTO_PILOT - Git Pull Failed: [Errno 2] No such file or directory: 'git'
2026-02-11 03:27:59,205 - AUTO_PILOT - Syncing FROM GitHub (Pull)...
2026-02-11 03:27:59,210 - AUTO_PILOT - Git Pull Failed: [Errno 2] No such file or directory: 'git'
2026-02-11 03:28:59,276 - AUTO_PILOT - Syncing FROM GitHub (Pull)...
2026-02-11 03:28:59,279 - AUTO_PILOT - Git Pull Failed: [Errno 2] No such file or directory: 'git'
2026-02-11 03:29:59,352 - AUTO_PILOT - Syncing FROM GitHub (Pull)...
2026-02-11 03:29:59,357 - AUTO_PILOT - Git Pull Failed: [Errno 2] No such file or directory: 'git'
2026-02-11 03:30:59,429 - AUTO_PILOT - Syncing FROM GitHub (Pull)...
2026-02-11 03:30:59,432 - AUTO_PILOT - Git Pull Failed: [Errno 2] No such file or directory: 'git'
2026-02-11 03:31:59,503 - AUTO_PILOT - Syncing FROM GitHub (Pull)...
2026-02-11 03:31:59,506 - AUTO_PILOT - Git Pull Failed: [Errno 2] No such file or directory: 'git'
2026-02-11 03:32:59,576 - AUTO_PILOT - Syncing FROM GitHub (Pull)...
2026-02-11 03:32:59,582 - AUTO_PILOT - Git Pull Failed: [Errno 2] No such file or directory: 'git'
2026-02-11 03:33:59,638 - AUTO_PILOT - Syncing FROM GitHub (Pull)...
2026-02-11 03:33:59,644 - AUTO_PILOT - Git Pull Failed: [Errno 2] No such file or directory: 'git'
2026-02-11 03:34:59,723 - AUTO_PILOT - Syncing FROM GitHub (Pull)...
2026-02-11 03:34:59,727 - AUTO_PILOT - Git Pull Failed: [Errno 2] No such file or directory: 'git'
2026-02-11 03:35:59,788 - AUTO_PILOT - Syncing FROM GitHub (Pull)...
2026-02-11 03:35:59,794 - AUTO_PILOT - Git Pull Failed: [Errno 2] No such file or directory: 'git'
2026-02-11 03:36:59,887 - AUTO_PILOT - Syncing FROM GitHub (Pull)...
2026-02-11 03:36:59,892 - AUTO_PILOT - Git Pull Failed: [Errno 2] No such file or directory: 'git'
2026-02-11 03:37:59,963 - AUTO_PILOT - Syncing FROM GitHub (Pull)...
2026-02-11 03:37:59,966 - AUTO_PILOT - Git Pull Failed: [Errno 2] No such file or directory: 'git'
2026-02-11 03:39:00,033 - AUTO_PILOT - Syncing FROM GitHub (Pull)...
2026-02-11 03:39:00,039 - AUTO_PILOT - Git Pull Failed: [Errno 2] No such file or directory: 'git'
2026-02-11 03:40:00,119 - AUTO_PILOT - Syncing FROM GitHub (Pull)...
2026-02-11 03:40:00,122 - AUTO_PILOT - Git Pull Failed: [Errno 2] No such file or directory: 'git'
2026-02-11 03:41:00,149 - AUTO_PILOT - Syncing FROM GitHub (Pull)...
2026-02-11 03:41:00,156 - AUTO_PILOT - Git Pull Failed: [Errno 2] No such file or directory: 'git'
2026-02-11 03:42:00,254 - AUTO_PILOT - Syncing FROM GitHub (Pull)...
2026-02-11 03:42:00,256 - AUTO_PILOT - Git Pull Failed: [Errno 2] No such file or directory: 'git'
2026-02-11 03:43:00,273 - AUTO_PILOT - Syncing FROM GitHub (Pull)...
2026-02-11 03:43:00,279 - AUTO_PILOT - Git Pull Failed: [Errno 2] No such file or directory: 'git'
2026-02-11 03:44:00,364 - AUTO_PILOT - Syncing FROM GitHub (Pull)...
2026-02-11 03:44:00,370 - AUTO_PILOT - Git Pull Failed: [Errno 2] No such file or directory: 'git'
2026-02-11 03:45:00,464 - AUTO_PILOT - Syncing FROM GitHub (Pull)...
2026-02-11 03:45:00,468 - AUTO_PILOT - Git Pull Failed: [Errno 2] No such file or directory: 'git'
2026-02-11 03:46:00,503 - AUTO_PILOT - Syncing FROM GitHub (Pull)...
2026-02-11 03:46:00,508 - AUTO_PILOT - Git Pull Failed: [Errno 2] No such file or directory: 'git'
2026-02-11 03:47:00,605 - AUTO_PILOT - Syncing FROM GitHub (Pull)...
2026-02-11 03:47:00,609 - AUTO_PILOT - Git Pull Failed: [Errno 2] No such file or directory: 'git'
2026-02-11 03:48:00,681 - AUTO_PILOT - Syncing FROM GitHub (Pull)...
2026-02-11 03:48:00,683 - AUTO_PILOT - Git Pull Failed: [Errno 2] No such file or directory: 'git'
2026-02-11 03:49:00,754 - AUTO_PILOT - Syncing FROM GitHub (Pull)...
2026-02-11 03:49:00,760 - AUTO_PILOT - Git Pull Failed: [Errno 2] No such file or directory: 'git'
2026-02-11 03:50:00,848 - AUTO_PILOT - Syncing FROM GitHub (Pull)...
2026-02-11 03:50:00,855 - AUTO_PILOT - Git Pull Failed: [Errno 2] No such file or directory: 'git'
2026-02-11 03:51:00,946 - AUTO_PILOT - Syncing FROM GitHub (Pull)...
2026-02-11 03:51:00,949 - AUTO_PILOT - Git Pull Failed: [Errno 2] No such file or directory: 'git'
2026-02-11 03:52:00,972 - AUTO_PILOT - Syncing FROM GitHub (Pull)...
2026-02-11 03:52:00,978 - AUTO_PILOT - Git Pull Failed: [Errno 2] No such file or directory: 'git'
2026-02-11 03:53:01,070 - AUTO_PILOT - Syncing FROM GitHub (Pull)...
2026-02-11 03:53:01,077 - AUTO_PILOT - Git Pull Failed: [Errno 2] No such file or directory: 'git'
2026-02-11 03:54:01,161 - AUTO_PILOT - Syncing FROM GitHub (Pull)...
2026-02-11 03:54:01,168 - AUTO_PILOT - Git Pull Failed: [Errno 2] No such file or directory: 'git'
2026-02-11 03:55:01,215 - AUTO_PILOT - Syncing FROM GitHub (Pull)...
2026-02-11 03:55:01,220 - AUTO_PILOT - Git Pull Failed: [Errno 2] No such file or directory: 'git'
2026-02-11 03:56:01,309 - AUTO_PILOT - Syncing FROM GitHub (Pull)...
2026-02-11 03:56:01,315 - AUTO_PILOT - Git Pull Failed: [Errno 2] No such file or directory: 'git'
2026-02-11 03:57:01,412 - AUTO_PILOT - Syncing FROM GitHub (Pull)...
2026-02-11 03:57:01,419 - AUTO_PILOT - Git Pull Failed: [Errno 2] No such file or directory: 'git'
2026-02-11 03:58:01,502 - AUTO_PILOT - Syncing FROM GitHub (Pull)...
2026-02-11 03:58:01,508 - AUTO_PILOT - Git Pull Failed: [Errno 2] No such file or directory: 'git'
2026-02-11 03:59:01,605 - AUTO_PILOT - Syncing FROM GitHub (Pull)...
2026-02-11 03:59:01,606 - AUTO_PILOT - Git Pull Failed: [Errno 2] No such file or directory: 'git'
2026-02-11 04:00:01,668 - AUTO_PILOT - Syncing FROM GitHub (Pull)...
2026-02-11 04:00:01,670 - AUTO_PILOT - Git Pull Failed: [Errno 2] No such file or directory: 'git'
2026-02-11 04:01:01,729 - AUTO_PILOT - Syncing FROM GitHub (Pull)...
2026-02-11 04:01:01,732 - AUTO_PILOT - Git Pull Failed: [Errno 2] No such file or directory: 'git'
2026-02-11 04:02:01,796 - AUTO_PILOT - Syncing FROM GitHub (Pull)...
2026-02-11 04:02:01,798 - AUTO_PILOT - Git Pull Failed: [Errno 2] No such file or directory: 'git'
2026-02-11 04:03:01,869 - AUTO_PILOT - Syncing FROM GitHub (Pull)...
2026-02-11 04:03:01,871 - AUTO_PILOT - Git Pull Failed: [Errno 2] No such file or directory: 'git'
2026-02-11 04:04:01,885 - AUTO_PILOT - Syncing FROM GitHub (Pull)...
2026-02-11 04:04:01,889 - AUTO_PILOT - Git Pull Failed: [Errno 2] No such file or directory: 'git'
2026-02-11 04:05:01,903 - AUTO_PILOT - Syncing FROM GitHub (Pull)...
2026-02-11 04:05:01,909 - AUTO_PILOT - Git Pull Failed: [Errno 2] No such file or directory: 'git'
2026-02-11 04:06:01,996 - AUTO_PILOT - Syncing FROM GitHub (Pull)...
2026-02-11 04:06:02,000 - AUTO_PILOT - Git Pull Failed: [Errno 2] No such file or directory: 'git'
2026-02-11 04:07:02,082 - AUTO_PILOT - Syncing FROM GitHub (Pull)...
2026-02-11 04:07:02,088 - AUTO_PILOT - Git Pull Failed: [Errno 2] No such file or directory: 'git'
2026-02-11 04:08:02,186 - AUTO_PILOT - Syncing FROM GitHub (Pull)...
2026-02-11 04:08:02,195 - AUTO_PILOT - Git Pull Failed: [Errno 2] No such file or directory: 'git'
2026-02-11 04:09:02,293 - AUTO_PILOT - Syncing FROM GitHub (Pull)...
2026-02-11 04:09:02,297 - AUTO_PILOT - Git Pull Failed: [Errno 2] No such file or directory: 'git'
2026-02-11 04:10:02,369 - AUTO_PILOT - Syncing FROM GitHub (Pull)...
2026-02-11 04:10:02,373 - AUTO_PILOT - Git Pull Failed: [Errno 2] No such file or directory: 'git'
2026-02-11 04:11:02,452 - AUTO_PILOT - Syncing FROM GitHub (Pull)...
2026-02-11 04:11:02,461 - AUTO_PILOT - Git Pull Failed: [Errno 2] No such file or directory: 'git'
2026-02-11 04:12:02,556 - AUTO_PILOT - Syncing FROM GitHub (Pull)...
2026-02-11 04:12:02,563 - AUTO_PILOT - Git Pull Failed: [Errno 2] No such file or directory: 'git'
2026-02-11 04:13:02,660 - AUTO_PILOT - Syncing FROM GitHub (Pull)...
2026-02-11 04:13:02,666 - AUTO_PILOT - Git Pull Failed: [Errno 2] No such file or directory: 'git'
2026-02-11 04:14:02,743 - AUTO_PILOT - Syncing FROM GitHub (Pull)...
2026-02-11 04:14:02,749 - AUTO_PILOT - Git Pull Failed: [Errno 2] No such file or directory: 'git'
2026-02-11 04:15:02,807 - AUTO_PILOT - Syncing FROM GitHub (Pull)...
2026-02-11 04:15:02,814 - AUTO_PILOT - Git Pull Failed: [Errno 2] No such file or directory: 'git'
2026-02-11 04:16:02,914 - AUTO_PILOT - Syncing FROM GitHub (Pull)...
2026-02-11 04:16:02,919 - AUTO_PILOT - Git Pull Failed: [Errno 2] No such file or directory: 'git'
2026-02-11 04:17:03,012 - AUTO_PILOT - Syncing FROM GitHub (Pull)...
2026-02-11 04:17:03,019 - AUTO_PILOT - Git Pull Failed: [Errno 2] No such file or directory: 'git'
2026-02-11 04:18:03,116 - AUTO_PILOT - Syncing FROM GitHub (Pull)...
2026-02-11 04:18:03,121 - AUTO_PILOT - Git Pull Failed: [Errno 2] No such file or directory: 'git'
2026-02-11 04:19:03,182 - AUTO_PILOT - Syncing FROM GitHub (Pull)...
2026-02-11 04:19:03,190 - AUTO_PILOT - Git Pull Failed: [Errno 2] No such file or directory: 'git'
2026-02-11 04:20:03,285 - AUTO_PILOT - Syncing FROM GitHub (Pull)...
2026-02-11 04:20:03,293 - AUTO_PILOT - Git Pull Failed: [Errno 2] No such file or directory: 'git'
2026-02-11 04:21:03,380 - AUTO_PILOT - Syncing FROM GitHub (Pull)...
2026-02-11 04:21:03,387 - AUTO_PILOT - Git Pull Failed: [Errno 2] No such file or directory: 'git'
2026-02-11 04:22:03,484 - AUTO_PILOT - Syncing FROM GitHub (Pull)...
2026-02-11 04:22:03,491 - AUTO_PILOT - Git Pull Failed: [Errno 2] No such file or directory: 'git'
2026-02-11 04:23:03,596 - AUTO_PILOT - Syncing FROM GitHub (Pull)...
2026-02-11 04:23:03,602 - AUTO_PILOT - Git Pull Failed: [Errno 2] No such file or directory: 'git'
2026-02-11 04:24:03,697 - AUTO_PILOT - Syncing FROM GitHub (Pull)...
2026-02-11 04:24:03,705 - AUTO_PILOT - Git Pull Failed: [Errno 2] No such file or directory: 'git'
2026-02-11 04:25:03,803 - AUTO_PILOT - Syncing FROM GitHub (Pull)...
2026-02-11 04:25:03,811 - AUTO_PILOT - Git Pull Failed: [Errno 2] No such file or directory: 'git'
2026-02-11 04:26:03,889 - AUTO_PILOT - Syncing FROM GitHub (Pull)...
2026-02-11 04:26:03,896 - AUTO_PILOT - Git Pull Failed: [Errno 2] No such file or directory: 'git'
2026-02-11 04:27:03,990 - AUTO_PILOT - Syncing FROM GitHub (Pull)...
2026-02-11 04:27:03,998 - AUTO_PILOT - Git Pull Failed: [Errno 2] No such file or directory: 'git'
2026-02-11 04:28:04,095 - AUTO_PILOT - Syncing FROM GitHub (Pull)...
2026-02-11 04:28:04,101 - AUTO_PILOT - Git Pull Failed: [Errno 2] No such file or directory: 'git'
2026-02-11 04:29:04,191 - AUTO_PILOT - Syncing FROM GitHub (Pull)...
2026-02-11 04:29:04,199 - AUTO_PILOT - Git Pull Failed: [Errno 2] No such file or directory: 'git'
2026-02-11 04:30:04,294 - AUTO_PILOT - Syncing FROM GitHub (Pull)...
2026-02-11 04:30:04,302 - AUTO_PILOT - Git Pull Failed: [Errno 2] No such file or directory: 'git'
2026-02-11 04:31:04,396 - AUTO_PILOT - Syncing FROM GitHub (Pull)...
2026-02-11 04:31:04,403 - AUTO_PILOT - Git Pull Failed: [Errno 2] No such file or directory: 'git'
2026-02-11 04:32:04,493 - AUTO_PILOT - Syncing FROM GitHub (Pull)...
2026-02-11 04:32:04,498 - AUTO_PILOT - Git Pull Failed: [Errno 2] No such file or directory: 'git'
2026-02-11 04:33:04,587 - AUTO_PILOT - Syncing FROM GitHub (Pull)...
2026-02-11 04:33:04,593 - AUTO_PILOT - Git Pull Failed: [Errno 2] No such file or directory: 'git'
2026-02-11 04:34:04,686 - AUTO_PILOT - Syncing FROM GitHub (Pull)...
2026-02-11 04:34:04,695 - AUTO_PILOT - Git Pull Failed: [Errno 2] No such file or directory: 'git'
2026-02-11 04:35:04,789 - AUTO_PILOT - Syncing FROM GitHub (Pull)...
2026-02-11 04:35:04,796 - AUTO_PILOT - Git Pull Failed: [Errno 2] No such file or directory: 'git'
2026-02-11 04:36:04,892 - AUTO_PILOT - Syncing FROM GitHub (Pull)...
2026-02-11 04:36:04,899 - AUTO_PILOT - Git Pull Failed: [Errno 2] No such file or directory: 'git'
2026-02-11 04:37:04,990 - AUTO_PILOT - Syncing FROM GitHub (Pull)...
2026-02-11 04:37:04,997 - AUTO_PILOT - Git Pull Failed: [Errno 2] No such file or directory: 'git'
2026-02-11 04:38:05,095 - AUTO_PILOT - Syncing FROM GitHub (Pull)...
2026-02-11 04:38:05,101 - AUTO_PILOT - Git Pull Failed: [Errno 2] No such file or directory: 'git'
2026-02-11 04:39:05,183 - AUTO_PILOT - Syncing FROM GitHub (Pull)...
2026-02-11 04:39:05,190 - AUTO_PILOT - Git Pull Failed: [Errno 2] No such file or directory: 'git'
2026-02-11 04:40:05,252 - AUTO_PILOT - Syncing FROM GitHub (Pull)...
2026-02-11 04:40:05,258 - AUTO_PILOT - Git Pull Failed: [Errno 2] No such file or directory: 'git'
2026-02-11 04:41:05,312 - AUTO_PILOT - Syncing FROM GitHub (Pull)...
2026-02-11 04:41:05,318 - AUTO_PILOT - Git Pull Failed: [Errno 2] No such file or directory: 'git'
2026-02-11 04:42:05,421 - AUTO_PILOT - Syncing FROM GitHub (Pull)...
2026-02-11 04:42:05,427 - AUTO_PILOT - Git Pull Failed: [Errno 2] No such file or directory: 'git'
2026-02-11 04:43:05,520 - AUTO_PILOT - Syncing FROM GitHub (Pull)...
2026-02-11 04:43:05,527 - AUTO_PILOT - Git Pull Failed: [Errno 2] No such file or directory: 'git'
2026-02-11 04:44:05,621 - AUTO_PILOT - Syncing FROM GitHub (Pull)...
2026-02-11 04:44:05,628 - AUTO_PILOT - Git Pull Failed: [Errno 2] No such file or directory: 'git'
2026-02-11 04:45:05,726 - AUTO_PILOT - Syncing FROM GitHub (Pull)...
2026-02-11 04:45:05,731 - AUTO_PILOT - Git Pull Failed: [Errno 2] No such file or directory: 'git'
2026-02-11 04:46:05,807 - AUTO_PILOT - Syncing FROM GitHub (Pull)...
2026-02-11 04:46:05,816 - AUTO_PILOT - Git Pull Failed: [Errno 2] No such file or directory: 'git'
2026-02-11 04:47:05,911 - AUTO_PILOT - Syncing FROM GitHub (Pull)...
2026-02-11 04:47:05,919 - AUTO_PILOT - Git Pull Failed: [Errno 2] No such file or directory: 'git'
2026-02-11 04:48:06,014 - AUTO_PILOT - Syncing FROM GitHub (Pull)...
2026-02-11 04:48:06,019 - AUTO_PILOT - Git Pull Failed: [Errno 2] No such file or directory: 'git'
2026-02-11 04:49:06,118 - AUTO_PILOT - Syncing FROM GitHub (Pull)...
2026-02-11 04:49:06,125 - AUTO_PILOT - Git Pull Failed: [Errno 2] No such file or directory: 'git'
2026-02-11 04:50:06,207 - AUTO_PILOT - Syncing FROM GitHub (Pull)...
2026-02-11 04:50:06,213 - AUTO_PILOT - Git Pull Failed: [Errno 2] No such file or directory: 'git'
2026-02-11 04:51:06,307 - AUTO_PILOT - Syncing FROM GitHub (Pull)...
2026-02-11 04:51:06,314 - AUTO_PILOT - Git Pull Failed: [Errno 2] No such file or directory: 'git'
2026-02-11 04:52:06,412 - AUTO_PILOT - Syncing FROM GitHub (Pull)...
2026-02-11 04:52:06,418 - AUTO_PILOT - Git Pull Failed: [Errno 2] No such file or directory: 'git'
2026-02-11 04:53:06,511 - AUTO_PILOT - Syncing FROM GitHub (Pull)...
2026-02-11 04:53:06,518 - AUTO_PILOT - Git Pull Failed: [Errno 2] No such file or directory: 'git'
2026-02-11 04:54:06,615 - AUTO_PILOT - Syncing FROM GitHub (Pull)...
2026-02-11 04:54:06,618 - AUTO_PILOT - Git Pull Failed: [Errno 2] No such file or directory: 'git'
2026-02-11 04:55:06,688 - AUTO_PILOT - Syncing FROM GitHub (Pull)...
2026-02-11 04:55:06,694 - AUTO_PILOT - Git Pull Failed: [Errno 2] No such file or directory: 'git'
2026-02-11 04:56:06,788 - AUTO_PILOT - Syncing FROM GitHub (Pull)...
2026-02-11 04:56:06,795 - AUTO_PILOT - Git Pull Failed: [Errno 2] No such file or directory: 'git'
2026-02-11 04:57:06,886 - AUTO_PILOT - Syncing FROM GitHub (Pull)...
2026-02-11 04:57:06,892 - AUTO_PILOT - Git Pull Failed: [Errno 2] No such file or directory: 'git'
2026-02-11 04:58:06,981 - AUTO_PILOT - Syncing FROM GitHub (Pull)...
2026-02-11 04:58:06,987 - AUTO_PILOT - Git Pull Failed: [Errno 2] No such file or directory: 'git'
2026-02-11 04:59:07,035 - AUTO_PILOT - Syncing FROM GitHub (Pull)...
2026-02-11 04:59:07,041 - AUTO_PILOT - Git Pull Failed: [Errno 2] No such file or directory: 'git'
2026-02-11 05:00:07,136 - AUTO_PILOT - Syncing FROM GitHub (Pull)...
2026-02-11 05:00:07,142 - AUTO_PILOT - Git Pull Failed: [Errno 2] No such file or directory: 'git'
2026-02-11 05:01:07,227 - AUTO_PILOT - Syncing FROM GitHub (Pull)...
2026-02-11 05:01:07,233 - AUTO_PILOT - Git Pull Failed: [Errno 2] No such file or directory: 'git'
2026-02-11 05:02:07,335 - AUTO_PILOT - Syncing FROM GitHub (Pull)...
2026-02-11 05:02:07,342 - AUTO_PILOT - Git Pull Failed: [Errno 2] No such file or directory: 'git'
2026-02-11 05:03:07,403 - AUTO_PILOT - Syncing FROM GitHub (Pull)...
2026-02-11 05:03:07,409 - AUTO_PILOT - Git Pull Failed: [Errno 2] No such file or directory: 'git'
2026-02-11 05:04:07,502 - AUTO_PILOT - Syncing FROM GitHub (Pull)...
2026-02-11 05:04:07,511 - AUTO_PILOT - Git Pull Failed: [Errno 2] No such file or directory: 'git'
2026-02-11 05:05:07,607 - AUTO_PILOT - Syncing FROM GitHub (Pull)...
2026-02-11 05:05:07,614 - AUTO_PILOT - Git Pull Failed: [Errno 2] No such file or directory: 'git'
2026-02-11 05:06:07,707 - AUTO_PILOT - Syncing FROM GitHub (Pull)...
2026-02-11 05:06:07,712 - AUTO_PILOT - Git Pull Failed: [Errno 2] No such file or directory: 'git'
2026-02-11 05:07:07,805 - AUTO_PILOT - Syncing FROM GitHub (Pull)...
2026-02-11 05:07:07,812 - AUTO_PILOT - Git Pull Failed: [Errno 2] No such file or directory: 'git'
2026-02-11 05:08:07,907 - AUTO_PILOT - Syncing FROM GitHub (Pull)...
2026-02-11 05:08:07,912 - AUTO_PILOT - Git Pull Failed: [Errno 2] No such file or directory: 'git'
2026-02-11 05:09:08,004 - AUTO_PILOT - Syncing FROM GitHub (Pull)...
2026-02-11 05:09:08,012 - AUTO_PILOT - Git Pull Failed: [Errno 2] No such file or directory: 'git'
2026-02-11 05:10:08,111 - AUTO_PILOT - Syncing FROM GitHub (Pull)...
2026-02-11 05:10:08,117 - AUTO_PILOT - Git Pull Failed: [Errno 2] No such file or directory: 'git'
2026-02-11 05:11:08,215 - AUTO_PILOT - Syncing FROM GitHub (Pull)...
2026-02-11 05:11:08,221 - AUTO_PILOT - Git Pull Failed: [Errno 2] No such file or directory: 'git'
2026-02-11 05:12:08,315 - AUTO_PILOT - Syncing FROM GitHub (Pull)...
2026-02-11 05:12:08,321 - AUTO_PILOT - Git Pull Failed: [Errno 2] No such file or directory: 'git'
2026-02-11 05:13:08,360 - AUTO_PILOT - Syncing FROM GitHub (Pull)...
2026-02-11 05:13:08,366 - AUTO_PILOT - Git Pull Failed: [Errno 2] No such file or directory: 'git'
2026-02-11 05:14:08,459 - AUTO_PILOT - Syncing FROM GitHub (Pull)...
2026-02-11 05:14:08,466 - AUTO_PILOT - Git Pull Failed: [Errno 2] No such file or directory: 'git'
2026-02-11 05:15:08,559 - AUTO_PILOT - Syncing FROM GitHub (Pull)...
2026-02-11 05:15:08,566 - AUTO_PILOT - Git Pull Failed: [Errno 2] No such file or directory: 'git'
2026-02-11 05:16:08,663 - AUTO_PILOT - Syncing FROM GitHub (Pull)...
2026-02-11 05:16:08,669 - AUTO_PILOT - Git Pull Failed: [Errno 2] No such file or directory: 'git'
2026-02-11 05:17:08,762 - AUTO_PILOT - Syncing FROM GitHub (Pull)...
2026-02-11 05:17:08,765 - AUTO_PILOT - Git Pull Failed: [Errno 2] No such file or directory: 'git'
2026-02-11 05:18:08,837 - AUTO_PILOT - Syncing FROM GitHub (Pull)...
2026-02-11 05:18:08,847 - AUTO_PILOT - Git Pull Failed: [Errno 2] No such file or directory: 'git'
2026-02-11 05:19:08,940 - AUTO_PILOT - Syncing FROM GitHub (Pull)...
2026-02-11 05:19:08,950 - AUTO_PILOT - Git Pull Failed: [Errno 2] No such file or directory: 'git'
2026-02-11 05:20:09,044 - AUTO_PILOT - Syncing FROM GitHub (Pull)...
2026-02-11 05:20:09,055 - AUTO_PILOT - Git Pull Failed: [Errno 2] No such file or directory: 'git'
2026-02-11 05:21:09,147 - AUTO_PILOT - Syncing FROM GitHub (Pull)...
2026-02-11 05:21:09,154 - AUTO_PILOT - Git Pull Failed: [Errno 2] No such file or directory: 'git'
2026-02-11 05:22:09,247 - AUTO_PILOT - Syncing FROM GitHub (Pull)...
2026-02-11 05:22:09,255 - AUTO_PILOT - Git Pull Failed: [Errno 2] No such file or directory: 'git'
2026-02-11 05:23:09,352 - AUTO_PILOT - Syncing FROM GitHub (Pull)...
2026-02-11 05:23:09,358 - AUTO_PILOT - Git Pull Failed: [Errno 2] No such file or directory: 'git'
2026-02-11 05:24:09,453 - AUTO_PILOT - Syncing FROM GitHub (Pull)...
2026-02-11 05:24:09,461 - AUTO_PILOT - Git Pull Failed: [Errno 2] No such file or directory: 'git'
2026-02-11 05:25:09,555 - AUTO_PILOT - Syncing FROM GitHub (Pull)...
2026-02-11 05:25:09,562 - AUTO_PILOT - Git Pull Failed: [Errno 2] No such file or directory: 'git'
2026-02-11 05:26:09,621 - AUTO_PILOT - Syncing FROM GitHub (Pull)...
2026-02-11 05:26:09,630 - AUTO_PILOT - Git Pull Failed: [Errno 2] No such file or directory: 'git'
2026-02-11 05:27:09,722 - AUTO_PILOT - Syncing FROM GitHub (Pull)...
2026-02-11 05:27:09,728 - AUTO_PILOT - Git Pull Failed: [Errno 2] No such file or directory: 'git'
2026-02-11 05:28:09,792 - AUTO_PILOT - Syncing FROM GitHub (Pull)...
2026-02-11 05:28:09,798 - AUTO_PILOT - Git Pull Failed: [Errno 2] No such file or directory: 'git'
2026-02-11 05:29:09,894 - AUTO_PILOT - Syncing FROM GitHub (Pull)...
2026-02-11 05:29:09,902 - AUTO_PILOT - Git Pull Failed: [Errno 2] No such file or directory: 'git'
2026-02-11 05:30:09,996 - AUTO_PILOT - Syncing FROM GitHub (Pull)...
2026-02-11 05:30:10,005 - AUTO_PILOT - Git Pull Failed: [Errno 2] No such file or directory: 'git'
2026-02-11 05:31:10,102 - AUTO_PILOT - Syncing FROM GitHub (Pull)...
2026-02-11 05:31:10,109 - AUTO_PILOT - Git Pull Failed: [Errno 2] No such file or directory: 'git'
2026-02-11 05:32:10,200 - AUTO_PILOT - Syncing FROM GitHub (Pull)...
2026-02-11 05:32:10,206 - AUTO_PILOT - Git Pull Failed: [Errno 2] No such file or directory: 'git'
2026-02-11 05:33:10,301 - AUTO_PILOT - Syncing FROM GitHub (Pull)...
2026-02-11 05:33:10,308 - AUTO_PILOT - Git Pull Failed: [Errno 2] No such file or directory: 'git'
2026-02-11 05:34:10,374 - AUTO_PILOT - Syncing FROM GitHub (Pull)...
2026-02-11 05:34:10,381 - AUTO_PILOT - Git Pull Failed: [Errno 2] No such file or directory: 'git'
2026-02-13 00:10:11,567 - AUTO_PILOT - Syncing FROM GitHub (Pull)...
2026-02-13 00:10:11,570 - AUTO_PILOT - Git Pull Failed: [Errno 2] No such file or directory: 'git'
2026-02-13 00:10:11,570 - AUTO_PILOT - Midnight Triggered! Starting new day...
2026-02-13 00:10:11,585 - AUTO_PILOT - State reset for 2026-02-13. Pipeline should pick this up shortly.
2026-02-13 00:10:11,598 - AUTO_PILOT - Triggering FETCH...
2026-02-13 00:10:11,598 - AUTO_PILOT - Starting process: ['/usr/local/bin/python', '/app/stock_ticker/main.py', '--fetch-only']
2026-02-13 00:12:10,131 - AUTO_PILOT - Syncing FROM GitHub (Pull)...
2026-02-13 00:12:10,143 - AUTO_PILOT - Git Pull Failed: [Errno 2] No such file or directory: 'git'
2026-02-13 00:12:10,160 - AUTO_PILOT - Triggering MODEL...
2026-02-13 00:12:10,161 - AUTO_PILOT - Starting process: ['/usr/local/bin/python', '/app/stock_ticker/main.py', '--analyze-only']
2026-02-13 00:14:10,266 - AUTO_PILOT - Syncing FROM GitHub (Pull)...
2026-02-13 00:14:10,268 - AUTO_PILOT - Git Pull Failed: [Errno 2] No such file or directory: 'git'
2026-02-13 00:14:10,278 - AUTO_PILOT - Triggering BIG BETS...
2026-02-13 00:14:10,278 - AUTO_PILOT - Starting Big Bets Analysis...
2026-02-13 00:14:10,915 - AUTO_PILOT - Big Bets Results Saved to /app/stock_ticker/data/big_bets_results.csv
2026-02-13 00:14:10,925 - AUTO_PILOT - Git Auto-Sync failed: [Errno 2] No such file or directory: 'git'
2026-02-13 00:14:10,926 - AUTO_PILOT - Pushed All Data results to GitHub.
2026-02-13 00:16:11,028 - AUTO_PILOT - Syncing FROM GitHub (Pull)...
2026-02-13 00:16:11,034 - AUTO_PILOT - Git Pull Failed: [Errno 2] No such file or directory: 'git'
2026-02-13 00:17:11,134 - AUTO_PILOT - Syncing FROM GitHub (Pull)...
2026-02-13 00:17:11,141 - AUTO_PILOT - Git Pull Failed: [Errno 2] No such file or directory: 'git'
2026-02-13 00:18:11,244 - AUTO_PILOT - Syncing FROM GitHub (Pull)...
2026-02-13 00:18:11,251 - AUTO_PILOT - Git Pull Failed: [Errno 2] No such file or directory: 'git'
2026-02-13 00:19:11,339 - AUTO_PILOT - Syncing FROM GitHub (Pull)...
2026-02-13 00:19:11,344 - AUTO_PILOT - Git Pull Failed: [Errno 2] No such file or directory: 'git'
2026-02-13 00:20:11,397 - AUTO_PILOT - Syncing FROM GitHub (Pull)...
2026-02-13 00:20:11,400 - AUTO_PILOT - Git Pull Failed: [Errno 2] No such file or directory: 'git'
2026-02-13 00:21:11,463 - AUTO_PILOT - Syncing FROM GitHub (Pull)...
2026-02-13 00:21:11,465 - AUTO_PILOT - Git Pull Failed: [Errno 2] No such file or directory: 'git'
2026-02-13 00:22:11,532 - AUTO_PILOT - Syncing FROM GitHub (Pull)...
2026-02-13 00:22:11,536 - AUTO_PILOT - Git Pull Failed: [Errno 2] No such file or directory: 'git'
2026-02-13 00:23:11,550 - AUTO_PILOT - Syncing FROM GitHub (Pull)...
2026-02-13 00:23:11,552 - AUTO_PILOT - Git Pull Failed: [Errno 2] No such file or directory: 'git'
2026-02-13 00:24:11,611 - AUTO_PILOT - Syncing FROM GitHub (Pull)...
2026-02-13 00:24:11,617 - AUTO_PILOT - Git Pull Failed: [Errno 2] No such file or directory: 'git'
2026-02-13 00:25:11,662 - AUTO_PILOT - Syncing FROM GitHub (Pull)...
2026-02-13 00:25:11,667 - AUTO_PILOT - Git Pull Failed: [Errno 2] No such file or directory: 'git'
2026-02-13 00:26:11,754 - AUTO_PILOT - Syncing FROM GitHub (Pull)...
2026-02-13 00:26:11,762 - AUTO_PILOT - Git Pull Failed: [Errno 2] No such file or directory: 'git'
2026-02-13 00:27:11,848 - AUTO_PILOT - Syncing FROM GitHub (Pull)...
2026-02-13 00:27:11,852 - AUTO_PILOT - Git Pull Failed: [Errno 2] No such file or directory: 'git'
2026-02-13 00:28:11,911 - AUTO_PILOT - Syncing FROM GitHub (Pull)...
2026-02-13 00:28:11,913 - AUTO_PILOT - Git Pull Failed: [Errno 2] No such file or directory: 'git'
2026-02-13 00:29:11,965 - AUTO_PILOT - Syncing FROM GitHub (Pull)...
2026-02-13 00:29:11,969 - AUTO_PILOT - Git Pull Failed: [Errno 2] No such file or directory: 'git'
2026-02-13 00:30:12,042 - AUTO_PILOT - Syncing FROM GitHub (Pull)...
2026-02-13 00:30:12,048 - AUTO_PILOT - Git Pull Failed: [Errno 2] No such file or directory: 'git'
2026-02-13 00:31:12,137 - AUTO_PILOT - Syncing FROM GitHub (Pull)...
2026-02-13 00:31:12,140 - AUTO_PILOT - Git Pull Failed: [Errno 2] No such file or directory: 'git'
2026-02-13 00:32:12,201 - AUTO_PILOT - Syncing FROM GitHub (Pull)...
2026-02-13 00:32:12,203 - AUTO_PILOT - Git Pull Failed: [Errno 2] No such file or directory: 'git'
2026-02-13 00:33:12,251 - AUTO_PILOT - Syncing FROM GitHub (Pull)...
2026-02-13 00:33:12,256 - AUTO_PILOT - Git Pull Failed: [Errno 2] No such file or directory: 'git'
2026-02-13 00:34:12,337 - AUTO_PILOT - Syncing FROM GitHub (Pull)...
2026-02-13 00:34:12,339 - AUTO_PILOT - Git Pull Failed: [Errno 2] No such file or directory: 'git'
2026-02-13 00:35:12,400 - AUTO_PILOT - Syncing FROM GitHub (Pull)...
2026-02-13 00:35:12,405 - AUTO_PILOT - Git Pull Failed: [Errno 2] No such file or directory: 'git'
2026-02-13 00:36:12,462 - AUTO_PILOT - Syncing FROM GitHub (Pull)...
2026-02-13 00:36:12,466 - AUTO_PILOT - Git Pull Failed: [Errno 2] No such file or directory: 'git'
2026-02-13 00:37:12,492 - AUTO_PILOT - Syncing FROM GitHub (Pull)...
2026-02-13 00:37:12,495 - AUTO_PILOT - Git Pull Failed: [Errno 2] No such file or directory: 'git'
2026-02-13 00:38:12,570 - AUTO_PILOT - Syncing FROM GitHub (Pull)...
2026-02-13 00:38:12,573 - AUTO_PILOT - Git Pull Failed: [Errno 2] No such file or directory: 'git'
2026-02-13 00:39:12,645 - AUTO_PILOT - Syncing FROM GitHub (Pull)...
2026-02-13 00:39:12,649 - AUTO_PILOT - Git Pull Failed: [Errno 2] No such file or directory: 'git'
2026-02-13 00:40:12,726 - AUTO_PILOT - Syncing FROM GitHub (Pull)...
2026-02-13 00:40:12,731 - AUTO_PILOT - Git Pull Failed: [Errno 2] No such file or directory: 'git'
2026-02-13 00:41:12,806 - AUTO_PILOT - Syncing FROM GitHub (Pull)...
2026-02-13 00:41:12,812 - AUTO_PILOT - Git Pull Failed: [Errno 2] No such file or directory: 'git'
2026-02-13 00:42:12,895 - AUTO_PILOT - Syncing FROM GitHub (Pull)...
2026-02-13 00:42:12,900 - AUTO_PILOT - Git Pull Failed: [Errno 2] No such file or directory: 'git'
2026-02-13 00:43:12,985 - AUTO_PILOT - Syncing FROM GitHub (Pull)...
2026-02-13 00:43:12,991 - AUTO_PILOT - Git Pull Failed: [Errno 2] No such file or directory: 'git'
2026-02-13 00:44:13,071 - AUTO_PILOT - Syncing FROM GitHub (Pull)...
2026-02-13 00:44:13,077 - AUTO_PILOT - Git Pull Failed: [Errno 2] No such file or directory: 'git'
2026-02-13 00:45:13,172 - AUTO_PILOT - Syncing FROM GitHub (Pull)...
2026-02-13 00:45:13,178 - AUTO_PILOT - Git Pull Failed: [Errno 2] No such file or directory: 'git'
2026-02-13 00:46:13,273 - AUTO_PILOT - Syncing FROM GitHub (Pull)...
2026-02-13 00:46:13,276 - AUTO_PILOT - Git Pull Failed: [Errno 2] No such file or directory: 'git'
2026-02-13 00:47:13,331 - AUTO_PILOT - Syncing FROM GitHub (Pull)...
2026-02-13 00:47:13,336 - AUTO_PILOT - Git Pull Failed: [Errno 2] No such file or directory: 'git'
2026-02-13 00:48:13,434 - AUTO_PILOT - Syncing FROM GitHub (Pull)...
2026-02-13 00:48:13,439 - AUTO_PILOT - Git Pull Failed: [Errno 2] No such file or directory: 'git'
2026-02-13 00:49:13,525 - AUTO_PILOT - Syncing FROM GitHub (Pull)...
2026-02-13 00:49:13,529 - AUTO_PILOT - Git Pull Failed: [Errno 2] No such file or directory: 'git'
2026-02-13 00:50:13,562 - AUTO_PILOT - Syncing FROM GitHub (Pull)...
2026-02-13 00:50:13,566 - AUTO_PILOT - Git Pull Failed: [Errno 2] No such file or directory: 'git'
2026-02-13 00:51:13,633 - AUTO_PILOT - Syncing FROM GitHub (Pull)...
2026-02-13 00:51:13,636 - AUTO_PILOT - Git Pull Failed: [Errno 2] No such file or directory: 'git'
2026-02-13 00:52:13,705 - AUTO_PILOT - Syncing FROM GitHub (Pull)...
2026-02-13 00:52:13,710 - AUTO_PILOT - Git Pull Failed: [Errno 2] No such file or directory: 'git'
2026-02-13 00:53:13,796 - AUTO_PILOT - Syncing FROM GitHub (Pull)...
2026-02-13 00:53:13,800 - AUTO_PILOT - Git Pull Failed: [Errno 2] No such file or directory: 'git'
2026-02-13 00:54:13,831 - AUTO_PILOT - Syncing FROM GitHub (Pull)...
2026-02-13 00:54:13,837 - AUTO_PILOT - Git Pull Failed: [Errno 2] No such file or directory: 'git'
2026-02-13 00:55:13,931 - AUTO_PILOT - Syncing FROM GitHub (Pull)...
2026-02-13 00:55:13,935 - AUTO_PILOT - Git Pull Failed: [Errno 2] No such file or directory: 'git'
2026-02-13 00:56:14,015 - AUTO_PILOT - Syncing FROM GitHub (Pull)...
2026-02-13 00:56:14,021 - AUTO_PILOT - Git Pull Failed: [Errno 2] No such file or directory: 'git'
2026-02-13 00:57:14,105 - AUTO_PILOT - Syncing FROM GitHub (Pull)...
2026-02-13 00:57:14,111 - AUTO_PILOT - Git Pull Failed: [Errno 2] No such file or directory: 'git'
2026-02-13 00:58:14,198 - AUTO_PILOT - Syncing FROM GitHub (Pull)...
2026-02-13 00:58:14,203 - AUTO_PILOT - Git Pull Failed: [Errno 2] No such file or directory: 'git'
2026-02-13 00:59:14,262 - AUTO_PILOT - Syncing FROM GitHub (Pull)...
2026-02-13 00:59:14,265 - AUTO_PILOT - Git Pull Failed: [Errno 2] No such file or directory: 'git'
2026-02-13 01:00:14,327 - AUTO_PILOT - Syncing FROM GitHub (Pull)...
2026-02-13 01:00:14,330 - AUTO_PILOT - Git Pull Failed: [Errno 2] No such file or directory: 'git'
2026-02-13 01:01:14,391 - AUTO_PILOT - Syncing FROM GitHub (Pull)...
2026-02-13 01:01:14,394 - AUTO_PILOT - Git Pull Failed: [Errno 2] No such file or directory: 'git'
2026-02-13 01:02:14,462 - AUTO_PILOT - Syncing FROM GitHub (Pull)...
2026-02-13 01:02:14,466 - AUTO_PILOT - Git Pull Failed: [Errno 2] No such file or directory: 'git'
2026-02-13 01:03:14,510 - AUTO_PILOT - Syncing FROM GitHub (Pull)...
2026-02-13 01:03:14,514 - AUTO_PILOT - Git Pull Failed: [Errno 2] No such file or directory: 'git'
2026-02-13 01:04:14,584 - AUTO_PILOT - Syncing FROM GitHub (Pull)...
2026-02-13 01:04:14,587 - AUTO_PILOT - Git Pull Failed: [Errno 2] No such file or directory: 'git'
2026-02-14 14:22:31,787 - AUTO_PILOT - Auto-Pilot Started. Schedule: Daily at 12:00 AM (Midnight).
2026-02-14 14:22:31,795 - AUTO_PILOT - Next run scheduled for: 2026-02-15 00:00:00
2026-02-14 14:22:31,796 - AUTO_PILOT - Syncing FROM GitHub (Pull)...
2026-02-14 14:22:31,800 - AUTO_PILOT - Git Pull Failed: [Errno 2] No such file or directory: 'git'
2026-02-14 14:23:31,875 - AUTO_PILOT - Syncing FROM GitHub (Pull)...
2026-02-14 14:23:31,883 - AUTO_PILOT - Git Pull Failed: [Errno 2] No such file or directory: 'git'
2026-02-14 14:24:31,972 - AUTO_PILOT - Syncing FROM GitHub (Pull)...
2026-02-14 14:24:31,974 - AUTO_PILOT - Git Pull Failed: [Errno 2] No such file or directory: 'git'
2026-02-14 14:25:32,023 - AUTO_PILOT - Syncing FROM GitHub (Pull)...
2026-02-14 14:25:32,026 - AUTO_PILOT - Git Pull Failed: [Errno 2] No such file or directory: 'git'
2026-02-14 14:26:32,097 - AUTO_PILOT - Syncing FROM GitHub (Pull)...
2026-02-14 14:26:32,103 - AUTO_PILOT - Git Pull Failed: [Errno 2] No such file or directory: 'git'
2026-02-14 14:27:32,151 - AUTO_PILOT - Syncing FROM GitHub (Pull)...
2026-02-14 14:27:32,155 - AUTO_PILOT - Git Pull Failed: [Errno 2] No such file or directory: 'git'
2026-02-14 14:28:32,210 - AUTO_PILOT - Syncing FROM GitHub (Pull)...
2026-02-14 14:28:32,215 - AUTO_PILOT - Git Pull Failed: [Errno 2] No such file or directory: 'git'
2026-02-14 14:29:32,238 - AUTO_PILOT - Syncing FROM GitHub (Pull)...
2026-02-14 14:29:32,241 - AUTO_PILOT - Git Pull Failed: [Errno 2] No such file or directory: 'git'
2026-02-14 14:30:32,308 - AUTO_PILOT - Syncing FROM GitHub (Pull)...
2026-02-14 14:30:32,314 - AUTO_PILOT - Git Pull Failed: [Errno 2] No such file or directory: 'git'
2026-02-14 14:31:32,395 - AUTO_PILOT - Syncing FROM GitHub (Pull)...
2026-02-14 14:31:32,401 - AUTO_PILOT - Git Pull Failed: [Errno 2] No such file or directory: 'git'
2026-02-14 14:32:32,433 - AUTO_PILOT - Syncing FROM GitHub (Pull)...
2026-02-14 14:32:32,436 - AUTO_PILOT - Git Pull Failed: [Errno 2] No such file or directory: 'git'
2026-02-14 14:33:32,504 - AUTO_PILOT - Syncing FROM GitHub (Pull)...
2026-02-14 14:33:32,520 - AUTO_PILOT - Git Pull Failed: [Errno 2] No such file or directory: 'git'
2026-02-14 14:34:32,578 - AUTO_PILOT - Syncing FROM GitHub (Pull)...
2026-02-14 14:34:32,583 - AUTO_PILOT - Git Pull Failed: [Errno 2] No such file or directory: 'git'
2026-02-14 14:35:32,647 - AUTO_PILOT - Syncing FROM GitHub (Pull)...
2026-02-14 14:35:32,652 - AUTO_PILOT - Git Pull Failed: [Errno 2] No such file or directory: 'git'
2026-02-14 14:36:32,719 - AUTO_PILOT - Syncing FROM GitHub (Pull)...
2026-02-14 14:36:32,721 - AUTO_PILOT - Git Pull Failed: [Errno 2] No such file or directory: 'git'
2026-02-14 14:37:32,777 - AUTO_PILOT - Syncing FROM GitHub (Pull)...
2026-02-14 14:37:32,781 - AUTO_PILOT - Git Pull Failed: [Errno 2] No such file or directory: 'git'
2026-02-14 14:38:32,852 - AUTO_PILOT - Syncing FROM GitHub (Pull)...
2026-02-14 14:38:32,858 - AUTO_PILOT - Git Pull Failed: [Errno 2] No such file or directory: 'git'
2026-02-14 14:39:32,944 - AUTO_PILOT - Syncing FROM GitHub (Pull)...
2026-02-14 14:39:32,950 - AUTO_PILOT - Git Pull Failed: [Errno 2] No such file or directory: 'git'
2026-02-14 14:40:33,029 - AUTO_PILOT - Syncing FROM GitHub (Pull)...
2026-02-14 14:40:33,034 - AUTO_PILOT - Git Pull Failed: [Errno 2] No such file or directory: 'git'
2026-02-14 14:41:33,117 - AUTO_PILOT - Syncing FROM GitHub (Pull)...
2026-02-14 14:41:33,120 - AUTO_PILOT - Git Pull Failed: [Errno 2] No such file or directory: 'git'
2026-02-14 14:42:33,182 - AUTO_PILOT - Syncing FROM GitHub (Pull)...
2026-02-14 14:42:33,188 - AUTO_PILOT - Git Pull Failed: [Errno 2] No such file or directory: 'git'
2026-02-14 14:43:33,268 - AUTO_PILOT - Syncing FROM GitHub (Pull)...
2026-02-14 14:43:33,274 - AUTO_PILOT - Git Pull Failed: [Errno 2] No such file or directory: 'git'
2026-02-14 14:44:33,356 - AUTO_PILOT - Syncing FROM GitHub (Pull)...
2026-02-14 14:44:33,359 - AUTO_PILOT - Git Pull Failed: [Errno 2] No such file or directory: 'git'
2026-02-14 14:45:33,375 - AUTO_PILOT - Syncing FROM GitHub (Pull)...
2026-02-14 14:45:33,382 - AUTO_PILOT - Git Pull Failed: [Errno 2] No such file or directory: 'git'
2026-02-14 14:46:33,461 - AUTO_PILOT - Syncing FROM GitHub (Pull)...
2026-02-14 14:46:33,467 - AUTO_PILOT - Git Pull Failed: [Errno 2] No such file or directory: 'git'
2026-02-14 14:47:33,537 - AUTO_PILOT - Syncing FROM GitHub (Pull)...
2026-02-14 14:47:33,543 - AUTO_PILOT - Git Pull Failed: [Errno 2] No such file or directory: 'git'
2026-02-14 14:48:33,619 - AUTO_PILOT - Syncing FROM GitHub (Pull)...
2026-02-14 14:48:33,624 - AUTO_PILOT - Git Pull Failed: [Errno 2] No such file or directory: 'git'
2026-02-14 14:49:33,701 - AUTO_PILOT - Syncing FROM GitHub (Pull)...
2026-02-14 14:49:33,706 - AUTO_PILOT - Git Pull Failed: [Errno 2] No such file or directory: 'git'
2026-02-14 14:50:33,741 - AUTO_PILOT - Syncing FROM GitHub (Pull)...
2026-02-14 14:50:33,745 - AUTO_PILOT - Git Pull Failed: [Errno 2] No such file or directory: 'git'
2026-02-14 14:51:33,821 - AUTO_PILOT - Syncing FROM GitHub (Pull)...
2026-02-14 14:51:33,827 - AUTO_PILOT - Git Pull Failed: [Errno 2] No such file or directory: 'git'
2026-02-14 14:52:33,890 - AUTO_PILOT - Syncing FROM GitHub (Pull)...
2026-02-14 14:52:33,896 - AUTO_PILOT - Git Pull Failed: [Errno 2] No such file or directory: 'git'
2026-02-14 14:53:33,972 - AUTO_PILOT - Syncing FROM GitHub (Pull)...
2026-02-14 14:53:33,977 - AUTO_PILOT - Git Pull Failed: [Errno 2] No such file or directory: 'git'
2026-02-14 14:54:34,050 - AUTO_PILOT - Syncing FROM GitHub (Pull)...
2026-02-14 14:54:34,053 - AUTO_PILOT - Git Pull Failed: [Errno 2] No such file or directory: 'git'
2026-02-14 14:55:34,115 - AUTO_PILOT - Syncing FROM GitHub (Pull)...
2026-02-14 14:55:34,121 - AUTO_PILOT - Git Pull Failed: [Errno 2] No such file or directory: 'git'
2026-02-14 14:56:34,196 - AUTO_PILOT - Syncing FROM GitHub (Pull)...
2026-02-14 14:56:34,203 - AUTO_PILOT - Git Pull Failed: [Errno 2] No such file or directory: 'git'
2026-02-14 14:57:34,230 - AUTO_PILOT - Syncing FROM GitHub (Pull)...
2026-02-14 14:57:34,234 - AUTO_PILOT - Git Pull Failed: [Errno 2] No such file or directory: 'git'
2026-02-14 14:58:34,289 - AUTO_PILOT - Syncing FROM GitHub (Pull)...
2026-02-14 14:58:34,296 - AUTO_PILOT - Git Pull Failed: [Errno 2] No such file or directory: 'git'
2026-02-14 14:59:34,373 - AUTO_PILOT - Syncing FROM GitHub (Pull)...
2026-02-14 14:59:34,380 - AUTO_PILOT - Git Pull Failed: [Errno 2] No such file or directory: 'git'
2026-02-14 15:00:34,457 - AUTO_PILOT - Syncing FROM GitHub (Pull)...
2026-02-14 15:00:34,465 - AUTO_PILOT - Git Pull Failed: [Errno 2] No such file or directory: 'git'
2026-02-14 15:01:34,508 - AUTO_PILOT - Syncing FROM GitHub (Pull)...
2026-02-14 15:01:34,514 - AUTO_PILOT - Git Pull Failed: [Errno 2] No such file or directory: 'git'
2026-02-14 15:02:34,596 - AUTO_PILOT - Syncing FROM GitHub (Pull)...
2026-02-14 15:02:34,603 - AUTO_PILOT - Git Pull Failed: [Errno 2] No such file or directory: 'git'
2026-02-14 15:03:34,677 - AUTO_PILOT - Syncing FROM GitHub (Pull)...
2026-02-14 15:03:34,680 - AUTO_PILOT - Git Pull Failed: [Errno 2] No such file or directory: 'git'
2026-02-14 15:04:34,724 - AUTO_PILOT - Syncing FROM GitHub (Pull)...
2026-02-14 15:04:34,730 - AUTO_PILOT - Git Pull Failed: [Errno 2] No such file or directory: 'git'
2026-02-14 15:05:34,806 - AUTO_PILOT - Syncing FROM GitHub (Pull)...
2026-02-14 15:05:34,812 - AUTO_PILOT - Git Pull Failed: [Errno 2] No such file or directory: 'git'
2026-02-14 15:06:34,888 - AUTO_PILOT - Syncing FROM GitHub (Pull)...
2026-02-14 15:06:34,891 - AUTO_PILOT - Git Pull Failed: [Errno 2] No such file or directory: 'git'
2026-02-14 15:07:34,938 - AUTO_PILOT - Syncing FROM GitHub (Pull)...
2026-02-14 15:07:34,941 - AUTO_PILOT - Git Pull Failed: [Errno 2] No such file or directory: 'git'
2026-02-14 15:08:35,005 - AUTO_PILOT - Syncing FROM GitHub (Pull)...
2026-02-14 15:08:35,010 - AUTO_PILOT - Git Pull Failed: [Errno 2] No such file or directory: 'git'
2026-02-14 15:09:35,089 - AUTO_PILOT - Syncing FROM GitHub (Pull)...
2026-02-14 15:09:35,096 - AUTO_PILOT - Git Pull Failed: [Errno 2] No such file or directory: 'git'
2026-02-14 15:10:35,179 - AUTO_PILOT - Syncing FROM GitHub (Pull)...
2026-02-14 15:10:35,181 - AUTO_PILOT - Git Pull Failed: [Errno 2] No such file or directory: 'git'
2026-02-14 15:11:35,240 - AUTO_PILOT - Syncing FROM GitHub (Pull)...
2026-02-14 15:11:35,244 - AUTO_PILOT - Git Pull Failed: [Errno 2] No such file or directory: 'git'
2026-02-14 15:12:35,314 - AUTO_PILOT - Syncing FROM GitHub (Pull)...
2026-02-14 15:12:35,320 - AUTO_PILOT - Git Pull Failed: [Errno 2] No such file or directory: 'git'
2026-02-14 15:13:35,387 - AUTO_PILOT - Syncing FROM GitHub (Pull)...
2026-02-14 15:13:35,390 - AUTO_PILOT - Git Pull Failed: [Errno 2] No such file or directory: 'git'
2026-02-14 15:14:35,451 - AUTO_PILOT - Syncing FROM GitHub (Pull)...
2026-02-14 15:14:35,455 - AUTO_PILOT - Git Pull Failed: [Errno 2] No such file or directory: 'git'
2026-02-14 15:15:35,527 - AUTO_PILOT - Syncing FROM GitHub (Pull)...
2026-02-14 15:15:35,530 - AUTO_PILOT - Git Pull Failed: [Errno 2] No such file or directory: 'git'
2026-02-14 15:16:35,594 - AUTO_PILOT - Syncing FROM GitHub (Pull)...
2026-02-14 15:16:35,598 - AUTO_PILOT - Git Pull Failed: [Errno 2] No such file or directory: 'git'
2026-02-14 15:17:35,666 - AUTO_PILOT - Syncing FROM GitHub (Pull)...
2026-02-14 15:17:35,669 - AUTO_PILOT - Git Pull Failed: [Errno 2] No such file or directory: 'git'
2026-02-14 15:18:35,739 - AUTO_PILOT - Syncing FROM GitHub (Pull)...
2026-02-14 15:18:35,743 - AUTO_PILOT - Git Pull Failed: [Errno 2] No such file or directory: 'git'
2026-02-14 15:19:35,786 - AUTO_PILOT - Syncing FROM GitHub (Pull)...
2026-02-14 15:19:35,789 - AUTO_PILOT - Git Pull Failed: [Errno 2] No such file or directory: 'git'
2026-02-14 15:20:35,851 - AUTO_PILOT - Syncing FROM GitHub (Pull)...
2026-02-14 15:20:35,854 - AUTO_PILOT - Git Pull Failed: [Errno 2] No such file or directory: 'git'
2026-02-14 15:21:35,925 - AUTO_PILOT - Syncing FROM GitHub (Pull)...
2026-02-14 15:21:35,928 - AUTO_PILOT - Git Pull Failed: [Errno 2] No such file or directory: 'git'
2026-02-14 15:22:35,998 - AUTO_PILOT - Syncing FROM GitHub (Pull)...
2026-02-14 15:22:36,003 - AUTO_PILOT - Git Pull Failed: [Errno 2] No such file or directory: 'git'
2026-02-14 15:23:36,052 - AUTO_PILOT - Syncing FROM GitHub (Pull)...
2026-02-14 15:23:36,056 - AUTO_PILOT - Git Pull Failed: [Errno 2] No such file or directory: 'git'
2026-02-14 15:24:36,136 - AUTO_PILOT - Syncing FROM GitHub (Pull)...
2026-02-14 15:24:36,140 - AUTO_PILOT - Git Pull Failed: [Errno 2] No such file or directory: 'git'
2026-02-14 17:31:40,952 - AUTO_PILOT - Syncing FROM GitHub (Pull)...
2026-02-14 17:31:40,955 - AUTO_PILOT - Git Pull Failed: [Errno 2] No such file or directory: 'git'
2026-02-14 19:44:34,733 - AUTO_PILOT - Auto-Pilot Started. Schedule: Daily at 12:00 AM (Midnight).
2026-02-14 19:44:34,737 - AUTO_PILOT - Next run scheduled for: 2026-02-15 00:00:00
2026-02-14 19:44:34,737 - AUTO_PILOT - Syncing FROM GitHub (Pull)...
2026-02-14 19:44:34,739 - AUTO_PILOT - Git Pull Failed: [Errno 2] No such file or directory: 'git'
2026-02-14 19:45:34,799 - AUTO_PILOT - Syncing FROM GitHub (Pull)...
2026-02-14 19:45:34,804 - AUTO_PILOT - Git Pull Failed: [Errno 2] No such file or directory: 'git'
2026-02-14 19:46:34,830 - AUTO_PILOT - Syncing FROM GitHub (Pull)...
2026-02-14 19:46:34,833 - AUTO_PILOT - Git Pull Failed: [Errno 2] No such file or directory: 'git'
2026-02-14 19:47:34,853 - AUTO_PILOT - Syncing FROM GitHub (Pull)...
2026-02-14 19:47:34,856 - AUTO_PILOT - Git Pull Failed: [Errno 2] No such file or directory: 'git'
2026-02-14 19:48:34,923 - AUTO_PILOT - Syncing FROM GitHub (Pull)...
2026-02-14 19:48:34,930 - AUTO_PILOT - Git Pull Failed: [Errno 2] No such file or directory: 'git'
2026-02-14 19:49:35,023 - AUTO_PILOT - Syncing FROM GitHub (Pull)...
2026-02-14 19:49:35,030 - AUTO_PILOT - Git Pull Failed: [Errno 2] No such file or directory: 'git'
2026-02-14 19:50:35,100 - AUTO_PILOT - Syncing FROM GitHub (Pull)...
2026-02-14 19:50:35,106 - AUTO_PILOT - Git Pull Failed: [Errno 2] No such file or directory: 'git'
2026-02-14 19:51:35,203 - AUTO_PILOT - Syncing FROM GitHub (Pull)...
2026-02-14 19:51:35,207 - AUTO_PILOT - Git Pull Failed: [Errno 2] No such file or directory: 'git'
2026-02-14 19:52:35,277 - AUTO_PILOT - Syncing FROM GitHub (Pull)...
2026-02-14 19:52:35,282 - AUTO_PILOT - Git Pull Failed: [Errno 2] No such file or directory: 'git'
2026-02-14 19:53:35,372 - AUTO_PILOT - Syncing FROM GitHub (Pull)...
2026-02-14 19:53:35,378 - AUTO_PILOT - Git Pull Failed: [Errno 2] No such file or directory: 'git'
2026-02-14 19:54:35,441 - AUTO_PILOT - Syncing FROM GitHub (Pull)...
2026-02-14 19:54:35,444 - AUTO_PILOT - Git Pull Failed: [Errno 2] No such file or directory: 'git'
2026-02-14 19:55:35,521 - AUTO_PILOT - Syncing FROM GitHub (Pull)...
2026-02-14 19:55:35,524 - AUTO_PILOT - Git Pull Failed: [Errno 2] No such file or directory: 'git'
2026-02-14 19:56:35,577 - AUTO_PILOT - Syncing FROM GitHub (Pull)...
2026-02-14 19:56:35,581 - AUTO_PILOT - Git Pull Failed: [Errno 2] No such file or directory: 'git'
2026-02-14 19:57:35,667 - AUTO_PILOT - Syncing FROM GitHub (Pull)...
2026-02-14 19:57:35,673 - AUTO_PILOT - Git Pull Failed: [Errno 2] No such file or directory: 'git'
2026-02-14 19:58:35,735 - AUTO_PILOT - Syncing FROM GitHub (Pull)...
2026-02-14 19:58:35,741 - AUTO_PILOT - Git Pull Failed: [Errno 2] No such file or directory: 'git'
2026-02-14 19:59:35,804 - AUTO_PILOT - Syncing FROM GitHub (Pull)...
2026-02-14 19:59:35,809 - AUTO_PILOT - Git Pull Failed: [Errno 2] No such file or directory: 'git'
2026-02-14 20:00:35,911 - AUTO_PILOT - Syncing FROM GitHub (Pull)...
2026-02-14 20:00:35,914 - AUTO_PILOT - Git Pull Failed: [Errno 2] No such file or directory: 'git'
2026-02-14 20:01:35,977 - AUTO_PILOT - Syncing FROM GitHub (Pull)...
2026-02-14 20:01:35,984 - AUTO_PILOT - Git Pull Failed: [Errno 2] No such file or directory: 'git'
2026-02-14 20:02:36,049 - AUTO_PILOT - Syncing FROM GitHub (Pull)...
2026-02-14 20:02:36,053 - AUTO_PILOT - Git Pull Failed: [Errno 2] No such file or directory: 'git'
2026-02-14 20:03:36,126 - AUTO_PILOT - Syncing FROM GitHub (Pull)...
2026-02-14 20:03:36,142 - AUTO_PILOT - Git Pull Failed: [Errno 2] No such file or directory: 'git'
2026-02-14 20:04:36,234 - AUTO_PILOT - Syncing FROM GitHub (Pull)...
2026-02-14 20:04:36,236 - AUTO_PILOT - Git Pull Failed: [Errno 2] No such file or directory: 'git'
2026-02-14 20:05:36,302 - AUTO_PILOT - Syncing FROM GitHub (Pull)...
2026-02-14 20:05:36,304 - AUTO_PILOT - Git Pull Failed: [Errno 2] No such file or directory: 'git'
2026-02-14 20:06:36,363 - AUTO_PILOT - Syncing FROM GitHub (Pull)...
2026-02-14 20:06:36,366 - AUTO_PILOT - Git Pull Failed: [Errno 2] No such file or directory: 'git'
2026-02-14 20:07:36,433 - AUTO_PILOT - Syncing FROM GitHub (Pull)...
2026-02-14 20:07:36,437 - AUTO_PILOT - Git Pull Failed: [Errno 2] No such file or directory: 'git'
2026-02-14 20:08:36,445 - AUTO_PILOT - Syncing FROM GitHub (Pull)...
2026-02-14 20:08:36,449 - AUTO_PILOT - Git Pull Failed: [Errno 2] No such file or directory: 'git'
2026-02-14 20:09:36,516 - AUTO_PILOT - Syncing FROM GitHub (Pull)...
2026-02-14 20:09:36,517 - AUTO_PILOT - Git Pull Failed: [Errno 2] No such file or directory: 'git'
2026-02-14 20:10:36,570 - AUTO_PILOT - Syncing FROM GitHub (Pull)...
2026-02-14 20:10:36,573 - AUTO_PILOT - Git Pull Failed: [Errno 2] No such file or directory: 'git'
2026-02-14 20:11:36,638 - AUTO_PILOT - Syncing FROM GitHub (Pull)...
2026-02-14 20:11:36,641 - AUTO_PILOT - Git Pull Failed: [Errno 2] No such file or directory: 'git'
2026-02-14 20:12:36,726 - AUTO_PILOT - Syncing FROM GitHub (Pull)...
2026-02-14 20:12:36,728 - AUTO_PILOT - Git Pull Failed: [Errno 2] No such file or directory: 'git'
2026-02-14 20:13:36,789 - AUTO_PILOT - Syncing FROM GitHub (Pull)...
2026-02-14 20:13:36,795 - AUTO_PILOT - Git Pull Failed: [Errno 2] No such file or directory: 'git'
2026-02-14 20:14:36,862 - AUTO_PILOT - Syncing FROM GitHub (Pull)...
2026-02-14 20:14:36,867 - AUTO_PILOT - Git Pull Failed: [Errno 2] No such file or directory: 'git'
2026-02-14 20:15:36,934 - AUTO_PILOT - Syncing FROM GitHub (Pull)...
2026-02-14 20:15:36,937 - AUTO_PILOT - Git Pull Failed: [Errno 2] No such file or directory: 'git'
2026-02-14 20:16:36,946 - AUTO_PILOT - Syncing FROM GitHub (Pull)...
2026-02-14 20:16:36,951 - AUTO_PILOT - Git Pull Failed: [Errno 2] No such file or directory: 'git'
2026-02-14 20:17:37,019 - AUTO_PILOT - Syncing FROM GitHub (Pull)...
2026-02-14 20:17:37,023 - AUTO_PILOT - Git Pull Failed: [Errno 2] No such file or directory: 'git'
2026-02-14 20:18:37,089 - AUTO_PILOT - Syncing FROM GitHub (Pull)...
2026-02-14 20:18:37,095 - AUTO_PILOT - Git Pull Failed: [Errno 2] No such file or directory: 'git'
2026-02-14 20:19:37,156 - AUTO_PILOT - Syncing FROM GitHub (Pull)...
2026-02-14 20:19:37,161 - AUTO_PILOT - Git Pull Failed: [Errno 2] No such file or directory: 'git'
2026-02-14 20:20:37,177 - AUTO_PILOT - Syncing FROM GitHub (Pull)...
2026-02-14 20:20:37,182 - AUTO_PILOT - Git Pull Failed: [Errno 2] No such file or directory: 'git'
2026-02-14 20:21:37,241 - AUTO_PILOT - Syncing FROM GitHub (Pull)...
2026-02-14 20:21:37,245 - AUTO_PILOT - Git Pull Failed: [Errno 2] No such file or directory: 'git'
2026-02-14 20:22:37,314 - AUTO_PILOT - Syncing FROM GitHub (Pull)...
2026-02-14 20:22:37,318 - AUTO_PILOT - Git Pull Failed: [Errno 2] No such file or directory: 'git'
2026-02-14 20:23:37,385 - AUTO_PILOT - Syncing FROM GitHub (Pull)...
2026-02-14 20:23:37,391 - AUTO_PILOT - Git Pull Failed: [Errno 2] No such file or directory: 'git'
2026-02-14 20:24:37,457 - AUTO_PILOT - Syncing FROM GitHub (Pull)...
2026-02-14 20:24:37,461 - AUTO_PILOT - Git Pull Failed: [Errno 2] No such file or directory: 'git'
2026-02-14 20:25:37,523 - AUTO_PILOT - Syncing FROM GitHub (Pull)...
2026-02-14 20:25:37,526 - AUTO_PILOT - Git Pull Failed: [Errno 2] No such file or directory: 'git'
2026-02-14 20:26:37,590 - AUTO_PILOT - Syncing FROM GitHub (Pull)...
2026-02-14 20:26:37,597 - AUTO_PILOT - Git Pull Failed: [Errno 2] No such file or directory: 'git'
2026-02-14 20:27:37,661 - AUTO_PILOT - Syncing FROM GitHub (Pull)...
2026-02-14 20:27:37,668 - AUTO_PILOT - Git Pull Failed: [Errno 2] No such file or directory: 'git'
2026-02-14 20:28:37,754 - AUTO_PILOT - Syncing FROM GitHub (Pull)...
2026-02-14 20:28:37,758 - AUTO_PILOT - Git Pull Failed: [Errno 2] No such file or directory: 'git'
2026-02-14 20:29:37,798 - AUTO_PILOT - Syncing FROM GitHub (Pull)...
2026-02-14 20:29:37,803 - AUTO_PILOT - Git Pull Failed: [Errno 2] No such file or directory: 'git'
2026-02-14 20:30:37,865 - AUTO_PILOT - Syncing FROM GitHub (Pull)...
2026-02-14 20:30:37,873 - AUTO_PILOT - Git Pull Failed: [Errno 2] No such file or directory: 'git'
2026-02-14 20:31:37,960 - AUTO_PILOT - Syncing FROM GitHub (Pull)...
2026-02-14 20:31:37,967 - AUTO_PILOT - Git Pull Failed: [Errno 2] No such file or directory: 'git'
2026-02-14 20:32:38,045 - AUTO_PILOT - Syncing FROM GitHub (Pull)...
2026-02-14 20:32:38,051 - AUTO_PILOT - Git Pull Failed: [Errno 2] No such file or directory: 'git'
2026-02-14 20:33:38,134 - AUTO_PILOT - Syncing FROM GitHub (Pull)...
2026-02-14 20:33:38,144 - AUTO_PILOT - Git Pull Failed: [Errno 2] No such file or directory: 'git'
2026-02-14 20:34:38,223 - AUTO_PILOT - Syncing FROM GitHub (Pull)...
2026-02-14 20:34:38,233 - AUTO_PILOT - Git Pull Failed: [Errno 2] No such file or directory: 'git'
2026-02-14 20:35:38,309 - AUTO_PILOT - Syncing FROM GitHub (Pull)...
2026-02-14 20:35:38,318 - AUTO_PILOT - Git Pull Failed: [Errno 2] No such file or directory: 'git'
2026-02-14 20:36:38,414 - AUTO_PILOT - Syncing FROM GitHub (Pull)...
2026-02-14 20:36:38,421 - AUTO_PILOT - Git Pull Failed: [Errno 2] No such file or directory: 'git'
2026-02-14 20:37:38,467 - AUTO_PILOT - Syncing FROM GitHub (Pull)...
2026-02-14 20:37:38,474 - AUTO_PILOT - Git Pull Failed: [Errno 2] No such file or directory: 'git'
2026-02-14 20:38:38,555 - AUTO_PILOT - Syncing FROM GitHub (Pull)...
2026-02-14 20:38:38,564 - AUTO_PILOT - Git Pull Failed: [Errno 2] No such file or directory: 'git'
2026-02-14 20:39:38,654 - AUTO_PILOT - Syncing FROM GitHub (Pull)...
2026-02-14 20:39:38,661 - AUTO_PILOT - Git Pull Failed: [Errno 2] No such file or directory: 'git'
2026-02-14 20:40:38,729 - AUTO_PILOT - Syncing FROM GitHub (Pull)...
2026-02-14 20:40:38,734 - AUTO_PILOT - Git Pull Failed: [Errno 2] No such file or directory: 'git'
2026-02-14 20:41:38,759 - AUTO_PILOT - Syncing FROM GitHub (Pull)...
2026-02-14 20:41:38,771 - AUTO_PILOT - Git Pull Failed: [Errno 2] No such file or directory: 'git'
2026-02-14 20:42:38,855 - AUTO_PILOT - Syncing FROM GitHub (Pull)...
2026-02-14 20:42:38,860 - AUTO_PILOT - Git Pull Failed: [Errno 2] No such file or directory: 'git'
2026-02-14 20:43:38,925 - AUTO_PILOT - Syncing FROM GitHub (Pull)...
2026-02-14 20:43:38,930 - AUTO_PILOT - Git Pull Failed: [Errno 2] No such file or directory: 'git'
2026-02-14 20:44:38,989 - AUTO_PILOT - Syncing FROM GitHub (Pull)...
2026-02-14 20:44:38,994 - AUTO_PILOT - Git Pull Failed: [Errno 2] No such file or directory: 'git'
2026-02-14 20:45:39,058 - AUTO_PILOT - Syncing FROM GitHub (Pull)...
2026-02-14 20:45:39,068 - AUTO_PILOT - Git Pull Failed: [Errno 2] No such file or directory: 'git'
2026-02-14 20:46:39,150 - AUTO_PILOT - Syncing FROM GitHub (Pull)...
2026-02-14 20:46:39,157 - AUTO_PILOT - Git Pull Failed: [Errno 2] No such file or directory: 'git'
2026-02-14 20:47:39,193 - AUTO_PILOT - Syncing FROM GitHub (Pull)...
2026-02-14 20:47:39,206 - AUTO_PILOT - Git Pull Failed: [Errno 2] No such file or directory: 'git'
2026-02-14 20:48:39,294 - AUTO_PILOT - Syncing FROM GitHub (Pull)...
2026-02-14 20:48:39,319 - AUTO_PILOT - Git Pull Failed: [Errno 2] No such file or directory: 'git'
2026-02-14 20:49:39,393 - AUTO_PILOT - Syncing FROM GitHub (Pull)...
2026-02-14 20:49:39,404 - AUTO_PILOT - Git Pull Failed: [Errno 2] No such file or directory: 'git'
2026-02-14 20:50:39,449 - AUTO_PILOT - Syncing FROM GitHub (Pull)...
2026-02-14 20:50:39,459 - AUTO_PILOT - Git Pull Failed: [Errno 2] No such file or directory: 'git'
2026-02-14 20:51:39,543 - AUTO_PILOT - Syncing FROM GitHub (Pull)...
2026-02-14 20:51:39,550 - AUTO_PILOT - Git Pull Failed: [Errno 2] No such file or directory: 'git'
2026-02-14 20:52:39,640 - AUTO_PILOT - Syncing FROM GitHub (Pull)...
2026-02-14 20:52:39,647 - AUTO_PILOT - Git Pull Failed: [Errno 2] No such file or directory: 'git'
2026-02-14 20:53:39,730 - AUTO_PILOT - Syncing FROM GitHub (Pull)...
2026-02-14 20:53:39,739 - AUTO_PILOT - Git Pull Failed: [Errno 2] No such file or directory: 'git'
2026-02-14 20:54:39,774 - AUTO_PILOT - Syncing FROM GitHub (Pull)...
2026-02-14 20:54:39,782 - AUTO_PILOT - Git Pull Failed: [Errno 2] No such file or directory: 'git'
2026-02-14 20:55:39,868 - AUTO_PILOT - Syncing FROM GitHub (Pull)...
2026-02-14 20:55:39,876 - AUTO_PILOT - Git Pull Failed: [Errno 2] No such file or directory: 'git'
2026-02-14 20:56:39,957 - AUTO_PILOT - Syncing FROM GitHub (Pull)...
2026-02-14 20:56:39,976 - AUTO_PILOT - Git Pull Failed: [Errno 2] No such file or directory: 'git'
2026-02-14 20:57:40,068 - AUTO_PILOT - Syncing FROM GitHub (Pull)...
2026-02-14 20:57:40,075 - AUTO_PILOT - Git Pull Failed: [Errno 2] No such file or directory: 'git'
2026-02-14 20:58:40,171 - AUTO_PILOT - Syncing FROM GitHub (Pull)...
2026-02-14 20:58:40,177 - AUTO_PILOT - Git Pull Failed: [Errno 2] No such file or directory: 'git'
2026-02-14 20:59:40,333 - AUTO_PILOT - Syncing FROM GitHub (Pull)...
2026-02-14 20:59:40,354 - AUTO_PILOT - Git Pull Failed: [Errno 2] No such file or directory: 'git'
2026-02-14 21:00:40,448 - AUTO_PILOT - Syncing FROM GitHub (Pull)...
2026-02-14 21:00:40,456 - AUTO_PILOT - Git Pull Failed: [Errno 2] No such file or directory: 'git'
2026-02-14 21:01:40,548 - AUTO_PILOT - Syncing FROM GitHub (Pull)...
2026-02-14 21:01:40,553 - AUTO_PILOT - Git Pull Failed: [Errno 2] No such file or directory: 'git'
2026-02-14 21:02:40,643 - AUTO_PILOT - Syncing FROM GitHub (Pull)...
2026-02-14 21:02:40,649 - AUTO_PILOT - Git Pull Failed: [Errno 2] No such file or directory: 'git'
2026-02-14 21:03:40,741 - AUTO_PILOT - Syncing FROM GitHub (Pull)...
2026-02-14 21:03:40,744 - AUTO_PILOT - Git Pull Failed: [Errno 2] No such file or directory: 'git'
2026-02-14 21:04:40,807 - AUTO_PILOT - Syncing FROM GitHub (Pull)...
2026-02-14 21:04:40,812 - AUTO_PILOT - Git Pull Failed: [Errno 2] No such file or directory: 'git'
2026-02-14 21:05:40,886 - AUTO_PILOT - Syncing FROM GitHub (Pull)...
2026-02-14 21:05:40,891 - AUTO_PILOT - Git Pull Failed: [Errno 2] No such file or directory: 'git'
2026-02-14 21:06:40,956 - AUTO_PILOT - Syncing FROM GitHub (Pull)...
2026-02-14 21:06:40,962 - AUTO_PILOT - Git Pull Failed: [Errno 2] No such file or directory: 'git'
2026-02-14 21:07:41,049 - AUTO_PILOT - Syncing FROM GitHub (Pull)...
2026-02-14 21:07:41,052 - AUTO_PILOT - Git Pull Failed: [Errno 2] No such file or directory: 'git'
2026-02-14 21:08:41,099 - AUTO_PILOT - Syncing FROM GitHub (Pull)...
2026-02-14 21:08:41,108 - AUTO_PILOT - Git Pull Failed: [Errno 2] No such file or directory: 'git'
2026-02-14 21:09:41,190 - AUTO_PILOT - Syncing FROM GitHub (Pull)...
2026-02-14 21:09:41,199 - AUTO_PILOT - Git Pull Failed: [Errno 2] No such file or directory: 'git'
2026-02-14 21:10:41,287 - AUTO_PILOT - Syncing FROM GitHub (Pull)...
2026-02-14 21:10:41,294 - AUTO_PILOT - Git Pull Failed: [Errno 2] No such file or directory: 'git'
2026-02-14 21:11:41,386 - AUTO_PILOT - Syncing FROM GitHub (Pull)...
2026-02-14 21:11:41,391 - AUTO_PILOT - Git Pull Failed: [Errno 2] No such file or directory: 'git'
2026-02-14 21:12:41,447 - AUTO_PILOT - Syncing FROM GitHub (Pull)...
2026-02-14 21:12:41,456 - AUTO_PILOT - Git Pull Failed: [Errno 2] No such file or directory: 'git'
2026-02-14 21:13:41,483 - AUTO_PILOT - Syncing FROM GitHub (Pull)...
2026-02-14 21:13:41,491 - AUTO_PILOT - Git Pull Failed: [Errno 2] No such file or directory: 'git'
2026-02-14 21:14:41,579 - AUTO_PILOT - Syncing FROM GitHub (Pull)...
2026-02-14 21:14:41,586 - AUTO_PILOT - Git Pull Failed: [Errno 2] No such file or directory: 'git'
2026-02-14 21:15:41,661 - AUTO_PILOT - Syncing FROM GitHub (Pull)...
2026-02-14 21:15:41,667 - AUTO_PILOT - Git Pull Failed: [Errno 2] No such file or directory: 'git'
2026-02-14 21:16:41,740 - AUTO_PILOT - Syncing FROM GitHub (Pull)...
2026-02-14 21:16:41,743 - AUTO_PILOT - Git Pull Failed: [Errno 2] No such file or directory: 'git'
2026-02-14 21:17:41,759 - AUTO_PILOT - Syncing FROM GitHub (Pull)...
2026-02-14 21:17:41,768 - AUTO_PILOT - Git Pull Failed: [Errno 2] No such file or directory: 'git'
2026-02-14 21:18:41,787 - AUTO_PILOT - Syncing FROM GitHub (Pull)...
2026-02-14 21:18:41,792 - AUTO_PILOT - Git Pull Failed: [Errno 2] No such file or directory: 'git'
2026-02-14 21:19:41,871 - AUTO_PILOT - Syncing FROM GitHub (Pull)...
2026-02-14 21:19:41,881 - AUTO_PILOT - Git Pull Failed: [Errno 2] No such file or directory: 'git'
2026-02-14 21:20:41,964 - AUTO_PILOT - Syncing FROM GitHub (Pull)...
2026-02-14 21:20:41,980 - AUTO_PILOT - Git Pull Failed: [Errno 2] No such file or directory: 'git'
2026-02-14 21:21:42,057 - AUTO_PILOT - Syncing FROM GitHub (Pull)...
2026-02-14 21:21:42,064 - AUTO_PILOT - Git Pull Failed: [Errno 2] No such file or directory: 'git'
2026-02-14 21:22:42,125 - AUTO_PILOT - Syncing FROM GitHub (Pull)...
2026-02-14 21:22:42,132 - AUTO_PILOT - Git Pull Failed: [Errno 2] No such file or directory: 'git'
2026-02-14 21:23:42,213 - AUTO_PILOT - Syncing FROM GitHub (Pull)...
2026-02-14 21:23:42,219 - AUTO_PILOT - Git Pull Failed: [Errno 2] No such file or directory: 'git'
2026-02-14 21:24:42,296 - AUTO_PILOT - Syncing FROM GitHub (Pull)...
2026-02-14 21:24:42,304 - AUTO_PILOT - Git Pull Failed: [Errno 2] No such file or directory: 'git'
2026-02-14 21:25:42,378 - AUTO_PILOT - Syncing FROM GitHub (Pull)...
2026-02-14 21:25:42,385 - AUTO_PILOT - Git Pull Failed: [Errno 2] No such file or directory: 'git'
2026-02-14 21:26:42,442 - AUTO_PILOT - Syncing FROM GitHub (Pull)...
2026-02-14 21:26:42,448 - AUTO_PILOT - Git Pull Failed: [Errno 2] No such file or directory: 'git'
2026-02-14 21:27:42,496 - AUTO_PILOT - Syncing FROM GitHub (Pull)...
2026-02-14 21:27:42,499 - AUTO_PILOT - Git Pull Failed: [Errno 2] No such file or directory: 'git'
2026-02-14 21:28:42,557 - AUTO_PILOT - Syncing FROM GitHub (Pull)...
2026-02-14 21:28:42,565 - AUTO_PILOT - Git Pull Failed: [Errno 2] No such file or directory: 'git'
2026-02-14 21:29:42,649 - AUTO_PILOT - Syncing FROM GitHub (Pull)...
2026-02-14 21:29:42,654 - AUTO_PILOT - Git Pull Failed: [Errno 2] No such file or directory: 'git'
2026-02-14 21:30:42,735 - AUTO_PILOT - Syncing FROM GitHub (Pull)...
2026-02-14 21:30:42,743 - AUTO_PILOT - Git Pull Failed: [Errno 2] No such file or directory: 'git'
2026-02-14 21:31:42,822 - AUTO_PILOT - Syncing FROM GitHub (Pull)...
2026-02-14 21:31:42,827 - AUTO_PILOT - Git Pull Failed: [Errno 2] No such file or directory: 'git'
2026-02-14 21:32:42,909 - AUTO_PILOT - Syncing FROM GitHub (Pull)...
2026-02-14 21:32:42,915 - AUTO_PILOT - Git Pull Failed: [Errno 2] No such file or directory: 'git'
2026-02-14 21:33:42,995 - AUTO_PILOT - Syncing FROM GitHub (Pull)...
2026-02-14 21:33:43,004 - AUTO_PILOT - Git Pull Failed: [Errno 2] No such file or directory: 'git'
2026-02-14 21:34:43,085 - AUTO_PILOT - Syncing FROM GitHub (Pull)...
2026-02-14 21:34:43,093 - AUTO_PILOT - Git Pull Failed: [Errno 2] No such file or directory: 'git'
2026-02-14 21:35:43,164 - AUTO_PILOT - Syncing FROM GitHub (Pull)...
2026-02-14 21:35:43,172 - AUTO_PILOT - Git Pull Failed: [Errno 2] No such file or directory: 'git'
2026-02-14 21:36:43,252 - AUTO_PILOT - Syncing FROM GitHub (Pull)...
2026-02-14 21:36:43,259 - AUTO_PILOT - Git Pull Failed: [Errno 2] No such file or directory: 'git'
2026-02-14 21:37:43,342 - AUTO_PILOT - Syncing FROM GitHub (Pull)...
2026-02-14 21:37:43,352 - AUTO_PILOT - Git Pull Failed: [Errno 2] No such file or directory: 'git'
2026-02-14 21:38:43,425 - AUTO_PILOT - Syncing FROM GitHub (Pull)...
2026-02-14 21:38:43,432 - AUTO_PILOT - Git Pull Failed: [Errno 2] No such file or directory: 'git'
2026-02-14 21:39:43,521 - AUTO_PILOT - Syncing FROM GitHub (Pull)...
2026-02-14 21:39:43,528 - AUTO_PILOT - Git Pull Failed: [Errno 2] No such file or directory: 'git'
2026-02-14 21:40:43,591 - AUTO_PILOT - Syncing FROM GitHub (Pull)...
2026-02-14 21:40:43,596 - AUTO_PILOT - Git Pull Failed: [Errno 2] No such file or directory: 'git'
2026-02-14 21:41:43,677 - AUTO_PILOT - Syncing FROM GitHub (Pull)...
2026-02-14 21:41:43,684 - AUTO_PILOT - Git Pull Failed: [Errno 2] No such file or directory: 'git'
2026-02-14 21:42:43,761 - AUTO_PILOT - Syncing FROM GitHub (Pull)...
2026-02-14 21:42:43,768 - AUTO_PILOT - Git Pull Failed: [Errno 2] No such file or directory: 'git'
2026-02-14 21:43:43,857 - AUTO_PILOT - Syncing FROM GitHub (Pull)...
2026-02-14 21:43:43,863 - AUTO_PILOT - Git Pull Failed: [Errno 2] No such file or directory: 'git'
2026-02-14 21:44:43,947 - AUTO_PILOT - Syncing FROM GitHub (Pull)...
2026-02-14 21:44:43,949 - AUTO_PILOT - Git Pull Failed: [Errno 2] No such file or directory: 'git'
2026-02-14 21:45:44,019 - AUTO_PILOT - Syncing FROM GitHub (Pull)...
2026-02-14 21:45:44,027 - AUTO_PILOT - Git Pull Failed: [Errno 2] No such file or directory: 'git'
2026-02-14 21:46:44,109 - AUTO_PILOT - Syncing FROM GitHub (Pull)...
2026-02-14 21:46:44,115 - AUTO_PILOT - Git Pull Failed: [Errno 2] No such file or directory: 'git'
2026-02-14 21:47:44,195 - AUTO_PILOT - Syncing FROM GitHub (Pull)...
2026-02-14 21:47:44,202 - AUTO_PILOT - Git Pull Failed: [Errno 2] No such file or directory: 'git'
2026-02-14 21:48:44,269 - AUTO_PILOT - Syncing FROM GitHub (Pull)...
2026-02-14 21:48:44,276 - AUTO_PILOT - Git Pull Failed: [Errno 2] No such file or directory: 'git'
2026-02-14 21:49:44,361 - AUTO_PILOT - Syncing FROM GitHub (Pull)...
2026-02-14 21:49:44,369 - AUTO_PILOT - Git Pull Failed: [Errno 2] No such file or directory: 'git'
2026-02-14 21:50:44,448 - AUTO_PILOT - Syncing FROM GitHub (Pull)...
2026-02-14 21:50:44,452 - AUTO_PILOT - Git Pull Failed: [Errno 2] No such file or directory: 'git'
2026-02-14 21:51:44,513 - AUTO_PILOT - Syncing FROM GitHub (Pull)...
2026-02-14 21:51:44,522 - AUTO_PILOT - Git Pull Failed: [Errno 2] No such file or directory: 'git'
2026-02-14 21:52:44,597 - AUTO_PILOT - Syncing FROM GitHub (Pull)...
2026-02-14 21:52:44,602 - AUTO_PILOT - Git Pull Failed: [Errno 2] No such file or directory: 'git'
2026-02-14 21:53:44,683 - AUTO_PILOT - Syncing FROM GitHub (Pull)...
2026-02-14 21:53:44,685 - AUTO_PILOT - Git Pull Failed: [Errno 2] No such file or directory: 'git'
2026-02-14 21:54:44,742 - AUTO_PILOT - Syncing FROM GitHub (Pull)...
2026-02-14 21:54:44,750 - AUTO_PILOT - Git Pull Failed: [Errno 2] No such file or directory: 'git'
2026-02-14 21:55:44,833 - AUTO_PILOT - Syncing FROM GitHub (Pull)...
2026-02-14 21:55:44,840 - AUTO_PILOT - Git Pull Failed: [Errno 2] No such file or directory: 'git'
2026-02-14 21:56:44,911 - AUTO_PILOT - Syncing FROM GitHub (Pull)...
2026-02-14 21:56:44,918 - AUTO_PILOT - Git Pull Failed: [Errno 2] No such file or directory: 'git'
2026-02-14 21:57:45,002 - AUTO_PILOT - Syncing FROM GitHub (Pull)...
2026-02-14 21:57:45,008 - AUTO_PILOT - Git Pull Failed: [Errno 2] No such file or directory: 'git'
2026-02-14 21:58:45,088 - AUTO_PILOT - Syncing FROM GitHub (Pull)...
2026-02-14 21:58:45,096 - AUTO_PILOT - Git Pull Failed: [Errno 2] No such file or directory: 'git'
2026-02-14 21:59:45,127 - AUTO_PILOT - Syncing FROM GitHub (Pull)...
2026-02-14 21:59:45,135 - AUTO_PILOT - Git Pull Failed: [Errno 2] No such file or directory: 'git'
2026-02-14 22:00:45,215 - AUTO_PILOT - Syncing FROM GitHub (Pull)...
2026-02-14 22:00:45,222 - AUTO_PILOT - Git Pull Failed: [Errno 2] No such file or directory: 'git'
2026-02-14 22:01:45,304 - AUTO_PILOT - Syncing FROM GitHub (Pull)...
2026-02-14 22:01:45,310 - AUTO_PILOT - Git Pull Failed: [Errno 2] No such file or directory: 'git'
2026-02-14 22:02:45,391 - AUTO_PILOT - Syncing FROM GitHub (Pull)...
2026-02-14 22:02:45,396 - AUTO_PILOT - Git Pull Failed: [Errno 2] No such file or directory: 'git'
2026-02-14 22:03:45,479 - AUTO_PILOT - Syncing FROM GitHub (Pull)...
2026-02-14 22:03:45,485 - AUTO_PILOT - Git Pull Failed: [Errno 2] No such file or directory: 'git'
2026-02-14 22:04:45,570 - AUTO_PILOT - Syncing FROM GitHub (Pull)...
2026-02-14 22:04:45,579 - AUTO_PILOT - Git Pull Failed: [Errno 2] No such file or directory: 'git'
2026-02-14 22:05:45,649 - AUTO_PILOT - Syncing FROM GitHub (Pull)...
2026-02-14 22:05:45,658 - AUTO_PILOT - Git Pull Failed: [Errno 2] No such file or directory: 'git'
2026-02-14 22:06:45,738 - AUTO_PILOT - Syncing FROM GitHub (Pull)...
2026-02-14 22:06:45,745 - AUTO_PILOT - Git Pull Failed: [Errno 2] No such file or directory: 'git'
2026-02-14 22:07:45,828 - AUTO_PILOT - Syncing FROM GitHub (Pull)...
2026-02-14 22:07:45,836 - AUTO_PILOT - Git Pull Failed: [Errno 2] No such file or directory: 'git'
2026-02-14 22:08:45,927 - AUTO_PILOT - Syncing FROM GitHub (Pull)...
2026-02-14 22:08:45,930 - AUTO_PILOT - Git Pull Failed: [Errno 2] No such file or directory: 'git'
2026-02-14 22:09:45,992 - AUTO_PILOT - Syncing FROM GitHub (Pull)...
2026-02-14 22:09:45,995 - AUTO_PILOT - Git Pull Failed: [Errno 2] No such file or directory: 'git'
2026-02-14 22:10:46,057 - AUTO_PILOT - Syncing FROM GitHub (Pull)...
2026-02-14 22:10:46,059 - AUTO_PILOT - Git Pull Failed: [Errno 2] No such file or directory: 'git'
2026-02-14 22:11:46,119 - AUTO_PILOT - Syncing FROM GitHub (Pull)...
2026-02-14 22:11:46,122 - AUTO_PILOT - Git Pull Failed: [Errno 2] No such file or directory: 'git'
2026-02-14 22:12:46,185 - AUTO_PILOT - Syncing FROM GitHub (Pull)...
2026-02-14 22:12:46,188 - AUTO_PILOT - Git Pull Failed: [Errno 2] No such file or directory: 'git'
2026-02-14 22:13:46,199 - AUTO_PILOT - Syncing FROM GitHub (Pull)...
2026-02-14 22:13:46,201 - AUTO_PILOT - Git Pull Failed: [Errno 2] No such file or directory: 'git'
2026-02-14 22:14:46,255 - AUTO_PILOT - Syncing FROM GitHub (Pull)...
2026-02-14 22:14:46,257 - AUTO_PILOT - Git Pull Failed: [Errno 2] No such file or directory: 'git'
2026-02-14 22:15:46,314 - AUTO_PILOT - Syncing FROM GitHub (Pull)...
2026-02-14 22:15:46,317 - AUTO_PILOT - Git Pull Failed: [Errno 2] No such file or directory: 'git'
2026-02-14 22:16:46,376 - AUTO_PILOT - Syncing FROM GitHub (Pull)...
2026-02-14 22:16:46,379 - AUTO_PILOT - Git Pull Failed: [Errno 2] No such file or directory: 'git'
2026-02-14 22:17:46,430 - AUTO_PILOT - Syncing FROM GitHub (Pull)...
2026-02-14 22:17:46,433 - AUTO_PILOT - Git Pull Failed: [Errno 2] No such file or directory: 'git'
2026-02-14 22:18:46,488 - AUTO_PILOT - Syncing FROM GitHub (Pull)...
2026-02-14 22:18:46,490 - AUTO_PILOT - Git Pull Failed: [Errno 2] No such file or directory: 'git'
2026-02-14 22:19:46,539 - AUTO_PILOT - Syncing FROM GitHub (Pull)...
2026-02-14 22:19:46,542 - AUTO_PILOT - Git Pull Failed: [Errno 2] No such file or directory: 'git'
2026-02-14 22:20:46,592 - AUTO_PILOT - Syncing FROM GitHub (Pull)...
2026-02-14 22:20:46,594 - AUTO_PILOT - Git Pull Failed: [Errno 2] No such file or directory: 'git'
2026-02-14 22:21:46,646 - AUTO_PILOT - Syncing FROM GitHub (Pull)...
2026-02-14 22:21:46,652 - AUTO_PILOT - Git Pull Failed: [Errno 2] No such file or directory: 'git'
2026-02-14 22:22:46,708 - AUTO_PILOT - Syncing FROM GitHub (Pull)...
2026-02-14 22:22:46,715 - AUTO_PILOT - Git Pull Failed: [Errno 2] No such file or directory: 'git'
2026-02-14 22:23:46,792 - AUTO_PILOT - Syncing FROM GitHub (Pull)...
2026-02-14 22:23:46,800 - AUTO_PILOT - Git Pull Failed: [Errno 2] No such file or directory: 'git'
2026-02-14 22:24:46,866 - AUTO_PILOT - Syncing FROM GitHub (Pull)...
2026-02-14 22:24:46,874 - AUTO_PILOT - Git Pull Failed: [Errno 2] No such file or directory: 'git'
2026-02-14 22:25:46,953 - AUTO_PILOT - Syncing FROM GitHub (Pull)...
2026-02-14 22:25:46,962 - AUTO_PILOT - Git Pull Failed: [Errno 2] No such file or directory: 'git'
2026-02-14 22:26:47,021 - AUTO_PILOT - Syncing FROM GitHub (Pull)...
2026-02-14 22:26:47,027 - AUTO_PILOT - Git Pull Failed: [Errno 2] No such file or directory: 'git'
2026-02-14 22:27:47,106 - AUTO_PILOT - Syncing FROM GitHub (Pull)...
2026-02-14 22:27:47,112 - AUTO_PILOT - Git Pull Failed: [Errno 2] No such file or directory: 'git'
2026-02-14 22:28:47,184 - AUTO_PILOT - Syncing FROM GitHub (Pull)...
2026-02-14 22:28:47,189 - AUTO_PILOT - Git Pull Failed: [Errno 2] No such file or directory: 'git'
2026-02-14 22:29:47,238 - AUTO_PILOT - Syncing FROM GitHub (Pull)...
2026-02-14 22:29:47,244 - AUTO_PILOT - Git Pull Failed: [Errno 2] No such file or directory: 'git'
2026-02-14 22:30:47,287 - AUTO_PILOT - Syncing FROM GitHub (Pull)...
2026-02-14 22:30:47,293 - AUTO_PILOT - Git Pull Failed: [Errno 2] No such file or directory: 'git'
2026-02-14 22:31:47,330 - AUTO_PILOT - Syncing FROM GitHub (Pull)...
2026-02-14 22:31:47,336 - AUTO_PILOT - Git Pull Failed: [Errno 2] No such file or directory: 'git'
2026-02-14 22:32:47,386 - AUTO_PILOT - Syncing FROM GitHub (Pull)...
2026-02-14 22:32:47,392 - AUTO_PILOT - Git Pull Failed: [Errno 2] No such file or directory: 'git'
2026-02-14 22:33:47,455 - AUTO_PILOT - Syncing FROM GitHub (Pull)...
2026-02-14 22:33:47,456 - AUTO_PILOT - Git Pull Failed: [Errno 2] No such file or directory: 'git'
2026-02-14 22:34:47,509 - AUTO_PILOT - Syncing FROM GitHub (Pull)...
2026-02-14 22:34:47,517 - AUTO_PILOT - Git Pull Failed: [Errno 2] No such file or directory: 'git'
2026-02-14 22:35:47,596 - AUTO_PILOT - Syncing FROM GitHub (Pull)...
2026-02-14 22:35:47,604 - AUTO_PILOT - Git Pull Failed: [Errno 2] No such file or directory: 'git'
2026-02-14 22:36:47,642 - AUTO_PILOT - Syncing FROM GitHub (Pull)...
2026-02-14 22:36:47,649 - AUTO_PILOT - Git Pull Failed: [Errno 2] No such file or directory: 'git'
2026-02-14 22:37:47,729 - AUTO_PILOT - Syncing FROM GitHub (Pull)...
2026-02-14 22:37:47,737 - AUTO_PILOT - Git Pull Failed: [Errno 2] No such file or directory: 'git'
2026-02-14 22:38:47,811 - AUTO_PILOT - Syncing FROM GitHub (Pull)...
2026-02-14 22:38:47,817 - AUTO_PILOT - Git Pull Failed: [Errno 2] No such file or directory: 'git'
2026-02-14 22:39:47,898 - AUTO_PILOT - Syncing FROM GitHub (Pull)...
2026-02-14 22:39:47,900 - AUTO_PILOT - Git Pull Failed: [Errno 2] No such file or directory: 'git'
2026-02-14 22:40:47,934 - AUTO_PILOT - Syncing FROM GitHub (Pull)...
2026-02-14 22:40:47,940 - AUTO_PILOT - Git Pull Failed: [Errno 2] No such file or directory: 'git'
2026-02-14 22:41:48,027 - AUTO_PILOT - Syncing FROM GitHub (Pull)...
2026-02-14 22:41:48,033 - AUTO_PILOT - Git Pull Failed: [Errno 2] No such file or directory: 'git'
2026-02-14 22:42:48,116 - AUTO_PILOT - Syncing FROM GitHub (Pull)...
2026-02-14 22:42:48,120 - AUTO_PILOT - Git Pull Failed: [Errno 2] No such file or directory: 'git'
2026-02-14 22:43:48,145 - AUTO_PILOT - Syncing FROM GitHub (Pull)...
2026-02-14 22:43:48,150 - AUTO_PILOT - Git Pull Failed: [Errno 2] No such file or directory: 'git'
2026-02-14 22:44:48,224 - AUTO_PILOT - Syncing FROM GitHub (Pull)...
2026-02-14 22:44:48,230 - AUTO_PILOT - Git Pull Failed: [Errno 2] No such file or directory: 'git'
2026-02-14 22:45:48,314 - AUTO_PILOT - Syncing FROM GitHub (Pull)...
2026-02-14 22:45:48,321 - AUTO_PILOT - Git Pull Failed: [Errno 2] No such file or directory: 'git'
2026-02-14 22:46:48,378 - AUTO_PILOT - Syncing FROM GitHub (Pull)...
2026-02-14 22:46:48,383 - AUTO_PILOT - Git Pull Failed: [Errno 2] No such file or directory: 'git'
2026-02-14 22:47:48,464 - AUTO_PILOT - Syncing FROM GitHub (Pull)...
2026-02-14 22:47:48,469 - AUTO_PILOT - Git Pull Failed: [Errno 2] No such file or directory: 'git'
2026-02-14 22:48:48,543 - AUTO_PILOT - Syncing FROM GitHub (Pull)...
2026-02-14 22:48:48,548 - AUTO_PILOT - Git Pull Failed: [Errno 2] No such file or directory: 'git'
2026-02-14 22:49:48,634 - AUTO_PILOT - Syncing FROM GitHub (Pull)...
2026-02-14 22:49:48,642 - AUTO_PILOT - Git Pull Failed: [Errno 2] No such file or directory: 'git'
2026-02-14 22:50:48,702 - AUTO_PILOT - Syncing FROM GitHub (Pull)...
2026-02-14 22:50:48,709 - AUTO_PILOT - Git Pull Failed: [Errno 2] No such file or directory: 'git'
2026-02-14 22:51:48,790 - AUTO_PILOT - Syncing FROM GitHub (Pull)...
2026-02-14 22:51:48,795 - AUTO_PILOT - Git Pull Failed: [Errno 2] No such file or directory: 'git'
2026-02-14 22:52:48,829 - AUTO_PILOT - Syncing FROM GitHub (Pull)...
2026-02-14 22:52:48,833 - AUTO_PILOT - Git Pull Failed: [Errno 2] No such file or directory: 'git'
2026-02-14 22:53:48,899 - AUTO_PILOT - Syncing FROM GitHub (Pull)...
2026-02-14 22:53:48,906 - AUTO_PILOT - Git Pull Failed: [Errno 2] No such file or directory: 'git'
2026-02-14 22:54:48,979 - AUTO_PILOT - Syncing FROM GitHub (Pull)...
2026-02-14 22:54:48,986 - AUTO_PILOT - Git Pull Failed: [Errno 2] No such file or directory: 'git'
2026-02-14 22:55:49,071 - AUTO_PILOT - Syncing FROM GitHub (Pull)...
2026-02-14 22:55:49,079 - AUTO_PILOT - Git Pull Failed: [Errno 2] No such file or directory: 'git'
2026-02-14 22:56:49,118 - AUTO_PILOT - Syncing FROM GitHub (Pull)...
2026-02-14 22:56:49,123 - AUTO_PILOT - Git Pull Failed: [Errno 2] No such file or directory: 'git'
2026-02-14 22:57:49,212 - AUTO_PILOT - Syncing FROM GitHub (Pull)...
2026-02-14 22:57:49,218 - AUTO_PILOT - Git Pull Failed: [Errno 2] No such file or directory: 'git'
2026-02-14 22:58:49,282 - AUTO_PILOT - Syncing FROM GitHub (Pull)...
2026-02-14 22:58:49,290 - AUTO_PILOT - Git Pull Failed: [Errno 2] No such file or directory: 'git'
2026-02-14 22:59:49,366 - AUTO_PILOT - Syncing FROM GitHub (Pull)...
2026-02-14 22:59:49,374 - AUTO_PILOT - Git Pull Failed: [Errno 2] No such file or directory: 'git'
2026-02-14 23:00:49,428 - AUTO_PILOT - Syncing FROM GitHub (Pull)...
2026-02-14 23:00:49,433 - AUTO_PILOT - Git Pull Failed: [Errno 2] No such file or directory: 'git'
2026-02-14 23:01:49,486 - AUTO_PILOT - Syncing FROM GitHub (Pull)...
2026-02-14 23:01:49,493 - AUTO_PILOT - Git Pull Failed: [Errno 2] No such file or directory: 'git'
2026-02-14 23:02:49,563 - AUTO_PILOT - Syncing FROM GitHub (Pull)...
2026-02-14 23:02:49,570 - AUTO_PILOT - Git Pull Failed: [Errno 2] No such file or directory: 'git'
2026-02-14 23:03:49,633 - AUTO_PILOT - Syncing FROM GitHub (Pull)...
2026-02-14 23:03:49,643 - AUTO_PILOT - Git Pull Failed: [Errno 2] No such file or directory: 'git'
2026-02-14 23:04:49,713 - AUTO_PILOT - Syncing FROM GitHub (Pull)...
2026-02-14 23:04:49,738 - AUTO_PILOT - Git Pull Failed: [Errno 2] No such file or directory: 'git'
2026-02-14 23:05:49,801 - AUTO_PILOT - Syncing FROM GitHub (Pull)...
2026-02-14 23:05:49,807 - AUTO_PILOT - Git Pull Failed: [Errno 2] No such file or directory: 'git'
2026-02-14 23:06:49,878 - AUTO_PILOT - Syncing FROM GitHub (Pull)...
2026-02-14 23:06:49,885 - AUTO_PILOT - Git Pull Failed: [Errno 2] No such file or directory: 'git'
2026-02-14 23:07:49,964 - AUTO_PILOT - Syncing FROM GitHub (Pull)...
2026-02-14 23:07:49,968 - AUTO_PILOT - Git Pull Failed: [Errno 2] No such file or directory: 'git'
2026-02-14 23:08:50,028 - AUTO_PILOT - Syncing FROM GitHub (Pull)...
2026-02-14 23:08:50,035 - AUTO_PILOT - Git Pull Failed: [Errno 2] No such file or directory: 'git'
2026-02-14 23:09:50,116 - AUTO_PILOT - Syncing FROM GitHub (Pull)...
2026-02-14 23:09:50,122 - AUTO_PILOT - Git Pull Failed: [Errno 2] No such file or directory: 'git'
2026-02-14 23:10:50,192 - AUTO_PILOT - Syncing FROM GitHub (Pull)...
2026-02-14 23:10:50,197 - AUTO_PILOT - Git Pull Failed: [Errno 2] No such file or directory: 'git'
2026-02-14 23:11:50,267 - AUTO_PILOT - Syncing FROM GitHub (Pull)...
2026-02-14 23:11:50,275 - AUTO_PILOT - Git Pull Failed: [Errno 2] No such file or directory: 'git'
2026-02-14 23:12:50,299 - AUTO_PILOT - Syncing FROM GitHub (Pull)...
2026-02-14 23:12:50,306 - AUTO_PILOT - Git Pull Failed: [Errno 2] No such file or directory: 'git'
2026-02-14 23:13:50,380 - AUTO_PILOT - Syncing FROM GitHub (Pull)...
2026-02-14 23:13:50,382 - AUTO_PILOT - Git Pull Failed: [Errno 2] No such file or directory: 'git'
2026-02-14 23:14:50,443 - AUTO_PILOT - Syncing FROM GitHub (Pull)...
2026-02-14 23:14:50,447 - AUTO_PILOT - Git Pull Failed: [Errno 2] No such file or directory: 'git'
2026-02-14 23:15:50,515 - AUTO_PILOT - Syncing FROM GitHub (Pull)...
2026-02-14 23:15:50,521 - AUTO_PILOT - Git Pull Failed: [Errno 2] No such file or directory: 'git'
2026-02-14 23:16:50,608 - AUTO_PILOT - Syncing FROM GitHub (Pull)...
2026-02-14 23:16:50,615 - AUTO_PILOT - Git Pull Failed: [Errno 2] No such file or directory: 'git'
2026-02-14 23:17:50,690 - AUTO_PILOT - Syncing FROM GitHub (Pull)...
2026-02-14 23:17:50,694 - AUTO_PILOT - Git Pull Failed: [Errno 2] No such file or directory: 'git'
2026-02-14 23:18:50,757 - AUTO_PILOT - Syncing FROM GitHub (Pull)...
2026-02-14 23:18:50,763 - AUTO_PILOT - Git Pull Failed: [Errno 2] No such file or directory: 'git'
2026-02-14 23:19:50,798 - AUTO_PILOT - Syncing FROM GitHub (Pull)...
2026-02-14 23:19:50,803 - AUTO_PILOT - Git Pull Failed: [Errno 2] No such file or directory: 'git'
2026-02-14 23:20:50,874 - AUTO_PILOT - Syncing FROM GitHub (Pull)...
2026-02-14 23:20:50,879 - AUTO_PILOT - Git Pull Failed: [Errno 2] No such file or directory: 'git'
2026-02-14 23:21:50,960 - AUTO_PILOT - Syncing FROM GitHub (Pull)...
2026-02-14 23:21:50,965 - AUTO_PILOT - Git Pull Failed: [Errno 2] No such file or directory: 'git'
2026-02-14 23:22:51,033 - AUTO_PILOT - Syncing FROM GitHub (Pull)...
2026-02-14 23:22:51,040 - AUTO_PILOT - Git Pull Failed: [Errno 2] No such file or directory: 'git'
2026-02-14 23:23:51,099 - AUTO_PILOT - Syncing FROM GitHub (Pull)...
2026-02-14 23:23:51,104 - AUTO_PILOT - Git Pull Failed: [Errno 2] No such file or directory: 'git'
2026-02-14 23:24:51,170 - AUTO_PILOT - Syncing FROM GitHub (Pull)...
2026-02-14 23:24:51,172 - AUTO_PILOT - Git Pull Failed: [Errno 2] No such file or directory: 'git'
2026-02-14 23:25:51,230 - AUTO_PILOT - Syncing FROM GitHub (Pull)...
2026-02-14 23:25:51,239 - AUTO_PILOT - Git Pull Failed: [Errno 2] No such file or directory: 'git'
2026-02-14 23:26:51,260 - AUTO_PILOT - Syncing FROM GitHub (Pull)...
2026-02-14 23:26:51,266 - AUTO_PILOT - Git Pull Failed: [Errno 2] No such file or directory: 'git'
2026-02-14 23:27:51,319 - AUTO_PILOT - Syncing FROM GitHub (Pull)...
2026-02-14 23:27:51,326 - AUTO_PILOT - Git Pull Failed: [Errno 2] No such file or directory: 'git'
2026-02-14 23:28:51,359 - AUTO_PILOT - Syncing FROM GitHub (Pull)...
2026-02-14 23:28:51,363 - AUTO_PILOT - Git Pull Failed: [Errno 2] No such file or directory: 'git'
2026-02-14 23:29:51,453 - AUTO_PILOT - Syncing FROM GitHub (Pull)...
2026-02-14 23:29:51,459 - AUTO_PILOT - Git Pull Failed: [Errno 2] No such file or directory: 'git'
2026-02-14 23:30:51,535 - AUTO_PILOT - Syncing FROM GitHub (Pull)...
2026-02-14 23:30:51,541 - AUTO_PILOT - Git Pull Failed: [Errno 2] No such file or directory: 'git'
2026-02-14 23:31:51,623 - AUTO_PILOT - Syncing FROM GitHub (Pull)...
2026-02-14 23:31:51,626 - AUTO_PILOT - Git Pull Failed: [Errno 2] No such file or directory: 'git'
2026-02-14 23:32:51,681 - AUTO_PILOT - Syncing FROM GitHub (Pull)...
2026-02-14 23:32:51,687 - AUTO_PILOT - Git Pull Failed: [Errno 2] No such file or directory: 'git'
2026-02-14 23:33:51,746 - AUTO_PILOT - Syncing FROM GitHub (Pull)...
2026-02-14 23:33:51,751 - AUTO_PILOT - Git Pull Failed: [Errno 2] No such file or directory: 'git'
2026-02-14 23:34:51,821 - AUTO_PILOT - Syncing FROM GitHub (Pull)...
2026-02-14 23:34:51,827 - AUTO_PILOT - Git Pull Failed: [Errno 2] No such file or directory: 'git'
2026-02-14 23:35:51,907 - AUTO_PILOT - Syncing FROM GitHub (Pull)...
2026-02-14 23:35:51,910 - AUTO_PILOT - Git Pull Failed: [Errno 2] No such file or directory: 'git'
2026-02-14 23:36:51,967 - AUTO_PILOT - Syncing FROM GitHub (Pull)...
2026-02-14 23:36:51,972 - AUTO_PILOT - Git Pull Failed: [Errno 2] No such file or directory: 'git'
2026-02-14 23:37:52,021 - AUTO_PILOT - Syncing FROM GitHub (Pull)...
2026-02-14 23:37:52,024 - AUTO_PILOT - Git Pull Failed: [Errno 2] No such file or directory: 'git'
2026-02-14 23:38:52,080 - AUTO_PILOT - Syncing FROM GitHub (Pull)...
2026-02-14 23:38:52,085 - AUTO_PILOT - Git Pull Failed: [Errno 2] No such file or directory: 'git'
2026-02-14 23:39:52,166 - AUTO_PILOT - Syncing FROM GitHub (Pull)...
2026-02-14 23:39:52,172 - AUTO_PILOT - Git Pull Failed: [Errno 2] No such file or directory: 'git'
2026-02-14 23:40:52,264 - AUTO_PILOT - Syncing FROM GitHub (Pull)...
2026-02-14 23:40:52,269 - AUTO_PILOT - Git Pull Failed: [Errno 2] No such file or directory: 'git'
2026-02-14 23:41:52,351 - AUTO_PILOT - Syncing FROM GitHub (Pull)...
2026-02-14 23:41:52,361 - AUTO_PILOT - Git Pull Failed: [Errno 2] No such file or directory: 'git'
2026-02-14 23:42:52,446 - AUTO_PILOT - Syncing FROM GitHub (Pull)...
2026-02-14 23:42:52,450 - AUTO_PILOT - Git Pull Failed: [Errno 2] No such file or directory: 'git'
2026-02-14 23:43:52,518 - AUTO_PILOT - Syncing FROM GitHub (Pull)...
2026-02-14 23:43:52,526 - AUTO_PILOT - Git Pull Failed: [Errno 2] No such file or directory: 'git'
2026-02-14 23:44:52,603 - AUTO_PILOT - Syncing FROM GitHub (Pull)...
2026-02-14 23:44:52,609 - AUTO_PILOT - Git Pull Failed: [Errno 2] No such file or directory: 'git'
2026-02-14 23:45:52,692 - AUTO_PILOT - Syncing FROM GitHub (Pull)...
2026-02-14 23:45:52,707 - AUTO_PILOT - Git Pull Failed: [Errno 2] No such file or directory: 'git'
2026-02-14 23:46:52,792 - AUTO_PILOT - Syncing FROM GitHub (Pull)...
2026-02-14 23:46:52,799 - AUTO_PILOT - Git Pull Failed: [Errno 2] No such file or directory: 'git'
2026-02-14 23:47:52,888 - AUTO_PILOT - Syncing FROM GitHub (Pull)...
2026-02-14 23:47:52,894 - AUTO_PILOT - Git Pull Failed: [Errno 2] No such file or directory: 'git'
2026-02-14 23:48:52,972 - AUTO_PILOT - Syncing FROM GitHub (Pull)...
2026-02-14 23:48:52,980 - AUTO_PILOT - Git Pull Failed: [Errno 2] No such file or directory: 'git'
2026-02-14 23:49:53,051 - AUTO_PILOT - Syncing FROM GitHub (Pull)...
2026-02-14 23:49:53,059 - AUTO_PILOT - Git Pull Failed: [Errno 2] No such file or directory: 'git'
2026-02-14 23:50:53,151 - AUTO_PILOT - Syncing FROM GitHub (Pull)...
2026-02-14 23:50:53,157 - AUTO_PILOT - Git Pull Failed: [Errno 2] No such file or directory: 'git'
2026-02-14 23:51:53,244 - AUTO_PILOT - Syncing FROM GitHub (Pull)...
2026-02-14 23:51:53,247 - AUTO_PILOT - Git Pull Failed: [Errno 2] No such file or directory: 'git'
2026-02-14 23:52:53,313 - AUTO_PILOT - Syncing FROM GitHub (Pull)...
2026-02-14 23:52:53,317 - AUTO_PILOT - Git Pull Failed: [Errno 2] No such file or directory: 'git'
2026-02-14 23:53:53,384 - AUTO_PILOT - Syncing FROM GitHub (Pull)...
2026-02-14 23:53:53,391 - AUTO_PILOT - Git Pull Failed: [Errno 2] No such file or directory: 'git'
2026-02-14 23:54:53,479 - AUTO_PILOT - Syncing FROM GitHub (Pull)...
2026-02-14 23:54:53,485 - AUTO_PILOT - Git Pull Failed: [Errno 2] No such file or directory: 'git'
2026-02-14 23:55:53,559 - AUTO_PILOT - Syncing FROM GitHub (Pull)...
2026-02-14 23:55:53,565 - AUTO_PILOT - Git Pull Failed: [Errno 2] No such file or directory: 'git'
2026-02-14 23:56:53,604 - AUTO_PILOT - Syncing FROM GitHub (Pull)...
2026-02-14 23:56:53,613 - AUTO_PILOT - Git Pull Failed: [Errno 2] No such file or directory: 'git'
2026-02-14 23:57:53,694 - AUTO_PILOT - Syncing FROM GitHub (Pull)...
2026-02-14 23:57:53,698 - AUTO_PILOT - Git Pull Failed: [Errno 2] No such file or directory: 'git'
2026-02-14 23:58:53,698 - AUTO_PILOT - Syncing FROM GitHub (Pull)...
2026-02-14 23:58:53,704 - AUTO_PILOT - Git Pull Failed: [Errno 2] No such file or directory: 'git'
2026-02-14 23:59:53,794 - AUTO_PILOT - Syncing FROM GitHub (Pull)...
2026-02-14 23:59:53,798 - AUTO_PILOT - Git Pull Failed: [Errno 2] No such file or directory: 'git'
2026-02-15 00:00:53,865 - AUTO_PILOT - Syncing FROM GitHub (Pull)...
2026-02-15 00:00:53,867 - AUTO_PILOT - Git Pull Failed: [Errno 2] No such file or directory: 'git'
2026-02-15 00:00:53,869 - AUTO_PILOT - Midnight Triggered! Starting new day...
2026-02-15 00:00:53,891 - AUTO_PILOT - State reset for 2026-02-15. Pipeline should pick this up shortly.
2026-02-15 00:00:53,908 - AUTO_PILOT - Triggering FETCH...
2026-02-15 00:00:53,910 - AUTO_PILOT - Starting process: ['/usr/local/bin/python', '/app/stock_ticker/main.py', '--fetch-only']
2026-02-15 00:02:53,980 - AUTO_PILOT - Syncing FROM GitHub (Pull)...
2026-02-15 00:02:53,988 - AUTO_PILOT - Git Pull Failed: [Errno 2] No such file or directory: 'git'
2026-02-15 00:02:54,032 - AUTO_PILOT - Triggering MODEL...
2026-02-15 00:02:54,035 - AUTO_PILOT - Starting process: ['/usr/local/bin/python', '/app/stock_ticker/main.py', '--analyze-only']
2026-02-15 00:04:54,133 - AUTO_PILOT - Syncing FROM GitHub (Pull)...
2026-02-15 00:04:54,139 - AUTO_PILOT - Git Pull Failed: [Errno 2] No such file or directory: 'git'
2026-02-15 00:04:54,175 - AUTO_PILOT - Triggering BIG BETS...
2026-02-15 00:04:54,177 - AUTO_PILOT - Starting Big Bets Analysis...
2026-02-15 00:04:54,733 - AUTO_PILOT - Big Bets Results Saved to /app/stock_ticker/data/big_bets_results.csv
2026-02-15 00:04:54,741 - AUTO_PILOT - Git Auto-Sync failed: [Errno 2] No such file or directory: 'git'
2026-02-15 00:04:54,771 - AUTO_PILOT - Pushed All Data results to GitHub.
2026-02-15 00:06:54,846 - AUTO_PILOT - Syncing FROM GitHub (Pull)...
2026-02-15 00:06:54,855 - AUTO_PILOT - Git Pull Failed: [Errno 2] No such file or directory: 'git'
2026-02-15 00:07:54,935 - AUTO_PILOT - Syncing FROM GitHub (Pull)...
2026-02-15 00:07:54,940 - AUTO_PILOT - Git Pull Failed: [Errno 2] No such file or directory: 'git'
2026-02-15 00:08:54,992 - AUTO_PILOT - Syncing FROM GitHub (Pull)...
2026-02-15 00:08:55,001 - AUTO_PILOT - Git Pull Failed: [Errno 2] No such file or directory: 'git'
2026-02-15 00:09:55,090 - AUTO_PILOT - Syncing FROM GitHub (Pull)...
2026-02-15 00:09:55,097 - AUTO_PILOT - Git Pull Failed: [Errno 2] No such file or directory: 'git'
2026-02-15 00:10:55,185 - AUTO_PILOT - Syncing FROM GitHub (Pull)...
2026-02-15 00:10:55,201 - AUTO_PILOT - Git Pull Failed: [Errno 2] No such file or directory: 'git'
2026-02-15 00:11:55,295 - AUTO_PILOT - Syncing FROM GitHub (Pull)...
2026-02-15 00:11:55,301 - AUTO_PILOT - Git Pull Failed: [Errno 2] No such file or directory: 'git'
2026-02-15 00:12:55,383 - AUTO_PILOT - Syncing FROM GitHub (Pull)...
2026-02-15 00:12:55,386 - AUTO_PILOT - Git Pull Failed: [Errno 2] No such file or directory: 'git'
2026-02-15 00:13:55,452 - AUTO_PILOT - Syncing FROM GitHub (Pull)...
2026-02-15 00:13:55,461 - AUTO_PILOT - Git Pull Failed: [Errno 2] No such file or directory: 'git'
2026-02-15 00:14:55,549 - AUTO_PILOT - Syncing FROM GitHub (Pull)...
2026-02-15 00:14:55,554 - AUTO_PILOT - Git Pull Failed: [Errno 2] No such file or directory: 'git'
2026-02-15 00:15:55,610 - AUTO_PILOT - Syncing FROM GitHub (Pull)...
2026-02-15 00:15:55,616 - AUTO_PILOT - Git Pull Failed: [Errno 2] No such file or directory: 'git'
2026-02-15 00:16:55,706 - AUTO_PILOT - Syncing FROM GitHub (Pull)...
2026-02-15 00:16:55,711 - AUTO_PILOT - Git Pull Failed: [Errno 2] No such file or directory: 'git'
2026-02-15 00:17:55,799 - AUTO_PILOT - Syncing FROM GitHub (Pull)...
2026-02-15 00:17:55,807 - AUTO_PILOT - Git Pull Failed: [Errno 2] No such file or directory: 'git'
2026-02-15 00:18:55,894 - AUTO_PILOT - Syncing FROM GitHub (Pull)...
2026-02-15 00:18:55,900 - AUTO_PILOT - Git Pull Failed: [Errno 2] No such file or directory: 'git'
2026-02-15 00:19:55,947 - AUTO_PILOT - Syncing FROM GitHub (Pull)...
2026-02-15 00:19:55,958 - AUTO_PILOT - Git Pull Failed: [Errno 2] No such file or directory: 'git'
2026-02-15 00:20:56,014 - AUTO_PILOT - Syncing FROM GitHub (Pull)...
2026-02-15 00:20:56,021 - AUTO_PILOT - Git Pull Failed: [Errno 2] No such file or directory: 'git'
2026-02-15 00:21:56,113 - AUTO_PILOT - Syncing FROM GitHub (Pull)...
2026-02-15 00:21:56,118 - AUTO_PILOT - Git Pull Failed: [Errno 2] No such file or directory: 'git'
2026-02-15 00:22:56,205 - AUTO_PILOT - Syncing FROM GitHub (Pull)...
2026-02-15 00:22:56,209 - AUTO_PILOT - Git Pull Failed: [Errno 2] No such file or directory: 'git'
2026-02-15 00:23:56,276 - AUTO_PILOT - Syncing FROM GitHub (Pull)...
2026-02-15 00:23:56,280 - AUTO_PILOT - Git Pull Failed: [Errno 2] No such file or directory: 'git'
2026-02-15 00:24:56,365 - AUTO_PILOT - Syncing FROM GitHub (Pull)...
2026-02-15 00:24:56,370 - AUTO_PILOT - Git Pull Failed: [Errno 2] No such file or directory: 'git'
2026-02-15 17:18:51,045 - AUTO_PILOT - Auto-Pilot Started. Schedule: Daily at 12:00 AM (Midnight).
2026-02-15 17:18:51,050 - AUTO_PILOT - Next run scheduled for: 2026-02-16 00:00:00
2026-02-15 17:18:51,050 - AUTO_PILOT - Syncing FROM GitHub (Pull)...
2026-02-15 17:18:51,053 - AUTO_PILOT - Git Pull Failed: [Errno 2] No such file or directory: 'git'
2026-02-15 17:19:51,120 - AUTO_PILOT - Syncing FROM GitHub (Pull)...
2026-02-15 17:19:51,122 - AUTO_PILOT - Git Pull Failed: [Errno 2] No such file or directory: 'git'
2026-02-15 17:20:51,191 - AUTO_PILOT - Syncing FROM GitHub (Pull)...
2026-02-15 17:20:51,192 - AUTO_PILOT - Git Pull Failed: [Errno 2] No such file or directory: 'git'
2026-02-15 17:21:51,257 - AUTO_PILOT - Syncing FROM GitHub (Pull)...
2026-02-15 17:21:51,259 - AUTO_PILOT - Git Pull Failed: [Errno 2] No such file or directory: 'git'
2026-02-15 17:22:51,329 - AUTO_PILOT - Syncing FROM GitHub (Pull)...
2026-02-15 17:22:51,331 - AUTO_PILOT - Git Pull Failed: [Errno 2] No such file or directory: 'git'
2026-02-15 17:23:51,340 - AUTO_PILOT - Syncing FROM GitHub (Pull)...
2026-02-15 17:23:51,343 - AUTO_PILOT - Git Pull Failed: [Errno 2] No such file or directory: 'git'
2026-02-15 17:24:51,359 - AUTO_PILOT - Syncing FROM GitHub (Pull)...
2026-02-15 17:24:51,362 - AUTO_PILOT - Git Pull Failed: [Errno 2] No such file or directory: 'git'
2026-02-15 17:25:51,427 - AUTO_PILOT - Syncing FROM GitHub (Pull)...
2026-02-15 17:25:51,430 - AUTO_PILOT - Git Pull Failed: [Errno 2] No such file or directory: 'git'
2026-02-15 17:26:51,495 - AUTO_PILOT - Syncing FROM GitHub (Pull)...
2026-02-15 17:26:51,497 - AUTO_PILOT - Git Pull Failed: [Errno 2] No such file or directory: 'git'
2026-02-15 17:27:51,555 - AUTO_PILOT - Syncing FROM GitHub (Pull)...
2026-02-15 17:27:51,558 - AUTO_PILOT - Git Pull Failed: [Errno 2] No such file or directory: 'git'
2026-02-15 17:28:51,576 - AUTO_PILOT - Syncing FROM GitHub (Pull)...
2026-02-15 17:28:51,579 - AUTO_PILOT - Git Pull Failed: [Errno 2] No such file or directory: 'git'
2026-02-15 17:29:51,641 - AUTO_PILOT - Syncing FROM GitHub (Pull)...
2026-02-15 17:29:51,642 - AUTO_PILOT - Git Pull Failed: [Errno 2] No such file or directory: 'git'
2026-02-15 17:30:51,686 - AUTO_PILOT - Syncing FROM GitHub (Pull)...
2026-02-15 17:30:51,688 - AUTO_PILOT - Git Pull Failed: [Errno 2] No such file or directory: 'git'
2026-02-15 17:31:51,747 - AUTO_PILOT - Syncing FROM GitHub (Pull)...
2026-02-15 17:31:51,750 - AUTO_PILOT - Git Pull Failed: [Errno 2] No such file or directory: 'git'
2026-02-15 17:32:51,815 - AUTO_PILOT - Syncing FROM GitHub (Pull)...
2026-02-15 17:32:51,820 - AUTO_PILOT - Git Pull Failed: [Errno 2] No such file or directory: 'git'
2026-02-15 17:33:51,947 - AUTO_PILOT - Syncing FROM GitHub (Pull)...
2026-02-15 17:33:51,950 - AUTO_PILOT - Git Pull Failed: [Errno 2] No such file or directory: 'git'
2026-02-15 17:34:51,996 - AUTO_PILOT - Syncing FROM GitHub (Pull)...
2026-02-15 17:34:51,999 - AUTO_PILOT - Git Pull Failed: [Errno 2] No such file or directory: 'git'
2026-02-15 17:35:52,070 - AUTO_PILOT - Syncing FROM GitHub (Pull)...
2026-02-15 17:35:52,076 - AUTO_PILOT - Git Pull Failed: [Errno 2] No such file or directory: 'git'
2026-02-15 17:36:52,151 - AUTO_PILOT - Syncing FROM GitHub (Pull)...
2026-02-15 17:36:52,153 - AUTO_PILOT - Git Pull Failed: [Errno 2] No such file or directory: 'git'
2026-02-15 17:37:52,209 - AUTO_PILOT - Syncing FROM GitHub (Pull)...
2026-02-15 17:37:52,216 - AUTO_PILOT - Git Pull Failed: [Errno 2] No such file or directory: 'git'
2026-02-15 17:38:52,312 - AUTO_PILOT - Syncing FROM GitHub (Pull)...
2026-02-15 17:38:52,318 - AUTO_PILOT - Git Pull Failed: [Errno 2] No such file or directory: 'git'
2026-02-15 17:39:52,407 - AUTO_PILOT - Syncing FROM GitHub (Pull)...
2026-02-15 17:39:52,413 - AUTO_PILOT - Git Pull Failed: [Errno 2] No such file or directory: 'git'
2026-02-15 17:40:52,505 - AUTO_PILOT - Syncing FROM GitHub (Pull)...
2026-02-15 17:40:52,511 - AUTO_PILOT - Git Pull Failed: [Errno 2] No such file or directory: 'git'
2026-02-15 17:41:52,601 - AUTO_PILOT - Syncing FROM GitHub (Pull)...
2026-02-15 17:41:52,608 - AUTO_PILOT - Git Pull Failed: [Errno 2] No such file or directory: 'git'
2026-02-15 17:42:52,707 - AUTO_PILOT - Syncing FROM GitHub (Pull)...
2026-02-15 17:42:52,712 - AUTO_PILOT - Git Pull Failed: [Errno 2] No such file or directory: 'git'
2026-02-15 17:43:52,787 - AUTO_PILOT - Syncing FROM GitHub (Pull)...
2026-02-15 17:43:52,793 - AUTO_PILOT - Git Pull Failed: [Errno 2] No such file or directory: 'git'
2026-02-15 17:44:52,890 - AUTO_PILOT - Syncing FROM GitHub (Pull)...
2026-02-15 17:44:52,896 - AUTO_PILOT - Git Pull Failed: [Errno 2] No such file or directory: 'git'
2026-02-15 17:45:52,990 - AUTO_PILOT - Syncing FROM GitHub (Pull)...
2026-02-15 17:45:52,996 - AUTO_PILOT - Git Pull Failed: [Errno 2] No such file or directory: 'git'
2026-02-15 17:46:53,086 - AUTO_PILOT - Syncing FROM GitHub (Pull)...
2026-02-15 17:46:53,088 - AUTO_PILOT - Git Pull Failed: [Errno 2] No such file or directory: 'git'
2026-02-15 17:47:53,146 - AUTO_PILOT - Syncing FROM GitHub (Pull)...
2026-02-15 17:47:53,151 - AUTO_PILOT - Git Pull Failed: [Errno 2] No such file or directory: 'git'
2026-02-15 17:48:53,188 - AUTO_PILOT - Syncing FROM GitHub (Pull)...
2026-02-15 17:48:53,190 - AUTO_PILOT - Git Pull Failed: [Errno 2] No such file or directory: 'git'
2026-02-15 17:49:53,255 - AUTO_PILOT - Syncing FROM GitHub (Pull)...
2026-02-15 17:49:53,261 - AUTO_PILOT - Git Pull Failed: [Errno 2] No such file or directory: 'git'
2026-02-15 17:50:53,355 - AUTO_PILOT - Syncing FROM GitHub (Pull)...
2026-02-15 17:50:53,362 - AUTO_PILOT - Git Pull Failed: [Errno 2] No such file or directory: 'git'
2026-02-15 17:51:53,455 - AUTO_PILOT - Syncing FROM GitHub (Pull)...
2026-02-15 17:51:53,461 - AUTO_PILOT - Git Pull Failed: [Errno 2] No such file or directory: 'git'
2026-02-15 17:52:53,550 - AUTO_PILOT - Syncing FROM GitHub (Pull)...
2026-02-15 17:52:53,554 - AUTO_PILOT - Git Pull Failed: [Errno 2] No such file or directory: 'git'
2026-02-15 17:53:53,629 - AUTO_PILOT - Syncing FROM GitHub (Pull)...
2026-02-15 17:53:53,635 - AUTO_PILOT - Git Pull Failed: [Errno 2] No such file or directory: 'git'
2026-02-15 17:54:53,723 - AUTO_PILOT - Syncing FROM GitHub (Pull)...
2026-02-15 17:54:53,729 - AUTO_PILOT - Git Pull Failed: [Errno 2] No such file or directory: 'git'
2026-02-15 17:55:53,803 - AUTO_PILOT - Syncing FROM GitHub (Pull)...
2026-02-15 17:55:53,808 - AUTO_PILOT - Git Pull Failed: [Errno 2] No such file or directory: 'git'
2026-02-15 17:56:53,894 - AUTO_PILOT - Syncing FROM GitHub (Pull)...
2026-02-15 17:56:53,896 - AUTO_PILOT - Git Pull Failed: [Errno 2] No such file or directory: 'git'
2026-02-15 17:57:53,935 - AUTO_PILOT - Syncing FROM GitHub (Pull)...
2026-02-15 17:57:53,940 - AUTO_PILOT - Git Pull Failed: [Errno 2] No such file or directory: 'git'
2026-02-15 17:58:54,029 - AUTO_PILOT - Syncing FROM GitHub (Pull)...
2026-02-15 17:58:54,035 - AUTO_PILOT - Git Pull Failed: [Errno 2] No such file or directory: 'git'
2026-02-15 17:59:54,127 - AUTO_PILOT - Syncing FROM GitHub (Pull)...
2026-02-15 17:59:54,132 - AUTO_PILOT - Git Pull Failed: [Errno 2] No such file or directory: 'git'
2026-02-15 18:00:54,208 - AUTO_PILOT - Syncing FROM GitHub (Pull)...
2026-02-15 18:00:54,213 - AUTO_PILOT - Git Pull Failed: [Errno 2] No such file or directory: 'git'
2026-02-15 18:01:54,297 - AUTO_PILOT - Syncing FROM GitHub (Pull)...
2026-02-15 18:01:54,302 - AUTO_PILOT - Git Pull Failed: [Errno 2] No such file or directory: 'git'
2026-02-15 18:02:54,356 - AUTO_PILOT - Syncing FROM GitHub (Pull)...
2026-02-15 18:02:54,363 - AUTO_PILOT - Git Pull Failed: [Errno 2] No such file or directory: 'git'
2026-02-15 18:03:54,457 - AUTO_PILOT - Syncing FROM GitHub (Pull)...
2026-02-15 18:03:54,461 - AUTO_PILOT - Git Pull Failed: [Errno 2] No such file or directory: 'git'
2026-02-15 18:04:54,533 - AUTO_PILOT - Syncing FROM GitHub (Pull)...
2026-02-15 18:04:54,539 - AUTO_PILOT - Git Pull Failed: [Errno 2] No such file or directory: 'git'
2026-02-15 18:05:54,629 - AUTO_PILOT - Syncing FROM GitHub (Pull)...
2026-02-15 18:05:54,634 - AUTO_PILOT - Git Pull Failed: [Errno 2] No such file or directory: 'git'
2026-02-15 18:06:54,722 - AUTO_PILOT - Syncing FROM GitHub (Pull)...
2026-02-15 18:06:54,728 - AUTO_PILOT - Git Pull Failed: [Errno 2] No such file or directory: 'git'
2026-02-15 18:07:54,821 - AUTO_PILOT - Syncing FROM GitHub (Pull)...
2026-02-15 18:07:54,826 - AUTO_PILOT - Git Pull Failed: [Errno 2] No such file or directory: 'git'
2026-02-15 18:08:54,917 - AUTO_PILOT - Syncing FROM GitHub (Pull)...
2026-02-15 18:08:54,922 - AUTO_PILOT - Git Pull Failed: [Errno 2] No such file or directory: 'git'
2026-02-15 18:09:55,015 - AUTO_PILOT - Syncing FROM GitHub (Pull)...
2026-02-15 18:09:55,020 - AUTO_PILOT - Git Pull Failed: [Errno 2] No such file or directory: 'git'
2026-02-15 18:10:55,110 - AUTO_PILOT - Syncing FROM GitHub (Pull)...
2026-02-15 18:10:55,115 - AUTO_PILOT - Git Pull Failed: [Errno 2] No such file or directory: 'git'
2026-02-15 18:11:55,204 - AUTO_PILOT - Syncing FROM GitHub (Pull)...
2026-02-15 18:11:55,211 - AUTO_PILOT - Git Pull Failed: [Errno 2] No such file or directory: 'git'
2026-02-15 18:12:55,294 - AUTO_PILOT - Syncing FROM GitHub (Pull)...
2026-02-15 18:12:55,300 - AUTO_PILOT - Git Pull Failed: [Errno 2] No such file or directory: 'git'
2026-02-15 18:13:55,383 - AUTO_PILOT - Syncing FROM GitHub (Pull)...
2026-02-15 18:13:55,389 - AUTO_PILOT - Git Pull Failed: [Errno 2] No such file or directory: 'git'
2026-02-15 18:14:55,468 - AUTO_PILOT - Syncing FROM GitHub (Pull)...
2026-02-15 18:14:55,469 - AUTO_PILOT - Git Pull Failed: [Errno 2] No such file or directory: 'git'
2026-02-15 18:15:55,529 - AUTO_PILOT - Syncing FROM GitHub (Pull)...
2026-02-15 18:15:55,531 - AUTO_PILOT - Git Pull Failed: [Errno 2] No such file or directory: 'git'
2026-02-15 18:16:55,591 - AUTO_PILOT - Syncing FROM GitHub (Pull)...
2026-02-15 18:16:55,593 - AUTO_PILOT - Git Pull Failed: [Errno 2] No such file or directory: 'git'
2026-02-15 18:17:55,656 - AUTO_PILOT - Syncing FROM GitHub (Pull)...
2026-02-15 18:17:55,662 - AUTO_PILOT - Git Pull Failed: [Errno 2] No such file or directory: 'git'
2026-02-15 18:18:55,757 - AUTO_PILOT - Syncing FROM GitHub (Pull)...
2026-02-15 18:18:55,764 - AUTO_PILOT - Git Pull Failed: [Errno 2] No such file or directory: 'git'
2026-02-15 18:19:55,836 - AUTO_PILOT - Syncing FROM GitHub (Pull)...
2026-02-15 18:19:55,843 - AUTO_PILOT - Git Pull Failed: [Errno 2] No such file or directory: 'git'
2026-02-15 18:20:55,941 - AUTO_PILOT - Syncing FROM GitHub (Pull)...
2026-02-15 18:20:55,948 - AUTO_PILOT - Git Pull Failed: [Errno 2] No such file or directory: 'git'
2026-02-15 18:21:56,039 - AUTO_PILOT - Syncing FROM GitHub (Pull)...
2026-02-15 18:21:56,042 - AUTO_PILOT - Git Pull Failed: [Errno 2] No such file or directory: 'git'
2026-02-15 18:22:56,118 - AUTO_PILOT - Syncing FROM GitHub (Pull)...
2026-02-15 18:22:56,123 - AUTO_PILOT - Git Pull Failed: [Errno 2] No such file or directory: 'git'
2026-02-15 18:23:56,208 - AUTO_PILOT - Syncing FROM GitHub (Pull)...
2026-02-15 18:23:56,215 - AUTO_PILOT - Git Pull Failed: [Errno 2] No such file or directory: 'git'
2026-02-15 18:24:56,312 - AUTO_PILOT - Syncing FROM GitHub (Pull)...
2026-02-15 18:24:56,317 - AUTO_PILOT - Git Pull Failed: [Errno 2] No such file or directory: 'git'
2026-02-15 18:25:56,360 - AUTO_PILOT - Syncing FROM GitHub (Pull)...
2026-02-15 18:25:56,366 - AUTO_PILOT - Git Pull Failed: [Errno 2] No such file or directory: 'git'
2026-02-15 18:26:56,458 - AUTO_PILOT - Syncing FROM GitHub (Pull)...
2026-02-15 18:26:56,465 - AUTO_PILOT - Git Pull Failed: [Errno 2] No such file or directory: 'git'
2026-02-15 18:27:56,567 - AUTO_PILOT - Syncing FROM GitHub (Pull)...
2026-02-15 18:27:56,571 - AUTO_PILOT - Git Pull Failed: [Errno 2] No such file or directory: 'git'
2026-02-15 18:28:56,635 - AUTO_PILOT - Syncing FROM GitHub (Pull)...
2026-02-15 18:28:56,639 - AUTO_PILOT - Git Pull Failed: [Errno 2] No such file or directory: 'git'
2026-02-15 18:29:56,726 - AUTO_PILOT - Syncing FROM GitHub (Pull)...
2026-02-15 18:29:56,728 - AUTO_PILOT - Git Pull Failed: [Errno 2] No such file or directory: 'git'
2026-02-15 18:30:56,798 - AUTO_PILOT - Syncing FROM GitHub (Pull)...
2026-02-15 18:30:56,805 - AUTO_PILOT - Git Pull Failed: [Errno 2] No such file or directory: 'git'
2026-02-15 18:31:56,895 - AUTO_PILOT - Syncing FROM GitHub (Pull)...
2026-02-15 18:31:56,898 - AUTO_PILOT - Git Pull Failed: [Errno 2] No such file or directory: 'git'
2026-02-15 18:32:56,948 - AUTO_PILOT - Syncing FROM GitHub (Pull)...
2026-02-15 18:32:56,955 - AUTO_PILOT - Git Pull Failed: [Errno 2] No such file or directory: 'git'
2026-02-15 18:33:57,047 - AUTO_PILOT - Syncing FROM GitHub (Pull)...
2026-02-15 18:33:57,053 - AUTO_PILOT - Git Pull Failed: [Errno 2] No such file or directory: 'git'
2026-02-15 18:34:57,142 - AUTO_PILOT - Syncing FROM GitHub (Pull)...
2026-02-15 18:34:57,148 - AUTO_PILOT - Git Pull Failed: [Errno 2] No such file or directory: 'git'
2026-02-15 18:35:57,229 - AUTO_PILOT - Syncing FROM GitHub (Pull)...
2026-02-15 18:35:57,232 - AUTO_PILOT - Git Pull Failed: [Errno 2] No such file or directory: 'git'
2026-02-15 18:36:57,300 - AUTO_PILOT - Syncing FROM GitHub (Pull)...
2026-02-15 18:36:57,306 - AUTO_PILOT - Git Pull Failed: [Errno 2] No such file or directory: 'git'
2026-02-15 18:37:57,397 - AUTO_PILOT - Syncing FROM GitHub (Pull)...
2026-02-15 18:37:57,402 - AUTO_PILOT - Git Pull Failed: [Errno 2] No such file or directory: 'git'
2026-02-15 18:38:57,482 - AUTO_PILOT - Syncing FROM GitHub (Pull)...
2026-02-15 18:38:57,486 - AUTO_PILOT - Git Pull Failed: [Errno 2] No such file or directory: 'git'
2026-02-15 18:39:57,506 - AUTO_PILOT - Syncing FROM GitHub (Pull)...
2026-02-15 18:39:57,508 - AUTO_PILOT - Git Pull Failed: [Errno 2] No such file or directory: 'git'
2026-02-15 18:40:57,553 - AUTO_PILOT - Syncing FROM GitHub (Pull)...
2026-02-15 18:40:57,558 - AUTO_PILOT - Git Pull Failed: [Errno 2] No such file or directory: 'git'
2026-02-15 18:41:57,592 - AUTO_PILOT - Syncing FROM GitHub (Pull)...
2026-02-15 18:41:57,598 - AUTO_PILOT - Git Pull Failed: [Errno 2] No such file or directory: 'git'
2026-02-15 18:42:57,686 - AUTO_PILOT - Syncing FROM GitHub (Pull)...
2026-02-15 18:42:57,693 - AUTO_PILOT - Git Pull Failed: [Errno 2] No such file or directory: 'git'
2026-02-15 18:43:57,781 - AUTO_PILOT - Syncing FROM GitHub (Pull)...
2026-02-15 18:43:57,789 - AUTO_PILOT - Git Pull Failed: [Errno 2] No such file or directory: 'git'
2026-02-15 18:44:57,876 - AUTO_PILOT - Syncing FROM GitHub (Pull)...
2026-02-15 18:44:57,883 - AUTO_PILOT - Git Pull Failed: [Errno 2] No such file or directory: 'git'
2026-02-15 18:45:57,974 - AUTO_PILOT - Syncing FROM GitHub (Pull)...
2026-02-15 18:45:57,977 - AUTO_PILOT - Git Pull Failed: [Errno 2] No such file or directory: 'git'
2026-02-15 18:46:58,031 - AUTO_PILOT - Syncing FROM GitHub (Pull)...
2026-02-15 18:46:58,037 - AUTO_PILOT - Git Pull Failed: [Errno 2] No such file or directory: 'git'
2026-02-15 18:47:58,126 - AUTO_PILOT - Syncing FROM GitHub (Pull)...
2026-02-15 18:47:58,131 - AUTO_PILOT - Git Pull Failed: [Errno 2] No such file or directory: 'git'
2026-02-15 18:48:58,219 - AUTO_PILOT - Syncing FROM GitHub (Pull)...
2026-02-15 18:48:58,222 - AUTO_PILOT - Git Pull Failed: [Errno 2] No such file or directory: 'git'
2026-02-15 18:49:58,283 - AUTO_PILOT - Syncing FROM GitHub (Pull)...
2026-02-15 18:49:58,288 - AUTO_PILOT - Git Pull Failed: [Errno 2] No such file or directory: 'git'
2026-02-15 18:50:58,371 - AUTO_PILOT - Syncing FROM GitHub (Pull)...
2026-02-15 18:50:58,376 - AUTO_PILOT - Git Pull Failed: [Errno 2] No such file or directory: 'git'
2026-02-15 18:51:58,466 - AUTO_PILOT - Syncing FROM GitHub (Pull)...
2026-02-15 18:51:58,472 - AUTO_PILOT - Git Pull Failed: [Errno 2] No such file or directory: 'git'
2026-02-15 18:52:58,501 - AUTO_PILOT - Syncing FROM GitHub (Pull)...
2026-02-15 18:52:58,507 - AUTO_PILOT - Git Pull Failed: [Errno 2] No such file or directory: 'git'
2026-02-15 18:53:58,603 - AUTO_PILOT - Syncing FROM GitHub (Pull)...
2026-02-15 18:53:58,610 - AUTO_PILOT - Git Pull Failed: [Errno 2] No such file or directory: 'git'
2026-02-15 18:54:58,701 - AUTO_PILOT - Syncing FROM GitHub (Pull)...
2026-02-15 18:54:58,709 - AUTO_PILOT - Git Pull Failed: [Errno 2] No such file or directory: 'git'
2026-02-15 18:55:58,800 - AUTO_PILOT - Syncing FROM GitHub (Pull)...
2026-02-15 18:55:58,806 - AUTO_PILOT - Git Pull Failed: [Errno 2] No such file or directory: 'git'
2026-02-15 18:56:58,898 - AUTO_PILOT - Syncing FROM GitHub (Pull)...
2026-02-15 18:56:58,904 - AUTO_PILOT - Git Pull Failed: [Errno 2] No such file or directory: 'git'
2026-02-15 18:57:58,993 - AUTO_PILOT - Syncing FROM GitHub (Pull)...
2026-02-15 18:57:58,999 - AUTO_PILOT - Git Pull Failed: [Errno 2] No such file or directory: 'git'
2026-02-15 18:58:59,089 - AUTO_PILOT - Syncing FROM GitHub (Pull)...
2026-02-15 18:58:59,094 - AUTO_PILOT - Git Pull Failed: [Errno 2] No such file or directory: 'git'
2026-02-15 18:59:59,185 - AUTO_PILOT - Syncing FROM GitHub (Pull)...
2026-02-15 18:59:59,191 - AUTO_PILOT - Git Pull Failed: [Errno 2] No such file or directory: 'git'
2026-02-15 19:00:59,278 - AUTO_PILOT - Syncing FROM GitHub (Pull)...
2026-02-15 19:00:59,284 - AUTO_PILOT - Git Pull Failed: [Errno 2] No such file or directory: 'git'
2026-02-15 19:01:59,375 - AUTO_PILOT - Syncing FROM GitHub (Pull)...
2026-02-15 19:01:59,380 - AUTO_PILOT - Git Pull Failed: [Errno 2] No such file or directory: 'git'
2026-02-15 19:02:59,470 - AUTO_PILOT - Syncing FROM GitHub (Pull)...
2026-02-15 19:02:59,475 - AUTO_PILOT - Git Pull Failed: [Errno 2] No such file or directory: 'git'
2026-02-15 19:03:59,544 - AUTO_PILOT - Syncing FROM GitHub (Pull)...
2026-02-15 19:03:59,549 - AUTO_PILOT - Git Pull Failed: [Errno 2] No such file or directory: 'git'
2026-02-15 19:04:59,636 - AUTO_PILOT - Syncing FROM GitHub (Pull)...
2026-02-15 19:04:59,642 - AUTO_PILOT - Git Pull Failed: [Errno 2] No such file or directory: 'git'
2026-02-15 19:05:59,730 - AUTO_PILOT - Syncing FROM GitHub (Pull)...
2026-02-15 19:05:59,731 - AUTO_PILOT - Git Pull Failed: [Errno 2] No such file or directory: 'git'
2026-02-15 19:06:59,787 - AUTO_PILOT - Syncing FROM GitHub (Pull)...
2026-02-15 19:06:59,793 - AUTO_PILOT - Git Pull Failed: [Errno 2] No such file or directory: 'git'
2026-02-15 19:07:59,886 - AUTO_PILOT - Syncing FROM GitHub (Pull)...
2026-02-15 19:07:59,889 - AUTO_PILOT - Git Pull Failed: [Errno 2] No such file or directory: 'git'
2026-02-15 19:08:59,959 - AUTO_PILOT - Syncing FROM GitHub (Pull)...
2026-02-15 19:08:59,964 - AUTO_PILOT - Git Pull Failed: [Errno 2] No such file or directory: 'git'
2026-02-15 19:10:00,051 - AUTO_PILOT - Syncing FROM GitHub (Pull)...
2026-02-15 19:10:00,055 - AUTO_PILOT - Git Pull Failed: [Errno 2] No such file or directory: 'git'
2026-02-15 19:11:00,147 - AUTO_PILOT - Syncing FROM GitHub (Pull)...
2026-02-15 19:11:00,152 - AUTO_PILOT - Git Pull Failed: [Errno 2] No such file or directory: 'git'
2026-02-15 19:12:00,210 - AUTO_PILOT - Syncing FROM GitHub (Pull)...
2026-02-15 19:12:00,214 - AUTO_PILOT - Git Pull Failed: [Errno 2] No such file or directory: 'git'
2026-02-15 19:13:00,311 - AUTO_PILOT - Syncing FROM GitHub (Pull)...
2026-02-15 19:13:00,316 - AUTO_PILOT - Git Pull Failed: [Errno 2] No such file or directory: 'git'
2026-02-15 19:14:00,407 - AUTO_PILOT - Syncing FROM GitHub (Pull)...
2026-02-15 19:14:00,412 - AUTO_PILOT - Git Pull Failed: [Errno 2] No such file or directory: 'git'
2026-02-15 19:15:00,505 - AUTO_PILOT - Syncing FROM GitHub (Pull)...
2026-02-15 19:15:00,510 - AUTO_PILOT - Git Pull Failed: [Errno 2] No such file or directory: 'git'
2026-02-15 19:16:00,550 - AUTO_PILOT - Syncing FROM GitHub (Pull)...
2026-02-15 19:16:00,555 - AUTO_PILOT - Git Pull Failed: [Errno 2] No such file or directory: 'git'
2026-02-15 19:17:00,621 - AUTO_PILOT - Syncing FROM GitHub (Pull)...
2026-02-15 19:17:00,626 - AUTO_PILOT - Git Pull Failed: [Errno 2] No such file or directory: 'git'
2026-02-15 19:18:00,712 - AUTO_PILOT - Syncing FROM GitHub (Pull)...
2026-02-15 19:18:00,717 - AUTO_PILOT - Git Pull Failed: [Errno 2] No such file or directory: 'git'
2026-02-15 19:19:00,799 - AUTO_PILOT - Syncing FROM GitHub (Pull)...
2026-02-15 19:19:00,804 - AUTO_PILOT - Git Pull Failed: [Errno 2] No such file or directory: 'git'
2026-02-15 19:20:00,880 - AUTO_PILOT - Syncing FROM GitHub (Pull)...
2026-02-15 19:20:00,887 - AUTO_PILOT - Git Pull Failed: [Errno 2] No such file or directory: 'git'
2026-02-15 19:21:00,926 - AUTO_PILOT - Syncing FROM GitHub (Pull)...
2026-02-15 19:21:00,928 - AUTO_PILOT - Git Pull Failed: [Errno 2] No such file or directory: 'git'
2026-02-15 19:22:00,998 - AUTO_PILOT - Syncing FROM GitHub (Pull)...
2026-02-15 19:22:01,003 - AUTO_PILOT - Git Pull Failed: [Errno 2] No such file or directory: 'git'
2026-02-15 19:23:01,089 - AUTO_PILOT - Syncing FROM GitHub (Pull)...
2026-02-15 19:23:01,095 - AUTO_PILOT - Git Pull Failed: [Errno 2] No such file or directory: 'git'
2026-02-15 19:24:01,182 - AUTO_PILOT - Syncing FROM GitHub (Pull)...
2026-02-15 19:24:01,187 - AUTO_PILOT - Git Pull Failed: [Errno 2] No such file or directory: 'git'
2026-02-15 19:25:01,275 - AUTO_PILOT - Syncing FROM GitHub (Pull)...
2026-02-15 19:25:01,280 - AUTO_PILOT - Git Pull Failed: [Errno 2] No such file or directory: 'git'
2026-02-15 19:26:01,367 - AUTO_PILOT - Syncing FROM GitHub (Pull)...
2026-02-15 19:26:01,371 - AUTO_PILOT - Git Pull Failed: [Errno 2] No such file or directory: 'git'
2026-02-15 19:27:01,459 - AUTO_PILOT - Syncing FROM GitHub (Pull)...
2026-02-15 19:27:01,464 - AUTO_PILOT - Git Pull Failed: [Errno 2] No such file or directory: 'git'
2026-02-15 19:28:01,544 - AUTO_PILOT - Syncing FROM GitHub (Pull)...
2026-02-15 19:28:01,552 - AUTO_PILOT - Git Pull Failed: [Errno 2] No such file or directory: 'git'
2026-02-15 19:29:01,633 - AUTO_PILOT - Syncing FROM GitHub (Pull)...
2026-02-15 19:29:01,640 - AUTO_PILOT - Git Pull Failed: [Errno 2] No such file or directory: 'git'
2026-02-15 19:30:01,734 - AUTO_PILOT - Syncing FROM GitHub (Pull)...
2026-02-15 19:30:01,738 - AUTO_PILOT - Git Pull Failed: [Errno 2] No such file or directory: 'git'
2026-02-15 19:31:01,826 - AUTO_PILOT - Syncing FROM GitHub (Pull)...
2026-02-15 19:31:01,831 - AUTO_PILOT - Git Pull Failed: [Errno 2] No such file or directory: 'git'
2026-02-15 19:32:01,921 - AUTO_PILOT - Syncing FROM GitHub (Pull)...
2026-02-15 19:32:01,927 - AUTO_PILOT - Git Pull Failed: [Errno 2] No such file or directory: 'git'
2026-02-15 19:33:02,015 - AUTO_PILOT - Syncing FROM GitHub (Pull)...
2026-02-15 19:33:02,021 - AUTO_PILOT - Git Pull Failed: [Errno 2] No such file or directory: 'git'
2026-02-15 19:34:02,107 - AUTO_PILOT - Syncing FROM GitHub (Pull)...
2026-02-15 19:34:02,112 - AUTO_PILOT - Git Pull Failed: [Errno 2] No such file or directory: 'git'
2026-02-15 19:35:02,195 - AUTO_PILOT - Syncing FROM GitHub (Pull)...
2026-02-15 19:35:02,200 - AUTO_PILOT - Git Pull Failed: [Errno 2] No such file or directory: 'git'
2026-02-15 19:36:02,280 - AUTO_PILOT - Syncing FROM GitHub (Pull)...
2026-02-15 19:36:02,283 - AUTO_PILOT - Git Pull Failed: [Errno 2] No such file or directory: 'git'
2026-02-15 19:37:02,335 - AUTO_PILOT - Syncing FROM GitHub (Pull)...
2026-02-15 19:37:02,341 - AUTO_PILOT - Git Pull Failed: [Errno 2] No such file or directory: 'git'
2026-02-15 19:38:02,419 - AUTO_PILOT - Syncing FROM GitHub (Pull)...
2026-02-15 19:38:02,426 - AUTO_PILOT - Git Pull Failed: [Errno 2] No such file or directory: 'git'
2026-02-15 19:39:02,513 - AUTO_PILOT - Syncing FROM GitHub (Pull)...
2026-02-15 19:39:02,519 - AUTO_PILOT - Git Pull Failed: [Errno 2] No such file or directory: 'git'
2026-02-15 19:40:02,601 - AUTO_PILOT - Syncing FROM GitHub (Pull)...
2026-02-15 19:40:02,606 - AUTO_PILOT - Git Pull Failed: [Errno 2] No such file or directory: 'git'
2026-02-15 19:41:02,724 - AUTO_PILOT - Syncing FROM GitHub (Pull)...
2026-02-15 19:41:02,728 - AUTO_PILOT - Git Pull Failed: [Errno 2] No such file or directory: 'git'
2026-02-15 19:42:02,809 - AUTO_PILOT - Syncing FROM GitHub (Pull)...
2026-02-15 19:42:02,814 - AUTO_PILOT - Git Pull Failed: [Errno 2] No such file or directory: 'git'
2026-02-15 19:43:02,896 - AUTO_PILOT - Syncing FROM GitHub (Pull)...
2026-02-15 19:43:02,902 - AUTO_PILOT - Git Pull Failed: [Errno 2] No such file or directory: 'git'
2026-02-15 19:44:02,973 - AUTO_PILOT - Syncing FROM GitHub (Pull)...
2026-02-15 19:44:02,976 - AUTO_PILOT - Git Pull Failed: [Errno 2] No such file or directory: 'git'
2026-02-15 19:45:03,025 - AUTO_PILOT - Syncing FROM GitHub (Pull)...
2026-02-15 19:45:03,030 - AUTO_PILOT - Git Pull Failed: [Errno 2] No such file or directory: 'git'
2026-02-15 19:46:03,113 - AUTO_PILOT - Syncing FROM GitHub (Pull)...
2026-02-15 19:46:03,118 - AUTO_PILOT - Git Pull Failed: [Errno 2] No such file or directory: 'git'
2026-02-15 19:47:03,200 - AUTO_PILOT - Syncing FROM GitHub (Pull)...
2026-02-15 19:47:03,207 - AUTO_PILOT - Git Pull Failed: [Errno 2] No such file or directory: 'git'
2026-02-15 19:48:03,288 - AUTO_PILOT - Syncing FROM GitHub (Pull)...
2026-02-15 19:48:03,295 - AUTO_PILOT - Git Pull Failed: [Errno 2] No such file or directory: 'git'
2026-02-15 19:49:03,378 - AUTO_PILOT - Syncing FROM GitHub (Pull)...
2026-02-15 19:49:03,384 - AUTO_PILOT - Git Pull Failed: [Errno 2] No such file or directory: 'git'
2026-02-15 19:50:03,465 - AUTO_PILOT - Syncing FROM GitHub (Pull)...
2026-02-15 19:50:03,468 - AUTO_PILOT - Git Pull Failed: [Errno 2] No such file or directory: 'git'
2026-02-15 19:51:03,531 - AUTO_PILOT - Syncing FROM GitHub (Pull)...
2026-02-15 19:51:03,538 - AUTO_PILOT - Git Pull Failed: [Errno 2] No such file or directory: 'git'
2026-02-15 19:52:03,630 - AUTO_PILOT - Syncing FROM GitHub (Pull)...
2026-02-15 19:52:03,635 - AUTO_PILOT - Git Pull Failed: [Errno 2] No such file or directory: 'git'
2026-02-15 19:53:03,714 - AUTO_PILOT - Syncing FROM GitHub (Pull)...
2026-02-15 19:53:03,721 - AUTO_PILOT - Git Pull Failed: [Errno 2] No such file or directory: 'git'
2026-02-15 19:54:03,806 - AUTO_PILOT - Syncing FROM GitHub (Pull)...
2026-02-15 19:54:03,812 - AUTO_PILOT - Git Pull Failed: [Errno 2] No such file or directory: 'git'
2026-02-15 19:55:03,891 - AUTO_PILOT - Syncing FROM GitHub (Pull)...
2026-02-15 19:55:03,896 - AUTO_PILOT - Git Pull Failed: [Errno 2] No such file or directory: 'git'
2026-02-15 19:56:03,983 - AUTO_PILOT - Syncing FROM GitHub (Pull)...
2026-02-15 19:56:03,990 - AUTO_PILOT - Git Pull Failed: [Errno 2] No such file or directory: 'git'
2026-02-15 19:57:04,070 - AUTO_PILOT - Syncing FROM GitHub (Pull)...
2026-02-15 19:57:04,076 - AUTO_PILOT - Git Pull Failed: [Errno 2] No such file or directory: 'git'
2026-02-15 19:58:04,163 - AUTO_PILOT - Syncing FROM GitHub (Pull)...
2026-02-15 19:58:04,167 - AUTO_PILOT - Git Pull Failed: [Errno 2] No such file or directory: 'git'
2026-02-15 19:59:04,200 - AUTO_PILOT - Syncing FROM GitHub (Pull)...
2026-02-15 19:59:04,204 - AUTO_PILOT - Git Pull Failed: [Errno 2] No such file or directory: 'git'
2026-02-15 20:00:04,284 - AUTO_PILOT - Syncing FROM GitHub (Pull)...
2026-02-15 20:00:04,290 - AUTO_PILOT - Git Pull Failed: [Errno 2] No such file or directory: 'git'
2026-02-15 20:01:04,378 - AUTO_PILOT - Syncing FROM GitHub (Pull)...
2026-02-15 20:01:04,384 - AUTO_PILOT - Git Pull Failed: [Errno 2] No such file or directory: 'git'
2026-02-15 20:02:04,468 - AUTO_PILOT - Syncing FROM GitHub (Pull)...
2026-02-15 20:02:04,475 - AUTO_PILOT - Git Pull Failed: [Errno 2] No such file or directory: 'git'
2026-02-15 20:03:04,562 - AUTO_PILOT - Syncing FROM GitHub (Pull)...
2026-02-15 20:03:04,567 - AUTO_PILOT - Git Pull Failed: [Errno 2] No such file or directory: 'git'
2026-02-15 20:04:04,652 - AUTO_PILOT - Syncing FROM GitHub (Pull)...
2026-02-15 20:04:04,658 - AUTO_PILOT - Git Pull Failed: [Errno 2] No such file or directory: 'git'
2026-02-15 20:05:04,742 - AUTO_PILOT - Syncing FROM GitHub (Pull)...
2026-02-15 20:05:04,745 - AUTO_PILOT - Git Pull Failed: [Errno 2] No such file or directory: 'git'
2026-02-15 20:06:04,814 - AUTO_PILOT - Syncing FROM GitHub (Pull)...
2026-02-15 20:06:04,818 - AUTO_PILOT - Git Pull Failed: [Errno 2] No such file or directory: 'git'
2026-02-15 20:07:04,901 - AUTO_PILOT - Syncing FROM GitHub (Pull)...
2026-02-15 20:07:04,906 - AUTO_PILOT - Git Pull Failed: [Errno 2] No such file or directory: 'git'
2026-02-15 20:08:04,991 - AUTO_PILOT - Syncing FROM GitHub (Pull)...
2026-02-15 20:08:04,996 - AUTO_PILOT - Git Pull Failed: [Errno 2] No such file or directory: 'git'
2026-02-15 20:09:05,039 - AUTO_PILOT - Syncing FROM GitHub (Pull)...
2026-02-15 20:09:05,044 - AUTO_PILOT - Git Pull Failed: [Errno 2] No such file or directory: 'git'
2026-02-15 20:10:05,130 - AUTO_PILOT - Syncing FROM GitHub (Pull)...
2026-02-15 20:10:05,135 - AUTO_PILOT - Git Pull Failed: [Errno 2] No such file or directory: 'git'
2026-02-15 20:11:05,221 - AUTO_PILOT - Syncing FROM GitHub (Pull)...
2026-02-15 20:11:05,226 - AUTO_PILOT - Git Pull Failed: [Errno 2] No such file or directory: 'git'
2026-02-15 20:12:05,313 - AUTO_PILOT - Syncing FROM GitHub (Pull)...
2026-02-15 20:12:05,318 - AUTO_PILOT - Git Pull Failed: [Errno 2] No such file or directory: 'git'
2026-02-15 20:13:05,402 - AUTO_PILOT - Syncing FROM GitHub (Pull)...
2026-02-15 20:13:05,407 - AUTO_PILOT - Git Pull Failed: [Errno 2] No such file or directory: 'git'
2026-02-15 20:14:05,483 - AUTO_PILOT - Syncing FROM GitHub (Pull)...
2026-02-15 20:14:05,488 - AUTO_PILOT - Git Pull Failed: [Errno 2] No such file or directory: 'git'
2026-02-15 20:15:05,568 - AUTO_PILOT - Syncing FROM GitHub (Pull)...
2026-02-15 20:15:05,573 - AUTO_PILOT - Git Pull Failed: [Errno 2] No such file or directory: 'git'
2026-02-15 20:16:05,605 - AUTO_PILOT - Syncing FROM GitHub (Pull)...
2026-02-15 20:16:05,610 - AUTO_PILOT - Git Pull Failed: [Errno 2] No such file or directory: 'git'
2026-02-15 20:17:05,621 - AUTO_PILOT - Syncing FROM GitHub (Pull)...
2026-02-15 20:17:05,628 - AUTO_PILOT - Git Pull Failed: [Errno 2] No such file or directory: 'git'
2026-02-15 20:18:05,710 - AUTO_PILOT - Syncing FROM GitHub (Pull)...
2026-02-15 20:18:05,717 - AUTO_PILOT - Git Pull Failed: [Errno 2] No such file or directory: 'git'
2026-02-15 20:19:05,750 - AUTO_PILOT - Syncing FROM GitHub (Pull)...
2026-02-15 20:19:05,758 - AUTO_PILOT - Git Pull Failed: [Errno 2] No such file or directory: 'git'
2026-02-15 20:20:05,806 - AUTO_PILOT - Syncing FROM GitHub (Pull)...
2026-02-15 20:20:05,811 - AUTO_PILOT - Git Pull Failed: [Errno 2] No such file or directory: 'git'
2026-02-15 20:21:05,896 - AUTO_PILOT - Syncing FROM GitHub (Pull)...
2026-02-15 20:21:05,903 - AUTO_PILOT - Git Pull Failed: [Errno 2] No such file or directory: 'git'
2026-02-15 20:22:05,991 - AUTO_PILOT - Syncing FROM GitHub (Pull)...
2026-02-15 20:22:05,998 - AUTO_PILOT - Git Pull Failed: [Errno 2] No such file or directory: 'git'
2026-02-15 20:23:06,090 - AUTO_PILOT - Syncing FROM GitHub (Pull)...
2026-02-15 20:23:06,097 - AUTO_PILOT - Git Pull Failed: [Errno 2] No such file or directory: 'git'
2026-02-15 20:24:06,190 - AUTO_PILOT - Syncing FROM GitHub (Pull)...
2026-02-15 20:24:06,195 - AUTO_PILOT - Git Pull Failed: [Errno 2] No such file or directory: 'git'
2026-02-15 20:25:06,276 - AUTO_PILOT - Syncing FROM GitHub (Pull)...
2026-02-15 20:25:06,281 - AUTO_PILOT - Git Pull Failed: [Errno 2] No such file or directory: 'git'
2026-02-15 20:26:06,363 - AUTO_PILOT - Syncing FROM GitHub (Pull)...
2026-02-15 20:26:06,369 - AUTO_PILOT - Git Pull Failed: [Errno 2] No such file or directory: 'git'
2026-02-15 20:27:06,452 - AUTO_PILOT - Syncing FROM GitHub (Pull)...
2026-02-15 20:27:06,458 - AUTO_PILOT - Git Pull Failed: [Errno 2] No such file or directory: 'git'
2026-02-15 20:28:06,518 - AUTO_PILOT - Syncing FROM GitHub (Pull)...
2026-02-15 20:28:06,525 - AUTO_PILOT - Git Pull Failed: [Errno 2] No such file or directory: 'git'
2026-02-15 20:29:06,607 - AUTO_PILOT - Syncing FROM GitHub (Pull)...
2026-02-15 20:29:06,612 - AUTO_PILOT - Git Pull Failed: [Errno 2] No such file or directory: 'git'
2026-02-15 20:30:06,690 - AUTO_PILOT - Syncing FROM GitHub (Pull)...
2026-02-15 20:30:06,695 - AUTO_PILOT - Git Pull Failed: [Errno 2] No such file or directory: 'git'
2026-02-15 20:31:06,769 - AUTO_PILOT - Syncing FROM GitHub (Pull)...
2026-02-15 20:31:06,774 - AUTO_PILOT - Git Pull Failed: [Errno 2] No such file or directory: 'git'
2026-02-15 20:32:06,848 - AUTO_PILOT - Syncing FROM GitHub (Pull)...
2026-02-15 20:32:06,853 - AUTO_PILOT - Git Pull Failed: [Errno 2] No such file or directory: 'git'
2026-02-15 20:33:06,934 - AUTO_PILOT - Syncing FROM GitHub (Pull)...
2026-02-15 20:33:06,942 - AUTO_PILOT - Git Pull Failed: [Errno 2] No such file or directory: 'git'
2026-02-15 20:34:07,014 - AUTO_PILOT - Syncing FROM GitHub (Pull)...
2026-02-15 20:34:07,019 - AUTO_PILOT - Git Pull Failed: [Errno 2] No such file or directory: 'git'
2026-02-15 20:35:07,088 - AUTO_PILOT - Syncing FROM GitHub (Pull)...
2026-02-15 20:35:07,092 - AUTO_PILOT - Git Pull Failed: [Errno 2] No such file or directory: 'git'
2026-02-15 20:36:07,158 - AUTO_PILOT - Syncing FROM GitHub (Pull)...
2026-02-15 20:36:07,164 - AUTO_PILOT - Git Pull Failed: [Errno 2] No such file or directory: 'git'
2026-02-15 20:37:07,237 - AUTO_PILOT - Syncing FROM GitHub (Pull)...
2026-02-15 20:37:07,241 - AUTO_PILOT - Git Pull Failed: [Errno 2] No such file or directory: 'git'
2026-02-15 20:38:07,300 - AUTO_PILOT - Syncing FROM GitHub (Pull)...
2026-02-15 20:38:07,303 - AUTO_PILOT - Git Pull Failed: [Errno 2] No such file or directory: 'git'
2026-02-15 20:39:07,364 - AUTO_PILOT - Syncing FROM GitHub (Pull)...
2026-02-15 20:39:07,368 - AUTO_PILOT - Git Pull Failed: [Errno 2] No such file or directory: 'git'
2026-02-15 20:40:07,445 - AUTO_PILOT - Syncing FROM GitHub (Pull)...
2026-02-15 20:40:07,448 - AUTO_PILOT - Git Pull Failed: [Errno 2] No such file or directory: 'git'
2026-02-15 20:41:07,522 - AUTO_PILOT - Syncing FROM GitHub (Pull)...
2026-02-15 20:41:07,525 - AUTO_PILOT - Git Pull Failed: [Errno 2] No such file or directory: 'git'
2026-02-15 20:42:07,591 - AUTO_PILOT - Syncing FROM GitHub (Pull)...
2026-02-15 20:42:07,596 - AUTO_PILOT - Git Pull Failed: [Errno 2] No such file or directory: 'git'
2026-02-15 20:43:07,676 - AUTO_PILOT - Syncing FROM GitHub (Pull)...
2026-02-15 20:43:07,681 - AUTO_PILOT - Git Pull Failed: [Errno 2] No such file or directory: 'git'
2026-02-15 20:44:07,757 - AUTO_PILOT - Syncing FROM GitHub (Pull)...
2026-02-15 20:44:07,761 - AUTO_PILOT - Git Pull Failed: [Errno 2] No such file or directory: 'git'
2026-02-15 20:45:07,836 - AUTO_PILOT - Syncing FROM GitHub (Pull)...
2026-02-15 20:45:07,841 - AUTO_PILOT - Git Pull Failed: [Errno 2] No such file or directory: 'git'
2026-02-15 20:46:07,916 - AUTO_PILOT - Syncing FROM GitHub (Pull)...
2026-02-15 20:46:07,919 - AUTO_PILOT - Git Pull Failed: [Errno 2] No such file or directory: 'git'
2026-02-15 20:47:07,979 - AUTO_PILOT - Syncing FROM GitHub (Pull)...
2026-02-15 20:47:07,984 - AUTO_PILOT - Git Pull Failed: [Errno 2] No such file or directory: 'git'
2026-02-15 20:48:08,066 - AUTO_PILOT - Syncing FROM GitHub (Pull)...
2026-02-15 20:48:08,071 - AUTO_PILOT - Git Pull Failed: [Errno 2] No such file or directory: 'git'
2026-02-15 20:49:08,090 - AUTO_PILOT - Syncing FROM GitHub (Pull)...
2026-02-15 20:49:08,093 - AUTO_PILOT - Git Pull Failed: [Errno 2] No such file or directory: 'git'
2026-02-15 20:50:08,147 - AUTO_PILOT - Syncing FROM GitHub (Pull)...
2026-02-15 20:50:08,150 - AUTO_PILOT - Git Pull Failed: [Errno 2] No such file or directory: 'git'
2026-02-15 20:51:08,209 - AUTO_PILOT - Syncing FROM GitHub (Pull)...
2026-02-15 20:51:08,210 - AUTO_PILOT - Git Pull Failed: [Errno 2] No such file or directory: 'git'
2026-02-15 20:52:08,268 - AUTO_PILOT - Syncing FROM GitHub (Pull)...
2026-02-15 20:52:08,276 - AUTO_PILOT - Git Pull Failed: [Errno 2] No such file or directory: 'git'
2026-02-15 20:53:08,360 - AUTO_PILOT - Syncing FROM GitHub (Pull)...
2026-02-15 20:53:08,362 - AUTO_PILOT - Git Pull Failed: [Errno 2] No such file or directory: 'git'
2026-02-15 20:54:08,375 - AUTO_PILOT - Syncing FROM GitHub (Pull)...
2026-02-15 20:54:08,380 - AUTO_PILOT - Git Pull Failed: [Errno 2] No such file or directory: 'git'
2026-02-15 20:55:08,439 - AUTO_PILOT - Syncing FROM GitHub (Pull)...
2026-02-15 20:55:08,444 - AUTO_PILOT - Git Pull Failed: [Errno 2] No such file or directory: 'git'
2026-02-15 20:56:08,526 - AUTO_PILOT - Syncing FROM GitHub (Pull)...
2026-02-15 20:56:08,532 - AUTO_PILOT - Git Pull Failed: [Errno 2] No such file or directory: 'git'
2026-02-15 20:57:08,571 - AUTO_PILOT - Syncing FROM GitHub (Pull)...
2026-02-15 20:57:08,578 - AUTO_PILOT - Git Pull Failed: [Errno 2] No such file or directory: 'git'
2026-02-15 20:58:08,662 - AUTO_PILOT - Syncing FROM GitHub (Pull)...
2026-02-15 20:58:08,667 - AUTO_PILOT - Git Pull Failed: [Errno 2] No such file or directory: 'git'
2026-02-15 20:59:08,751 - AUTO_PILOT - Syncing FROM GitHub (Pull)...
2026-02-15 20:59:08,756 - AUTO_PILOT - Git Pull Failed: [Errno 2] No such file or directory: 'git'
2026-02-15 21:00:08,800 - AUTO_PILOT - Syncing FROM GitHub (Pull)...
2026-02-15 21:00:08,804 - AUTO_PILOT - Git Pull Failed: [Errno 2] No such file or directory: 'git'
2026-02-15 21:01:08,886 - AUTO_PILOT - Syncing FROM GitHub (Pull)...
2026-02-15 21:01:08,888 - AUTO_PILOT - Git Pull Failed: [Errno 2] No such file or directory: 'git'
2026-02-15 21:02:08,954 - AUTO_PILOT - Syncing FROM GitHub (Pull)...
2026-02-15 21:02:08,959 - AUTO_PILOT - Git Pull Failed: [Errno 2] No such file or directory: 'git'
2026-02-15 21:03:08,993 - AUTO_PILOT - Syncing FROM GitHub (Pull)...
2026-02-15 21:03:08,999 - AUTO_PILOT - Git Pull Failed: [Errno 2] No such file or directory: 'git'
2026-02-15 21:04:09,084 - AUTO_PILOT - Syncing FROM GitHub (Pull)...
2026-02-15 21:04:09,088 - AUTO_PILOT - Git Pull Failed: [Errno 2] No such file or directory: 'git'
2026-02-15 21:05:09,174 - AUTO_PILOT - Syncing FROM GitHub (Pull)...
2026-02-15 21:05:09,181 - AUTO_PILOT - Git Pull Failed: [Errno 2] No such file or directory: 'git'
2026-02-15 21:06:09,260 - AUTO_PILOT - Syncing FROM GitHub (Pull)...
2026-02-15 21:06:09,267 - AUTO_PILOT - Git Pull Failed: [Errno 2] No such file or directory: 'git'
2026-02-15 21:07:09,350 - AUTO_PILOT - Syncing FROM GitHub (Pull)...
2026-02-15 21:07:09,356 - AUTO_PILOT - Git Pull Failed: [Errno 2] No such file or directory: 'git'
2026-02-15 21:08:09,384 - AUTO_PILOT - Syncing FROM GitHub (Pull)...
2026-02-15 21:08:09,386 - AUTO_PILOT - Git Pull Failed: [Errno 2] No such file or directory: 'git'
2026-02-15 21:09:09,447 - AUTO_PILOT - Syncing FROM GitHub (Pull)...
2026-02-15 21:09:09,451 - AUTO_PILOT - Git Pull Failed: [Errno 2] No such file or directory: 'git'
2026-02-15 21:10:09,532 - AUTO_PILOT - Syncing FROM GitHub (Pull)...
2026-02-15 21:10:09,538 - AUTO_PILOT - Git Pull Failed: [Errno 2] No such file or directory: 'git'
2026-02-15 21:11:09,614 - AUTO_PILOT - Syncing FROM GitHub (Pull)...
2026-02-15 21:11:09,619 - AUTO_PILOT - Git Pull Failed: [Errno 2] No such file or directory: 'git'
2026-02-15 21:12:09,677 - AUTO_PILOT - Syncing FROM GitHub (Pull)...
2026-02-15 21:12:09,684 - AUTO_PILOT - Git Pull Failed: [Errno 2] No such file or directory: 'git'
2026-02-15 21:13:09,764 - AUTO_PILOT - Syncing FROM GitHub (Pull)...
2026-02-15 21:13:09,767 - AUTO_PILOT - Git Pull Failed: [Errno 2] No such file or directory: 'git'
2026-02-15 21:14:09,785 - AUTO_PILOT - Syncing FROM GitHub (Pull)...
2026-02-15 21:14:09,790 - AUTO_PILOT - Git Pull Failed: [Errno 2] No such file or directory: 'git'
2026-02-15 21:15:09,816 - AUTO_PILOT - Syncing FROM GitHub (Pull)...
2026-02-15 21:15:09,819 - AUTO_PILOT - Git Pull Failed: [Errno 2] No such file or directory: 'git'
2026-02-15 21:16:09,888 - AUTO_PILOT - Syncing FROM GitHub (Pull)...
2026-02-15 21:16:09,894 - AUTO_PILOT - Git Pull Failed: [Errno 2] No such file or directory: 'git'
2026-02-15 21:17:09,944 - AUTO_PILOT - Syncing FROM GitHub (Pull)...
2026-02-15 21:17:09,946 - AUTO_PILOT - Git Pull Failed: [Errno 2] No such file or directory: 'git'
2026-02-15 21:18:10,008 - AUTO_PILOT - Syncing FROM GitHub (Pull)...
2026-02-15 21:18:10,013 - AUTO_PILOT - Git Pull Failed: [Errno 2] No such file or directory: 'git'
2026-02-15 21:19:10,098 - AUTO_PILOT - Syncing FROM GitHub (Pull)...
2026-02-15 21:19:10,102 - AUTO_PILOT - Git Pull Failed: [Errno 2] No such file or directory: 'git'
2026-02-15 21:20:10,155 - AUTO_PILOT - Syncing FROM GitHub (Pull)...
2026-02-15 21:20:10,161 - AUTO_PILOT - Git Pull Failed: [Errno 2] No such file or directory: 'git'
2026-02-15 21:21:10,235 - AUTO_PILOT - Syncing FROM GitHub (Pull)...
2026-02-15 21:21:10,239 - AUTO_PILOT - Git Pull Failed: [Errno 2] No such file or directory: 'git'
2026-02-15 21:22:10,299 - AUTO_PILOT - Syncing FROM GitHub (Pull)...
2026-02-15 21:22:10,304 - AUTO_PILOT - Git Pull Failed: [Errno 2] No such file or directory: 'git'
2026-02-15 21:23:10,385 - AUTO_PILOT - Syncing FROM GitHub (Pull)...
2026-02-15 21:23:10,392 - AUTO_PILOT - Git Pull Failed: [Errno 2] No such file or directory: 'git'
2026-02-15 21:24:10,451 - AUTO_PILOT - Syncing FROM GitHub (Pull)...
2026-02-15 21:24:10,456 - AUTO_PILOT - Git Pull Failed: [Errno 2] No such file or directory: 'git'
2026-02-15 21:25:10,538 - AUTO_PILOT - Syncing FROM GitHub (Pull)...
2026-02-15 21:25:10,541 - AUTO_PILOT - Git Pull Failed: [Errno 2] No such file or directory: 'git'
2026-02-15 21:26:10,607 - AUTO_PILOT - Syncing FROM GitHub (Pull)...
2026-02-15 21:26:10,612 - AUTO_PILOT - Git Pull Failed: [Errno 2] No such file or directory: 'git'
2026-02-15 21:27:10,673 - AUTO_PILOT - Syncing FROM GitHub (Pull)...
2026-02-15 21:27:10,680 - AUTO_PILOT - Git Pull Failed: [Errno 2] No such file or directory: 'git'
2026-02-15 21:28:10,762 - AUTO_PILOT - Syncing FROM GitHub (Pull)...
2026-02-15 21:28:10,769 - AUTO_PILOT - Git Pull Failed: [Errno 2] No such file or directory: 'git'
2026-02-15 21:29:10,850 - AUTO_PILOT - Syncing FROM GitHub (Pull)...
2026-02-15 21:29:10,857 - AUTO_PILOT - Git Pull Failed: [Errno 2] No such file or directory: 'git'
2026-02-15 21:30:10,938 - AUTO_PILOT - Syncing FROM GitHub (Pull)...
2026-02-15 21:30:10,943 - AUTO_PILOT - Git Pull Failed: [Errno 2] No such file or directory: 'git'
2026-02-15 21:31:11,024 - AUTO_PILOT - Syncing FROM GitHub (Pull)...
2026-02-15 21:31:11,029 - AUTO_PILOT - Git Pull Failed: [Errno 2] No such file or directory: 'git'
2026-02-15 21:32:11,098 - AUTO_PILOT - Syncing FROM GitHub (Pull)...
2026-02-15 21:32:11,102 - AUTO_PILOT - Git Pull Failed: [Errno 2] No such file or directory: 'git'
2026-02-15 21:33:11,171 - AUTO_PILOT - Syncing FROM GitHub (Pull)...
2026-02-15 21:33:11,177 - AUTO_PILOT - Git Pull Failed: [Errno 2] No such file or directory: 'git'
2026-02-15 21:34:11,246 - AUTO_PILOT - Syncing FROM GitHub (Pull)...
2026-02-15 21:34:11,251 - AUTO_PILOT - Git Pull Failed: [Errno 2] No such file or directory: 'git'
2026-02-15 21:35:11,326 - AUTO_PILOT - Syncing FROM GitHub (Pull)...
2026-02-15 21:35:11,333 - AUTO_PILOT - Git Pull Failed: [Errno 2] No such file or directory: 'git'
2026-02-15 21:36:11,410 - AUTO_PILOT - Syncing FROM GitHub (Pull)...
2026-02-15 21:36:11,416 - AUTO_PILOT - Git Pull Failed: [Errno 2] No such file or directory: 'git'
2026-02-15 21:37:11,467 - AUTO_PILOT - Syncing FROM GitHub (Pull)...
2026-02-15 21:37:11,473 - AUTO_PILOT - Git Pull Failed: [Errno 2] No such file or directory: 'git'
2026-02-15 21:38:11,530 - AUTO_PILOT - Syncing FROM GitHub (Pull)...
2026-02-15 21:38:11,538 - AUTO_PILOT - Git Pull Failed: [Errno 2] No such file or directory: 'git'
2026-02-15 21:39:11,566 - AUTO_PILOT - Syncing FROM GitHub (Pull)...
2026-02-15 21:39:11,570 - AUTO_PILOT - Git Pull Failed: [Errno 2] No such file or directory: 'git'
2026-02-15 21:40:11,643 - AUTO_PILOT - Syncing FROM GitHub (Pull)...
2026-02-15 21:40:11,650 - AUTO_PILOT - Git Pull Failed: [Errno 2] No such file or directory: 'git'
2026-02-15 21:41:11,705 - AUTO_PILOT - Syncing FROM GitHub (Pull)...
2026-02-15 21:41:11,711 - AUTO_PILOT - Git Pull Failed: [Errno 2] No such file or directory: 'git'
2026-02-15 21:42:11,785 - AUTO_PILOT - Syncing FROM GitHub (Pull)...
2026-02-15 21:42:11,792 - AUTO_PILOT - Git Pull Failed: [Errno 2] No such file or directory: 'git'
2026-02-15 21:43:11,850 - AUTO_PILOT - Syncing FROM GitHub (Pull)...
2026-02-15 21:43:11,855 - AUTO_PILOT - Git Pull Failed: [Errno 2] No such file or directory: 'git'
2026-02-15 21:44:11,931 - AUTO_PILOT - Syncing FROM GitHub (Pull)...
2026-02-15 21:44:11,935 - AUTO_PILOT - Git Pull Failed: [Errno 2] No such file or directory: 'git'
2026-02-15 21:45:12,011 - AUTO_PILOT - Syncing FROM GitHub (Pull)...
2026-02-15 21:45:12,016 - AUTO_PILOT - Git Pull Failed: [Errno 2] No such file or directory: 'git'
2026-02-15 21:46:12,092 - AUTO_PILOT - Syncing FROM GitHub (Pull)...
2026-02-15 21:46:12,095 - AUTO_PILOT - Git Pull Failed: [Errno 2] No such file or directory: 'git'
2026-02-15 21:47:12,153 - AUTO_PILOT - Syncing FROM GitHub (Pull)...
2026-02-15 21:47:12,157 - AUTO_PILOT - Git Pull Failed: [Errno 2] No such file or directory: 'git'
2026-02-15 21:48:12,192 - AUTO_PILOT - Syncing FROM GitHub (Pull)...
2026-02-15 21:48:12,197 - AUTO_PILOT - Git Pull Failed: [Errno 2] No such file or directory: 'git'
2026-02-15 21:49:12,260 - AUTO_PILOT - Syncing FROM GitHub (Pull)...
2026-02-15 21:49:12,265 - AUTO_PILOT - Git Pull Failed: [Errno 2] No such file or directory: 'git'
2026-02-15 21:50:12,346 - AUTO_PILOT - Syncing FROM GitHub (Pull)...
2026-02-15 21:50:12,354 - AUTO_PILOT - Git Pull Failed: [Errno 2] No such file or directory: 'git'
2026-02-15 21:51:12,429 - AUTO_PILOT - Syncing FROM GitHub (Pull)...
2026-02-15 21:51:12,435 - AUTO_PILOT - Git Pull Failed: [Errno 2] No such file or directory: 'git'
2026-02-15 21:52:12,522 - AUTO_PILOT - Syncing FROM GitHub (Pull)...
2026-02-15 21:52:12,530 - AUTO_PILOT - Git Pull Failed: [Errno 2] No such file or directory: 'git'
2026-02-15 21:53:12,610 - AUTO_PILOT - Syncing FROM GitHub (Pull)...
2026-02-15 21:53:12,615 - AUTO_PILOT - Git Pull Failed: [Errno 2] No such file or directory: 'git'
2026-02-15 21:54:12,683 - AUTO_PILOT - Syncing FROM GitHub (Pull)...
2026-02-15 21:54:12,689 - AUTO_PILOT - Git Pull Failed: [Errno 2] No such file or directory: 'git'
2026-02-15 21:55:12,756 - AUTO_PILOT - Syncing FROM GitHub (Pull)...
2026-02-15 21:55:12,760 - AUTO_PILOT - Git Pull Failed: [Errno 2] No such file or directory: 'git'
2026-02-15 21:56:12,813 - AUTO_PILOT - Syncing FROM GitHub (Pull)...
2026-02-15 21:56:12,819 - AUTO_PILOT - Git Pull Failed: [Errno 2] No such file or directory: 'git'
2026-02-15 21:57:12,902 - AUTO_PILOT - Syncing FROM GitHub (Pull)...
2026-02-15 21:57:12,909 - AUTO_PILOT - Git Pull Failed: [Errno 2] No such file or directory: 'git'
2026-02-15 21:58:12,944 - AUTO_PILOT - Syncing FROM GitHub (Pull)...
2026-02-15 21:58:12,949 - AUTO_PILOT - Git Pull Failed: [Errno 2] No such file or directory: 'git'
2026-02-15 21:59:13,026 - AUTO_PILOT - Syncing FROM GitHub (Pull)...
2026-02-15 21:59:13,033 - AUTO_PILOT - Git Pull Failed: [Errno 2] No such file or directory: 'git'
2026-02-15 22:00:13,103 - AUTO_PILOT - Syncing FROM GitHub (Pull)...
2026-02-15 22:00:13,108 - AUTO_PILOT - Git Pull Failed: [Errno 2] No such file or directory: 'git'
2026-02-15 22:01:13,188 - AUTO_PILOT - Syncing FROM GitHub (Pull)...
2026-02-15 22:01:13,192 - AUTO_PILOT - Git Pull Failed: [Errno 2] No such file or directory: 'git'
2026-02-15 22:02:13,271 - AUTO_PILOT - Syncing FROM GitHub (Pull)...
2026-02-15 22:02:13,275 - AUTO_PILOT - Git Pull Failed: [Errno 2] No such file or directory: 'git'
2026-02-15 22:03:13,352 - AUTO_PILOT - Syncing FROM GitHub (Pull)...
2026-02-15 22:03:13,357 - AUTO_PILOT - Git Pull Failed: [Errno 2] No such file or directory: 'git'
2026-02-15 22:04:13,428 - AUTO_PILOT - Syncing FROM GitHub (Pull)...
2026-02-15 22:04:13,435 - AUTO_PILOT - Git Pull Failed: [Errno 2] No such file or directory: 'git'
2026-02-15 22:05:13,514 - AUTO_PILOT - Syncing FROM GitHub (Pull)...
2026-02-15 22:05:13,520 - AUTO_PILOT - Git Pull Failed: [Errno 2] No such file or directory: 'git'
2026-02-15 22:06:13,573 - AUTO_PILOT - Syncing FROM GitHub (Pull)...
2026-02-15 22:06:13,579 - AUTO_PILOT - Git Pull Failed: [Errno 2] No such file or directory: 'git'
2026-02-15 22:07:13,657 - AUTO_PILOT - Syncing FROM GitHub (Pull)...
2026-02-15 22:07:13,663 - AUTO_PILOT - Git Pull Failed: [Errno 2] No such file or directory: 'git'
2026-02-15 22:08:13,740 - AUTO_PILOT - Syncing FROM GitHub (Pull)...
2026-02-15 22:08:13,747 - AUTO_PILOT - Git Pull Failed: [Errno 2] No such file or directory: 'git'
2026-02-15 22:09:13,816 - AUTO_PILOT - Syncing FROM GitHub (Pull)...
2026-02-15 22:09:13,822 - AUTO_PILOT - Git Pull Failed: [Errno 2] No such file or directory: 'git'
2026-02-15 22:10:13,899 - AUTO_PILOT - Syncing FROM GitHub (Pull)...
2026-02-15 22:10:13,905 - AUTO_PILOT - Git Pull Failed: [Errno 2] No such file or directory: 'git'
2026-02-15 22:11:13,982 - AUTO_PILOT - Syncing FROM GitHub (Pull)...
2026-02-15 22:11:13,987 - AUTO_PILOT - Git Pull Failed: [Errno 2] No such file or directory: 'git'
2026-02-15 22:12:14,008 - AUTO_PILOT - Syncing FROM GitHub (Pull)...
2026-02-15 22:12:14,013 - AUTO_PILOT - Git Pull Failed: [Errno 2] No such file or directory: 'git'
2026-02-15 22:13:14,089 - AUTO_PILOT - Syncing FROM GitHub (Pull)...
2026-02-15 22:13:14,094 - AUTO_PILOT - Git Pull Failed: [Errno 2] No such file or directory: 'git'
2026-02-15 22:14:14,173 - AUTO_PILOT - Syncing FROM GitHub (Pull)...
2026-02-15 22:14:14,179 - AUTO_PILOT - Git Pull Failed: [Errno 2] No such file or directory: 'git'
2026-02-15 22:15:14,255 - AUTO_PILOT - Syncing FROM GitHub (Pull)...
2026-02-15 22:15:14,262 - AUTO_PILOT - Git Pull Failed: [Errno 2] No such file or directory: 'git'
2026-02-15 22:16:14,331 - AUTO_PILOT - Syncing FROM GitHub (Pull)...
2026-02-15 22:16:14,338 - AUTO_PILOT - Git Pull Failed: [Errno 2] No such file or directory: 'git'
2026-02-15 22:17:14,414 - AUTO_PILOT - Syncing FROM GitHub (Pull)...
2026-02-15 22:17:14,419 - AUTO_PILOT - Git Pull Failed: [Errno 2] No such file or directory: 'git'
2026-02-15 22:18:14,476 - AUTO_PILOT - Syncing FROM GitHub (Pull)...
2026-02-15 22:18:14,480 - AUTO_PILOT - Git Pull Failed: [Errno 2] No such file or directory: 'git'
2026-02-15 22:19:14,506 - AUTO_PILOT - Syncing FROM GitHub (Pull)...
2026-02-15 22:19:14,510 - AUTO_PILOT - Git Pull Failed: [Errno 2] No such file or directory: 'git'
2026-02-15 22:20:14,586 - AUTO_PILOT - Syncing FROM GitHub (Pull)...
2026-02-15 22:20:14,592 - AUTO_PILOT - Git Pull Failed: [Errno 2] No such file or directory: 'git'
2026-02-15 22:21:14,630 - AUTO_PILOT - Syncing FROM GitHub (Pull)...
2026-02-15 22:21:14,637 - AUTO_PILOT - Git Pull Failed: [Errno 2] No such file or directory: 'git'
2026-02-15 22:22:14,691 - AUTO_PILOT - Syncing FROM GitHub (Pull)...
2026-02-15 22:22:14,697 - AUTO_PILOT - Git Pull Failed: [Errno 2] No such file or directory: 'git'
2026-02-15 22:23:14,764 - AUTO_PILOT - Syncing FROM GitHub (Pull)...
2026-02-15 22:23:14,767 - AUTO_PILOT - Git Pull Failed: [Errno 2] No such file or directory: 'git'
2026-02-15 22:24:14,826 - AUTO_PILOT - Syncing FROM GitHub (Pull)...
2026-02-15 22:24:14,832 - AUTO_PILOT - Git Pull Failed: [Errno 2] No such file or directory: 'git'
2026-02-15 22:25:14,909 - AUTO_PILOT - Syncing FROM GitHub (Pull)...
2026-02-15 22:25:14,913 - AUTO_PILOT - Git Pull Failed: [Errno 2] No such file or directory: 'git'
2026-02-15 22:26:14,985 - AUTO_PILOT - Syncing FROM GitHub (Pull)...
2026-02-15 22:26:14,989 - AUTO_PILOT - Git Pull Failed: [Errno 2] No such file or directory: 'git'
2026-02-15 22:27:15,065 - AUTO_PILOT - Syncing FROM GitHub (Pull)...
2026-02-15 22:27:15,068 - AUTO_PILOT - Git Pull Failed: [Errno 2] No such file or directory: 'git'
2026-02-15 22:28:15,123 - AUTO_PILOT - Syncing FROM GitHub (Pull)...
2026-02-15 22:28:15,127 - AUTO_PILOT - Git Pull Failed: [Errno 2] No such file or directory: 'git'
2026-02-15 22:29:15,208 - AUTO_PILOT - Syncing FROM GitHub (Pull)...
2026-02-15 22:29:15,213 - AUTO_PILOT - Git Pull Failed: [Errno 2] No such file or directory: 'git'
2026-02-15 22:30:15,291 - AUTO_PILOT - Syncing FROM GitHub (Pull)...
2026-02-15 22:30:15,296 - AUTO_PILOT - Git Pull Failed: [Errno 2] No such file or directory: 'git'
2026-02-15 22:31:15,375 - AUTO_PILOT - Syncing FROM GitHub (Pull)...
2026-02-15 22:31:15,380 - AUTO_PILOT - Git Pull Failed: [Errno 2] No such file or directory: 'git'
2026-02-15 22:32:15,443 - AUTO_PILOT - Syncing FROM GitHub (Pull)...
2026-02-15 22:32:15,450 - AUTO_PILOT - Git Pull Failed: [Errno 2] No such file or directory: 'git'
2026-02-15 22:33:15,483 - AUTO_PILOT - Syncing FROM GitHub (Pull)...
2026-02-15 22:33:15,486 - AUTO_PILOT - Git Pull Failed: [Errno 2] No such file or directory: 'git'
2026-02-15 22:34:15,556 - AUTO_PILOT - Syncing FROM GitHub (Pull)...
2026-02-15 22:34:15,562 - AUTO_PILOT - Git Pull Failed: [Errno 2] No such file or directory: 'git'
2026-02-15 22:35:15,582 - AUTO_PILOT - Syncing FROM GitHub (Pull)...
2026-02-15 22:35:15,583 - AUTO_PILOT - Git Pull Failed: [Errno 2] No such file or directory: 'git'
2026-02-15 22:36:15,642 - AUTO_PILOT - Syncing FROM GitHub (Pull)...
2026-02-15 22:36:15,649 - AUTO_PILOT - Git Pull Failed: [Errno 2] No such file or directory: 'git'
2026-02-15 22:37:15,706 - AUTO_PILOT - Syncing FROM GitHub (Pull)...
2026-02-15 22:37:15,713 - AUTO_PILOT - Git Pull Failed: [Errno 2] No such file or directory: 'git'
2026-02-15 22:38:15,794 - AUTO_PILOT - Syncing FROM GitHub (Pull)...
2026-02-15 22:38:15,798 - AUTO_PILOT - Git Pull Failed: [Errno 2] No such file or directory: 'git'
2026-02-15 22:39:15,867 - AUTO_PILOT - Syncing FROM GitHub (Pull)...
2026-02-15 22:39:15,872 - AUTO_PILOT - Git Pull Failed: [Errno 2] No such file or directory: 'git'
2026-02-15 22:40:15,957 - AUTO_PILOT - Syncing FROM GitHub (Pull)...
2026-02-15 22:40:15,964 - AUTO_PILOT - Git Pull Failed: [Errno 2] No such file or directory: 'git'
2026-02-15 22:41:15,965 - AUTO_PILOT - Syncing FROM GitHub (Pull)...
2026-02-15 22:41:15,970 - AUTO_PILOT - Git Pull Failed: [Errno 2] No such file or directory: 'git'
2026-02-15 22:42:16,029 - AUTO_PILOT - Syncing FROM GitHub (Pull)...
2026-02-15 22:42:16,034 - AUTO_PILOT - Git Pull Failed: [Errno 2] No such file or directory: 'git'
2026-02-15 22:43:16,097 - AUTO_PILOT - Syncing FROM GitHub (Pull)...
2026-02-15 22:43:16,102 - AUTO_PILOT - Git Pull Failed: [Errno 2] No such file or directory: 'git'
2026-02-15 22:44:16,184 - AUTO_PILOT - Syncing FROM GitHub (Pull)...
2026-02-15 22:44:16,190 - AUTO_PILOT - Git Pull Failed: [Errno 2] No such file or directory: 'git'
2026-02-15 22:45:16,235 - AUTO_PILOT - Syncing FROM GitHub (Pull)...
2026-02-15 22:45:16,238 - AUTO_PILOT - Git Pull Failed: [Errno 2] No such file or directory: 'git'
2026-02-15 22:46:16,305 - AUTO_PILOT - Syncing FROM GitHub (Pull)...
2026-02-15 22:46:16,309 - AUTO_PILOT - Git Pull Failed: [Errno 2] No such file or directory: 'git'
2026-02-15 22:47:16,365 - AUTO_PILOT - Syncing FROM GitHub (Pull)...
2026-02-15 22:47:16,368 - AUTO_PILOT - Git Pull Failed: [Errno 2] No such file or directory: 'git'
2026-02-15 22:48:16,427 - AUTO_PILOT - Syncing FROM GitHub (Pull)...
2026-02-15 22:48:16,432 - AUTO_PILOT - Git Pull Failed: [Errno 2] No such file or directory: 'git'
2026-02-15 22:49:16,488 - AUTO_PILOT - Syncing FROM GitHub (Pull)...
2026-02-15 22:49:16,494 - AUTO_PILOT - Git Pull Failed: [Errno 2] No such file or directory: 'git'
2026-02-15 22:50:16,543 - AUTO_PILOT - Syncing FROM GitHub (Pull)...
2026-02-15 22:50:16,547 - AUTO_PILOT - Git Pull Failed: [Errno 2] No such file or directory: 'git'
2026-02-15 22:51:16,612 - AUTO_PILOT - Syncing FROM GitHub (Pull)...
2026-02-15 22:51:16,618 - AUTO_PILOT - Git Pull Failed: [Errno 2] No such file or directory: 'git'
2026-02-15 22:52:16,673 - AUTO_PILOT - Syncing FROM GitHub (Pull)...
2026-02-15 22:52:16,680 - AUTO_PILOT - Git Pull Failed: [Errno 2] No such file or directory: 'git'
2026-02-15 22:53:16,759 - AUTO_PILOT - Syncing FROM GitHub (Pull)...
2026-02-15 22:53:16,764 - AUTO_PILOT - Git Pull Failed: [Errno 2] No such file or directory: 'git'
2026-02-15 22:54:16,843 - AUTO_PILOT - Syncing FROM GitHub (Pull)...
2026-02-15 22:54:16,848 - AUTO_PILOT - Git Pull Failed: [Errno 2] No such file or directory: 'git'
2026-02-15 22:55:16,929 - AUTO_PILOT - Syncing FROM GitHub (Pull)...
2026-02-15 22:55:16,935 - AUTO_PILOT - Git Pull Failed: [Errno 2] No such file or directory: 'git'
2026-02-15 22:56:17,016 - AUTO_PILOT - Syncing FROM GitHub (Pull)...
2026-02-15 22:56:17,021 - AUTO_PILOT - Git Pull Failed: [Errno 2] No such file or directory: 'git'
2026-02-15 22:57:17,100 - AUTO_PILOT - Syncing FROM GitHub (Pull)...
2026-02-15 22:57:17,103 - AUTO_PILOT - Git Pull Failed: [Errno 2] No such file or directory: 'git'
2026-02-15 22:58:17,172 - AUTO_PILOT - Syncing FROM GitHub (Pull)...
2026-02-15 22:58:17,177 - AUTO_PILOT - Git Pull Failed: [Errno 2] No such file or directory: 'git'
2026-02-15 22:59:17,257 - AUTO_PILOT - Syncing FROM GitHub (Pull)...
2026-02-15 22:59:17,263 - AUTO_PILOT - Git Pull Failed: [Errno 2] No such file or directory: 'git'
2026-02-15 23:00:17,348 - AUTO_PILOT - Syncing FROM GitHub (Pull)...
2026-02-15 23:00:17,351 - AUTO_PILOT - Git Pull Failed: [Errno 2] No such file or directory: 'git'
2026-02-15 23:01:17,405 - AUTO_PILOT - Syncing FROM GitHub (Pull)...
2026-02-15 23:01:17,410 - AUTO_PILOT - Git Pull Failed: [Errno 2] No such file or directory: 'git'
2026-02-15 23:02:17,487 - AUTO_PILOT - Syncing FROM GitHub (Pull)...
2026-02-15 23:02:17,495 - AUTO_PILOT - Git Pull Failed: [Errno 2] No such file or directory: 'git'
2026-02-15 23:03:17,525 - AUTO_PILOT - Syncing FROM GitHub (Pull)...
2026-02-15 23:03:17,531 - AUTO_PILOT - Git Pull Failed: [Errno 2] No such file or directory: 'git'
2026-02-15 23:04:17,617 - AUTO_PILOT - Syncing FROM GitHub (Pull)...
2026-02-15 23:04:17,622 - AUTO_PILOT - Git Pull Failed: [Errno 2] No such file or directory: 'git'
2026-02-15 23:05:17,666 - AUTO_PILOT - Syncing FROM GitHub (Pull)...
2026-02-15 23:05:17,672 - AUTO_PILOT - Git Pull Failed: [Errno 2] No such file or directory: 'git'
2026-02-15 23:06:17,719 - AUTO_PILOT - Syncing FROM GitHub (Pull)...
2026-02-15 23:06:17,723 - AUTO_PILOT - Git Pull Failed: [Errno 2] No such file or directory: 'git'
2026-02-15 23:07:17,785 - AUTO_PILOT - Syncing FROM GitHub (Pull)...
2026-02-15 23:07:17,786 - AUTO_PILOT - Git Pull Failed: [Errno 2] No such file or directory: 'git'
2026-02-16 20:36:40,385 - AUTO_PILOT - Auto-Pilot Started. Schedule: Daily at 12:00 AM (Midnight).
2026-02-16 20:36:40,390 - AUTO_PILOT - Next run scheduled for: 2026-02-17 00:00:00
2026-02-16 20:36:40,391 - AUTO_PILOT - Syncing FROM GitHub (Pull)...
2026-02-16 20:36:40,393 - AUTO_PILOT - Git Pull Failed: [Errno 2] No such file or directory: 'git'
2026-02-16 20:37:40,463 - AUTO_PILOT - Syncing FROM GitHub (Pull)...
2026-02-16 20:37:40,465 - AUTO_PILOT - Git Pull Failed: [Errno 2] No such file or directory: 'git'
2026-02-16 20:38:40,527 - AUTO_PILOT - Syncing FROM GitHub (Pull)...
2026-02-16 20:38:40,533 - AUTO_PILOT - Git Pull Failed: [Errno 2] No such file or directory: 'git'
2026-02-16 20:39:40,621 - AUTO_PILOT - Syncing FROM GitHub (Pull)...
2026-02-16 20:39:40,625 - AUTO_PILOT - Git Pull Failed: [Errno 2] No such file or directory: 'git'
2026-02-16 20:40:40,666 - AUTO_PILOT - Syncing FROM GitHub (Pull)...
2026-02-16 20:40:40,672 - AUTO_PILOT - Git Pull Failed: [Errno 2] No such file or directory: 'git'
2026-02-16 20:41:40,762 - AUTO_PILOT - Syncing FROM GitHub (Pull)...
2026-02-16 20:41:40,768 - AUTO_PILOT - Git Pull Failed: [Errno 2] No such file or directory: 'git'
2026-02-16 20:42:40,858 - AUTO_PILOT - Syncing FROM GitHub (Pull)...
2026-02-16 20:42:40,864 - AUTO_PILOT - Git Pull Failed: [Errno 2] No such file or directory: 'git'
2026-02-16 20:43:40,904 - AUTO_PILOT - Syncing FROM GitHub (Pull)...
2026-02-16 20:43:40,908 - AUTO_PILOT - Git Pull Failed: [Errno 2] No such file or directory: 'git'
2026-02-16 20:44:40,945 - AUTO_PILOT - Syncing FROM GitHub (Pull)...
2026-02-16 20:44:40,951 - AUTO_PILOT - Git Pull Failed: [Errno 2] No such file or directory: 'git'
2026-02-16 20:45:41,039 - AUTO_PILOT - Syncing FROM GitHub (Pull)...
2026-02-16 20:45:41,042 - AUTO_PILOT - Git Pull Failed: [Errno 2] No such file or directory: 'git'
2026-02-16 20:46:41,100 - AUTO_PILOT - Syncing FROM GitHub (Pull)...
2026-02-16 20:46:41,103 - AUTO_PILOT - Git Pull Failed: [Errno 2] No such file or directory: 'git'
2026-02-16 20:47:41,155 - AUTO_PILOT - Syncing FROM GitHub (Pull)...
2026-02-16 20:47:41,158 - AUTO_PILOT - Git Pull Failed: [Errno 2] No such file or directory: 'git'
2026-02-16 20:48:41,226 - AUTO_PILOT - Syncing FROM GitHub (Pull)...
2026-02-16 20:48:41,229 - AUTO_PILOT - Git Pull Failed: [Errno 2] No such file or directory: 'git'
2026-02-16 20:49:41,296 - AUTO_PILOT - Syncing FROM GitHub (Pull)...
2026-02-16 20:49:41,299 - AUTO_PILOT - Git Pull Failed: [Errno 2] No such file or directory: 'git'
2026-02-16 20:50:41,366 - AUTO_PILOT - Syncing FROM GitHub (Pull)...
2026-02-16 20:50:41,373 - AUTO_PILOT - Git Pull Failed: [Errno 2] No such file or directory: 'git'
2026-02-16 20:51:41,466 - AUTO_PILOT - Syncing FROM GitHub (Pull)...
2026-02-16 20:51:41,470 - AUTO_PILOT - Git Pull Failed: [Errno 2] No such file or directory: 'git'
2026-02-16 20:52:41,553 - AUTO_PILOT - Syncing FROM GitHub (Pull)...
2026-02-16 20:52:41,559 - AUTO_PILOT - Git Pull Failed: [Errno 2] No such file or directory: 'git'
2026-02-16 20:53:41,654 - AUTO_PILOT - Syncing FROM GitHub (Pull)...
2026-02-16 20:53:41,657 - AUTO_PILOT - Git Pull Failed: [Errno 2] No such file or directory: 'git'
2026-02-16 20:54:41,734 - AUTO_PILOT - Syncing FROM GitHub (Pull)...
2026-02-16 20:54:41,740 - AUTO_PILOT - Git Pull Failed: [Errno 2] No such file or directory: 'git'
2026-02-16 20:55:41,836 - AUTO_PILOT - Syncing FROM GitHub (Pull)...
2026-02-16 20:55:41,842 - AUTO_PILOT - Git Pull Failed: [Errno 2] No such file or directory: 'git'
2026-02-16 20:56:41,938 - AUTO_PILOT - Syncing FROM GitHub (Pull)...
2026-02-16 20:56:41,944 - AUTO_PILOT - Git Pull Failed: [Errno 2] No such file or directory: 'git'
2026-02-16 20:57:42,038 - AUTO_PILOT - Syncing FROM GitHub (Pull)...
2026-02-16 20:57:42,042 - AUTO_PILOT - Git Pull Failed: [Errno 2] No such file or directory: 'git'
2026-02-16 20:58:42,078 - AUTO_PILOT - Syncing FROM GitHub (Pull)...
2026-02-16 20:58:42,084 - AUTO_PILOT - Git Pull Failed: [Errno 2] No such file or directory: 'git'
2026-02-16 20:59:42,189 - AUTO_PILOT - Syncing FROM GitHub (Pull)...
2026-02-16 20:59:42,192 - AUTO_PILOT - Git Pull Failed: [Errno 2] No such file or directory: 'git'
2026-02-16 21:00:42,263 - AUTO_PILOT - Syncing FROM GitHub (Pull)...
2026-02-16 21:00:42,270 - AUTO_PILOT - Git Pull Failed: [Errno 2] No such file or directory: 'git'
2026-02-16 21:01:42,364 - AUTO_PILOT - Syncing FROM GitHub (Pull)...
2026-02-16 21:01:42,370 - AUTO_PILOT - Git Pull Failed: [Errno 2] No such file or directory: 'git'
2026-02-16 21:02:42,453 - AUTO_PILOT - Syncing FROM GitHub (Pull)...
2026-02-16 21:02:42,459 - AUTO_PILOT - Git Pull Failed: [Errno 2] No such file or directory: 'git'
2026-02-16 21:03:42,527 - AUTO_PILOT - Syncing FROM GitHub (Pull)...
2026-02-16 21:03:42,530 - AUTO_PILOT - Git Pull Failed: [Errno 2] No such file or directory: 'git'
2026-02-16 21:04:42,606 - AUTO_PILOT - Syncing FROM GitHub (Pull)...
2026-02-16 21:04:42,610 - AUTO_PILOT - Git Pull Failed: [Errno 2] No such file or directory: 'git'
2026-02-16 21:05:42,692 - AUTO_PILOT - Syncing FROM GitHub (Pull)...
2026-02-16 21:05:42,697 - AUTO_PILOT - Git Pull Failed: [Errno 2] No such file or directory: 'git'
2026-02-16 21:06:42,787 - AUTO_PILOT - Syncing FROM GitHub (Pull)...
2026-02-16 21:06:42,789 - AUTO_PILOT - Git Pull Failed: [Errno 2] No such file or directory: 'git'
2026-02-16 21:07:42,852 - AUTO_PILOT - Syncing FROM GitHub (Pull)...
2026-02-16 21:07:42,859 - AUTO_PILOT - Git Pull Failed: [Errno 2] No such file or directory: 'git'
2026-02-16 21:08:42,956 - AUTO_PILOT - Syncing FROM GitHub (Pull)...
2026-02-16 21:08:42,962 - AUTO_PILOT - Git Pull Failed: [Errno 2] No such file or directory: 'git'
2026-02-16 21:09:43,058 - AUTO_PILOT - Syncing FROM GitHub (Pull)...
2026-02-16 21:09:43,067 - AUTO_PILOT - Git Pull Failed: [Errno 2] No such file or directory: 'git'
2026-02-16 21:10:43,161 - AUTO_PILOT - Syncing FROM GitHub (Pull)...
2026-02-16 21:10:43,167 - AUTO_PILOT - Git Pull Failed: [Errno 2] No such file or directory: 'git'
2026-02-16 21:11:43,260 - AUTO_PILOT - Syncing FROM GitHub (Pull)...
2026-02-16 21:11:43,264 - AUTO_PILOT - Git Pull Failed: [Errno 2] No such file or directory: 'git'
2026-02-16 21:12:43,341 - AUTO_PILOT - Syncing FROM GitHub (Pull)...
2026-02-16 21:12:43,347 - AUTO_PILOT - Git Pull Failed: [Errno 2] No such file or directory: 'git'
2026-02-16 21:13:43,422 - AUTO_PILOT - Syncing FROM GitHub (Pull)...
2026-02-16 21:13:43,428 - AUTO_PILOT - Git Pull Failed: [Errno 2] No such file or directory: 'git'
2026-02-16 21:14:43,523 - AUTO_PILOT - Syncing FROM GitHub (Pull)...
2026-02-16 21:14:43,530 - AUTO_PILOT - Git Pull Failed: [Errno 2] No such file or directory: 'git'
2026-02-16 21:15:43,584 - AUTO_PILOT - Syncing FROM GitHub (Pull)...
2026-02-16 21:15:43,590 - AUTO_PILOT - Git Pull Failed: [Errno 2] No such file or directory: 'git'
2026-02-16 21:16:43,683 - AUTO_PILOT - Syncing FROM GitHub (Pull)...
2026-02-16 21:16:43,689 - AUTO_PILOT - Git Pull Failed: [Errno 2] No such file or directory: 'git'
2026-02-16 21:17:43,750 - AUTO_PILOT - Syncing FROM GitHub (Pull)...
2026-02-16 21:17:43,756 - AUTO_PILOT - Git Pull Failed: [Errno 2] No such file or directory: 'git'
2026-02-16 21:18:43,841 - AUTO_PILOT - Syncing FROM GitHub (Pull)...
2026-02-16 21:18:43,844 - AUTO_PILOT - Git Pull Failed: [Errno 2] No such file or directory: 'git'
2026-02-16 21:19:43,927 - AUTO_PILOT - Syncing FROM GitHub (Pull)...
2026-02-16 21:19:43,933 - AUTO_PILOT - Git Pull Failed: [Errno 2] No such file or directory: 'git'
2026-02-16 21:20:44,022 - AUTO_PILOT - Syncing FROM GitHub (Pull)...
2026-02-16 21:20:44,028 - AUTO_PILOT - Git Pull Failed: [Errno 2] No such file or directory: 'git'
2026-02-16 21:21:44,126 - AUTO_PILOT - Syncing FROM GitHub (Pull)...
2026-02-16 21:21:44,130 - AUTO_PILOT - Git Pull Failed: [Errno 2] No such file or directory: 'git'
2026-02-16 21:22:44,157 - AUTO_PILOT - Syncing FROM GitHub (Pull)...
2026-02-16 21:22:44,160 - AUTO_PILOT - Git Pull Failed: [Errno 2] No such file or directory: 'git'
2026-02-16 21:23:44,229 - AUTO_PILOT - Syncing FROM GitHub (Pull)...
2026-02-16 21:23:44,233 - AUTO_PILOT - Git Pull Failed: [Errno 2] No such file or directory: 'git'
2026-02-16 21:24:44,309 - AUTO_PILOT - Syncing FROM GitHub (Pull)...
2026-02-16 21:24:44,315 - AUTO_PILOT - Git Pull Failed: [Errno 2] No such file or directory: 'git'
2026-02-16 21:25:44,407 - AUTO_PILOT - Syncing FROM GitHub (Pull)...
2026-02-16 21:25:44,412 - AUTO_PILOT - Git Pull Failed: [Errno 2] No such file or directory: 'git'
2026-02-16 21:26:44,496 - AUTO_PILOT - Syncing FROM GitHub (Pull)...
2026-02-16 21:26:44,502 - AUTO_PILOT - Git Pull Failed: [Errno 2] No such file or directory: 'git'
2026-02-16 21:27:44,591 - AUTO_PILOT - Syncing FROM GitHub (Pull)...
2026-02-16 21:27:44,598 - AUTO_PILOT - Git Pull Failed: [Errno 2] No such file or directory: 'git'
2026-02-16 21:28:44,694 - AUTO_PILOT - Syncing FROM GitHub (Pull)...
2026-02-16 21:28:44,699 - AUTO_PILOT - Git Pull Failed: [Errno 2] No such file or directory: 'git'
2026-02-16 21:29:44,787 - AUTO_PILOT - Syncing FROM GitHub (Pull)...
2026-02-16 21:29:44,789 - AUTO_PILOT - Git Pull Failed: [Errno 2] No such file or directory: 'git'
2026-02-16 21:30:44,852 - AUTO_PILOT - Syncing FROM GitHub (Pull)...
2026-02-16 21:30:44,855 - AUTO_PILOT - Git Pull Failed: [Errno 2] No such file or directory: 'git'
2026-02-16 21:31:44,922 - AUTO_PILOT - Syncing FROM GitHub (Pull)...
2026-02-16 21:31:44,928 - AUTO_PILOT - Git Pull Failed: [Errno 2] No such file or directory: 'git'
2026-02-16 21:32:44,995 - AUTO_PILOT - Syncing FROM GitHub (Pull)...
2026-02-16 21:32:45,000 - AUTO_PILOT - Git Pull Failed: [Errno 2] No such file or directory: 'git'
2026-02-16 21:33:45,087 - AUTO_PILOT - Syncing FROM GitHub (Pull)...
2026-02-16 21:33:45,092 - AUTO_PILOT - Git Pull Failed: [Errno 2] No such file or directory: 'git'
2026-02-16 21:34:45,181 - AUTO_PILOT - Syncing FROM GitHub (Pull)...
2026-02-16 21:34:45,187 - AUTO_PILOT - Git Pull Failed: [Errno 2] No such file or directory: 'git'
2026-02-16 21:35:45,281 - AUTO_PILOT - Syncing FROM GitHub (Pull)...
2026-02-16 21:35:45,288 - AUTO_PILOT - Git Pull Failed: [Errno 2] No such file or directory: 'git'
2026-02-16 21:36:45,380 - AUTO_PILOT - Syncing FROM GitHub (Pull)...
2026-02-16 21:36:45,385 - AUTO_PILOT - Git Pull Failed: [Errno 2] No such file or directory: 'git'
2026-02-16 21:37:45,472 - AUTO_PILOT - Syncing FROM GitHub (Pull)...
2026-02-16 21:37:45,476 - AUTO_PILOT - Git Pull Failed: [Errno 2] No such file or directory: 'git'
2026-02-16 21:38:45,565 - AUTO_PILOT - Syncing FROM GitHub (Pull)...
2026-02-16 21:38:45,571 - AUTO_PILOT - Git Pull Failed: [Errno 2] No such file or directory: 'git'
2026-02-16 21:39:45,665 - AUTO_PILOT - Syncing FROM GitHub (Pull)...
2026-02-16 21:39:45,670 - AUTO_PILOT - Git Pull Failed: [Errno 2] No such file or directory: 'git'
2026-02-16 21:40:45,757 - AUTO_PILOT - Syncing FROM GitHub (Pull)...
2026-02-16 21:40:45,761 - AUTO_PILOT - Git Pull Failed: [Errno 2] No such file or directory: 'git'
2026-02-16 21:41:45,835 - AUTO_PILOT - Syncing FROM GitHub (Pull)...
2026-02-16 21:41:45,837 - AUTO_PILOT - Git Pull Failed: [Errno 2] No such file or directory: 'git'
2026-02-16 21:42:45,899 - AUTO_PILOT - Syncing FROM GitHub (Pull)...
2026-02-16 21:42:45,900 - AUTO_PILOT - Git Pull Failed: [Errno 2] No such file or directory: 'git'
2026-02-16 21:43:45,937 - AUTO_PILOT - Syncing FROM GitHub (Pull)...
2026-02-16 21:43:45,939 - AUTO_PILOT - Git Pull Failed: [Errno 2] No such file or directory: 'git'
2026-02-16 21:44:45,942 - AUTO_PILOT - Syncing FROM GitHub (Pull)...
2026-02-16 21:44:45,945 - AUTO_PILOT - Git Pull Failed: [Errno 2] No such file or directory: 'git'
2026-02-16 21:45:45,987 - AUTO_PILOT - Syncing FROM GitHub (Pull)...
2026-02-16 21:45:45,990 - AUTO_PILOT - Git Pull Failed: [Errno 2] No such file or directory: 'git'
2026-02-16 21:46:46,054 - AUTO_PILOT - Syncing FROM GitHub (Pull)...
2026-02-16 21:46:46,056 - AUTO_PILOT - Git Pull Failed: [Errno 2] No such file or directory: 'git'
2026-02-16 21:47:46,117 - AUTO_PILOT - Syncing FROM GitHub (Pull)...
2026-02-16 21:47:46,120 - AUTO_PILOT - Git Pull Failed: [Errno 2] No such file or directory: 'git'
2026-02-16 21:48:46,169 - AUTO_PILOT - Syncing FROM GitHub (Pull)...
2026-02-16 21:48:46,171 - AUTO_PILOT - Git Pull Failed: [Errno 2] No such file or directory: 'git'
2026-02-16 21:49:46,235 - AUTO_PILOT - Syncing FROM GitHub (Pull)...
2026-02-16 21:49:46,237 - AUTO_PILOT - Git Pull Failed: [Errno 2] No such file or directory: 'git'
2026-02-16 21:50:46,303 - AUTO_PILOT - Syncing FROM GitHub (Pull)...
2026-02-16 21:50:46,305 - AUTO_PILOT - Git Pull Failed: [Errno 2] No such file or directory: 'git'
2026-02-16 21:51:46,366 - AUTO_PILOT - Syncing FROM GitHub (Pull)...
2026-02-16 21:51:46,368 - AUTO_PILOT - Git Pull Failed: [Errno 2] No such file or directory: 'git'
2026-02-16 21:52:46,437 - AUTO_PILOT - Syncing FROM GitHub (Pull)...
2026-02-16 21:52:46,440 - AUTO_PILOT - Git Pull Failed: [Errno 2] No such file or directory: 'git'
2026-02-16 21:53:46,495 - AUTO_PILOT - Syncing FROM GitHub (Pull)...
2026-02-16 21:53:46,498 - AUTO_PILOT - Git Pull Failed: [Errno 2] No such file or directory: 'git'
2026-02-16 21:54:46,544 - AUTO_PILOT - Syncing FROM GitHub (Pull)...
2026-02-16 21:54:46,546 - AUTO_PILOT - Git Pull Failed: [Errno 2] No such file or directory: 'git'
2026-02-16 21:55:46,610 - AUTO_PILOT - Syncing FROM GitHub (Pull)...
2026-02-16 21:55:46,611 - AUTO_PILOT - Git Pull Failed: [Errno 2] No such file or directory: 'git'
2026-02-16 21:56:46,672 - AUTO_PILOT - Syncing FROM GitHub (Pull)...
2026-02-16 21:56:46,673 - AUTO_PILOT - Git Pull Failed: [Errno 2] No such file or directory: 'git'
2026-02-16 21:57:46,736 - AUTO_PILOT - Syncing FROM GitHub (Pull)...
2026-02-16 21:57:46,738 - AUTO_PILOT - Git Pull Failed: [Errno 2] No such file or directory: 'git'
2026-02-16 21:58:46,777 - AUTO_PILOT - Syncing FROM GitHub (Pull)...
2026-02-16 21:58:46,780 - AUTO_PILOT - Git Pull Failed: [Errno 2] No such file or directory: 'git'
2026-02-16 21:59:46,787 - AUTO_PILOT - Syncing FROM GitHub (Pull)...
2026-02-16 21:59:46,790 - AUTO_PILOT - Git Pull Failed: [Errno 2] No such file or directory: 'git'
2026-02-16 22:00:46,836 - AUTO_PILOT - Syncing FROM GitHub (Pull)...
2026-02-16 22:00:46,838 - AUTO_PILOT - Git Pull Failed: [Errno 2] No such file or directory: 'git'
2026-02-16 22:01:46,903 - AUTO_PILOT - Syncing FROM GitHub (Pull)...
2026-02-16 22:01:46,906 - AUTO_PILOT - Git Pull Failed: [Errno 2] No such file or directory: 'git'
2026-02-16 22:02:46,971 - AUTO_PILOT - Syncing FROM GitHub (Pull)...
2026-02-16 22:02:46,974 - AUTO_PILOT - Git Pull Failed: [Errno 2] No such file or directory: 'git'
2026-02-16 22:03:47,038 - AUTO_PILOT - Syncing FROM GitHub (Pull)...
2026-02-16 22:03:47,040 - AUTO_PILOT - Git Pull Failed: [Errno 2] No such file or directory: 'git'
2026-02-16 22:04:47,090 - AUTO_PILOT - Syncing FROM GitHub (Pull)...
2026-02-16 22:04:47,092 - AUTO_PILOT - Git Pull Failed: [Errno 2] No such file or directory: 'git'
2026-02-16 22:05:47,154 - AUTO_PILOT - Syncing FROM GitHub (Pull)...
2026-02-16 22:05:47,156 - AUTO_PILOT - Git Pull Failed: [Errno 2] No such file or directory: 'git'
2026-02-16 22:06:47,202 - AUTO_PILOT - Syncing FROM GitHub (Pull)...
2026-02-16 22:06:47,203 - AUTO_PILOT - Git Pull Failed: [Errno 2] No such file or directory: 'git'
2026-02-16 22:07:47,268 - AUTO_PILOT - Syncing FROM GitHub (Pull)...
2026-02-16 22:07:47,270 - AUTO_PILOT - Git Pull Failed: [Errno 2] No such file or directory: 'git'
2026-02-16 22:08:47,333 - AUTO_PILOT - Syncing FROM GitHub (Pull)...
2026-02-16 22:08:47,336 - AUTO_PILOT - Git Pull Failed: [Errno 2] No such file or directory: 'git'
2026-02-16 22:09:47,371 - AUTO_PILOT - Syncing FROM GitHub (Pull)...
2026-02-16 22:09:47,372 - AUTO_PILOT - Git Pull Failed: [Errno 2] No such file or directory: 'git'
2026-02-16 22:10:47,433 - AUTO_PILOT - Syncing FROM GitHub (Pull)...
2026-02-16 22:10:47,434 - AUTO_PILOT - Git Pull Failed: [Errno 2] No such file or directory: 'git'
2026-02-16 22:11:47,497 - AUTO_PILOT - Syncing FROM GitHub (Pull)...
2026-02-16 22:11:47,498 - AUTO_PILOT - Git Pull Failed: [Errno 2] No such file or directory: 'git'
2026-02-16 22:12:47,513 - AUTO_PILOT - Syncing FROM GitHub (Pull)...
2026-02-16 22:12:47,515 - AUTO_PILOT - Git Pull Failed: [Errno 2] No such file or directory: 'git'
2026-02-16 22:13:47,564 - AUTO_PILOT - Syncing FROM GitHub (Pull)...
2026-02-16 22:13:47,570 - AUTO_PILOT - Git Pull Failed: [Errno 2] No such file or directory: 'git'
2026-02-16 22:14:47,624 - AUTO_PILOT - Syncing FROM GitHub (Pull)...
2026-02-16 22:14:47,626 - AUTO_PILOT - Git Pull Failed: [Errno 2] No such file or directory: 'git'
2026-02-16 22:15:47,632 - AUTO_PILOT - Syncing FROM GitHub (Pull)...
2026-02-16 22:15:47,634 - AUTO_PILOT - Git Pull Failed: [Errno 2] No such file or directory: 'git'
2026-02-16 22:16:47,701 - AUTO_PILOT - Syncing FROM GitHub (Pull)...
2026-02-16 22:16:47,703 - AUTO_PILOT - Git Pull Failed: [Errno 2] No such file or directory: 'git'
2026-02-16 22:17:47,746 - AUTO_PILOT - Syncing FROM GitHub (Pull)...
2026-02-16 22:17:47,751 - AUTO_PILOT - Git Pull Failed: [Errno 2] No such file or directory: 'git'
2026-02-16 22:18:47,823 - AUTO_PILOT - Syncing FROM GitHub (Pull)...
2026-02-16 22:18:47,827 - AUTO_PILOT - Git Pull Failed: [Errno 2] No such file or directory: 'git'
2026-02-16 22:19:47,884 - AUTO_PILOT - Syncing FROM GitHub (Pull)...
2026-02-16 22:19:47,885 - AUTO_PILOT - Git Pull Failed: [Errno 2] No such file or directory: 'git'
2026-02-16 22:20:47,948 - AUTO_PILOT - Syncing FROM GitHub (Pull)...
2026-02-16 22:20:47,949 - AUTO_PILOT - Git Pull Failed: [Errno 2] No such file or directory: 'git'
2026-02-16 22:21:48,011 - AUTO_PILOT - Syncing FROM GitHub (Pull)...
2026-02-16 22:21:48,014 - AUTO_PILOT - Git Pull Failed: [Errno 2] No such file or directory: 'git'
2026-02-16 22:22:48,079 - AUTO_PILOT - Syncing FROM GitHub (Pull)...
2026-02-16 22:22:48,082 - AUTO_PILOT - Git Pull Failed: [Errno 2] No such file or directory: 'git'
2026-02-16 22:23:48,146 - AUTO_PILOT - Syncing FROM GitHub (Pull)...
2026-02-16 22:23:48,148 - AUTO_PILOT - Git Pull Failed: [Errno 2] No such file or directory: 'git'
2026-02-16 22:24:48,155 - AUTO_PILOT - Syncing FROM GitHub (Pull)...
2026-02-16 22:24:48,158 - AUTO_PILOT - Git Pull Failed: [Errno 2] No such file or directory: 'git'
2026-02-16 22:25:48,231 - AUTO_PILOT - Syncing FROM GitHub (Pull)...
2026-02-16 22:25:48,235 - AUTO_PILOT - Git Pull Failed: [Errno 2] No such file or directory: 'git'
2026-02-16 22:26:48,307 - AUTO_PILOT - Syncing FROM GitHub (Pull)...
2026-02-16 22:26:48,311 - AUTO_PILOT - Git Pull Failed: [Errno 2] No such file or directory: 'git'
2026-02-16 22:27:48,350 - AUTO_PILOT - Syncing FROM GitHub (Pull)...
2026-02-16 22:27:48,353 - AUTO_PILOT - Git Pull Failed: [Errno 2] No such file or directory: 'git'
2026-02-16 22:28:48,412 - AUTO_PILOT - Syncing FROM GitHub (Pull)...
2026-02-16 22:28:48,415 - AUTO_PILOT - Git Pull Failed: [Errno 2] No such file or directory: 'git'
2026-02-16 22:29:48,481 - AUTO_PILOT - Syncing FROM GitHub (Pull)...
2026-02-16 22:29:48,483 - AUTO_PILOT - Git Pull Failed: [Errno 2] No such file or directory: 'git'
2026-02-19 23:35:07,798 - AUTO_PILOT - Auto-Pilot Started. Schedule: Daily at 12:00 AM (Midnight).
2026-02-19 23:35:07,803 - AUTO_PILOT - Next run scheduled for: 2026-02-20 00:00:00
2026-02-19 23:35:07,804 - AUTO_PILOT - Syncing FROM GitHub (Pull)...
2026-02-19 23:35:07,805 - AUTO_PILOT - Git Pull Failed: [Errno 2] No such file or directory: 'git'
2026-02-19 23:36:04,910 - AUTO_PILOT - Syncing FROM GitHub (Pull)...
2026-02-19 23:36:04,913 - AUTO_PILOT - Git Pull Failed: [Errno 2] No such file or directory: 'git'
2026-02-19 23:37:05,021 - AUTO_PILOT - Syncing FROM GitHub (Pull)...
2026-02-19 23:37:05,029 - AUTO_PILOT - Git Pull Failed: [Errno 2] No such file or directory: 'git'
2026-02-19 23:38:05,136 - AUTO_PILOT - Syncing FROM GitHub (Pull)...
2026-02-19 23:38:05,142 - AUTO_PILOT - Git Pull Failed: [Errno 2] No such file or directory: 'git'
2026-02-19 23:39:05,242 - AUTO_PILOT - Syncing FROM GitHub (Pull)...
2026-02-19 23:39:05,251 - AUTO_PILOT - Git Pull Failed: [Errno 2] No such file or directory: 'git'
2026-02-19 23:40:05,347 - AUTO_PILOT - Syncing FROM GitHub (Pull)...
2026-02-19 23:40:05,355 - AUTO_PILOT - Git Pull Failed: [Errno 2] No such file or directory: 'git'
2026-02-19 23:41:05,406 - AUTO_PILOT - Syncing FROM GitHub (Pull)...
2026-02-19 23:41:05,413 - AUTO_PILOT - Git Pull Failed: [Errno 2] No such file or directory: 'git'
2026-02-19 23:42:05,509 - AUTO_PILOT - Syncing FROM GitHub (Pull)...
2026-02-19 23:42:05,516 - AUTO_PILOT - Git Pull Failed: [Errno 2] No such file or directory: 'git'
2026-02-19 23:43:05,548 - AUTO_PILOT - Syncing FROM GitHub (Pull)...
2026-02-19 23:43:05,554 - AUTO_PILOT - Git Pull Failed: [Errno 2] No such file or directory: 'git'
2026-02-19 23:44:05,610 - AUTO_PILOT - Syncing FROM GitHub (Pull)...
2026-02-19 23:44:05,616 - AUTO_PILOT - Git Pull Failed: [Errno 2] No such file or directory: 'git'
2026-02-19 23:45:05,711 - AUTO_PILOT - Syncing FROM GitHub (Pull)...
2026-02-19 23:45:05,713 - AUTO_PILOT - Git Pull Failed: [Errno 2] No such file or directory: 'git'
2026-02-19 23:46:05,774 - AUTO_PILOT - Syncing FROM GitHub (Pull)...
2026-02-19 23:46:05,781 - AUTO_PILOT - Git Pull Failed: [Errno 2] No such file or directory: 'git'
2026-02-19 23:47:05,827 - AUTO_PILOT - Syncing FROM GitHub (Pull)...
2026-02-19 23:47:05,832 - AUTO_PILOT - Git Pull Failed: [Errno 2] No such file or directory: 'git'
2026-02-19 23:48:05,867 - AUTO_PILOT - Syncing FROM GitHub (Pull)...
2026-02-19 23:48:05,871 - AUTO_PILOT - Git Pull Failed: [Errno 2] No such file or directory: 'git'
2026-02-19 23:49:05,945 - AUTO_PILOT - Syncing FROM GitHub (Pull)...
2026-02-19 23:49:05,950 - AUTO_PILOT - Git Pull Failed: [Errno 2] No such file or directory: 'git'
2026-02-19 23:50:06,032 - AUTO_PILOT - Syncing FROM GitHub (Pull)...
2026-02-19 23:50:06,037 - AUTO_PILOT - Git Pull Failed: [Errno 2] No such file or directory: 'git'
2026-02-19 23:51:06,121 - AUTO_PILOT - Syncing FROM GitHub (Pull)...
2026-02-19 23:51:06,126 - AUTO_PILOT - Git Pull Failed: [Errno 2] No such file or directory: 'git'
2026-02-19 23:52:06,218 - AUTO_PILOT - Syncing FROM GitHub (Pull)...
2026-02-19 23:52:06,220 - AUTO_PILOT - Git Pull Failed: [Errno 2] No such file or directory: 'git'
2026-02-19 23:53:06,287 - AUTO_PILOT - Syncing FROM GitHub (Pull)...
2026-02-19 23:53:06,288 - AUTO_PILOT - Git Pull Failed: [Errno 2] No such file or directory: 'git'
2026-02-19 23:54:06,348 - AUTO_PILOT - Syncing FROM GitHub (Pull)...
2026-02-19 23:54:06,352 - AUTO_PILOT - Git Pull Failed: [Errno 2] No such file or directory: 'git'
2026-02-19 23:55:06,432 - AUTO_PILOT - Syncing FROM GitHub (Pull)...
2026-02-19 23:55:06,438 - AUTO_PILOT - Git Pull Failed: [Errno 2] No such file or directory: 'git'
2026-02-19 23:56:06,524 - AUTO_PILOT - Syncing FROM GitHub (Pull)...
2026-02-19 23:56:06,527 - AUTO_PILOT - Git Pull Failed: [Errno 2] No such file or directory: 'git'
2026-02-19 23:57:06,558 - AUTO_PILOT - Syncing FROM GitHub (Pull)...
2026-02-19 23:57:06,561 - AUTO_PILOT - Git Pull Failed: [Errno 2] No such file or directory: 'git'
2026-02-19 23:58:06,632 - AUTO_PILOT - Syncing FROM GitHub (Pull)...
2026-02-19 23:58:06,637 - AUTO_PILOT - Git Pull Failed: [Errno 2] No such file or directory: 'git'
2026-02-19 23:59:06,696 - AUTO_PILOT - Syncing FROM GitHub (Pull)...
2026-02-19 23:59:06,698 - AUTO_PILOT - Git Pull Failed: [Errno 2] No such file or directory: 'git'
2026-02-20 00:00:06,768 - AUTO_PILOT - Syncing FROM GitHub (Pull)...
2026-02-20 00:00:06,774 - AUTO_PILOT - Git Pull Failed: [Errno 2] No such file or directory: 'git'
2026-02-20 00:00:06,777 - AUTO_PILOT - Midnight Triggered! Starting new day...
2026-02-20 00:00:06,818 - AUTO_PILOT - State reset for 2026-02-20. Pipeline should pick this up shortly.
2026-02-20 00:00:06,843 - AUTO_PILOT - Triggering FETCH...
2026-02-20 00:00:06,844 - AUTO_PILOT - Starting process: ['/usr/local/bin/python', '/app/stock_ticker/main.py', '--fetch-only']
2026-02-20 00:02:06,945 - AUTO_PILOT - Syncing FROM GitHub (Pull)...
2026-02-20 00:02:06,952 - AUTO_PILOT - Git Pull Failed: [Errno 2] No such file or directory: 'git'
2026-02-20 00:02:06,983 - AUTO_PILOT - Triggering MODEL...
2026-02-20 00:02:06,984 - AUTO_PILOT - Starting process: ['/usr/local/bin/python', '/app/stock_ticker/main.py', '--analyze-only']
2026-02-20 00:04:07,042 - AUTO_PILOT - Syncing FROM GitHub (Pull)...
2026-02-20 00:04:07,046 - AUTO_PILOT - Git Pull Failed: [Errno 2] No such file or directory: 'git'
2026-02-20 00:04:07,074 - AUTO_PILOT - Triggering BIG BETS...
2026-02-20 00:04:07,075 - AUTO_PILOT - Starting Big Bets Analysis...
2026-02-20 00:04:07,427 - AUTO_PILOT - Big Bets Results Saved to /app/stock_ticker/data/big_bets_results.csv
2026-02-20 00:04:07,436 - AUTO_PILOT - Git Auto-Sync failed: [Errno 2] No such file or directory: 'git'
2026-02-20 00:04:07,437 - AUTO_PILOT - Pushed All Data results to GitHub.
2026-02-20 00:06:07,534 - AUTO_PILOT - Syncing FROM GitHub (Pull)...
2026-02-20 00:06:07,539 - AUTO_PILOT - Git Pull Failed: [Errno 2] No such file or directory: 'git'
2026-02-20 00:07:07,625 - AUTO_PILOT - Syncing FROM GitHub (Pull)...
2026-02-20 00:07:07,629 - AUTO_PILOT - Git Pull Failed: [Errno 2] No such file or directory: 'git'
2026-02-20 00:08:07,667 - AUTO_PILOT - Syncing FROM GitHub (Pull)...
2026-02-20 00:08:07,670 - AUTO_PILOT - Git Pull Failed: [Errno 2] No such file or directory: 'git'
2026-02-20 00:09:07,737 - AUTO_PILOT - Syncing FROM GitHub (Pull)...
2026-02-20 00:09:07,741 - AUTO_PILOT - Git Pull Failed: [Errno 2] No such file or directory: 'git'
2026-02-20 00:10:07,811 - AUTO_PILOT - Syncing FROM GitHub (Pull)...
2026-02-20 00:10:07,817 - AUTO_PILOT - Git Pull Failed: [Errno 2] No such file or directory: 'git'
2026-02-20 00:11:07,894 - AUTO_PILOT - Syncing FROM GitHub (Pull)...
2026-02-20 00:11:07,900 - AUTO_PILOT - Git Pull Failed: [Errno 2] No such file or directory: 'git'
2026-02-20 00:12:07,991 - AUTO_PILOT - Syncing FROM GitHub (Pull)...
2026-02-20 00:12:07,997 - AUTO_PILOT - Git Pull Failed: [Errno 2] No such file or directory: 'git'
2026-02-20 00:13:08,084 - AUTO_PILOT - Syncing FROM GitHub (Pull)...
2026-02-20 00:13:08,090 - AUTO_PILOT - Git Pull Failed: [Errno 2] No such file or directory: 'git'
2026-02-20 00:14:08,181 - AUTO_PILOT - Syncing FROM GitHub (Pull)...
2026-02-20 00:14:08,184 - AUTO_PILOT - Git Pull Failed: [Errno 2] No such file or directory: 'git'
2026-02-20 00:15:08,254 - AUTO_PILOT - Syncing FROM GitHub (Pull)...
2026-02-20 00:15:08,259 - AUTO_PILOT - Git Pull Failed: [Errno 2] No such file or directory: 'git'
2026-02-20 00:16:08,342 - AUTO_PILOT - Syncing FROM GitHub (Pull)...
2026-02-20 00:16:08,347 - AUTO_PILOT - Git Pull Failed: [Errno 2] No such file or directory: 'git'
2026-02-20 00:17:08,421 - AUTO_PILOT - Syncing FROM GitHub (Pull)...
2026-02-20 00:17:08,424 - AUTO_PILOT - Git Pull Failed: [Errno 2] No such file or directory: 'git'
2026-02-20 00:18:08,450 - AUTO_PILOT - Syncing FROM GitHub (Pull)...
2026-02-20 00:18:08,451 - AUTO_PILOT - Git Pull Failed: [Errno 2] No such file or directory: 'git'
2026-02-20 00:19:08,511 - AUTO_PILOT - Syncing FROM GitHub (Pull)...
2026-02-20 00:19:08,516 - AUTO_PILOT - Git Pull Failed: [Errno 2] No such file or directory: 'git'
2026-02-20 00:20:08,603 - AUTO_PILOT - Syncing FROM GitHub (Pull)...
2026-02-20 00:20:08,607 - AUTO_PILOT - Git Pull Failed: [Errno 2] No such file or directory: 'git'
2026-02-20 00:21:08,691 - AUTO_PILOT - Syncing FROM GitHub (Pull)...
2026-02-20 00:21:08,696 - AUTO_PILOT - Git Pull Failed: [Errno 2] No such file or directory: 'git'
2026-02-20 00:22:08,768 - AUTO_PILOT - Syncing FROM GitHub (Pull)...
2026-02-20 00:22:08,771 - AUTO_PILOT - Git Pull Failed: [Errno 2] No such file or directory: 'git'
2026-02-20 00:23:08,841 - AUTO_PILOT - Syncing FROM GitHub (Pull)...
2026-02-20 00:23:08,845 - AUTO_PILOT - Git Pull Failed: [Errno 2] No such file or directory: 'git'
2026-02-20 00:24:08,931 - AUTO_PILOT - Syncing FROM GitHub (Pull)...
2026-02-20 00:24:08,940 - AUTO_PILOT - Git Pull Failed: [Errno 2] No such file or directory: 'git'
2026-02-20 00:25:09,038 - AUTO_PILOT - Syncing FROM GitHub (Pull)...
2026-02-20 00:25:09,044 - AUTO_PILOT - Git Pull Failed: [Errno 2] No such file or directory: 'git'
2026-02-20 00:26:09,114 - AUTO_PILOT - Syncing FROM GitHub (Pull)...
2026-02-20 00:26:09,120 - AUTO_PILOT - Git Pull Failed: [Errno 2] No such file or directory: 'git'
2026-02-20 00:27:09,210 - AUTO_PILOT - Syncing FROM GitHub (Pull)...
2026-02-20 00:27:09,216 - AUTO_PILOT - Git Pull Failed: [Errno 2] No such file or directory: 'git'
2026-02-20 00:28:09,281 - AUTO_PILOT - Syncing FROM GitHub (Pull)...
2026-02-20 00:28:09,284 - AUTO_PILOT - Git Pull Failed: [Errno 2] No such file or directory: 'git'
2026-02-20 00:29:09,357 - AUTO_PILOT - Syncing FROM GitHub (Pull)...
2026-02-20 00:29:09,363 - AUTO_PILOT - Git Pull Failed: [Errno 2] No such file or directory: 'git'
2026-02-20 00:30:09,398 - AUTO_PILOT - Syncing FROM GitHub (Pull)...
2026-02-20 00:30:09,401 - AUTO_PILOT - Git Pull Failed: [Errno 2] No such file or directory: 'git'
2026-02-20 00:31:09,472 - AUTO_PILOT - Syncing FROM GitHub (Pull)...
2026-02-20 00:31:09,477 - AUTO_PILOT - Git Pull Failed: [Errno 2] No such file or directory: 'git'
2026-02-20 00:32:09,518 - AUTO_PILOT - Syncing FROM GitHub (Pull)...
2026-02-20 00:32:09,524 - AUTO_PILOT - Git Pull Failed: [Errno 2] No such file or directory: 'git'
2026-02-20 00:33:09,612 - AUTO_PILOT - Syncing FROM GitHub (Pull)...
2026-02-20 00:33:09,619 - AUTO_PILOT - Git Pull Failed: [Errno 2] No such file or directory: 'git'
2026-02-20 00:34:09,707 - AUTO_PILOT - Syncing FROM GitHub (Pull)...
2026-02-20 00:34:09,712 - AUTO_PILOT - Git Pull Failed: [Errno 2] No such file or directory: 'git'
2026-02-20 00:35:09,794 - AUTO_PILOT - Syncing FROM GitHub (Pull)...
2026-02-20 00:35:09,800 - AUTO_PILOT - Git Pull Failed: [Errno 2] No such file or directory: 'git'
2026-02-20 00:36:09,881 - AUTO_PILOT - Syncing FROM GitHub (Pull)...
2026-02-20 00:36:09,886 - AUTO_PILOT - Git Pull Failed: [Errno 2] No such file or directory: 'git'
2026-02-20 00:37:09,969 - AUTO_PILOT - Syncing FROM GitHub (Pull)...
2026-02-20 00:37:09,975 - AUTO_PILOT - Git Pull Failed: [Errno 2] No such file or directory: 'git'
2026-02-20 00:38:10,063 - AUTO_PILOT - Syncing FROM GitHub (Pull)...
2026-02-20 00:38:10,067 - AUTO_PILOT - Git Pull Failed: [Errno 2] No such file or directory: 'git'
2026-02-20 00:39:10,126 - AUTO_PILOT - Syncing FROM GitHub (Pull)...
2026-02-20 00:39:10,129 - AUTO_PILOT - Git Pull Failed: [Errno 2] No such file or directory: 'git'
2026-02-20 00:40:10,199 - AUTO_PILOT - Syncing FROM GitHub (Pull)...
2026-02-20 00:40:10,201 - AUTO_PILOT - Git Pull Failed: [Errno 2] No such file or directory: 'git'
2026-02-20 00:41:10,262 - AUTO_PILOT - Syncing FROM GitHub (Pull)...
2026-02-20 00:41:10,264 - AUTO_PILOT - Git Pull Failed: [Errno 2] No such file or directory: 'git'
2026-02-20 00:42:10,276 - AUTO_PILOT - Syncing FROM GitHub (Pull)...
2026-02-20 00:42:10,282 - AUTO_PILOT - Git Pull Failed: [Errno 2] No such file or directory: 'git'
2026-02-20 00:43:10,367 - AUTO_PILOT - Syncing FROM GitHub (Pull)...
2026-02-20 00:43:10,369 - AUTO_PILOT - Git Pull Failed: [Errno 2] No such file or directory: 'git'
2026-02-20 00:44:10,414 - AUTO_PILOT - Syncing FROM GitHub (Pull)...
2026-02-20 00:44:10,419 - AUTO_PILOT - Git Pull Failed: [Errno 2] No such file or directory: 'git'
2026-02-20 00:45:10,506 - AUTO_PILOT - Syncing FROM GitHub (Pull)...
2026-02-20 00:45:10,510 - AUTO_PILOT - Git Pull Failed: [Errno 2] No such file or directory: 'git'
2026-02-20 00:46:10,594 - AUTO_PILOT - Syncing FROM GitHub (Pull)...
2026-02-20 00:46:10,598 - AUTO_PILOT - Git Pull Failed: [Errno 2] No such file or directory: 'git'
2026-02-20 00:47:10,686 - AUTO_PILOT - Syncing FROM GitHub (Pull)...
2026-02-20 00:47:10,688 - AUTO_PILOT - Git Pull Failed: [Errno 2] No such file or directory: 'git'
2026-02-20 00:48:10,745 - AUTO_PILOT - Syncing FROM GitHub (Pull)...
2026-02-20 00:48:10,750 - AUTO_PILOT - Git Pull Failed: [Errno 2] No such file or directory: 'git'
2026-02-20 00:49:10,829 - AUTO_PILOT - Syncing FROM GitHub (Pull)...
2026-02-20 00:49:10,834 - AUTO_PILOT - Git Pull Failed: [Errno 2] No such file or directory: 'git'
2026-02-20 00:50:10,958 - AUTO_PILOT - Syncing FROM GitHub (Pull)...
2026-02-20 00:50:10,964 - AUTO_PILOT - Git Pull Failed: [Errno 2] No such file or directory: 'git'
2026-02-20 00:51:11,052 - AUTO_PILOT - Syncing FROM GitHub (Pull)...
2026-02-20 00:51:11,059 - AUTO_PILOT - Git Pull Failed: [Errno 2] No such file or directory: 'git'
2026-02-20 00:52:11,093 - AUTO_PILOT - Syncing FROM GitHub (Pull)...
2026-02-20 00:52:11,100 - AUTO_PILOT - Git Pull Failed: [Errno 2] No such file or directory: 'git'
2026-02-20 07:13:44,410 - AUTO_PILOT - Syncing FROM GitHub (Pull)...
2026-02-20 07:13:44,411 - AUTO_PILOT - Git Pull Failed: [Errno 2] No such file or directory: 'git'
2026-02-21 16:06:13,493 - AUTO_PILOT - Auto-Pilot Started. Schedule: Daily at 12:00 AM (Midnight).
2026-02-21 16:06:13,506 - AUTO_PILOT - Next run scheduled for: 2026-02-22 00:00:00
2026-02-21 16:06:13,510 - AUTO_PILOT - Syncing FROM GitHub (Pull)...
2026-02-21 16:06:13,512 - AUTO_PILOT - Git Pull Failed: [Errno 2] No such file or directory: 'git'
2026-02-21 16:07:11,812 - AUTO_PILOT - Syncing FROM GitHub (Pull)...
2026-02-21 16:07:11,816 - AUTO_PILOT - Git Pull Failed: [Errno 2] No such file or directory: 'git'
2026-02-21 16:08:11,911 - AUTO_PILOT - Syncing FROM GitHub (Pull)...
2026-02-21 16:08:11,918 - AUTO_PILOT - Git Pull Failed: [Errno 2] No such file or directory: 'git'
2026-02-21 16:09:11,989 - AUTO_PILOT - Syncing FROM GitHub (Pull)...
2026-02-21 16:09:11,994 - AUTO_PILOT - Git Pull Failed: [Errno 2] No such file or directory: 'git'
2026-02-21 16:10:12,076 - AUTO_PILOT - Syncing FROM GitHub (Pull)...
2026-02-21 16:10:12,081 - AUTO_PILOT - Git Pull Failed: [Errno 2] No such file or directory: 'git'
2026-02-21 16:11:12,146 - AUTO_PILOT - Syncing FROM GitHub (Pull)...
2026-02-21 16:11:12,150 - AUTO_PILOT - Git Pull Failed: [Errno 2] No such file or directory: 'git'
2026-02-21 16:12:12,218 - AUTO_PILOT - Syncing FROM GitHub (Pull)...
2026-02-21 16:12:12,220 - AUTO_PILOT - Git Pull Failed: [Errno 2] No such file or directory: 'git'
2026-02-21 16:13:12,285 - AUTO_PILOT - Syncing FROM GitHub (Pull)...
2026-02-21 16:13:12,290 - AUTO_PILOT - Git Pull Failed: [Errno 2] No such file or directory: 'git'
2026-02-21 16:14:12,370 - AUTO_PILOT - Syncing FROM GitHub (Pull)...
2026-02-21 16:14:12,376 - AUTO_PILOT - Git Pull Failed: [Errno 2] No such file or directory: 'git'
2026-02-21 16:15:12,461 - AUTO_PILOT - Syncing FROM GitHub (Pull)...
2026-02-21 16:15:12,463 - AUTO_PILOT - Git Pull Failed: [Errno 2] No such file or directory: 'git'
2026-02-21 16:16:12,523 - AUTO_PILOT - Syncing FROM GitHub (Pull)...
2026-02-21 16:16:12,527 - AUTO_PILOT - Git Pull Failed: [Errno 2] No such file or directory: 'git'
2026-02-21 16:17:12,587 - AUTO_PILOT - Syncing FROM GitHub (Pull)...
2026-02-21 16:17:12,592 - AUTO_PILOT - Git Pull Failed: [Errno 2] No such file or directory: 'git'
2026-02-21 16:18:12,658 - AUTO_PILOT - Syncing FROM GitHub (Pull)...
2026-02-21 16:18:12,661 - AUTO_PILOT - Git Pull Failed: [Errno 2] No such file or directory: 'git'
2026-02-21 16:19:12,727 - AUTO_PILOT - Syncing FROM GitHub (Pull)...
2026-02-21 16:19:12,730 - AUTO_PILOT - Git Pull Failed: [Errno 2] No such file or directory: 'git'
2026-02-21 16:20:12,791 - AUTO_PILOT - Syncing FROM GitHub (Pull)...
2026-02-21 16:20:12,794 - AUTO_PILOT - Git Pull Failed: [Errno 2] No such file or directory: 'git'
2026-02-21 16:21:12,858 - AUTO_PILOT - Syncing FROM GitHub (Pull)...
2026-02-21 16:21:12,861 - AUTO_PILOT - Git Pull Failed: [Errno 2] No such file or directory: 'git'
2026-02-21 16:22:12,929 - AUTO_PILOT - Syncing FROM GitHub (Pull)...
2026-02-21 16:22:12,931 - AUTO_PILOT - Git Pull Failed: [Errno 2] No such file or directory: 'git'
2026-02-21 16:23:12,977 - AUTO_PILOT - Syncing FROM GitHub (Pull)...
2026-02-21 16:23:12,981 - AUTO_PILOT - Git Pull Failed: [Errno 2] No such file or directory: 'git'
2026-02-21 16:24:13,064 - AUTO_PILOT - Syncing FROM GitHub (Pull)...
2026-02-21 16:24:13,069 - AUTO_PILOT - Git Pull Failed: [Errno 2] No such file or directory: 'git'
2026-02-21 16:25:13,155 - AUTO_PILOT - Syncing FROM GitHub (Pull)...
2026-02-21 16:25:13,157 - AUTO_PILOT - Git Pull Failed: [Errno 2] No such file or directory: 'git'
2026-02-21 16:26:13,222 - AUTO_PILOT - Syncing FROM GitHub (Pull)...
2026-02-21 16:26:13,228 - AUTO_PILOT - Git Pull Failed: [Errno 2] No such file or directory: 'git'
2026-02-21 16:27:13,304 - AUTO_PILOT - Syncing FROM GitHub (Pull)...
2026-02-21 16:27:13,309 - AUTO_PILOT - Git Pull Failed: [Errno 2] No such file or directory: 'git'
2026-02-21 16:28:13,380 - AUTO_PILOT - Syncing FROM GitHub (Pull)...
2026-02-21 16:28:13,386 - AUTO_PILOT - Git Pull Failed: [Errno 2] No such file or directory: 'git'
2026-02-21 16:29:13,441 - AUTO_PILOT - Syncing FROM GitHub (Pull)...
2026-02-21 16:29:13,446 - AUTO_PILOT - Git Pull Failed: [Errno 2] No such file or directory: 'git'
2026-02-21 16:30:13,524 - AUTO_PILOT - Syncing FROM GitHub (Pull)...
2026-02-21 16:30:13,529 - AUTO_PILOT - Git Pull Failed: [Errno 2] No such file or directory: 'git'
2026-02-21 16:31:13,577 - AUTO_PILOT - Syncing FROM GitHub (Pull)...
2026-02-21 16:31:13,582 - AUTO_PILOT - Git Pull Failed: [Errno 2] No such file or directory: 'git'
2026-02-21 16:32:13,669 - AUTO_PILOT - Syncing FROM GitHub (Pull)...
2026-02-21 16:32:13,673 - AUTO_PILOT - Git Pull Failed: [Errno 2] No such file or directory: 'git'
2026-02-21 16:33:13,758 - AUTO_PILOT - Syncing FROM GitHub (Pull)...
2026-02-21 16:33:13,763 - AUTO_PILOT - Git Pull Failed: [Errno 2] No such file or directory: 'git'
2026-02-21 16:34:13,787 - AUTO_PILOT - Syncing FROM GitHub (Pull)...
2026-02-21 16:34:13,792 - AUTO_PILOT - Git Pull Failed: [Errno 2] No such file or directory: 'git'
2026-02-21 16:35:13,880 - AUTO_PILOT - Syncing FROM GitHub (Pull)...
2026-02-21 16:35:13,886 - AUTO_PILOT - Git Pull Failed: [Errno 2] No such file or directory: 'git'
2026-02-21 16:36:13,915 - AUTO_PILOT - Syncing FROM GitHub (Pull)...
2026-02-21 16:36:13,920 - AUTO_PILOT - Git Pull Failed: [Errno 2] No such file or directory: 'git'
2026-02-21 16:37:13,992 - AUTO_PILOT - Syncing FROM GitHub (Pull)...
2026-02-21 16:37:13,996 - AUTO_PILOT - Git Pull Failed: [Errno 2] No such file or directory: 'git'
2026-02-21 16:38:14,065 - AUTO_PILOT - Syncing FROM GitHub (Pull)...
2026-02-21 16:38:14,070 - AUTO_PILOT - Git Pull Failed: [Errno 2] No such file or directory: 'git'
2026-02-21 16:39:14,141 - AUTO_PILOT - Syncing FROM GitHub (Pull)...
2026-02-21 16:39:14,146 - AUTO_PILOT - Git Pull Failed: [Errno 2] No such file or directory: 'git'
2026-02-21 16:40:14,233 - AUTO_PILOT - Syncing FROM GitHub (Pull)...
2026-02-21 16:40:14,238 - AUTO_PILOT - Git Pull Failed: [Errno 2] No such file or directory: 'git'
2026-02-21 16:41:14,327 - AUTO_PILOT - Syncing FROM GitHub (Pull)...
2026-02-21 16:41:14,333 - AUTO_PILOT - Git Pull Failed: [Errno 2] No such file or directory: 'git'
2026-02-21 16:42:14,396 - AUTO_PILOT - Syncing FROM GitHub (Pull)...
2026-02-21 16:42:14,402 - AUTO_PILOT - Git Pull Failed: [Errno 2] No such file or directory: 'git'
2026-02-21 16:43:14,472 - AUTO_PILOT - Syncing FROM GitHub (Pull)...
2026-02-21 16:43:14,476 - AUTO_PILOT - Git Pull Failed: [Errno 2] No such file or directory: 'git'
2026-02-21 16:44:14,547 - AUTO_PILOT - Syncing FROM GitHub (Pull)...
2026-02-21 16:44:14,552 - AUTO_PILOT - Git Pull Failed: [Errno 2] No such file or directory: 'git'
2026-02-21 16:45:14,641 - AUTO_PILOT - Syncing FROM GitHub (Pull)...
2026-02-21 16:45:14,647 - AUTO_PILOT - Git Pull Failed: [Errno 2] No such file or directory: 'git'
2026-02-21 16:46:14,701 - AUTO_PILOT - Syncing FROM GitHub (Pull)...
2026-02-21 16:46:14,706 - AUTO_PILOT - Git Pull Failed: [Errno 2] No such file or directory: 'git'
2026-02-21 16:47:14,776 - AUTO_PILOT - Syncing FROM GitHub (Pull)...
2026-02-21 16:47:14,781 - AUTO_PILOT - Git Pull Failed: [Errno 2] No such file or directory: 'git'
2026-02-21 16:48:14,871 - AUTO_PILOT - Syncing FROM GitHub (Pull)...
2026-02-21 16:48:14,876 - AUTO_PILOT - Git Pull Failed: [Errno 2] No such file or directory: 'git'
2026-02-21 16:49:14,945 - AUTO_PILOT - Syncing FROM GitHub (Pull)...
2026-02-21 16:49:14,951 - AUTO_PILOT - Git Pull Failed: [Errno 2] No such file or directory: 'git'
2026-02-21 16:50:15,040 - AUTO_PILOT - Syncing FROM GitHub (Pull)...
2026-02-21 16:50:15,046 - AUTO_PILOT - Git Pull Failed: [Errno 2] No such file or directory: 'git'
2026-02-21 16:51:15,123 - AUTO_PILOT - Syncing FROM GitHub (Pull)...
2026-02-21 16:51:15,128 - AUTO_PILOT - Git Pull Failed: [Errno 2] No such file or directory: 'git'
2026-02-21 16:52:15,198 - AUTO_PILOT - Syncing FROM GitHub (Pull)...
2026-02-21 16:52:15,203 - AUTO_PILOT - Git Pull Failed: [Errno 2] No such file or directory: 'git'
2026-02-21 16:53:15,289 - AUTO_PILOT - Syncing FROM GitHub (Pull)...
2026-02-21 16:53:15,294 - AUTO_PILOT - Git Pull Failed: [Errno 2] No such file or directory: 'git'
2026-02-21 16:54:15,383 - AUTO_PILOT - Syncing FROM GitHub (Pull)...
2026-02-21 16:54:15,388 - AUTO_PILOT - Git Pull Failed: [Errno 2] No such file or directory: 'git'
2026-02-21 16:55:15,475 - AUTO_PILOT - Syncing FROM GitHub (Pull)...
2026-02-21 16:55:15,481 - AUTO_PILOT - Git Pull Failed: [Errno 2] No such file or directory: 'git'
2026-02-21 16:56:15,571 - AUTO_PILOT - Syncing FROM GitHub (Pull)...
2026-02-21 16:56:15,577 - AUTO_PILOT - Git Pull Failed: [Errno 2] No such file or directory: 'git'
2026-02-21 16:57:15,642 - AUTO_PILOT - Syncing FROM GitHub (Pull)...
2026-02-21 16:57:15,644 - AUTO_PILOT - Git Pull Failed: [Errno 2] No such file or directory: 'git'
2026-02-21 16:58:15,703 - AUTO_PILOT - Syncing FROM GitHub (Pull)...
2026-02-21 16:58:15,707 - AUTO_PILOT - Git Pull Failed: [Errno 2] No such file or directory: 'git'
2026-02-21 16:59:15,774 - AUTO_PILOT - Syncing FROM GitHub (Pull)...
2026-02-21 16:59:15,780 - AUTO_PILOT - Git Pull Failed: [Errno 2] No such file or directory: 'git'
2026-02-21 17:00:15,849 - AUTO_PILOT - Syncing FROM GitHub (Pull)...
2026-02-21 17:00:15,855 - AUTO_PILOT - Git Pull Failed: [Errno 2] No such file or directory: 'git'
2026-02-21 17:01:15,904 - AUTO_PILOT - Syncing FROM GitHub (Pull)...
2026-02-21 17:01:15,908 - AUTO_PILOT - Git Pull Failed: [Errno 2] No such file or directory: 'git'
2026-02-21 17:02:15,999 - AUTO_PILOT - Syncing FROM GitHub (Pull)...
2026-02-21 17:02:16,002 - AUTO_PILOT - Git Pull Failed: [Errno 2] No such file or directory: 'git'
2026-02-21 17:03:16,068 - AUTO_PILOT - Syncing FROM GitHub (Pull)...
2026-02-21 17:03:16,071 - AUTO_PILOT - Git Pull Failed: [Errno 2] No such file or directory: 'git'
2026-02-21 17:04:16,140 - AUTO_PILOT - Syncing FROM GitHub (Pull)...
2026-02-21 17:04:16,144 - AUTO_PILOT - Git Pull Failed: [Errno 2] No such file or directory: 'git'
2026-02-21 17:05:16,232 - AUTO_PILOT - Syncing FROM GitHub (Pull)...
2026-02-21 17:05:16,237 - AUTO_PILOT - Git Pull Failed: [Errno 2] No such file or directory: 'git'
2026-02-21 17:06:16,326 - AUTO_PILOT - Syncing FROM GitHub (Pull)...
2026-02-21 17:06:16,331 - AUTO_PILOT - Git Pull Failed: [Errno 2] No such file or directory: 'git'
2026-02-21 17:07:16,419 - AUTO_PILOT - Syncing FROM GitHub (Pull)...
2026-02-21 17:07:16,425 - AUTO_PILOT - Git Pull Failed: [Errno 2] No such file or directory: 'git'
2026-02-21 17:08:16,519 - AUTO_PILOT - Syncing FROM GitHub (Pull)...
2026-02-21 17:08:16,523 - AUTO_PILOT - Git Pull Failed: [Errno 2] No such file or directory: 'git'
2026-02-21 17:09:16,614 - AUTO_PILOT - Syncing FROM GitHub (Pull)...
2026-02-21 17:09:16,619 - AUTO_PILOT - Git Pull Failed: [Errno 2] No such file or directory: 'git'
2026-02-21 17:10:16,688 - AUTO_PILOT - Syncing FROM GitHub (Pull)...
2026-02-21 17:10:16,693 - AUTO_PILOT - Git Pull Failed: [Errno 2] No such file or directory: 'git'
2026-02-21 17:11:16,784 - AUTO_PILOT - Syncing FROM GitHub (Pull)...
2026-02-21 17:11:16,787 - AUTO_PILOT - Git Pull Failed: [Errno 2] No such file or directory: 'git'
2026-02-21 17:12:16,790 - AUTO_PILOT - Syncing FROM GitHub (Pull)...
2026-02-21 17:12:16,795 - AUTO_PILOT - Git Pull Failed: [Errno 2] No such file or directory: 'git'
2026-02-21 17:13:16,880 - AUTO_PILOT - Syncing FROM GitHub (Pull)...
2026-02-21 17:13:16,887 - AUTO_PILOT - Git Pull Failed: [Errno 2] No such file or directory: 'git'
2026-02-21 17:14:16,972 - AUTO_PILOT - Syncing FROM GitHub (Pull)...
2026-02-21 17:14:16,977 - AUTO_PILOT - Git Pull Failed: [Errno 2] No such file or directory: 'git'
2026-02-21 17:15:17,013 - AUTO_PILOT - Syncing FROM GitHub (Pull)...
2026-02-21 17:15:17,018 - AUTO_PILOT - Git Pull Failed: [Errno 2] No such file or directory: 'git'
2026-02-21 17:16:17,099 - AUTO_PILOT - Syncing FROM GitHub (Pull)...
2026-02-21 17:16:17,103 - AUTO_PILOT - Git Pull Failed: [Errno 2] No such file or directory: 'git'
2026-02-21 17:17:17,171 - AUTO_PILOT - Syncing FROM GitHub (Pull)...
2026-02-21 17:17:17,178 - AUTO_PILOT - Git Pull Failed: [Errno 2] No such file or directory: 'git'
2026-02-21 17:18:17,264 - AUTO_PILOT - Syncing FROM GitHub (Pull)...
2026-02-21 17:18:17,268 - AUTO_PILOT - Git Pull Failed: [Errno 2] No such file or directory: 'git'
2026-02-21 17:19:17,356 - AUTO_PILOT - Syncing FROM GitHub (Pull)...
2026-02-21 17:19:17,361 - AUTO_PILOT - Git Pull Failed: [Errno 2] No such file or directory: 'git'
2026-02-21 17:20:17,426 - AUTO_PILOT - Syncing FROM GitHub (Pull)...
2026-02-21 17:20:17,429 - AUTO_PILOT - Git Pull Failed: [Errno 2] No such file or directory: 'git'
2026-02-21 17:21:17,495 - AUTO_PILOT - Syncing FROM GitHub (Pull)...
2026-02-21 17:21:17,499 - AUTO_PILOT - Git Pull Failed: [Errno 2] No such file or directory: 'git'
2026-02-21 17:22:17,583 - AUTO_PILOT - Syncing FROM GitHub (Pull)...
2026-02-21 17:22:17,587 - AUTO_PILOT - Git Pull Failed: [Errno 2] No such file or directory: 'git'
2026-02-21 17:23:17,672 - AUTO_PILOT - Syncing FROM GitHub (Pull)...
2026-02-21 17:23:17,677 - AUTO_PILOT - Git Pull Failed: [Errno 2] No such file or directory: 'git'
2026-02-21 21:38:53,325 - AUTO_PILOT - Syncing FROM GitHub (Pull)...
2026-02-21 21:38:53,327 - AUTO_PILOT - Git Pull Failed: [Errno 2] No such file or directory: 'git'
2026-02-21 21:39:53,390 - AUTO_PILOT - Syncing FROM GitHub (Pull)...
2026-02-21 21:39:53,393 - AUTO_PILOT - Git Pull Failed: [Errno 2] No such file or directory: 'git'
2026-02-21 21:40:53,458 - AUTO_PILOT - Syncing FROM GitHub (Pull)...
2026-02-21 21:40:53,462 - AUTO_PILOT - Git Pull Failed: [Errno 2] No such file or directory: 'git'
2026-02-21 21:41:53,550 - AUTO_PILOT - Syncing FROM GitHub (Pull)...
2026-02-21 21:41:53,555 - AUTO_PILOT - Git Pull Failed: [Errno 2] No such file or directory: 'git'
2026-02-21 21:42:53,640 - AUTO_PILOT - Syncing FROM GitHub (Pull)...
2026-02-21 21:42:53,646 - AUTO_PILOT - Git Pull Failed: [Errno 2] No such file or directory: 'git'
2026-02-21 21:43:53,732 - AUTO_PILOT - Syncing FROM GitHub (Pull)...
2026-02-21 21:43:53,734 - AUTO_PILOT - Git Pull Failed: [Errno 2] No such file or directory: 'git'
2026-02-21 21:44:53,794 - AUTO_PILOT - Syncing FROM GitHub (Pull)...
2026-02-21 21:44:53,799 - AUTO_PILOT - Git Pull Failed: [Errno 2] No such file or directory: 'git'
2026-02-21 21:45:53,894 - AUTO_PILOT - Syncing FROM GitHub (Pull)...
2026-02-21 21:45:53,899 - AUTO_PILOT - Git Pull Failed: [Errno 2] No such file or directory: 'git'
2026-02-21 21:46:53,993 - AUTO_PILOT - Syncing FROM GitHub (Pull)...
2026-02-21 21:46:53,998 - AUTO_PILOT - Git Pull Failed: [Errno 2] No such file or directory: 'git'
2026-02-21 21:47:54,030 - AUTO_PILOT - Syncing FROM GitHub (Pull)...
2026-02-21 21:47:54,035 - AUTO_PILOT - Git Pull Failed: [Errno 2] No such file or directory: 'git'
2026-02-21 21:48:54,120 - AUTO_PILOT - Syncing FROM GitHub (Pull)...
2026-02-21 21:48:54,125 - AUTO_PILOT - Git Pull Failed: [Errno 2] No such file or directory: 'git'
2026-02-21 21:49:54,216 - AUTO_PILOT - Syncing FROM GitHub (Pull)...
2026-02-21 21:49:54,222 - AUTO_PILOT - Git Pull Failed: [Errno 2] No such file or directory: 'git'
2026-02-21 21:50:54,269 - AUTO_PILOT - Syncing FROM GitHub (Pull)...
2026-02-21 21:50:54,272 - AUTO_PILOT - Git Pull Failed: [Errno 2] No such file or directory: 'git'
2026-02-21 21:51:54,334 - AUTO_PILOT - Syncing FROM GitHub (Pull)...
2026-02-21 21:51:54,336 - AUTO_PILOT - Git Pull Failed: [Errno 2] No such file or directory: 'git'
2026-02-21 21:52:54,348 - AUTO_PILOT - Syncing FROM GitHub (Pull)...
2026-02-21 21:52:54,353 - AUTO_PILOT - Git Pull Failed: [Errno 2] No such file or directory: 'git'
2026-02-21 21:53:54,440 - AUTO_PILOT - Syncing FROM GitHub (Pull)...
2026-02-21 21:53:54,445 - AUTO_PILOT - Git Pull Failed: [Errno 2] No such file or directory: 'git'
2026-02-21 21:54:54,534 - AUTO_PILOT - Syncing FROM GitHub (Pull)...
2026-02-21 21:54:54,540 - AUTO_PILOT - Git Pull Failed: [Errno 2] No such file or directory: 'git'
2026-02-21 21:55:54,631 - AUTO_PILOT - Syncing FROM GitHub (Pull)...
2026-02-21 21:55:54,634 - AUTO_PILOT - Git Pull Failed: [Errno 2] No such file or directory: 'git'
2026-02-21 21:56:54,707 - AUTO_PILOT - Syncing FROM GitHub (Pull)...
2026-02-21 21:56:54,713 - AUTO_PILOT - Git Pull Failed: [Errno 2] No such file or directory: 'git'
2026-02-21 21:57:54,785 - AUTO_PILOT - Syncing FROM GitHub (Pull)...
2026-02-21 21:57:54,789 - AUTO_PILOT - Git Pull Failed: [Errno 2] No such file or directory: 'git'
2026-02-21 21:58:54,871 - AUTO_PILOT - Syncing FROM GitHub (Pull)...
2026-02-21 21:58:54,876 - AUTO_PILOT - Git Pull Failed: [Errno 2] No such file or directory: 'git'
2026-02-21 21:59:54,958 - AUTO_PILOT - Syncing FROM GitHub (Pull)...
2026-02-21 21:59:54,963 - AUTO_PILOT - Git Pull Failed: [Errno 2] No such file or directory: 'git'
2026-02-21 22:00:55,043 - AUTO_PILOT - Syncing FROM GitHub (Pull)...
2026-02-21 22:00:55,046 - AUTO_PILOT - Git Pull Failed: [Errno 2] No such file or directory: 'git'
2026-02-21 22:01:55,110 - AUTO_PILOT - Syncing FROM GitHub (Pull)...
2026-02-21 22:01:55,115 - AUTO_PILOT - Git Pull Failed: [Errno 2] No such file or directory: 'git'
2026-02-21 22:02:55,162 - AUTO_PILOT - Syncing FROM GitHub (Pull)...
2026-02-21 22:02:55,165 - AUTO_PILOT - Git Pull Failed: [Errno 2] No such file or directory: 'git'
2026-02-21 22:03:55,225 - AUTO_PILOT - Syncing FROM GitHub (Pull)...
2026-02-21 22:03:55,232 - AUTO_PILOT - Git Pull Failed: [Errno 2] No such file or directory: 'git'
2026-02-21 22:04:55,247 - AUTO_PILOT - Syncing FROM GitHub (Pull)...
2026-02-21 22:04:55,253 - AUTO_PILOT - Git Pull Failed: [Errno 2] No such file or directory: 'git'
2026-02-21 22:05:55,328 - AUTO_PILOT - Syncing FROM GitHub (Pull)...
2026-02-21 22:05:55,333 - AUTO_PILOT - Git Pull Failed: [Errno 2] No such file or directory: 'git'
2026-02-21 22:06:55,410 - AUTO_PILOT - Syncing FROM GitHub (Pull)...
2026-02-21 22:06:55,417 - AUTO_PILOT - Git Pull Failed: [Errno 2] No such file or directory: 'git'
2026-02-21 22:07:55,493 - AUTO_PILOT - Syncing FROM GitHub (Pull)...
2026-02-21 22:07:55,498 - AUTO_PILOT - Git Pull Failed: [Errno 2] No such file or directory: 'git'
2026-02-21 22:08:55,578 - AUTO_PILOT - Syncing FROM GitHub (Pull)...
2026-02-21 22:08:55,583 - AUTO_PILOT - Git Pull Failed: [Errno 2] No such file or directory: 'git'
2026-02-21 22:09:55,655 - AUTO_PILOT - Syncing FROM GitHub (Pull)...
2026-02-21 22:09:55,660 - AUTO_PILOT - Git Pull Failed: [Errno 2] No such file or directory: 'git'
2026-02-21 22:10:55,692 - AUTO_PILOT - Syncing FROM GitHub (Pull)...
2026-02-21 22:10:55,696 - AUTO_PILOT - Git Pull Failed: [Errno 2] No such file or directory: 'git'
2026-02-21 22:11:55,770 - AUTO_PILOT - Syncing FROM GitHub (Pull)...
2026-02-21 22:11:55,773 - AUTO_PILOT - Git Pull Failed: [Errno 2] No such file or directory: 'git'
2026-02-21 22:12:55,840 - AUTO_PILOT - Syncing FROM GitHub (Pull)...
2026-02-21 22:12:55,845 - AUTO_PILOT - Git Pull Failed: [Errno 2] No such file or directory: 'git'
2026-02-21 22:13:55,924 - AUTO_PILOT - Syncing FROM GitHub (Pull)...
2026-02-21 22:13:55,929 - AUTO_PILOT - Git Pull Failed: [Errno 2] No such file or directory: 'git'
2026-02-21 22:14:55,999 - AUTO_PILOT - Syncing FROM GitHub (Pull)...
2026-02-21 22:14:56,004 - AUTO_PILOT - Git Pull Failed: [Errno 2] No such file or directory: 'git'
2026-02-21 22:15:56,084 - AUTO_PILOT - Syncing FROM GitHub (Pull)...
2026-02-21 22:15:56,089 - AUTO_PILOT - Git Pull Failed: [Errno 2] No such file or directory: 'git'
2026-02-21 22:16:56,161 - AUTO_PILOT - Syncing FROM GitHub (Pull)...
2026-02-21 22:16:56,165 - AUTO_PILOT - Git Pull Failed: [Errno 2] No such file or directory: 'git'
2026-02-21 22:17:56,236 - AUTO_PILOT - Syncing FROM GitHub (Pull)...
2026-02-21 22:17:56,241 - AUTO_PILOT - Git Pull Failed: [Errno 2] No such file or directory: 'git'
2026-02-21 22:18:56,322 - AUTO_PILOT - Syncing FROM GitHub (Pull)...
2026-02-21 22:18:56,329 - AUTO_PILOT - Git Pull Failed: [Errno 2] No such file or directory: 'git'
2026-02-21 22:19:56,408 - AUTO_PILOT - Syncing FROM GitHub (Pull)...
2026-02-21 22:19:56,414 - AUTO_PILOT - Git Pull Failed: [Errno 2] No such file or directory: 'git'
2026-02-21 22:20:56,497 - AUTO_PILOT - Syncing FROM GitHub (Pull)...
2026-02-21 22:20:56,502 - AUTO_PILOT - Git Pull Failed: [Errno 2] No such file or directory: 'git'
2026-02-21 22:21:56,581 - AUTO_PILOT - Syncing FROM GitHub (Pull)...
2026-02-21 22:21:56,588 - AUTO_PILOT - Git Pull Failed: [Errno 2] No such file or directory: 'git'
2026-02-21 22:22:56,665 - AUTO_PILOT - Syncing FROM GitHub (Pull)...
2026-02-21 22:22:56,671 - AUTO_PILOT - Git Pull Failed: [Errno 2] No such file or directory: 'git'
2026-02-21 22:23:56,746 - AUTO_PILOT - Syncing FROM GitHub (Pull)...
2026-02-21 22:23:56,751 - AUTO_PILOT - Git Pull Failed: [Errno 2] No such file or directory: 'git'
2026-02-21 22:24:56,824 - AUTO_PILOT - Syncing FROM GitHub (Pull)...
2026-02-21 22:24:56,829 - AUTO_PILOT - Git Pull Failed: [Errno 2] No such file or directory: 'git'
2026-02-21 22:25:56,858 - AUTO_PILOT - Syncing FROM GitHub (Pull)...
2026-02-21 22:25:56,862 - AUTO_PILOT - Git Pull Failed: [Errno 2] No such file or directory: 'git'
2026-02-21 22:26:56,943 - AUTO_PILOT - Syncing FROM GitHub (Pull)...
2026-02-21 22:26:56,948 - AUTO_PILOT - Git Pull Failed: [Errno 2] No such file or directory: 'git'
2026-02-21 22:27:57,025 - AUTO_PILOT - Syncing FROM GitHub (Pull)...
2026-02-21 22:27:57,029 - AUTO_PILOT - Git Pull Failed: [Errno 2] No such file or directory: 'git'
2026-02-21 22:28:57,099 - AUTO_PILOT - Syncing FROM GitHub (Pull)...
2026-02-21 22:28:57,104 - AUTO_PILOT - Git Pull Failed: [Errno 2] No such file or directory: 'git'
2026-02-21 22:29:57,154 - AUTO_PILOT - Syncing FROM GitHub (Pull)...
2026-02-21 22:29:57,159 - AUTO_PILOT - Git Pull Failed: [Errno 2] No such file or directory: 'git'
2026-02-21 22:30:57,241 - AUTO_PILOT - Syncing FROM GitHub (Pull)...
2026-02-21 22:30:57,244 - AUTO_PILOT - Git Pull Failed: [Errno 2] No such file or directory: 'git'
2026-02-21 22:31:57,305 - AUTO_PILOT - Syncing FROM GitHub (Pull)...
2026-02-21 22:31:57,307 - AUTO_PILOT - Git Pull Failed: [Errno 2] No such file or directory: 'git'
2026-02-21 22:32:57,370 - AUTO_PILOT - Syncing FROM GitHub (Pull)...
2026-02-21 22:32:57,375 - AUTO_PILOT - Git Pull Failed: [Errno 2] No such file or directory: 'git'
2026-02-21 22:33:57,454 - AUTO_PILOT - Syncing FROM GitHub (Pull)...
2026-02-21 22:33:57,461 - AUTO_PILOT - Git Pull Failed: [Errno 2] No such file or directory: 'git'
2026-02-21 22:34:57,541 - AUTO_PILOT - Syncing FROM GitHub (Pull)...
2026-02-21 22:34:57,547 - AUTO_PILOT - Git Pull Failed: [Errno 2] No such file or directory: 'git'
2026-02-21 22:35:57,629 - AUTO_PILOT - Syncing FROM GitHub (Pull)...
2026-02-21 22:35:57,636 - AUTO_PILOT - Git Pull Failed: [Errno 2] No such file or directory: 'git'
2026-02-21 22:36:57,666 - AUTO_PILOT - Syncing FROM GitHub (Pull)...
2026-02-21 22:36:57,671 - AUTO_PILOT - Git Pull Failed: [Errno 2] No such file or directory: 'git'
2026-02-21 22:37:57,693 - AUTO_PILOT - Syncing FROM GitHub (Pull)...
2026-02-21 22:37:57,699 - AUTO_PILOT - Git Pull Failed: [Errno 2] No such file or directory: 'git'
2026-02-21 22:38:57,778 - AUTO_PILOT - Syncing FROM GitHub (Pull)...
2026-02-21 22:38:57,783 - AUTO_PILOT - Git Pull Failed: [Errno 2] No such file or directory: 'git'
2026-02-21 22:39:57,863 - AUTO_PILOT - Syncing FROM GitHub (Pull)...
2026-02-21 22:39:57,868 - AUTO_PILOT - Git Pull Failed: [Errno 2] No such file or directory: 'git'
2026-02-21 22:40:57,949 - AUTO_PILOT - Syncing FROM GitHub (Pull)...
2026-02-21 22:40:57,955 - AUTO_PILOT - Git Pull Failed: [Errno 2] No such file or directory: 'git'
2026-02-21 22:41:58,039 - AUTO_PILOT - Syncing FROM GitHub (Pull)...
2026-02-21 22:41:58,044 - AUTO_PILOT - Git Pull Failed: [Errno 2] No such file or directory: 'git'
2026-02-21 22:42:58,125 - AUTO_PILOT - Syncing FROM GitHub (Pull)...
2026-02-21 22:42:58,129 - AUTO_PILOT - Git Pull Failed: [Errno 2] No such file or directory: 'git'
2026-02-21 22:43:58,173 - AUTO_PILOT - Syncing FROM GitHub (Pull)...
2026-02-21 22:43:58,179 - AUTO_PILOT - Git Pull Failed: [Errno 2] No such file or directory: 'git'
2026-02-21 22:44:58,261 - AUTO_PILOT - Syncing FROM GitHub (Pull)...
2026-02-21 22:44:58,265 - AUTO_PILOT - Git Pull Failed: [Errno 2] No such file or directory: 'git'
2026-02-21 22:45:58,353 - AUTO_PILOT - Syncing FROM GitHub (Pull)...
2026-02-21 22:45:58,358 - AUTO_PILOT - Git Pull Failed: [Errno 2] No such file or directory: 'git'
2026-02-21 22:46:58,445 - AUTO_PILOT - Syncing FROM GitHub (Pull)...
2026-02-21 22:46:58,451 - AUTO_PILOT - Git Pull Failed: [Errno 2] No such file or directory: 'git'
2026-02-21 22:47:58,537 - AUTO_PILOT - Syncing FROM GitHub (Pull)...
2026-02-21 22:47:58,542 - AUTO_PILOT - Git Pull Failed: [Errno 2] No such file or directory: 'git'
2026-02-21 22:48:58,629 - AUTO_PILOT - Syncing FROM GitHub (Pull)...
2026-02-21 22:48:58,635 - AUTO_PILOT - Git Pull Failed: [Errno 2] No such file or directory: 'git'
2026-02-21 22:49:58,723 - AUTO_PILOT - Syncing FROM GitHub (Pull)...
2026-02-21 22:49:58,728 - AUTO_PILOT - Git Pull Failed: [Errno 2] No such file or directory: 'git'
2026-02-21 22:50:58,796 - AUTO_PILOT - Syncing FROM GitHub (Pull)...
2026-02-21 22:50:58,801 - AUTO_PILOT - Git Pull Failed: [Errno 2] No such file or directory: 'git'
2026-02-21 22:51:58,886 - AUTO_PILOT - Syncing FROM GitHub (Pull)...
2026-02-21 22:51:58,894 - AUTO_PILOT - Git Pull Failed: [Errno 2] No such file or directory: 'git'
2026-02-21 22:52:58,977 - AUTO_PILOT - Syncing FROM GitHub (Pull)...
2026-02-21 22:52:58,983 - AUTO_PILOT - Git Pull Failed: [Errno 2] No such file or directory: 'git'
2026-02-21 22:53:59,015 - AUTO_PILOT - Syncing FROM GitHub (Pull)...
2026-02-21 22:53:59,021 - AUTO_PILOT - Git Pull Failed: [Errno 2] No such file or directory: 'git'
2026-02-21 22:54:59,107 - AUTO_PILOT - Syncing FROM GitHub (Pull)...
2026-02-21 22:54:59,112 - AUTO_PILOT - Git Pull Failed: [Errno 2] No such file or directory: 'git'
2026-02-21 22:55:59,198 - AUTO_PILOT - Syncing FROM GitHub (Pull)...
2026-02-21 22:55:59,203 - AUTO_PILOT - Git Pull Failed: [Errno 2] No such file or directory: 'git'
2026-02-21 22:56:59,289 - AUTO_PILOT - Syncing FROM GitHub (Pull)...
2026-02-21 22:56:59,293 - AUTO_PILOT - Git Pull Failed: [Errno 2] No such file or directory: 'git'
2026-02-22 14:09:26,895 - AUTO_PILOT - Syncing FROM GitHub (Pull)...
2026-02-22 14:09:26,897 - AUTO_PILOT - Git Pull Failed: [Errno 2] No such file or directory: 'git'
2026-02-22 14:09:26,897 - AUTO_PILOT - Midnight Triggered! Starting new day...
2026-02-22 14:09:26,906 - AUTO_PILOT - State reset for 2026-02-22. Pipeline should pick this up shortly.
2026-02-22 14:09:26,915 - AUTO_PILOT - Triggering FETCH...
2026-02-22 14:09:26,916 - AUTO_PILOT - Starting process: ['/usr/local/bin/python', '/app/stock_ticker/main.py', '--fetch-only']
2026-02-22 14:11:27,011 - AUTO_PILOT - Syncing FROM GitHub (Pull)...
2026-02-22 14:11:27,014 - AUTO_PILOT - Git Pull Failed: [Errno 2] No such file or directory: 'git'
2026-02-22 14:11:27,033 - AUTO_PILOT - Triggering MODEL...
2026-02-22 14:11:27,034 - AUTO_PILOT - Starting process: ['/usr/local/bin/python', '/app/stock_ticker/main.py', '--analyze-only']
2026-02-22 14:13:27,077 - AUTO_PILOT - Syncing FROM GitHub (Pull)...
2026-02-22 14:13:27,082 - AUTO_PILOT - Git Pull Failed: [Errno 2] No such file or directory: 'git'
2026-02-22 14:13:27,117 - AUTO_PILOT - Triggering BIG BETS...
2026-02-22 14:13:27,118 - AUTO_PILOT - Starting Big Bets Analysis...
2026-02-22 14:13:27,494 - AUTO_PILOT - Big Bets Results Saved to /app/stock_ticker/data/big_bets_results.csv
2026-02-22 14:13:27,505 - AUTO_PILOT - Git Auto-Sync failed: [Errno 2] No such file or directory: 'git'
2026-02-22 14:13:27,506 - AUTO_PILOT - Pushed All Data results to GitHub.
2026-02-22 14:15:27,585 - AUTO_PILOT - Syncing FROM GitHub (Pull)...
2026-02-22 14:15:27,588 - AUTO_PILOT - Git Pull Failed: [Errno 2] No such file or directory: 'git'
2026-02-22 14:16:27,652 - AUTO_PILOT - Syncing FROM GitHub (Pull)...
2026-02-22 14:16:27,657 - AUTO_PILOT - Git Pull Failed: [Errno 2] No such file or directory: 'git'
2026-02-22 14:17:27,737 - AUTO_PILOT - Syncing FROM GitHub (Pull)...
2026-02-22 14:17:27,742 - AUTO_PILOT - Git Pull Failed: [Errno 2] No such file or directory: 'git'
2026-02-22 14:18:27,826 - AUTO_PILOT - Syncing FROM GitHub (Pull)...
2026-02-22 14:18:27,833 - AUTO_PILOT - Git Pull Failed: [Errno 2] No such file or directory: 'git'
2026-02-22 14:19:27,866 - AUTO_PILOT - Syncing FROM GitHub (Pull)...
2026-02-22 14:19:27,869 - AUTO_PILOT - Git Pull Failed: [Errno 2] No such file or directory: 'git'
2026-02-22 14:20:27,900 - AUTO_PILOT - Syncing FROM GitHub (Pull)...
2026-02-22 14:20:27,906 - AUTO_PILOT - Git Pull Failed: [Errno 2] No such file or directory: 'git'
2026-02-22 14:21:27,987 - AUTO_PILOT - Syncing FROM GitHub (Pull)...
2026-02-22 14:21:27,992 - AUTO_PILOT - Git Pull Failed: [Errno 2] No such file or directory: 'git'
2026-02-22 14:22:28,074 - AUTO_PILOT - Syncing FROM GitHub (Pull)...
2026-02-22 14:22:28,079 - AUTO_PILOT - Git Pull Failed: [Errno 2] No such file or directory: 'git'
2026-02-22 14:23:28,165 - AUTO_PILOT - Syncing FROM GitHub (Pull)...
2026-02-22 14:23:28,169 - AUTO_PILOT - Git Pull Failed: [Errno 2] No such file or directory: 'git'
2026-02-22 14:24:28,255 - AUTO_PILOT - Syncing FROM GitHub (Pull)...
2026-02-22 14:24:28,259 - AUTO_PILOT - Git Pull Failed: [Errno 2] No such file or directory: 'git'
2026-02-22 14:25:28,325 - AUTO_PILOT - Syncing FROM GitHub (Pull)...
2026-02-22 14:25:28,333 - AUTO_PILOT - Git Pull Failed: [Errno 2] No such file or directory: 'git'
2026-02-22 14:26:28,424 - AUTO_PILOT - Syncing FROM GitHub (Pull)...
2026-02-22 14:26:28,429 - AUTO_PILOT - Git Pull Failed: [Errno 2] No such file or directory: 'git'
2026-02-22 14:27:28,511 - AUTO_PILOT - Syncing FROM GitHub (Pull)...
2026-02-22 14:27:28,513 - AUTO_PILOT - Git Pull Failed: [Errno 2] No such file or directory: 'git'
2026-02-22 14:28:28,575 - AUTO_PILOT - Syncing FROM GitHub (Pull)...
2026-02-22 14:28:28,581 - AUTO_PILOT - Git Pull Failed: [Errno 2] No such file or directory: 'git'
2026-02-22 14:29:28,663 - AUTO_PILOT - Syncing FROM GitHub (Pull)...
2026-02-22 14:29:28,668 - AUTO_PILOT - Git Pull Failed: [Errno 2] No such file or directory: 'git'
2026-02-22 14:30:28,756 - AUTO_PILOT - Syncing FROM GitHub (Pull)...
2026-02-22 14:30:28,761 - AUTO_PILOT - Git Pull Failed: [Errno 2] No such file or directory: 'git'
2026-02-22 14:31:28,846 - AUTO_PILOT - Syncing FROM GitHub (Pull)...
2026-02-22 14:31:28,851 - AUTO_PILOT - Git Pull Failed: [Errno 2] No such file or directory: 'git'
2026-02-22 14:32:28,937 - AUTO_PILOT - Syncing FROM GitHub (Pull)...
2026-02-22 14:32:28,942 - AUTO_PILOT - Git Pull Failed: [Errno 2] No such file or directory: 'git'
2026-02-22 14:33:29,019 - AUTO_PILOT - Syncing FROM GitHub (Pull)...
2026-02-22 14:33:29,025 - AUTO_PILOT - Git Pull Failed: [Errno 2] No such file or directory: 'git'
2026-02-22 14:34:29,113 - AUTO_PILOT - Syncing FROM GitHub (Pull)...
2026-02-22 14:34:29,120 - AUTO_PILOT - Git Pull Failed: [Errno 2] No such file or directory: 'git'
2026-02-22 14:35:29,207 - AUTO_PILOT - Syncing FROM GitHub (Pull)...
2026-02-22 14:35:29,212 - AUTO_PILOT - Git Pull Failed: [Errno 2] No such file or directory: 'git'
2026-02-22 14:36:29,302 - AUTO_PILOT - Syncing FROM GitHub (Pull)...
2026-02-22 14:36:29,307 - AUTO_PILOT - Git Pull Failed: [Errno 2] No such file or directory: 'git'
2026-02-22 14:37:29,394 - AUTO_PILOT - Syncing FROM GitHub (Pull)...
2026-02-22 14:37:29,401 - AUTO_PILOT - Git Pull Failed: [Errno 2] No such file or directory: 'git'
2026-02-22 14:38:29,493 - AUTO_PILOT - Syncing FROM GitHub (Pull)...
2026-02-22 14:38:29,496 - AUTO_PILOT - Git Pull Failed: [Errno 2] No such file or directory: 'git'
2026-02-22 14:39:29,576 - AUTO_PILOT - Syncing FROM GitHub (Pull)...
2026-02-22 14:39:29,582 - AUTO_PILOT - Git Pull Failed: [Errno 2] No such file or directory: 'git'
2026-02-22 14:40:29,678 - AUTO_PILOT - Syncing FROM GitHub (Pull)...
2026-02-22 14:40:29,682 - AUTO_PILOT - Git Pull Failed: [Errno 2] No such file or directory: 'git'
2026-02-22 14:41:29,771 - AUTO_PILOT - Syncing FROM GitHub (Pull)...
2026-02-22 14:41:29,776 - AUTO_PILOT - Git Pull Failed: [Errno 2] No such file or directory: 'git'
2026-02-22 14:42:29,862 - AUTO_PILOT - Syncing FROM GitHub (Pull)...
2026-02-22 14:42:29,868 - AUTO_PILOT - Git Pull Failed: [Errno 2] No such file or directory: 'git'
2026-02-22 14:43:29,950 - AUTO_PILOT - Syncing FROM GitHub (Pull)...
2026-02-22 14:43:29,956 - AUTO_PILOT - Git Pull Failed: [Errno 2] No such file or directory: 'git'
2026-02-22 14:44:30,025 - AUTO_PILOT - Syncing FROM GitHub (Pull)...
2026-02-22 14:44:30,027 - AUTO_PILOT - Git Pull Failed: [Errno 2] No such file or directory: 'git'
2026-02-22 14:45:30,098 - AUTO_PILOT - Syncing FROM GitHub (Pull)...
2026-02-22 14:45:30,102 - AUTO_PILOT - Git Pull Failed: [Errno 2] No such file or directory: 'git'
2026-02-22 14:46:30,184 - AUTO_PILOT - Syncing FROM GitHub (Pull)...
2026-02-22 14:46:30,189 - AUTO_PILOT - Git Pull Failed: [Errno 2] No such file or directory: 'git'
2026-02-22 14:47:30,265 - AUTO_PILOT - Syncing FROM GitHub (Pull)...
2026-02-22 14:47:30,270 - AUTO_PILOT - Git Pull Failed: [Errno 2] No such file or directory: 'git'
2026-02-22 14:48:30,360 - AUTO_PILOT - Syncing FROM GitHub (Pull)...
2026-02-22 14:48:30,364 - AUTO_PILOT - Git Pull Failed: [Errno 2] No such file or directory: 'git'
2026-02-22 14:49:30,404 - AUTO_PILOT - Syncing FROM GitHub (Pull)...
2026-02-22 14:49:30,408 - AUTO_PILOT - Git Pull Failed: [Errno 2] No such file or directory: 'git'
2026-02-22 14:50:30,481 - AUTO_PILOT - Syncing FROM GitHub (Pull)...
2026-02-22 14:50:30,485 - AUTO_PILOT - Git Pull Failed: [Errno 2] No such file or directory: 'git'
2026-02-22 14:51:30,553 - AUTO_PILOT - Syncing FROM GitHub (Pull)...
2026-02-22 14:51:30,558 - AUTO_PILOT - Git Pull Failed: [Errno 2] No such file or directory: 'git'
2026-02-22 14:52:30,625 - AUTO_PILOT - Syncing FROM GitHub (Pull)...
2026-02-22 14:52:30,631 - AUTO_PILOT - Git Pull Failed: [Errno 2] No such file or directory: 'git'
2026-02-22 14:53:30,698 - AUTO_PILOT - Syncing FROM GitHub (Pull)...
2026-02-22 14:53:30,704 - AUTO_PILOT - Git Pull Failed: [Errno 2] No such file or directory: 'git'
2026-02-22 14:54:30,789 - AUTO_PILOT - Syncing FROM GitHub (Pull)...
2026-02-22 14:54:30,792 - AUTO_PILOT - Git Pull Failed: [Errno 2] No such file or directory: 'git'
2026-02-22 14:55:30,855 - AUTO_PILOT - Syncing FROM GitHub (Pull)...
2026-02-22 14:55:30,861 - AUTO_PILOT - Git Pull Failed: [Errno 2] No such file or directory: 'git'
2026-02-22 14:56:30,906 - AUTO_PILOT - Syncing FROM GitHub (Pull)...
2026-02-22 14:56:30,912 - AUTO_PILOT - Git Pull Failed: [Errno 2] No such file or directory: 'git'
2026-02-22 14:57:31,002 - AUTO_PILOT - Syncing FROM GitHub (Pull)...
2026-02-22 14:57:31,008 - AUTO_PILOT - Git Pull Failed: [Errno 2] No such file or directory: 'git'
2026-02-22 14:58:31,083 - AUTO_PILOT - Syncing FROM GitHub (Pull)...
2026-02-22 14:58:31,088 - AUTO_PILOT - Git Pull Failed: [Errno 2] No such file or directory: 'git'
2026-02-22 14:59:31,179 - AUTO_PILOT - Syncing FROM GitHub (Pull)...
2026-02-22 14:59:31,186 - AUTO_PILOT - Git Pull Failed: [Errno 2] No such file or directory: 'git'
2026-02-22 15:00:31,219 - AUTO_PILOT - Syncing FROM GitHub (Pull)...
2026-02-22 15:00:31,221 - AUTO_PILOT - Git Pull Failed: [Errno 2] No such file or directory: 'git'
2026-02-22 15:01:31,284 - AUTO_PILOT - Syncing FROM GitHub (Pull)...
2026-02-22 15:01:31,290 - AUTO_PILOT - Git Pull Failed: [Errno 2] No such file or directory: 'git'
2026-02-22 15:02:31,371 - AUTO_PILOT - Syncing FROM GitHub (Pull)...
2026-02-22 15:02:31,378 - AUTO_PILOT - Git Pull Failed: [Errno 2] No such file or directory: 'git'
2026-02-22 15:03:31,464 - AUTO_PILOT - Syncing FROM GitHub (Pull)...
2026-02-22 15:03:31,470 - AUTO_PILOT - Git Pull Failed: [Errno 2] No such file or directory: 'git'
2026-02-22 15:04:31,561 - AUTO_PILOT - Syncing FROM GitHub (Pull)...
2026-02-22 15:04:31,568 - AUTO_PILOT - Git Pull Failed: [Errno 2] No such file or directory: 'git'
2026-02-22 15:05:31,662 - AUTO_PILOT - Syncing FROM GitHub (Pull)...
2026-02-22 15:05:31,668 - AUTO_PILOT - Git Pull Failed: [Errno 2] No such file or directory: 'git'
2026-02-22 15:06:31,761 - AUTO_PILOT - Syncing FROM GitHub (Pull)...
2026-02-22 15:06:31,767 - AUTO_PILOT - Git Pull Failed: [Errno 2] No such file or directory: 'git'
2026-02-22 15:07:31,817 - AUTO_PILOT - Syncing FROM GitHub (Pull)...
2026-02-22 15:07:31,824 - AUTO_PILOT - Git Pull Failed: [Errno 2] No such file or directory: 'git'
2026-02-22 15:08:31,915 - AUTO_PILOT - Syncing FROM GitHub (Pull)...
2026-02-22 15:08:31,922 - AUTO_PILOT - Git Pull Failed: [Errno 2] No such file or directory: 'git'
2026-02-22 15:09:32,017 - AUTO_PILOT - Syncing FROM GitHub (Pull)...
2026-02-22 15:09:32,023 - AUTO_PILOT - Git Pull Failed: [Errno 2] No such file or directory: 'git'
2026-02-22 15:10:32,052 - AUTO_PILOT - Syncing FROM GitHub (Pull)...
2026-02-22 15:10:32,058 - AUTO_PILOT - Git Pull Failed: [Errno 2] No such file or directory: 'git'
2026-02-22 15:11:32,144 - AUTO_PILOT - Syncing FROM GitHub (Pull)...
2026-02-22 15:11:32,150 - AUTO_PILOT - Git Pull Failed: [Errno 2] No such file or directory: 'git'
2026-02-22 15:12:32,240 - AUTO_PILOT - Syncing FROM GitHub (Pull)...
2026-02-22 15:12:32,246 - AUTO_PILOT - Git Pull Failed: [Errno 2] No such file or directory: 'git'
2026-02-22 15:13:32,326 - AUTO_PILOT - Syncing FROM GitHub (Pull)...
2026-02-22 15:13:32,334 - AUTO_PILOT - Git Pull Failed: [Errno 2] No such file or directory: 'git'
2026-02-22 15:14:32,422 - AUTO_PILOT - Syncing FROM GitHub (Pull)...
2026-02-22 15:14:32,427 - AUTO_PILOT - Git Pull Failed: [Errno 2] No such file or directory: 'git'
2026-02-22 15:15:32,516 - AUTO_PILOT - Syncing FROM GitHub (Pull)...
2026-02-22 15:15:32,524 - AUTO_PILOT - Git Pull Failed: [Errno 2] No such file or directory: 'git'
2026-02-22 15:16:32,613 - AUTO_PILOT - Syncing FROM GitHub (Pull)...
2026-02-22 15:16:32,619 - AUTO_PILOT - Git Pull Failed: [Errno 2] No such file or directory: 'git'
2026-02-22 15:17:32,713 - AUTO_PILOT - Syncing FROM GitHub (Pull)...
2026-02-22 15:17:32,722 - AUTO_PILOT - Git Pull Failed: [Errno 2] No such file or directory: 'git'
2026-02-22 15:18:32,762 - AUTO_PILOT - Syncing FROM GitHub (Pull)...
2026-02-22 15:18:32,771 - AUTO_PILOT - Git Pull Failed: [Errno 2] No such file or directory: 'git'
2026-02-22 15:19:32,856 - AUTO_PILOT - Syncing FROM GitHub (Pull)...
2026-02-22 15:19:32,863 - AUTO_PILOT - Git Pull Failed: [Errno 2] No such file or directory: 'git'
2026-02-22 15:20:32,957 - AUTO_PILOT - Syncing FROM GitHub (Pull)...
2026-02-22 15:20:32,963 - AUTO_PILOT - Git Pull Failed: [Errno 2] No such file or directory: 'git'
2026-02-22 15:21:33,015 - AUTO_PILOT - Syncing FROM GitHub (Pull)...
2026-02-22 15:21:33,021 - AUTO_PILOT - Git Pull Failed: [Errno 2] No such file or directory: 'git'
2026-02-22 15:22:33,110 - AUTO_PILOT - Syncing FROM GitHub (Pull)...
2026-02-22 15:22:33,118 - AUTO_PILOT - Git Pull Failed: [Errno 2] No such file or directory: 'git'
2026-02-22 15:23:33,207 - AUTO_PILOT - Syncing FROM GitHub (Pull)...
2026-02-22 15:23:33,213 - AUTO_PILOT - Git Pull Failed: [Errno 2] No such file or directory: 'git'
2026-02-22 15:24:33,307 - AUTO_PILOT - Syncing FROM GitHub (Pull)...
2026-02-22 15:24:33,309 - AUTO_PILOT - Git Pull Failed: [Errno 2] No such file or directory: 'git'
2026-02-22 15:25:33,370 - AUTO_PILOT - Syncing FROM GitHub (Pull)...
2026-02-22 15:25:33,375 - AUTO_PILOT - Git Pull Failed: [Errno 2] No such file or directory: 'git'
2026-02-22 15:26:33,457 - AUTO_PILOT - Syncing FROM GitHub (Pull)...
2026-02-22 15:26:33,461 - AUTO_PILOT - Git Pull Failed: [Errno 2] No such file or directory: 'git'
2026-02-22 15:27:33,508 - AUTO_PILOT - Syncing FROM GitHub (Pull)...
2026-02-22 15:27:33,513 - AUTO_PILOT - Git Pull Failed: [Errno 2] No such file or directory: 'git'
2026-02-22 15:28:33,594 - AUTO_PILOT - Syncing FROM GitHub (Pull)...
2026-02-22 15:28:33,600 - AUTO_PILOT - Git Pull Failed: [Errno 2] No such file or directory: 'git'
2026-02-22 15:29:33,677 - AUTO_PILOT - Syncing FROM GitHub (Pull)...
2026-02-22 15:29:33,683 - AUTO_PILOT - Git Pull Failed: [Errno 2] No such file or directory: 'git'
2026-02-22 15:30:33,763 - AUTO_PILOT - Syncing FROM GitHub (Pull)...
2026-02-22 15:30:33,767 - AUTO_PILOT - Git Pull Failed: [Errno 2] No such file or directory: 'git'
2026-02-22 15:31:33,851 - AUTO_PILOT - Syncing FROM GitHub (Pull)...
2026-02-22 15:31:33,859 - AUTO_PILOT - Git Pull Failed: [Errno 2] No such file or directory: 'git'
2026-02-22 15:32:33,948 - AUTO_PILOT - Syncing FROM GitHub (Pull)...
2026-02-22 15:32:33,955 - AUTO_PILOT - Git Pull Failed: [Errno 2] No such file or directory: 'git'
2026-02-22 15:33:34,044 - AUTO_PILOT - Syncing FROM GitHub (Pull)...
2026-02-22 15:33:34,052 - AUTO_PILOT - Git Pull Failed: [Errno 2] No such file or directory: 'git'
2026-02-22 15:34:34,139 - AUTO_PILOT - Syncing FROM GitHub (Pull)...
2026-02-22 15:34:34,147 - AUTO_PILOT - Git Pull Failed: [Errno 2] No such file or directory: 'git'
2026-02-22 15:35:34,234 - AUTO_PILOT - Syncing FROM GitHub (Pull)...
2026-02-22 15:35:34,240 - AUTO_PILOT - Git Pull Failed: [Errno 2] No such file or directory: 'git'
2026-02-22 15:36:34,331 - AUTO_PILOT - Syncing FROM GitHub (Pull)...
2026-02-22 15:36:34,337 - AUTO_PILOT - Git Pull Failed: [Errno 2] No such file or directory: 'git'
2026-02-22 15:37:34,427 - AUTO_PILOT - Syncing FROM GitHub (Pull)...
2026-02-22 15:37:34,433 - AUTO_PILOT - Git Pull Failed: [Errno 2] No such file or directory: 'git'
2026-02-22 15:38:34,514 - AUTO_PILOT - Syncing FROM GitHub (Pull)...
2026-02-22 15:38:34,519 - AUTO_PILOT - Git Pull Failed: [Errno 2] No such file or directory: 'git'
2026-02-22 15:39:34,603 - AUTO_PILOT - Syncing FROM GitHub (Pull)...
2026-02-22 15:39:34,608 - AUTO_PILOT - Git Pull Failed: [Errno 2] No such file or directory: 'git'
2026-02-22 15:40:34,692 - AUTO_PILOT - Syncing FROM GitHub (Pull)...
2026-02-22 15:40:34,697 - AUTO_PILOT - Git Pull Failed: [Errno 2] No such file or directory: 'git'
2026-02-22 15:41:34,775 - AUTO_PILOT - Syncing FROM GitHub (Pull)...
2026-02-22 15:41:34,779 - AUTO_PILOT - Git Pull Failed: [Errno 2] No such file or directory: 'git'
2026-02-22 15:42:34,863 - AUTO_PILOT - Syncing FROM GitHub (Pull)...
2026-02-22 15:42:34,868 - AUTO_PILOT - Git Pull Failed: [Errno 2] No such file or directory: 'git'
2026-02-22 15:43:34,906 - AUTO_PILOT - Syncing FROM GitHub (Pull)...
2026-02-22 15:43:34,913 - AUTO_PILOT - Git Pull Failed: [Errno 2] No such file or directory: 'git'
2026-02-22 15:44:35,003 - AUTO_PILOT - Syncing FROM GitHub (Pull)...
2026-02-22 15:44:35,012 - AUTO_PILOT - Git Pull Failed: [Errno 2] No such file or directory: 'git'
2026-02-22 15:45:35,105 - AUTO_PILOT - Syncing FROM GitHub (Pull)...
2026-02-22 15:45:35,110 - AUTO_PILOT - Git Pull Failed: [Errno 2] No such file or directory: 'git'
2026-02-22 15:46:35,198 - AUTO_PILOT - Syncing FROM GitHub (Pull)...
2026-02-22 15:46:35,206 - AUTO_PILOT - Git Pull Failed: [Errno 2] No such file or directory: 'git'
2026-02-22 15:47:35,246 - AUTO_PILOT - Syncing FROM GitHub (Pull)...
2026-02-22 15:47:35,252 - AUTO_PILOT - Git Pull Failed: [Errno 2] No such file or directory: 'git'
2026-02-22 15:48:35,342 - AUTO_PILOT - Syncing FROM GitHub (Pull)...
2026-02-22 15:48:35,346 - AUTO_PILOT - Git Pull Failed: [Errno 2] No such file or directory: 'git'
2026-02-22 15:49:35,391 - AUTO_PILOT - Syncing FROM GitHub (Pull)...
2026-02-22 15:49:35,402 - AUTO_PILOT - Git Pull Failed: [Errno 2] No such file or directory: 'git'
2026-02-22 15:50:35,493 - AUTO_PILOT - Syncing FROM GitHub (Pull)...
2026-02-22 15:50:35,499 - AUTO_PILOT - Git Pull Failed: [Errno 2] No such file or directory: 'git'
2026-02-22 15:51:35,581 - AUTO_PILOT - Syncing FROM GitHub (Pull)...
2026-02-22 15:51:35,585 - AUTO_PILOT - Git Pull Failed: [Errno 2] No such file or directory: 'git'
2026-02-22 15:52:35,657 - AUTO_PILOT - Syncing FROM GitHub (Pull)...
2026-02-22 15:52:35,663 - AUTO_PILOT - Git Pull Failed: [Errno 2] No such file or directory: 'git'
2026-02-22 15:53:35,745 - AUTO_PILOT - Syncing FROM GitHub (Pull)...
2026-02-22 15:53:35,750 - AUTO_PILOT - Git Pull Failed: [Errno 2] No such file or directory: 'git'
2026-02-22 15:54:35,828 - AUTO_PILOT - Syncing FROM GitHub (Pull)...
2026-02-22 15:54:35,838 - AUTO_PILOT - Git Pull Failed: [Errno 2] No such file or directory: 'git'
2026-02-22 15:55:35,940 - AUTO_PILOT - Syncing FROM GitHub (Pull)...
2026-02-22 15:55:35,947 - AUTO_PILOT - Git Pull Failed: [Errno 2] No such file or directory: 'git'
2026-02-22 15:56:36,036 - AUTO_PILOT - Syncing FROM GitHub (Pull)...
2026-02-22 15:56:36,043 - AUTO_PILOT - Git Pull Failed: [Errno 2] No such file or directory: 'git'
2026-02-22 15:57:36,128 - AUTO_PILOT - Syncing FROM GitHub (Pull)...
2026-02-22 15:57:36,132 - AUTO_PILOT - Git Pull Failed: [Errno 2] No such file or directory: 'git'
2026-02-22 15:58:36,203 - AUTO_PILOT - Syncing FROM GitHub (Pull)...
2026-02-22 15:58:36,207 - AUTO_PILOT - Git Pull Failed: [Errno 2] No such file or directory: 'git'
2026-02-22 15:59:36,279 - AUTO_PILOT - Syncing FROM GitHub (Pull)...
2026-02-22 15:59:36,283 - AUTO_PILOT - Git Pull Failed: [Errno 2] No such file or directory: 'git'
2026-02-22 16:00:36,358 - AUTO_PILOT - Syncing FROM GitHub (Pull)...
2026-02-22 16:00:36,364 - AUTO_PILOT - Git Pull Failed: [Errno 2] No such file or directory: 'git'
2026-02-22 16:01:36,451 - AUTO_PILOT - Syncing FROM GitHub (Pull)...
2026-02-22 16:01:36,453 - AUTO_PILOT - Git Pull Failed: [Errno 2] No such file or directory: 'git'
2026-02-22 16:02:36,521 - AUTO_PILOT - Syncing FROM GitHub (Pull)...
2026-02-22 16:02:36,526 - AUTO_PILOT - Git Pull Failed: [Errno 2] No such file or directory: 'git'
2026-02-22 16:03:36,615 - AUTO_PILOT - Syncing FROM GitHub (Pull)...
2026-02-22 16:03:36,620 - AUTO_PILOT - Git Pull Failed: [Errno 2] No such file or directory: 'git'
2026-02-22 16:04:36,690 - AUTO_PILOT - Syncing FROM GitHub (Pull)...
2026-02-22 16:04:36,696 - AUTO_PILOT - Git Pull Failed: [Errno 2] No such file or directory: 'git'
2026-02-22 16:05:36,793 - AUTO_PILOT - Syncing FROM GitHub (Pull)...
2026-02-22 16:05:36,801 - AUTO_PILOT - Git Pull Failed: [Errno 2] No such file or directory: 'git'
2026-02-22 16:06:36,878 - AUTO_PILOT - Syncing FROM GitHub (Pull)...
2026-02-22 16:06:36,882 - AUTO_PILOT - Git Pull Failed: [Errno 2] No such file or directory: 'git'
2026-02-22 16:07:36,966 - AUTO_PILOT - Syncing FROM GitHub (Pull)...
2026-02-22 16:07:36,973 - AUTO_PILOT - Git Pull Failed: [Errno 2] No such file or directory: 'git'
2026-02-22 16:08:37,068 - AUTO_PILOT - Syncing FROM GitHub (Pull)...
2026-02-22 16:08:37,074 - AUTO_PILOT - Git Pull Failed: [Errno 2] No such file or directory: 'git'
2026-02-22 16:09:37,169 - AUTO_PILOT - Syncing FROM GitHub (Pull)...
2026-02-22 16:09:37,175 - AUTO_PILOT - Git Pull Failed: [Errno 2] No such file or directory: 'git'
2026-02-22 16:10:37,263 - AUTO_PILOT - Syncing FROM GitHub (Pull)...
2026-02-22 16:10:37,268 - AUTO_PILOT - Git Pull Failed: [Errno 2] No such file or directory: 'git'
2026-02-22 16:11:37,362 - AUTO_PILOT - Syncing FROM GitHub (Pull)...
2026-02-22 16:11:37,368 - AUTO_PILOT - Git Pull Failed: [Errno 2] No such file or directory: 'git'
2026-02-22 16:12:37,447 - AUTO_PILOT - Syncing FROM GitHub (Pull)...
2026-02-22 16:12:37,453 - AUTO_PILOT - Git Pull Failed: [Errno 2] No such file or directory: 'git'
2026-02-22 16:13:37,544 - AUTO_PILOT - Syncing FROM GitHub (Pull)...
2026-02-22 16:13:37,549 - AUTO_PILOT - Git Pull Failed: [Errno 2] No such file or directory: 'git'
2026-02-22 16:14:37,636 - AUTO_PILOT - Syncing FROM GitHub (Pull)...
2026-02-22 16:14:37,641 - AUTO_PILOT - Git Pull Failed: [Errno 2] No such file or directory: 'git'
2026-02-22 16:15:37,705 - AUTO_PILOT - Syncing FROM GitHub (Pull)...
2026-02-22 16:15:37,712 - AUTO_PILOT - Git Pull Failed: [Errno 2] No such file or directory: 'git'
2026-02-22 16:16:37,821 - AUTO_PILOT - Syncing FROM GitHub (Pull)...
2026-02-22 16:16:37,827 - AUTO_PILOT - Git Pull Failed: [Errno 2] No such file or directory: 'git'
2026-02-22 16:17:37,899 - AUTO_PILOT - Syncing FROM GitHub (Pull)...
2026-02-22 16:17:37,901 - AUTO_PILOT - Git Pull Failed: [Errno 2] No such file or directory: 'git'
2026-02-22 16:18:37,962 - AUTO_PILOT - Syncing FROM GitHub (Pull)...
2026-02-22 16:18:37,965 - AUTO_PILOT - Git Pull Failed: [Errno 2] No such file or directory: 'git'
2026-02-22 16:19:38,029 - AUTO_PILOT - Syncing FROM GitHub (Pull)...
2026-02-22 16:19:38,030 - AUTO_PILOT - Git Pull Failed: [Errno 2] No such file or directory: 'git'
2026-02-22 16:20:38,088 - AUTO_PILOT - Syncing FROM GitHub (Pull)...
2026-02-22 16:20:38,094 - AUTO_PILOT - Git Pull Failed: [Errno 2] No such file or directory: 'git'
2026-02-22 16:21:38,172 - AUTO_PILOT - Syncing FROM GitHub (Pull)...
2026-02-22 16:21:38,174 - AUTO_PILOT - Git Pull Failed: [Errno 2] No such file or directory: 'git'
2026-02-22 16:22:38,218 - AUTO_PILOT - Syncing FROM GitHub (Pull)...
2026-02-22 16:22:38,220 - AUTO_PILOT - Git Pull Failed: [Errno 2] No such file or directory: 'git'
2026-02-22 16:23:38,278 - AUTO_PILOT - Syncing FROM GitHub (Pull)...
2026-02-22 16:23:38,279 - AUTO_PILOT - Git Pull Failed: [Errno 2] No such file or directory: 'git'
2026-02-22 16:24:38,341 - AUTO_PILOT - Syncing FROM GitHub (Pull)...
2026-02-22 16:24:38,344 - AUTO_PILOT - Git Pull Failed: [Errno 2] No such file or directory: 'git'
2026-02-22 16:25:38,377 - AUTO_PILOT - Syncing FROM GitHub (Pull)...
2026-02-22 16:25:38,383 - AUTO_PILOT - Git Pull Failed: [Errno 2] No such file or directory: 'git'
2026-02-22 16:26:38,474 - AUTO_PILOT - Syncing FROM GitHub (Pull)...
2026-02-22 16:26:38,479 - AUTO_PILOT - Git Pull Failed: [Errno 2] No such file or directory: 'git'
2026-02-22 16:27:38,563 - AUTO_PILOT - Syncing FROM GitHub (Pull)...
2026-02-22 16:27:38,569 - AUTO_PILOT - Git Pull Failed: [Errno 2] No such file or directory: 'git'
2026-02-22 16:28:38,652 - AUTO_PILOT - Syncing FROM GitHub (Pull)...
2026-02-22 16:28:38,656 - AUTO_PILOT - Git Pull Failed: [Errno 2] No such file or directory: 'git'
2026-02-22 16:29:38,718 - AUTO_PILOT - Syncing FROM GitHub (Pull)...
2026-02-22 16:29:38,724 - AUTO_PILOT - Git Pull Failed: [Errno 2] No such file or directory: 'git'
2026-02-22 16:30:38,810 - AUTO_PILOT - Syncing FROM GitHub (Pull)...
2026-02-22 16:30:38,814 - AUTO_PILOT - Git Pull Failed: [Errno 2] No such file or directory: 'git'
2026-02-22 16:31:38,896 - AUTO_PILOT - Syncing FROM GitHub (Pull)...
2026-02-22 16:31:38,901 - AUTO_PILOT - Git Pull Failed: [Errno 2] No such file or directory: 'git'
2026-02-22 16:32:38,987 - AUTO_PILOT - Syncing FROM GitHub (Pull)...
2026-02-22 16:32:38,990 - AUTO_PILOT - Git Pull Failed: [Errno 2] No such file or directory: 'git'
2026-02-22 16:33:39,058 - AUTO_PILOT - Syncing FROM GitHub (Pull)...
2026-02-22 16:33:39,064 - AUTO_PILOT - Git Pull Failed: [Errno 2] No such file or directory: 'git'
2026-02-22 16:34:39,150 - AUTO_PILOT - Syncing FROM GitHub (Pull)...
2026-02-22 16:34:39,152 - AUTO_PILOT - Git Pull Failed: [Errno 2] No such file or directory: 'git'
2026-02-22 16:35:39,226 - AUTO_PILOT - Syncing FROM GitHub (Pull)...
2026-02-22 16:35:39,233 - AUTO_PILOT - Git Pull Failed: [Errno 2] No such file or directory: 'git'
2026-02-22 16:36:39,320 - AUTO_PILOT - Syncing FROM GitHub (Pull)...
2026-02-22 16:36:39,326 - AUTO_PILOT - Git Pull Failed: [Errno 2] No such file or directory: 'git'
2026-02-22 16:37:39,412 - AUTO_PILOT - Syncing FROM GitHub (Pull)...
2026-02-22 16:37:39,414 - AUTO_PILOT - Git Pull Failed: [Errno 2] No such file or directory: 'git'
2026-02-22 16:38:39,470 - AUTO_PILOT - Syncing FROM GitHub (Pull)...
2026-02-22 16:38:39,475 - AUTO_PILOT - Git Pull Failed: [Errno 2] No such file or directory: 'git'
2026-02-22 16:39:39,566 - AUTO_PILOT - Syncing FROM GitHub (Pull)...
2026-02-22 16:39:39,573 - AUTO_PILOT - Git Pull Failed: [Errno 2] No such file or directory: 'git'
2026-02-22 16:40:39,657 - AUTO_PILOT - Syncing FROM GitHub (Pull)...
2026-02-22 16:40:39,662 - AUTO_PILOT - Git Pull Failed: [Errno 2] No such file or directory: 'git'
2026-02-22 16:41:39,755 - AUTO_PILOT - Syncing FROM GitHub (Pull)...
2026-02-22 16:41:39,758 - AUTO_PILOT - Git Pull Failed: [Errno 2] No such file or directory: 'git'
2026-02-22 16:42:39,816 - AUTO_PILOT - Syncing FROM GitHub (Pull)...
2026-02-22 16:42:39,822 - AUTO_PILOT - Git Pull Failed: [Errno 2] No such file or directory: 'git'
2026-02-22 16:43:39,906 - AUTO_PILOT - Syncing FROM GitHub (Pull)...
2026-02-22 16:43:39,910 - AUTO_PILOT - Git Pull Failed: [Errno 2] No such file or directory: 'git'
2026-02-22 16:44:39,968 - AUTO_PILOT - Syncing FROM GitHub (Pull)...
2026-02-22 16:44:39,973 - AUTO_PILOT - Git Pull Failed: [Errno 2] No such file or directory: 'git'
2026-02-22 16:45:40,050 - AUTO_PILOT - Syncing FROM GitHub (Pull)...
2026-02-22 16:45:40,055 - AUTO_PILOT - Git Pull Failed: [Errno 2] No such file or directory: 'git'
2026-02-22 16:46:40,137 - AUTO_PILOT - Syncing FROM GitHub (Pull)...
2026-02-22 16:46:40,139 - AUTO_PILOT - Git Pull Failed: [Errno 2] No such file or directory: 'git'
2026-02-22 16:47:40,141 - AUTO_PILOT - Syncing FROM GitHub (Pull)...
2026-02-22 16:47:40,146 - AUTO_PILOT - Git Pull Failed: [Errno 2] No such file or directory: 'git'
2026-02-22 16:48:40,235 - AUTO_PILOT - Syncing FROM GitHub (Pull)...
2026-02-22 16:48:40,240 - AUTO_PILOT - Git Pull Failed: [Errno 2] No such file or directory: 'git'
2026-02-22 16:49:40,265 - AUTO_PILOT - Syncing FROM GitHub (Pull)...
2026-02-22 16:49:40,268 - AUTO_PILOT - Git Pull Failed: [Errno 2] No such file or directory: 'git'
2026-02-22 16:50:40,336 - AUTO_PILOT - Syncing FROM GitHub (Pull)...
2026-02-22 16:50:40,340 - AUTO_PILOT - Git Pull Failed: [Errno 2] No such file or directory: 'git'
2026-02-22 16:51:40,389 - AUTO_PILOT - Syncing FROM GitHub (Pull)...
2026-02-22 16:51:40,395 - AUTO_PILOT - Git Pull Failed: [Errno 2] No such file or directory: 'git'
2026-02-22 16:52:40,475 - AUTO_PILOT - Syncing FROM GitHub (Pull)...
2026-02-22 16:52:40,481 - AUTO_PILOT - Git Pull Failed: [Errno 2] No such file or directory: 'git'
2026-02-22 16:53:40,560 - AUTO_PILOT - Syncing FROM GitHub (Pull)...
2026-02-22 16:53:40,566 - AUTO_PILOT - Git Pull Failed: [Errno 2] No such file or directory: 'git'
2026-02-22 16:54:40,647 - AUTO_PILOT - Syncing FROM GitHub (Pull)...
2026-02-22 16:54:40,649 - AUTO_PILOT - Git Pull Failed: [Errno 2] No such file or directory: 'git'
2026-02-22 16:55:40,711 - AUTO_PILOT - Syncing FROM GitHub (Pull)...
2026-02-22 16:55:40,712 - AUTO_PILOT - Git Pull Failed: [Errno 2] No such file or directory: 'git'
2026-02-22 16:56:40,774 - AUTO_PILOT - Syncing FROM GitHub (Pull)...
2026-02-22 16:56:40,775 - AUTO_PILOT - Git Pull Failed: [Errno 2] No such file or directory: 'git'
2026-02-22 16:57:40,839 - AUTO_PILOT - Syncing FROM GitHub (Pull)...
2026-02-22 16:57:40,840 - AUTO_PILOT - Git Pull Failed: [Errno 2] No such file or directory: 'git'
2026-02-22 16:58:40,904 - AUTO_PILOT - Syncing FROM GitHub (Pull)...
2026-02-22 16:58:40,905 - AUTO_PILOT - Git Pull Failed: [Errno 2] No such file or directory: 'git'
2026-02-22 16:59:40,969 - AUTO_PILOT - Syncing FROM GitHub (Pull)...
2026-02-22 16:59:40,971 - AUTO_PILOT - Git Pull Failed: [Errno 2] No such file or directory: 'git'
2026-02-22 17:00:41,036 - AUTO_PILOT - Syncing FROM GitHub (Pull)...
2026-02-22 17:00:41,039 - AUTO_PILOT - Git Pull Failed: [Errno 2] No such file or directory: 'git'
2026-02-22 17:01:41,115 - AUTO_PILOT - Syncing FROM GitHub (Pull)...
2026-02-22 17:01:41,120 - AUTO_PILOT - Git Pull Failed: [Errno 2] No such file or directory: 'git'
2026-02-22 17:02:41,208 - AUTO_PILOT - Syncing FROM GitHub (Pull)...
2026-02-22 17:02:41,213 - AUTO_PILOT - Git Pull Failed: [Errno 2] No such file or directory: 'git'
2026-02-22 17:03:41,301 - AUTO_PILOT - Syncing FROM GitHub (Pull)...
2026-02-22 17:03:41,305 - AUTO_PILOT - Git Pull Failed: [Errno 2] No such file or directory: 'git'
2026-02-22 17:04:41,374 - AUTO_PILOT - Syncing FROM GitHub (Pull)...
2026-02-22 17:04:41,379 - AUTO_PILOT - Git Pull Failed: [Errno 2] No such file or directory: 'git'
2026-02-22 17:05:41,465 - AUTO_PILOT - Syncing FROM GitHub (Pull)...
2026-02-22 17:05:41,470 - AUTO_PILOT - Git Pull Failed: [Errno 2] No such file or directory: 'git'
2026-02-22 17:06:41,555 - AUTO_PILOT - Syncing FROM GitHub (Pull)...
2026-02-22 17:06:41,560 - AUTO_PILOT - Git Pull Failed: [Errno 2] No such file or directory: 'git'
2026-02-22 17:07:41,641 - AUTO_PILOT - Syncing FROM GitHub (Pull)...
2026-02-22 17:07:41,647 - AUTO_PILOT - Git Pull Failed: [Errno 2] No such file or directory: 'git'
2026-02-22 17:08:41,731 - AUTO_PILOT - Syncing FROM GitHub (Pull)...
2026-02-22 17:08:41,735 - AUTO_PILOT - Git Pull Failed: [Errno 2] No such file or directory: 'git'
2026-02-22 17:09:41,818 - AUTO_PILOT - Syncing FROM GitHub (Pull)...
2026-02-22 17:09:41,823 - AUTO_PILOT - Git Pull Failed: [Errno 2] No such file or directory: 'git'
2026-02-22 17:10:41,892 - AUTO_PILOT - Syncing FROM GitHub (Pull)...
2026-02-22 17:10:41,897 - AUTO_PILOT - Git Pull Failed: [Errno 2] No such file or directory: 'git'
2026-02-22 17:11:41,965 - AUTO_PILOT - Syncing FROM GitHub (Pull)...
2026-02-22 17:11:41,969 - AUTO_PILOT - Git Pull Failed: [Errno 2] No such file or directory: 'git'
2026-02-22 17:12:41,992 - AUTO_PILOT - Syncing FROM GitHub (Pull)...
2026-02-22 17:12:41,997 - AUTO_PILOT - Git Pull Failed: [Errno 2] No such file or directory: 'git'
2026-02-22 17:13:42,077 - AUTO_PILOT - Syncing FROM GitHub (Pull)...
2026-02-22 17:13:42,081 - AUTO_PILOT - Git Pull Failed: [Errno 2] No such file or directory: 'git'
2026-02-22 17:14:42,139 - AUTO_PILOT - Syncing FROM GitHub (Pull)...
2026-02-22 17:14:42,147 - AUTO_PILOT - Git Pull Failed: [Errno 2] No such file or directory: 'git'
2026-02-22 17:15:42,205 - AUTO_PILOT - Syncing FROM GitHub (Pull)...
2026-02-22 17:15:42,210 - AUTO_PILOT - Git Pull Failed: [Errno 2] No such file or directory: 'git'
2026-02-22 17:16:42,263 - AUTO_PILOT - Syncing FROM GitHub (Pull)...
2026-02-22 17:16:42,269 - AUTO_PILOT - Git Pull Failed: [Errno 2] No such file or directory: 'git'
2026-02-22 17:17:42,349 - AUTO_PILOT - Syncing FROM GitHub (Pull)...
2026-02-22 17:17:42,355 - AUTO_PILOT - Git Pull Failed: [Errno 2] No such file or directory: 'git'
2026-02-22 17:18:42,433 - AUTO_PILOT - Syncing FROM GitHub (Pull)...
2026-02-22 17:18:42,438 - AUTO_PILOT - Git Pull Failed: [Errno 2] No such file or directory: 'git'
2026-02-22 17:19:42,500 - AUTO_PILOT - Syncing FROM GitHub (Pull)...
2026-02-22 17:19:42,506 - AUTO_PILOT - Git Pull Failed: [Errno 2] No such file or directory: 'git'
2026-02-22 17:20:42,588 - AUTO_PILOT - Syncing FROM GitHub (Pull)...
2026-02-22 17:20:42,593 - AUTO_PILOT - Git Pull Failed: [Errno 2] No such file or directory: 'git'
2026-02-22 17:21:42,675 - AUTO_PILOT - Syncing FROM GitHub (Pull)...
2026-02-22 17:21:42,680 - AUTO_PILOT - Git Pull Failed: [Errno 2] No such file or directory: 'git'
2026-02-22 17:22:42,756 - AUTO_PILOT - Syncing FROM GitHub (Pull)...
2026-02-22 17:22:42,761 - AUTO_PILOT - Git Pull Failed: [Errno 2] No such file or directory: 'git'
2026-02-22 17:23:42,810 - AUTO_PILOT - Syncing FROM GitHub (Pull)...
2026-02-22 17:23:42,815 - AUTO_PILOT - Git Pull Failed: [Errno 2] No such file or directory: 'git'
2026-02-22 17:24:42,836 - AUTO_PILOT - Syncing FROM GitHub (Pull)...
2026-02-22 17:24:42,841 - AUTO_PILOT - Git Pull Failed: [Errno 2] No such file or directory: 'git'
2026-02-22 17:25:42,917 - AUTO_PILOT - Syncing FROM GitHub (Pull)...
2026-02-22 17:25:42,922 - AUTO_PILOT - Git Pull Failed: [Errno 2] No such file or directory: 'git'
2026-02-22 17:26:42,969 - AUTO_PILOT - Syncing FROM GitHub (Pull)...
2026-02-22 17:26:42,974 - AUTO_PILOT - Git Pull Failed: [Errno 2] No such file or directory: 'git'
2026-02-22 17:27:42,995 - AUTO_PILOT - Syncing FROM GitHub (Pull)...
2026-02-22 17:27:43,000 - AUTO_PILOT - Git Pull Failed: [Errno 2] No such file or directory: 'git'
2026-02-22 17:28:43,082 - AUTO_PILOT - Syncing FROM GitHub (Pull)...
2026-02-22 17:28:43,087 - AUTO_PILOT - Git Pull Failed: [Errno 2] No such file or directory: 'git'
2026-02-22 17:29:43,132 - AUTO_PILOT - Syncing FROM GitHub (Pull)...
2026-02-22 17:29:43,137 - AUTO_PILOT - Git Pull Failed: [Errno 2] No such file or directory: 'git'
2026-02-22 17:30:43,221 - AUTO_PILOT - Syncing FROM GitHub (Pull)...
2026-02-22 17:30:43,223 - AUTO_PILOT - Git Pull Failed: [Errno 2] No such file or directory: 'git'
2026-02-22 17:31:43,283 - AUTO_PILOT - Syncing FROM GitHub (Pull)...
2026-02-22 17:31:43,286 - AUTO_PILOT - Git Pull Failed: [Errno 2] No such file or directory: 'git'
2026-02-22 17:32:43,342 - AUTO_PILOT - Syncing FROM GitHub (Pull)...
2026-02-22 17:32:43,345 - AUTO_PILOT - Git Pull Failed: [Errno 2] No such file or directory: 'git'
2026-02-22 17:33:43,416 - AUTO_PILOT - Syncing FROM GitHub (Pull)...
2026-02-22 17:33:43,422 - AUTO_PILOT - Git Pull Failed: [Errno 2] No such file or directory: 'git'
2026-02-22 17:34:43,506 - AUTO_PILOT - Syncing FROM GitHub (Pull)...
2026-02-22 17:34:43,509 - AUTO_PILOT - Git Pull Failed: [Errno 2] No such file or directory: 'git'
2026-02-22 17:35:43,579 - AUTO_PILOT - Syncing FROM GitHub (Pull)...
2026-02-22 17:35:43,584 - AUTO_PILOT - Git Pull Failed: [Errno 2] No such file or directory: 'git'
2026-02-22 17:36:43,662 - AUTO_PILOT - Syncing FROM GitHub (Pull)...
2026-02-22 17:36:43,668 - AUTO_PILOT - Git Pull Failed: [Errno 2] No such file or directory: 'git'
2026-02-22 17:37:43,757 - AUTO_PILOT - Syncing FROM GitHub (Pull)...
2026-02-22 17:37:43,764 - AUTO_PILOT - Git Pull Failed: [Errno 2] No such file or directory: 'git'
2026-02-22 17:38:43,831 - AUTO_PILOT - Syncing FROM GitHub (Pull)...
2026-02-22 17:38:43,835 - AUTO_PILOT - Git Pull Failed: [Errno 2] No such file or directory: 'git'
2026-02-22 17:39:43,919 - AUTO_PILOT - Syncing FROM GitHub (Pull)...
2026-02-22 17:39:43,924 - AUTO_PILOT - Git Pull Failed: [Errno 2] No such file or directory: 'git'
2026-02-22 17:40:44,010 - AUTO_PILOT - Syncing FROM GitHub (Pull)...
2026-02-22 17:40:44,014 - AUTO_PILOT - Git Pull Failed: [Errno 2] No such file or directory: 'git'
2026-02-22 17:41:44,088 - AUTO_PILOT - Syncing FROM GitHub (Pull)...
2026-02-22 17:41:44,093 - AUTO_PILOT - Git Pull Failed: [Errno 2] No such file or directory: 'git'
2026-02-22 17:42:44,155 - AUTO_PILOT - Syncing FROM GitHub (Pull)...
2026-02-22 17:42:44,157 - AUTO_PILOT - Git Pull Failed: [Errno 2] No such file or directory: 'git'
2026-02-22 17:43:44,220 - AUTO_PILOT - Syncing FROM GitHub (Pull)...
2026-02-22 17:43:44,225 - AUTO_PILOT - Git Pull Failed: [Errno 2] No such file or directory: 'git'
2026-02-22 17:44:44,295 - AUTO_PILOT - Syncing FROM GitHub (Pull)...
2026-02-22 17:44:44,297 - AUTO_PILOT - Git Pull Failed: [Errno 2] No such file or directory: 'git'
2026-02-22 17:45:44,359 - AUTO_PILOT - Syncing FROM GitHub (Pull)...
2026-02-22 17:45:44,364 - AUTO_PILOT - Git Pull Failed: [Errno 2] No such file or directory: 'git'
2026-02-22 17:46:44,451 - AUTO_PILOT - Syncing FROM GitHub (Pull)...
2026-02-22 17:46:44,456 - AUTO_PILOT - Git Pull Failed: [Errno 2] No such file or directory: 'git'
2026-02-22 17:47:44,534 - AUTO_PILOT - Syncing FROM GitHub (Pull)...
2026-02-22 17:47:44,538 - AUTO_PILOT - Git Pull Failed: [Errno 2] No such file or directory: 'git'
2026-02-22 17:48:44,619 - AUTO_PILOT - Syncing FROM GitHub (Pull)...
2026-02-22 17:48:44,624 - AUTO_PILOT - Git Pull Failed: [Errno 2] No such file or directory: 'git'
2026-02-22 17:49:44,707 - AUTO_PILOT - Syncing FROM GitHub (Pull)...
2026-02-22 17:49:44,712 - AUTO_PILOT - Git Pull Failed: [Errno 2] No such file or directory: 'git'
2026-02-22 17:50:44,797 - AUTO_PILOT - Syncing FROM GitHub (Pull)...
2026-02-22 17:50:44,802 - AUTO_PILOT - Git Pull Failed: [Errno 2] No such file or directory: 'git'
2026-02-22 20:10:16,248 - AUTO_PILOT - Syncing FROM GitHub (Pull)...
2026-02-22 20:10:16,250 - AUTO_PILOT - Git Pull Failed: [Errno 2] No such file or directory: 'git'
2026-02-22 20:11:16,312 - AUTO_PILOT - Syncing FROM GitHub (Pull)...
2026-02-22 20:11:16,317 - AUTO_PILOT - Git Pull Failed: [Errno 2] No such file or directory: 'git'
2026-02-22 20:12:16,392 - AUTO_PILOT - Syncing FROM GitHub (Pull)...
2026-02-22 20:12:16,398 - AUTO_PILOT - Git Pull Failed: [Errno 2] No such file or directory: 'git'
2026-02-22 20:13:16,480 - AUTO_PILOT - Syncing FROM GitHub (Pull)...
2026-02-22 20:13:16,483 - AUTO_PILOT - Git Pull Failed: [Errno 2] No such file or directory: 'git'
2026-02-22 20:14:16,541 - AUTO_PILOT - Syncing FROM GitHub (Pull)...
2026-02-22 20:14:16,546 - AUTO_PILOT - Git Pull Failed: [Errno 2] No such file or directory: 'git'
2026-02-22 20:15:16,582 - AUTO_PILOT - Syncing FROM GitHub (Pull)...
2026-02-22 20:15:16,587 - AUTO_PILOT - Git Pull Failed: [Errno 2] No such file or directory: 'git'
2026-02-22 20:16:16,668 - AUTO_PILOT - Syncing FROM GitHub (Pull)...
2026-02-22 20:16:16,673 - AUTO_PILOT - Git Pull Failed: [Errno 2] No such file or directory: 'git'
2026-02-22 20:17:16,753 - AUTO_PILOT - Syncing FROM GitHub (Pull)...
2026-02-22 20:17:16,758 - AUTO_PILOT - Git Pull Failed: [Errno 2] No such file or directory: 'git'
2026-02-22 20:18:16,805 - AUTO_PILOT - Syncing FROM GitHub (Pull)...
2026-02-22 20:18:16,809 - AUTO_PILOT - Git Pull Failed: [Errno 2] No such file or directory: 'git'
2026-02-22 20:19:16,890 - AUTO_PILOT - Syncing FROM GitHub (Pull)...
2026-02-22 20:19:16,897 - AUTO_PILOT - Git Pull Failed: [Errno 2] No such file or directory: 'git'
2026-02-22 20:20:16,983 - AUTO_PILOT - Syncing FROM GitHub (Pull)...
2026-02-22 20:20:16,990 - AUTO_PILOT - Git Pull Failed: [Errno 2] No such file or directory: 'git'
2026-02-22 20:21:17,068 - AUTO_PILOT - Syncing FROM GitHub (Pull)...
2026-02-22 20:21:17,073 - AUTO_PILOT - Git Pull Failed: [Errno 2] No such file or directory: 'git'
2026-02-22 20:22:17,149 - AUTO_PILOT - Syncing FROM GitHub (Pull)...
2026-02-22 20:22:17,153 - AUTO_PILOT - Git Pull Failed: [Errno 2] No such file or directory: 'git'
2026-02-22 20:23:17,213 - AUTO_PILOT - Syncing FROM GitHub (Pull)...
2026-02-22 20:23:17,218 - AUTO_PILOT - Git Pull Failed: [Errno 2] No such file or directory: 'git'
2026-02-22 20:24:17,301 - AUTO_PILOT - Syncing FROM GitHub (Pull)...
2026-02-22 20:24:17,306 - AUTO_PILOT - Git Pull Failed: [Errno 2] No such file or directory: 'git'
2026-02-22 20:25:17,386 - AUTO_PILOT - Syncing FROM GitHub (Pull)...
2026-02-22 20:25:17,392 - AUTO_PILOT - Git Pull Failed: [Errno 2] No such file or directory: 'git'
2026-02-22 20:26:17,474 - AUTO_PILOT - Syncing FROM GitHub (Pull)...
2026-02-22 20:26:17,477 - AUTO_PILOT - Git Pull Failed: [Errno 2] No such file or directory: 'git'
2026-02-22 20:27:17,538 - AUTO_PILOT - Syncing FROM GitHub (Pull)...
2026-02-22 20:27:17,541 - AUTO_PILOT - Git Pull Failed: [Errno 2] No such file or directory: 'git'
2026-02-22 20:28:17,609 - AUTO_PILOT - Syncing FROM GitHub (Pull)...
2026-02-22 20:28:17,616 - AUTO_PILOT - Git Pull Failed: [Errno 2] No such file or directory: 'git'
2026-02-22 20:29:17,691 - AUTO_PILOT - Syncing FROM GitHub (Pull)...
2026-02-22 20:29:17,695 - AUTO_PILOT - Git Pull Failed: [Errno 2] No such file or directory: 'git'
2026-02-22 20:30:17,744 - AUTO_PILOT - Syncing FROM GitHub (Pull)...
2026-02-22 20:30:17,750 - AUTO_PILOT - Git Pull Failed: [Errno 2] No such file or directory: 'git'
2026-02-22 20:31:17,813 - AUTO_PILOT - Syncing FROM GitHub (Pull)...
2026-02-22 20:31:17,818 - AUTO_PILOT - Git Pull Failed: [Errno 2] No such file or directory: 'git'
2026-02-22 20:32:17,843 - AUTO_PILOT - Syncing FROM GitHub (Pull)...
2026-02-22 20:32:17,848 - AUTO_PILOT - Git Pull Failed: [Errno 2] No such file or directory: 'git'
2026-02-22 20:33:17,931 - AUTO_PILOT - Syncing FROM GitHub (Pull)...
2026-02-22 20:33:17,935 - AUTO_PILOT - Git Pull Failed: [Errno 2] No such file or directory: 'git'
2026-02-22 20:34:18,001 - AUTO_PILOT - Syncing FROM GitHub (Pull)...
2026-02-22 20:34:18,008 - AUTO_PILOT - Git Pull Failed: [Errno 2] No such file or directory: 'git'
2026-02-22 20:35:18,047 - AUTO_PILOT - Syncing FROM GitHub (Pull)...
2026-02-22 20:35:18,054 - AUTO_PILOT - Git Pull Failed: [Errno 2] No such file or directory: 'git'
2026-02-22 20:36:18,119 - AUTO_PILOT - Syncing FROM GitHub (Pull)...
2026-02-22 20:36:18,124 - AUTO_PILOT - Git Pull Failed: [Errno 2] No such file or directory: 'git'
2026-02-22 20:37:18,207 - AUTO_PILOT - Syncing FROM GitHub (Pull)...
2026-02-22 20:37:18,211 - AUTO_PILOT - Git Pull Failed: [Errno 2] No such file or directory: 'git'
2026-02-22 20:38:18,294 - AUTO_PILOT - Syncing FROM GitHub (Pull)...
2026-02-22 20:38:18,299 - AUTO_PILOT - Git Pull Failed: [Errno 2] No such file or directory: 'git'
2026-02-22 20:39:18,380 - AUTO_PILOT - Syncing FROM GitHub (Pull)...
2026-02-22 20:39:18,387 - AUTO_PILOT - Git Pull Failed: [Errno 2] No such file or directory: 'git'
2026-02-22 20:40:18,470 - AUTO_PILOT - Syncing FROM GitHub (Pull)...
2026-02-22 20:40:18,475 - AUTO_PILOT - Git Pull Failed: [Errno 2] No such file or directory: 'git'
2026-02-22 20:41:18,557 - AUTO_PILOT - Syncing FROM GitHub (Pull)...
2026-02-22 20:41:18,562 - AUTO_PILOT - Git Pull Failed: [Errno 2] No such file or directory: 'git'
2026-02-22 20:42:18,637 - AUTO_PILOT - Syncing FROM GitHub (Pull)...
2026-02-22 20:42:18,641 - AUTO_PILOT - Git Pull Failed: [Errno 2] No such file or directory: 'git'
2026-02-22 20:43:18,725 - AUTO_PILOT - Syncing FROM GitHub (Pull)...
2026-02-22 20:43:18,730 - AUTO_PILOT - Git Pull Failed: [Errno 2] No such file or directory: 'git'
2026-02-22 20:44:18,798 - AUTO_PILOT - Syncing FROM GitHub (Pull)...
2026-02-22 20:44:18,803 - AUTO_PILOT - Git Pull Failed: [Errno 2] No such file or directory: 'git'
2026-02-22 20:45:18,887 - AUTO_PILOT - Syncing FROM GitHub (Pull)...
2026-02-22 20:45:18,892 - AUTO_PILOT - Git Pull Failed: [Errno 2] No such file or directory: 'git'
2026-02-22 20:46:18,978 - AUTO_PILOT - Syncing FROM GitHub (Pull)...
2026-02-22 20:46:18,982 - AUTO_PILOT - Git Pull Failed: [Errno 2] No such file or directory: 'git'
2026-02-22 20:47:19,063 - AUTO_PILOT - Syncing FROM GitHub (Pull)...
2026-02-22 20:47:19,068 - AUTO_PILOT - Git Pull Failed: [Errno 2] No such file or directory: 'git'
2026-02-22 20:48:19,138 - AUTO_PILOT - Syncing FROM GitHub (Pull)...
2026-02-22 20:48:19,143 - AUTO_PILOT - Git Pull Failed: [Errno 2] No such file or directory: 'git'
2026-02-22 20:49:19,219 - AUTO_PILOT - Syncing FROM GitHub (Pull)...
2026-02-22 20:49:19,226 - AUTO_PILOT - Git Pull Failed: [Errno 2] No such file or directory: 'git'
2026-02-22 20:50:19,308 - AUTO_PILOT - Syncing FROM GitHub (Pull)...
2026-02-22 20:50:19,312 - AUTO_PILOT - Git Pull Failed: [Errno 2] No such file or directory: 'git'
2026-02-22 20:51:19,340 - AUTO_PILOT - Syncing FROM GitHub (Pull)...
2026-02-22 20:51:19,346 - AUTO_PILOT - Git Pull Failed: [Errno 2] No such file or directory: 'git'
2026-02-22 20:52:19,374 - AUTO_PILOT - Syncing FROM GitHub (Pull)...
2026-02-22 20:52:19,377 - AUTO_PILOT - Git Pull Failed: [Errno 2] No such file or directory: 'git'
2026-02-22 20:53:19,454 - AUTO_PILOT - Syncing FROM GitHub (Pull)...
2026-02-22 20:53:19,460 - AUTO_PILOT - Git Pull Failed: [Errno 2] No such file or directory: 'git'
2026-02-22 20:54:19,538 - AUTO_PILOT - Syncing FROM GitHub (Pull)...
2026-02-22 20:54:19,545 - AUTO_PILOT - Git Pull Failed: [Errno 2] No such file or directory: 'git'
2026-02-22 20:55:19,557 - AUTO_PILOT - Syncing FROM GitHub (Pull)...
2026-02-22 20:55:19,562 - AUTO_PILOT - Git Pull Failed: [Errno 2] No such file or directory: 'git'
2026-02-22 20:56:19,641 - AUTO_PILOT - Syncing FROM GitHub (Pull)...
2026-02-22 20:56:19,645 - AUTO_PILOT - Git Pull Failed: [Errno 2] No such file or directory: 'git'
2026-02-22 20:57:19,678 - AUTO_PILOT - Syncing FROM GitHub (Pull)...
2026-02-22 20:57:19,683 - AUTO_PILOT - Git Pull Failed: [Errno 2] No such file or directory: 'git'
2026-02-22 20:58:19,759 - AUTO_PILOT - Syncing FROM GitHub (Pull)...
2026-02-22 20:58:19,765 - AUTO_PILOT - Git Pull Failed: [Errno 2] No such file or directory: 'git'
2026-02-22 20:59:19,823 - AUTO_PILOT - Syncing FROM GitHub (Pull)...
2026-02-22 20:59:19,827 - AUTO_PILOT - Git Pull Failed: [Errno 2] No such file or directory: 'git'
2026-02-22 21:00:19,876 - AUTO_PILOT - Syncing FROM GitHub (Pull)...
2026-02-22 21:00:19,881 - AUTO_PILOT - Git Pull Failed: [Errno 2] No such file or directory: 'git'
2026-02-22 21:01:19,943 - AUTO_PILOT - Syncing FROM GitHub (Pull)...
2026-02-22 21:01:19,946 - AUTO_PILOT - Git Pull Failed: [Errno 2] No such file or directory: 'git'
2026-02-22 21:02:20,025 - AUTO_PILOT - Syncing FROM GitHub (Pull)...
2026-02-22 21:02:20,029 - AUTO_PILOT - Git Pull Failed: [Errno 2] No such file or directory: 'git'
2026-02-22 21:03:20,112 - AUTO_PILOT - Syncing FROM GitHub (Pull)...
2026-02-22 21:03:20,116 - AUTO_PILOT - Git Pull Failed: [Errno 2] No such file or directory: 'git'
2026-02-22 21:04:20,202 - AUTO_PILOT - Syncing FROM GitHub (Pull)...
2026-02-22 21:04:20,208 - AUTO_PILOT - Git Pull Failed: [Errno 2] No such file or directory: 'git'
2026-02-22 21:05:20,291 - AUTO_PILOT - Syncing FROM GitHub (Pull)...
2026-02-22 21:05:20,298 - AUTO_PILOT - Git Pull Failed: [Errno 2] No such file or directory: 'git'
2026-02-22 21:06:20,378 - AUTO_PILOT - Syncing FROM GitHub (Pull)...
2026-02-22 21:06:20,384 - AUTO_PILOT - Git Pull Failed: [Errno 2] No such file or directory: 'git'
2026-02-22 21:07:20,467 - AUTO_PILOT - Syncing FROM GitHub (Pull)...
2026-02-22 21:07:20,472 - AUTO_PILOT - Git Pull Failed: [Errno 2] No such file or directory: 'git'
2026-02-22 21:24:30,573 - AUTO_PILOT - Syncing FROM GitHub (Pull)...
2026-02-22 21:24:30,575 - AUTO_PILOT - Git Pull Failed: [Errno 2] No such file or directory: 'git'
2026-02-22 21:25:30,631 - AUTO_PILOT - Syncing FROM GitHub (Pull)...
2026-02-22 21:25:30,636 - AUTO_PILOT - Git Pull Failed: [Errno 2] No such file or directory: 'git'
2026-02-22 21:26:30,719 - AUTO_PILOT - Syncing FROM GitHub (Pull)...
2026-02-22 21:26:30,724 - AUTO_PILOT - Git Pull Failed: [Errno 2] No such file or directory: 'git'
2026-02-22 21:27:30,806 - AUTO_PILOT - Syncing FROM GitHub (Pull)...
2026-02-22 21:27:30,809 - AUTO_PILOT - Git Pull Failed: [Errno 2] No such file or directory: 'git'
2026-02-22 21:28:30,877 - AUTO_PILOT - Syncing FROM GitHub (Pull)...
2026-02-22 21:28:30,882 - AUTO_PILOT - Git Pull Failed: [Errno 2] No such file or directory: 'git'
2026-02-22 21:29:30,956 - AUTO_PILOT - Syncing FROM GitHub (Pull)...
2026-02-22 21:29:30,961 - AUTO_PILOT - Git Pull Failed: [Errno 2] No such file or directory: 'git'
2026-02-22 21:30:31,036 - AUTO_PILOT - Syncing FROM GitHub (Pull)...
2026-02-22 21:30:31,040 - AUTO_PILOT - Git Pull Failed: [Errno 2] No such file or directory: 'git'
2026-02-22 21:31:31,109 - AUTO_PILOT - Syncing FROM GitHub (Pull)...
2026-02-22 21:31:31,114 - AUTO_PILOT - Git Pull Failed: [Errno 2] No such file or directory: 'git'
2026-02-22 21:32:31,145 - AUTO_PILOT - Syncing FROM GitHub (Pull)...
2026-02-22 21:32:31,150 - AUTO_PILOT - Git Pull Failed: [Errno 2] No such file or directory: 'git'
2026-02-22 21:33:31,226 - AUTO_PILOT - Syncing FROM GitHub (Pull)...
2026-02-22 21:33:31,231 - AUTO_PILOT - Git Pull Failed: [Errno 2] No such file or directory: 'git'
2026-02-22 21:34:31,306 - AUTO_PILOT - Syncing FROM GitHub (Pull)...
2026-02-22 21:34:31,311 - AUTO_PILOT - Git Pull Failed: [Errno 2] No such file or directory: 'git'
2026-02-22 21:35:31,383 - AUTO_PILOT - Syncing FROM GitHub (Pull)...
2026-02-22 21:35:31,390 - AUTO_PILOT - Git Pull Failed: [Errno 2] No such file or directory: 'git'
2026-02-22 21:36:31,473 - AUTO_PILOT - Syncing FROM GitHub (Pull)...
2026-02-22 21:36:31,480 - AUTO_PILOT - Git Pull Failed: [Errno 2] No such file or directory: 'git'
2026-02-22 21:37:31,558 - AUTO_PILOT - Syncing FROM GitHub (Pull)...
2026-02-22 21:37:31,564 - AUTO_PILOT - Git Pull Failed: [Errno 2] No such file or directory: 'git'
2026-02-22 21:38:31,643 - AUTO_PILOT - Syncing FROM GitHub (Pull)...
2026-02-22 21:38:31,649 - AUTO_PILOT - Git Pull Failed: [Errno 2] No such file or directory: 'git'
2026-02-22 21:39:31,727 - AUTO_PILOT - Syncing FROM GitHub (Pull)...
2026-02-22 21:39:31,732 - AUTO_PILOT - Git Pull Failed: [Errno 2] No such file or directory: 'git'
2026-02-22 21:40:31,806 - AUTO_PILOT - Syncing FROM GitHub (Pull)...
2026-02-22 21:40:31,811 - AUTO_PILOT - Git Pull Failed: [Errno 2] No such file or directory: 'git'
2026-02-22 21:41:31,889 - AUTO_PILOT - Syncing FROM GitHub (Pull)...
2026-02-22 21:41:31,894 - AUTO_PILOT - Git Pull Failed: [Errno 2] No such file or directory: 'git'
2026-02-22 21:42:31,961 - AUTO_PILOT - Syncing FROM GitHub (Pull)...
2026-02-22 21:42:31,965 - AUTO_PILOT - Git Pull Failed: [Errno 2] No such file or directory: 'git'
2026-02-22 21:43:32,045 - AUTO_PILOT - Syncing FROM GitHub (Pull)...
2026-02-22 21:43:32,050 - AUTO_PILOT - Git Pull Failed: [Errno 2] No such file or directory: 'git'
2026-02-22 21:44:32,129 - AUTO_PILOT - Syncing FROM GitHub (Pull)...
2026-02-22 21:44:32,133 - AUTO_PILOT - Git Pull Failed: [Errno 2] No such file or directory: 'git'
2026-02-22 21:45:32,200 - AUTO_PILOT - Syncing FROM GitHub (Pull)...
2026-02-22 21:45:32,205 - AUTO_PILOT - Git Pull Failed: [Errno 2] No such file or directory: 'git'
2026-02-22 21:46:32,272 - AUTO_PILOT - Syncing FROM GitHub (Pull)...
2026-02-22 21:46:32,276 - AUTO_PILOT - Git Pull Failed: [Errno 2] No such file or directory: 'git'
2026-02-22 21:47:32,323 - AUTO_PILOT - Syncing FROM GitHub (Pull)...
2026-02-22 21:47:32,328 - AUTO_PILOT - Git Pull Failed: [Errno 2] No such file or directory: 'git'
2026-02-22 21:48:32,408 - AUTO_PILOT - Syncing FROM GitHub (Pull)...
2026-02-22 21:48:32,414 - AUTO_PILOT - Git Pull Failed: [Errno 2] No such file or directory: 'git'
2026-02-22 21:49:32,494 - AUTO_PILOT - Syncing FROM GitHub (Pull)...
2026-02-22 21:49:32,499 - AUTO_PILOT - Git Pull Failed: [Errno 2] No such file or directory: 'git'
2026-02-22 21:50:32,579 - AUTO_PILOT - Syncing FROM GitHub (Pull)...
2026-02-22 21:50:32,584 - AUTO_PILOT - Git Pull Failed: [Errno 2] No such file or directory: 'git'
2026-02-22 21:51:32,665 - AUTO_PILOT - Syncing FROM GitHub (Pull)...
2026-02-22 21:51:32,670 - AUTO_PILOT - Git Pull Failed: [Errno 2] No such file or directory: 'git'
2026-02-22 21:52:32,749 - AUTO_PILOT - Syncing FROM GitHub (Pull)...
2026-02-22 21:52:32,755 - AUTO_PILOT - Git Pull Failed: [Errno 2] No such file or directory: 'git'
2026-02-22 21:53:32,787 - AUTO_PILOT - Syncing FROM GitHub (Pull)...
2026-02-22 21:53:32,792 - AUTO_PILOT - Git Pull Failed: [Errno 2] No such file or directory: 'git'
2026-02-22 21:54:32,854 - AUTO_PILOT - Syncing FROM GitHub (Pull)...
2026-02-22 21:54:32,861 - AUTO_PILOT - Git Pull Failed: [Errno 2] No such file or directory: 'git'
2026-02-22 21:55:32,942 - AUTO_PILOT - Syncing FROM GitHub (Pull)...
2026-02-22 21:55:32,947 - AUTO_PILOT - Git Pull Failed: [Errno 2] No such file or directory: 'git'
2026-02-22 21:56:33,028 - AUTO_PILOT - Syncing FROM GitHub (Pull)...
2026-02-22 21:56:33,033 - AUTO_PILOT - Git Pull Failed: [Errno 2] No such file or directory: 'git'
2026-02-22 21:57:33,114 - AUTO_PILOT - Syncing FROM GitHub (Pull)...
2026-02-22 21:57:33,119 - AUTO_PILOT - Git Pull Failed: [Errno 2] No such file or directory: 'git'
2026-02-22 21:58:33,189 - AUTO_PILOT - Syncing FROM GitHub (Pull)...
2026-02-22 21:58:33,192 - AUTO_PILOT - Git Pull Failed: [Errno 2] No such file or directory: 'git'
2026-02-22 21:59:33,262 - AUTO_PILOT - Syncing FROM GitHub (Pull)...
2026-02-22 21:59:33,266 - AUTO_PILOT - Git Pull Failed: [Errno 2] No such file or directory: 'git'
2026-02-22 22:00:33,305 - AUTO_PILOT - Syncing FROM GitHub (Pull)...
2026-02-22 22:00:33,310 - AUTO_PILOT - Git Pull Failed: [Errno 2] No such file or directory: 'git'
2026-02-22 22:01:33,392 - AUTO_PILOT - Syncing FROM GitHub (Pull)...
2026-02-22 22:01:33,397 - AUTO_PILOT - Git Pull Failed: [Errno 2] No such file or directory: 'git'
2026-02-22 22:02:33,482 - AUTO_PILOT - Syncing FROM GitHub (Pull)...
2026-02-22 22:02:33,486 - AUTO_PILOT - Git Pull Failed: [Errno 2] No such file or directory: 'git'
2026-02-23 00:04:11,533 - AUTO_PILOT - Syncing FROM GitHub (Pull)...
2026-02-23 00:04:11,534 - AUTO_PILOT - Git Pull Failed: [Errno 2] No such file or directory: 'git'
2026-02-23 00:04:11,535 - AUTO_PILOT - Midnight Triggered! Starting new day...
2026-02-23 00:04:11,545 - AUTO_PILOT - State reset for 2026-02-23. Pipeline should pick this up shortly.
2026-02-23 00:04:11,554 - AUTO_PILOT - Triggering FETCH...
2026-02-23 00:04:11,555 - AUTO_PILOT - Starting process: ['/usr/local/bin/python', '/app/stock_ticker/main.py', '--fetch-only']
2026-02-23 00:06:10,489 - AUTO_PILOT - Syncing FROM GitHub (Pull)...
2026-02-23 00:06:10,494 - AUTO_PILOT - Git Pull Failed: [Errno 2] No such file or directory: 'git'
2026-02-23 00:06:10,511 - AUTO_PILOT - Triggering MODEL...
2026-02-23 00:06:10,511 - AUTO_PILOT - Starting process: ['/usr/local/bin/python', '/app/stock_ticker/main.py', '--analyze-only']
2026-02-23 00:08:10,620 - AUTO_PILOT - Syncing FROM GitHub (Pull)...
2026-02-23 00:08:10,627 - AUTO_PILOT - Git Pull Failed: [Errno 2] No such file or directory: 'git'
2026-02-23 00:08:10,665 - AUTO_PILOT - Triggering BIG BETS...
2026-02-23 00:08:10,667 - AUTO_PILOT - Starting Big Bets Analysis...
2026-02-23 00:08:11,089 - AUTO_PILOT - Big Bets Results Saved to /app/stock_ticker/data/big_bets_results.csv
2026-02-23 00:08:11,096 - AUTO_PILOT - Git Auto-Sync failed: [Errno 2] No such file or directory: 'git'
2026-02-23 00:08:11,097 - AUTO_PILOT - Pushed All Data results to GitHub.
2026-02-23 00:10:11,202 - AUTO_PILOT - Syncing FROM GitHub (Pull)...
2026-02-23 00:10:11,210 - AUTO_PILOT - Git Pull Failed: [Errno 2] No such file or directory: 'git'
2026-02-23 00:11:11,300 - AUTO_PILOT - Syncing FROM GitHub (Pull)...
2026-02-23 00:11:11,304 - AUTO_PILOT - Git Pull Failed: [Errno 2] No such file or directory: 'git'
2026-02-23 00:12:11,381 - AUTO_PILOT - Syncing FROM GitHub (Pull)...
2026-02-23 00:12:11,386 - AUTO_PILOT - Git Pull Failed: [Errno 2] No such file or directory: 'git'
2026-02-23 00:13:11,475 - AUTO_PILOT - Syncing FROM GitHub (Pull)...
2026-02-23 00:13:11,480 - AUTO_PILOT - Git Pull Failed: [Errno 2] No such file or directory: 'git'
2026-02-23 00:14:11,569 - AUTO_PILOT - Syncing FROM GitHub (Pull)...
2026-02-23 00:14:11,577 - AUTO_PILOT - Git Pull Failed: [Errno 2] No such file or directory: 'git'
2026-02-23 00:15:11,669 - AUTO_PILOT - Syncing FROM GitHub (Pull)...
2026-02-23 00:15:11,673 - AUTO_PILOT - Git Pull Failed: [Errno 2] No such file or directory: 'git'
2026-02-23 08:00:35,202 - AUTO_PILOT - Syncing FROM GitHub (Pull)...
2026-02-23 08:00:35,203 - AUTO_PILOT - Git Pull Failed: [Errno 2] No such file or directory: 'git'
2026-02-23 08:01:35,257 - AUTO_PILOT - Syncing FROM GitHub (Pull)...
2026-02-23 08:01:35,260 - AUTO_PILOT - Git Pull Failed: [Errno 2] No such file or directory: 'git'
2026-02-23 08:02:35,317 - AUTO_PILOT - Syncing FROM GitHub (Pull)...
2026-02-23 08:02:35,325 - AUTO_PILOT - Git Pull Failed: [Errno 2] No such file or directory: 'git'
2026-02-23 08:03:35,393 - AUTO_PILOT - Syncing FROM GitHub (Pull)...
2026-02-23 08:03:35,399 - AUTO_PILOT - Git Pull Failed: [Errno 2] No such file or directory: 'git'
2026-02-23 08:04:35,478 - AUTO_PILOT - Syncing FROM GitHub (Pull)...
2026-02-23 08:04:35,484 - AUTO_PILOT - Git Pull Failed: [Errno 2] No such file or directory: 'git'
2026-02-23 08:05:35,568 - AUTO_PILOT - Syncing FROM GitHub (Pull)...
2026-02-23 08:05:35,575 - AUTO_PILOT - Git Pull Failed: [Errno 2] No such file or directory: 'git'
2026-02-23 08:06:35,665 - AUTO_PILOT - Syncing FROM GitHub (Pull)...
2026-02-23 08:06:35,667 - AUTO_PILOT - Git Pull Failed: [Errno 2] No such file or directory: 'git'
2026-02-23 08:07:35,726 - AUTO_PILOT - Syncing FROM GitHub (Pull)...
2026-02-23 08:07:35,732 - AUTO_PILOT - Git Pull Failed: [Errno 2] No such file or directory: 'git'
2026-02-23 08:08:35,820 - AUTO_PILOT - Syncing FROM GitHub (Pull)...
2026-02-23 08:08:35,824 - AUTO_PILOT - Git Pull Failed: [Errno 2] No such file or directory: 'git'
2026-02-23 08:09:35,894 - AUTO_PILOT - Syncing FROM GitHub (Pull)...
2026-02-23 08:09:35,898 - AUTO_PILOT - Git Pull Failed: [Errno 2] No such file or directory: 'git'
2026-02-23 08:10:35,956 - AUTO_PILOT - Syncing FROM GitHub (Pull)...
2026-02-23 08:10:35,963 - AUTO_PILOT - Git Pull Failed: [Errno 2] No such file or directory: 'git'
2026-02-23 08:11:36,052 - AUTO_PILOT - Syncing FROM GitHub (Pull)...
2026-02-23 08:11:36,059 - AUTO_PILOT - Git Pull Failed: [Errno 2] No such file or directory: 'git'
2026-02-23 08:12:36,144 - AUTO_PILOT - Syncing FROM GitHub (Pull)...
2026-02-23 08:12:36,148 - AUTO_PILOT - Git Pull Failed: [Errno 2] No such file or directory: 'git'
2026-02-23 08:13:36,232 - AUTO_PILOT - Syncing FROM GitHub (Pull)...
2026-02-23 08:13:36,238 - AUTO_PILOT - Git Pull Failed: [Errno 2] No such file or directory: 'git'
2026-02-23 08:14:36,319 - AUTO_PILOT - Syncing FROM GitHub (Pull)...
2026-02-23 08:14:36,322 - AUTO_PILOT - Git Pull Failed: [Errno 2] No such file or directory: 'git'
2026-02-23 08:15:36,396 - AUTO_PILOT - Syncing FROM GitHub (Pull)...
2026-02-23 08:15:36,400 - AUTO_PILOT - Git Pull Failed: [Errno 2] No such file or directory: 'git'
2026-02-23 08:16:36,483 - AUTO_PILOT - Syncing FROM GitHub (Pull)...
2026-02-23 08:16:36,489 - AUTO_PILOT - Git Pull Failed: [Errno 2] No such file or directory: 'git'
2026-02-23 08:17:36,572 - AUTO_PILOT - Syncing FROM GitHub (Pull)...
2026-02-23 08:17:36,578 - AUTO_PILOT - Git Pull Failed: [Errno 2] No such file or directory: 'git'
2026-02-23 08:18:36,663 - AUTO_PILOT - Syncing FROM GitHub (Pull)...
2026-02-23 08:18:36,668 - AUTO_PILOT - Git Pull Failed: [Errno 2] No such file or directory: 'git'
2026-02-23 08:19:36,754 - AUTO_PILOT - Syncing FROM GitHub (Pull)...
2026-02-23 08:19:36,757 - AUTO_PILOT - Git Pull Failed: [Errno 2] No such file or directory: 'git'
2026-02-23 08:20:36,821 - AUTO_PILOT - Syncing FROM GitHub (Pull)...
2026-02-23 08:20:36,824 - AUTO_PILOT - Git Pull Failed: [Errno 2] No such file or directory: 'git'
2026-02-23 08:21:36,831 - AUTO_PILOT - Syncing FROM GitHub (Pull)...
2026-02-23 08:21:36,839 - AUTO_PILOT - Git Pull Failed: [Errno 2] No such file or directory: 'git'
2026-02-23 08:22:36,926 - AUTO_PILOT - Syncing FROM GitHub (Pull)...
2026-02-23 08:22:36,930 - AUTO_PILOT - Git Pull Failed: [Errno 2] No such file or directory: 'git'
2026-02-23 08:23:36,990 - AUTO_PILOT - Syncing FROM GitHub (Pull)...
2026-02-23 08:23:36,996 - AUTO_PILOT - Git Pull Failed: [Errno 2] No such file or directory: 'git'
2026-02-23 08:24:37,090 - AUTO_PILOT - Syncing FROM GitHub (Pull)...
2026-02-23 08:24:37,098 - AUTO_PILOT - Git Pull Failed: [Errno 2] No such file or directory: 'git'
2026-02-23 08:25:37,160 - AUTO_PILOT - Syncing FROM GitHub (Pull)...
2026-02-23 08:25:37,165 - AUTO_PILOT - Git Pull Failed: [Errno 2] No such file or directory: 'git'
2026-02-23 08:26:37,226 - AUTO_PILOT - Syncing FROM GitHub (Pull)...
2026-02-23 08:26:37,229 - AUTO_PILOT - Git Pull Failed: [Errno 2] No such file or directory: 'git'
2026-02-23 08:27:37,294 - AUTO_PILOT - Syncing FROM GitHub (Pull)...
2026-02-23 08:27:37,301 - AUTO_PILOT - Git Pull Failed: [Errno 2] No such file or directory: 'git'
2026-02-23 08:28:37,390 - AUTO_PILOT - Syncing FROM GitHub (Pull)...
2026-02-23 08:28:37,397 - AUTO_PILOT - Git Pull Failed: [Errno 2] No such file or directory: 'git'
2026-02-23 08:29:43,786 - AUTO_PILOT - Syncing FROM GitHub (Pull)...
2026-02-23 08:29:43,789 - AUTO_PILOT - Git Pull Failed: [Errno 2] No such file or directory: 'git'
2026-02-28 08:47:47,897 - AUTO_PILOT - Auto-Pilot Started. Schedule: Daily at 12:00 AM (Midnight).
2026-02-28 08:47:47,901 - AUTO_PILOT - Next run scheduled for: 2026-03-01 00:00:00
2026-02-28 08:47:47,902 - AUTO_PILOT - Syncing FROM GitHub (Pull)...
2026-02-28 08:47:47,904 - AUTO_PILOT - Git Pull Failed: [Errno 2] No such file or directory: 'git'
2026-02-28 09:30:48,587 - AUTO_PILOT - Auto-Pilot Started. Schedule: Daily at 12:00 AM (Midnight).
2026-02-28 09:30:48,592 - AUTO_PILOT - Next run scheduled for: 2026-03-01 00:00:00
2026-02-28 09:30:48,593 - AUTO_PILOT - Syncing FROM GitHub (Pull)...
2026-02-28 09:30:48,595 - AUTO_PILOT - Git Pull Failed: [Errno 2] No such file or directory: 'git'
2026-02-28 09:31:48,662 - AUTO_PILOT - Syncing FROM GitHub (Pull)...
2026-02-28 09:31:48,667 - AUTO_PILOT - Git Pull Failed: [Errno 2] No such file or directory: 'git'
2026-02-28 09:32:48,752 - AUTO_PILOT - Syncing FROM GitHub (Pull)...
2026-02-28 09:32:48,758 - AUTO_PILOT - Git Pull Failed: [Errno 2] No such file or directory: 'git'
2026-02-28 09:33:48,783 - AUTO_PILOT - Syncing FROM GitHub (Pull)...
2026-02-28 09:33:48,787 - AUTO_PILOT - Git Pull Failed: [Errno 2] No such file or directory: 'git'
2026-02-28 09:34:48,872 - AUTO_PILOT - Syncing FROM GitHub (Pull)...
2026-02-28 09:34:48,876 - AUTO_PILOT - Git Pull Failed: [Errno 2] No such file or directory: 'git'
2026-02-28 09:35:48,894 - AUTO_PILOT - Syncing FROM GitHub (Pull)...
2026-02-28 09:35:48,898 - AUTO_PILOT - Git Pull Failed: [Errno 2] No such file or directory: 'git'
2026-02-28 09:36:48,984 - AUTO_PILOT - Syncing FROM GitHub (Pull)...
2026-02-28 09:36:48,989 - AUTO_PILOT - Git Pull Failed: [Errno 2] No such file or directory: 'git'
2026-02-28 09:37:49,074 - AUTO_PILOT - Syncing FROM GitHub (Pull)...
2026-02-28 09:37:49,080 - AUTO_PILOT - Git Pull Failed: [Errno 2] No such file or directory: 'git'
2026-02-28 09:38:49,166 - AUTO_PILOT - Syncing FROM GitHub (Pull)...
2026-02-28 09:38:49,172 - AUTO_PILOT - Git Pull Failed: [Errno 2] No such file or directory: 'git'
2026-02-28 09:39:49,263 - AUTO_PILOT - Syncing FROM GitHub (Pull)...
2026-02-28 09:39:49,268 - AUTO_PILOT - Git Pull Failed: [Errno 2] No such file or directory: 'git'
2026-02-28 09:40:49,330 - AUTO_PILOT - Syncing FROM GitHub (Pull)...
2026-02-28 09:40:49,332 - AUTO_PILOT - Git Pull Failed: [Errno 2] No such file or directory: 'git'
2026-02-28 09:41:49,404 - AUTO_PILOT - Syncing FROM GitHub (Pull)...
2026-02-28 09:41:49,408 - AUTO_PILOT - Git Pull Failed: [Errno 2] No such file or directory: 'git'
2026-02-28 09:42:49,495 - AUTO_PILOT - Syncing FROM GitHub (Pull)...
2026-02-28 09:42:49,500 - AUTO_PILOT - Git Pull Failed: [Errno 2] No such file or directory: 'git'
2026-02-28 09:43:49,586 - AUTO_PILOT - Syncing FROM GitHub (Pull)...
2026-02-28 09:43:49,593 - AUTO_PILOT - Git Pull Failed: [Errno 2] No such file or directory: 'git'
2026-02-28 09:44:49,630 - AUTO_PILOT - Syncing FROM GitHub (Pull)...
2026-02-28 09:44:49,634 - AUTO_PILOT - Git Pull Failed: [Errno 2] No such file or directory: 'git'
2026-02-28 09:45:49,719 - AUTO_PILOT - Syncing FROM GitHub (Pull)...
2026-02-28 09:45:49,724 - AUTO_PILOT - Git Pull Failed: [Errno 2] No such file or directory: 'git'
2026-02-28 09:49:41,561 - AUTO_PILOT - Auto-Pilot Started. Schedule: Daily at 12:00 AM (Midnight).
2026-02-28 09:49:41,564 - AUTO_PILOT - Next run scheduled for: 2026-03-01 00:00:00
2026-02-28 09:49:41,564 - AUTO_PILOT - Syncing FROM GitHub (Pull)...
2026-02-28 09:49:41,566 - AUTO_PILOT - Git Pull Failed: [Errno 2] No such file or directory: 'git'
2026-02-28 09:50:41,594 - AUTO_PILOT - Syncing FROM GitHub (Pull)...
2026-02-28 09:50:41,598 - AUTO_PILOT - Git Pull Failed: [Errno 2] No such file or directory: 'git'
2026-02-28 09:51:41,662 - AUTO_PILOT - Syncing FROM GitHub (Pull)...
2026-02-28 09:51:41,667 - AUTO_PILOT - Git Pull Failed: [Errno 2] No such file or directory: 'git'
2026-02-28 09:52:41,734 - AUTO_PILOT - Syncing FROM GitHub (Pull)...
2026-02-28 09:52:41,740 - AUTO_PILOT - Git Pull Failed: [Errno 2] No such file or directory: 'git'
2026-02-28 09:53:41,772 - AUTO_PILOT - Syncing FROM GitHub (Pull)...
2026-02-28 09:53:41,777 - AUTO_PILOT - Git Pull Failed: [Errno 2] No such file or directory: 'git'
2026-02-28 09:54:41,868 - AUTO_PILOT - Syncing FROM GitHub (Pull)...
2026-02-28 09:54:41,872 - AUTO_PILOT - Git Pull Failed: [Errno 2] No such file or directory: 'git'
2026-02-28 09:55:41,964 - AUTO_PILOT - Syncing FROM GitHub (Pull)...
2026-02-28 09:55:41,969 - AUTO_PILOT - Git Pull Failed: [Errno 2] No such file or directory: 'git'
2026-02-28 09:56:42,059 - AUTO_PILOT - Syncing FROM GitHub (Pull)...
2026-02-28 09:56:42,064 - AUTO_PILOT - Git Pull Failed: [Errno 2] No such file or directory: 'git'
2026-02-28 09:57:42,155 - AUTO_PILOT - Syncing FROM GitHub (Pull)...
2026-02-28 09:57:42,160 - AUTO_PILOT - Git Pull Failed: [Errno 2] No such file or directory: 'git'
2026-02-28 09:58:42,251 - AUTO_PILOT - Syncing FROM GitHub (Pull)...
2026-02-28 09:58:42,256 - AUTO_PILOT - Git Pull Failed: [Errno 2] No such file or directory: 'git'
2026-02-28 09:59:42,348 - AUTO_PILOT - Syncing FROM GitHub (Pull)...
2026-02-28 09:59:42,353 - AUTO_PILOT - Git Pull Failed: [Errno 2] No such file or directory: 'git'
2026-02-28 10:00:42,445 - AUTO_PILOT - Syncing FROM GitHub (Pull)...
2026-02-28 10:00:42,449 - AUTO_PILOT - Git Pull Failed: [Errno 2] No such file or directory: 'git'
2026-02-28 10:01:42,519 - AUTO_PILOT - Syncing FROM GitHub (Pull)...
2026-02-28 10:01:42,521 - AUTO_PILOT - Git Pull Failed: [Errno 2] No such file or directory: 'git'
2026-02-28 10:02:42,592 - AUTO_PILOT - Syncing FROM GitHub (Pull)...
2026-02-28 10:02:42,598 - AUTO_PILOT - Git Pull Failed: [Errno 2] No such file or directory: 'git'
2026-02-28 10:03:42,688 - AUTO_PILOT - Syncing FROM GitHub (Pull)...
2026-02-28 10:03:42,693 - AUTO_PILOT - Git Pull Failed: [Errno 2] No such file or directory: 'git'
2026-02-28 10:04:42,785 - AUTO_PILOT - Syncing FROM GitHub (Pull)...
2026-02-28 10:04:42,790 - AUTO_PILOT - Git Pull Failed: [Errno 2] No such file or directory: 'git'
2026-02-28 10:05:42,876 - AUTO_PILOT - Syncing FROM GitHub (Pull)...
2026-02-28 10:05:42,881 - AUTO_PILOT - Git Pull Failed: [Errno 2] No such file or directory: 'git'
2026-02-28 10:06:42,945 - AUTO_PILOT - Syncing FROM GitHub (Pull)...
2026-02-28 10:06:42,947 - AUTO_PILOT - Git Pull Failed: [Errno 2] No such file or directory: 'git'
2026-02-28 10:07:43,017 - AUTO_PILOT - Syncing FROM GitHub (Pull)...
2026-02-28 10:07:43,022 - AUTO_PILOT - Git Pull Failed: [Errno 2] No such file or directory: 'git'
2026-02-28 10:08:43,092 - AUTO_PILOT - Syncing FROM GitHub (Pull)...
2026-02-28 10:08:43,098 - AUTO_PILOT - Git Pull Failed: [Errno 2] No such file or directory: 'git'
2026-02-28 10:09:43,177 - AUTO_PILOT - Syncing FROM GitHub (Pull)...
2026-02-28 10:09:43,181 - AUTO_PILOT - Git Pull Failed: [Errno 2] No such file or directory: 'git'
2026-02-28 10:10:43,266 - AUTO_PILOT - Syncing FROM GitHub (Pull)...
2026-02-28 10:10:43,271 - AUTO_PILOT - Git Pull Failed: [Errno 2] No such file or directory: 'git'
2026-02-28 10:11:43,362 - AUTO_PILOT - Syncing FROM GitHub (Pull)...
2026-02-28 10:11:43,367 - AUTO_PILOT - Git Pull Failed: [Errno 2] No such file or directory: 'git'
2026-02-28 10:12:43,459 - AUTO_PILOT - Syncing FROM GitHub (Pull)...
2026-02-28 10:12:43,465 - AUTO_PILOT - Git Pull Failed: [Errno 2] No such file or directory: 'git'
2026-02-28 10:13:43,555 - AUTO_PILOT - Syncing FROM GitHub (Pull)...
2026-02-28 10:13:43,557 - AUTO_PILOT - Git Pull Failed: [Errno 2] No such file or directory: 'git'
2026-02-28 10:14:43,627 - AUTO_PILOT - Syncing FROM GitHub (Pull)...
2026-02-28 10:14:43,630 - AUTO_PILOT - Git Pull Failed: [Errno 2] No such file or directory: 'git'
2026-02-28 10:15:43,696 - AUTO_PILOT - Syncing FROM GitHub (Pull)...
2026-02-28 10:15:43,702 - AUTO_PILOT - Git Pull Failed: [Errno 2] No such file or directory: 'git'
2026-02-28 10:16:43,792 - AUTO_PILOT - Syncing FROM GitHub (Pull)...
2026-02-28 10:16:43,797 - AUTO_PILOT - Git Pull Failed: [Errno 2] No such file or directory: 'git'
2026-02-28 10:17:43,886 - AUTO_PILOT - Syncing FROM GitHub (Pull)...
2026-02-28 10:17:43,888 - AUTO_PILOT - Git Pull Failed: [Errno 2] No such file or directory: 'git'
2026-02-28 10:18:43,954 - AUTO_PILOT - Syncing FROM GitHub (Pull)...
2026-02-28 10:18:43,960 - AUTO_PILOT - Git Pull Failed: [Errno 2] No such file or directory: 'git'
2026-02-28 10:19:44,041 - AUTO_PILOT - Syncing FROM GitHub (Pull)...
2026-02-28 10:19:44,043 - AUTO_PILOT - Git Pull Failed: [Errno 2] No such file or directory: 'git'
2026-02-28 10:20:44,097 - AUTO_PILOT - Syncing FROM GitHub (Pull)...
2026-02-28 10:20:44,101 - AUTO_PILOT - Git Pull Failed: [Errno 2] No such file or directory: 'git'
2026-02-28 10:21:44,178 - AUTO_PILOT - Syncing FROM GitHub (Pull)...
2026-02-28 10:21:44,183 - AUTO_PILOT - Git Pull Failed: [Errno 2] No such file or directory: 'git'
2026-02-28 10:22:44,244 - AUTO_PILOT - Syncing FROM GitHub (Pull)...
2026-02-28 10:22:44,249 - AUTO_PILOT - Git Pull Failed: [Errno 2] No such file or directory: 'git'
2026-02-28 10:23:44,308 - AUTO_PILOT - Syncing FROM GitHub (Pull)...
2026-02-28 10:23:44,313 - AUTO_PILOT - Git Pull Failed: [Errno 2] No such file or directory: 'git'
2026-02-28 10:24:44,384 - AUTO_PILOT - Syncing FROM GitHub (Pull)...
2026-02-28 10:24:44,389 - AUTO_PILOT - Git Pull Failed: [Errno 2] No such file or directory: 'git'
2026-02-28 10:25:44,459 - AUTO_PILOT - Syncing FROM GitHub (Pull)...
2026-02-28 10:25:44,461 - AUTO_PILOT - Git Pull Failed: [Errno 2] No such file or directory: 'git'
2026-02-28 10:26:44,520 - AUTO_PILOT - Syncing FROM GitHub (Pull)...
2026-02-28 10:26:44,522 - AUTO_PILOT - Git Pull Failed: [Errno 2] No such file or directory: 'git'
2026-02-28 10:27:44,576 - AUTO_PILOT - Syncing FROM GitHub (Pull)...
2026-02-28 10:27:44,579 - AUTO_PILOT - Git Pull Failed: [Errno 2] No such file or directory: 'git'
2026-02-28 10:28:44,641 - AUTO_PILOT - Syncing FROM GitHub (Pull)...
2026-02-28 10:28:44,647 - AUTO_PILOT - Git Pull Failed: [Errno 2] No such file or directory: 'git'
2026-02-28 10:29:44,724 - AUTO_PILOT - Syncing FROM GitHub (Pull)...
2026-02-28 10:29:44,728 - AUTO_PILOT - Git Pull Failed: [Errno 2] No such file or directory: 'git'
2026-02-28 10:30:44,804 - AUTO_PILOT - Syncing FROM GitHub (Pull)...
2026-02-28 10:30:44,808 - AUTO_PILOT - Git Pull Failed: [Errno 2] No such file or directory: 'git'
2026-02-28 10:31:44,887 - AUTO_PILOT - Syncing FROM GitHub (Pull)...
2026-02-28 10:31:44,893 - AUTO_PILOT - Git Pull Failed: [Errno 2] No such file or directory: 'git'
2026-02-28 10:32:44,951 - AUTO_PILOT - Syncing FROM GitHub (Pull)...
2026-02-28 10:32:44,956 - AUTO_PILOT - Git Pull Failed: [Errno 2] No such file or directory: 'git'
2026-02-28 10:33:45,030 - AUTO_PILOT - Syncing FROM GitHub (Pull)...
2026-02-28 10:33:45,035 - AUTO_PILOT - Git Pull Failed: [Errno 2] No such file or directory: 'git'
2026-02-28 10:34:45,113 - AUTO_PILOT - Syncing FROM GitHub (Pull)...
2026-02-28 10:34:45,117 - AUTO_PILOT - Git Pull Failed: [Errno 2] No such file or directory: 'git'
2026-02-28 11:30:16,288 - AUTO_PILOT - Syncing FROM GitHub (Pull)...
2026-02-28 11:30:16,293 - AUTO_PILOT - Git Pull Failed: [Errno 2] No such file or directory: 'git'
2026-02-28 11:31:16,360 - AUTO_PILOT - Syncing FROM GitHub (Pull)...
2026-02-28 11:31:16,371 - AUTO_PILOT - Git Pull Failed: [Errno 2] No such file or directory: 'git'
2026-02-28 11:32:16,457 - AUTO_PILOT - Syncing FROM GitHub (Pull)...
2026-02-28 11:32:16,462 - AUTO_PILOT - Git Pull Failed: [Errno 2] No such file or directory: 'git'
2026-02-28 11:33:16,507 - AUTO_PILOT - Syncing FROM GitHub (Pull)...
2026-02-28 11:33:16,512 - AUTO_PILOT - Git Pull Failed: [Errno 2] No such file or directory: 'git'
2026-02-28 11:34:16,597 - AUTO_PILOT - Syncing FROM GitHub (Pull)...
2026-02-28 11:34:16,604 - AUTO_PILOT - Git Pull Failed: [Errno 2] No such file or directory: 'git'
2026-02-28 11:35:16,680 - AUTO_PILOT - Syncing FROM GitHub (Pull)...
2026-02-28 11:35:16,682 - AUTO_PILOT - Git Pull Failed: [Errno 2] No such file or directory: 'git'
2026-02-28 11:36:16,742 - AUTO_PILOT - Syncing FROM GitHub (Pull)...
2026-02-28 11:36:16,744 - AUTO_PILOT - Git Pull Failed: [Errno 2] No such file or directory: 'git'
2026-02-28 11:37:16,802 - AUTO_PILOT - Syncing FROM GitHub (Pull)...
2026-02-28 11:37:16,804 - AUTO_PILOT - Git Pull Failed: [Errno 2] No such file or directory: 'git'
2026-02-28 11:38:16,842 - AUTO_PILOT - Syncing FROM GitHub (Pull)...
2026-02-28 11:38:16,848 - AUTO_PILOT - Git Pull Failed: [Errno 2] No such file or directory: 'git'
2026-02-28 11:39:16,927 - AUTO_PILOT - Syncing FROM GitHub (Pull)...
2026-02-28 11:39:16,929 - AUTO_PILOT - Git Pull Failed: [Errno 2] No such file or directory: 'git'
2026-02-28 11:40:16,991 - AUTO_PILOT - Syncing FROM GitHub (Pull)...
2026-02-28 11:40:16,995 - AUTO_PILOT - Git Pull Failed: [Errno 2] No such file or directory: 'git'
2026-02-28 11:41:17,056 - AUTO_PILOT - Syncing FROM GitHub (Pull)...
2026-02-28 11:41:17,060 - AUTO_PILOT - Git Pull Failed: [Errno 2] No such file or directory: 'git'
2026-02-28 11:42:17,137 - AUTO_PILOT - Syncing FROM GitHub (Pull)...
2026-02-28 11:42:17,139 - AUTO_PILOT - Git Pull Failed: [Errno 2] No such file or directory: 'git'
2026-02-28 11:43:17,199 - AUTO_PILOT - Syncing FROM GitHub (Pull)...
2026-02-28 11:43:17,205 - AUTO_PILOT - Git Pull Failed: [Errno 2] No such file or directory: 'git'
2026-02-28 11:44:17,278 - AUTO_PILOT - Syncing FROM GitHub (Pull)...
2026-02-28 11:44:17,282 - AUTO_PILOT - Git Pull Failed: [Errno 2] No such file or directory: 'git'
2026-02-28 11:45:17,359 - AUTO_PILOT - Syncing FROM GitHub (Pull)...
2026-02-28 11:45:17,360 - AUTO_PILOT - Git Pull Failed: [Errno 2] No such file or directory: 'git'
2026-02-28 11:46:17,424 - AUTO_PILOT - Syncing FROM GitHub (Pull)...
2026-02-28 11:46:17,430 - AUTO_PILOT - Git Pull Failed: [Errno 2] No such file or directory: 'git'
2026-03-01 00:20:24,159 - AUTO_PILOT - Auto-Pilot Started. Schedule: Daily at 12:00 AM (Midnight).
2026-03-01 00:20:24,163 - AUTO_PILOT - Next run scheduled for: 2026-03-02 00:00:00
2026-03-01 00:20:24,164 - AUTO_PILOT - Syncing FROM GitHub (Pull)...
2026-03-01 00:20:24,165 - AUTO_PILOT - Git Pull Failed: [Errno 2] No such file or directory: 'git'
2026-03-01 00:21:24,230 - AUTO_PILOT - Syncing FROM GitHub (Pull)...
2026-03-01 00:21:24,236 - AUTO_PILOT - Git Pull Failed: [Errno 2] No such file or directory: 'git'
2026-03-01 00:22:24,325 - AUTO_PILOT - Syncing FROM GitHub (Pull)...
2026-03-01 00:22:24,330 - AUTO_PILOT - Git Pull Failed: [Errno 2] No such file or directory: 'git'
2026-03-01 00:23:24,420 - AUTO_PILOT - Syncing FROM GitHub (Pull)...
2026-03-01 00:23:24,425 - AUTO_PILOT - Git Pull Failed: [Errno 2] No such file or directory: 'git'
2026-03-07 01:49:30,629 - AUTO_PILOT - Auto-Pilot Started. Schedule: Daily at 12:00 AM (Midnight).
2026-03-07 01:49:30,633 - AUTO_PILOT - Next run scheduled for: 2026-03-08 00:00:00
2026-03-07 01:49:30,633 - AUTO_PILOT - Syncing FROM GitHub (Pull)...
2026-03-07 01:49:30,635 - AUTO_PILOT - Git Pull Failed: [Errno 2] No such file or directory: 'git'
2026-03-07 01:50:30,700 - AUTO_PILOT - Syncing FROM GitHub (Pull)...
2026-03-07 01:50:30,706 - AUTO_PILOT - Git Pull Failed: [Errno 2] No such file or directory: 'git'
2026-03-07 01:51:30,789 - AUTO_PILOT - Syncing FROM GitHub (Pull)...
2026-03-07 01:51:30,793 - AUTO_PILOT - Git Pull Failed: [Errno 2] No such file or directory: 'git'
2026-03-07 01:52:30,867 - AUTO_PILOT - Syncing FROM GitHub (Pull)...
2026-03-07 01:52:30,871 - AUTO_PILOT - Git Pull Failed: [Errno 2] No such file or directory: 'git'
2026-03-07 01:53:30,947 - AUTO_PILOT - Syncing FROM GitHub (Pull)...
2026-03-07 01:53:30,949 - AUTO_PILOT - Git Pull Failed: [Errno 2] No such file or directory: 'git'
2026-03-07 01:54:31,014 - AUTO_PILOT - Syncing FROM GitHub (Pull)...
2026-03-07 01:54:31,016 - AUTO_PILOT - Git Pull Failed: [Errno 2] No such file or directory: 'git'
2026-03-07 01:55:31,080 - AUTO_PILOT - Syncing FROM GitHub (Pull)...
2026-03-07 01:55:31,087 - AUTO_PILOT - Git Pull Failed: [Errno 2] No such file or directory: 'git'
2026-03-07 01:56:31,162 - AUTO_PILOT - Syncing FROM GitHub (Pull)...
2026-03-07 01:56:31,164 - AUTO_PILOT - Git Pull Failed: [Errno 2] No such file or directory: 'git'
2026-03-07 01:57:31,192 - AUTO_PILOT - Syncing FROM GitHub (Pull)...
2026-03-07 01:57:31,197 - AUTO_PILOT - Git Pull Failed: [Errno 2] No such file or directory: 'git'
2026-03-07 01:58:31,283 - AUTO_PILOT - Syncing FROM GitHub (Pull)...
2026-03-07 01:58:31,286 - AUTO_PILOT - Git Pull Failed: [Errno 2] No such file or directory: 'git'
2026-03-07 01:59:31,349 - AUTO_PILOT - Syncing FROM GitHub (Pull)...
2026-03-07 01:59:31,355 - AUTO_PILOT - Git Pull Failed: [Errno 2] No such file or directory: 'git'
2026-03-07 02:00:31,436 - AUTO_PILOT - Syncing FROM GitHub (Pull)...
2026-03-07 02:00:31,444 - AUTO_PILOT - Git Pull Failed: [Errno 2] No such file or directory: 'git'
2026-03-07 02:01:31,517 - AUTO_PILOT - Syncing FROM GitHub (Pull)...
2026-03-07 02:01:31,523 - AUTO_PILOT - Git Pull Failed: [Errno 2] No such file or directory: 'git'
2026-03-07 02:02:31,599 - AUTO_PILOT - Syncing FROM GitHub (Pull)...
2026-03-07 02:02:31,605 - AUTO_PILOT - Git Pull Failed: [Errno 2] No such file or directory: 'git'
2026-03-07 02:03:31,678 - AUTO_PILOT - Syncing FROM GitHub (Pull)...
2026-03-07 02:03:31,680 - AUTO_PILOT - Git Pull Failed: [Errno 2] No such file or directory: 'git'
2026-03-07 02:04:31,742 - AUTO_PILOT - Syncing FROM GitHub (Pull)...
2026-03-07 02:04:31,747 - AUTO_PILOT - Git Pull Failed: [Errno 2] No such file or directory: 'git'
2026-03-07 02:05:31,831 - AUTO_PILOT - Syncing FROM GitHub (Pull)...
2026-03-07 02:05:31,836 - AUTO_PILOT - Git Pull Failed: [Errno 2] No such file or directory: 'git'
2026-03-07 02:06:31,907 - AUTO_PILOT - Syncing FROM GitHub (Pull)...
2026-03-07 02:06:31,912 - AUTO_PILOT - Git Pull Failed: [Errno 2] No such file or directory: 'git'
2026-03-07 02:07:31,986 - AUTO_PILOT - Syncing FROM GitHub (Pull)...
2026-03-07 02:07:31,990 - AUTO_PILOT - Git Pull Failed: [Errno 2] No such file or directory: 'git'
2026-03-07 02:08:32,068 - AUTO_PILOT - Syncing FROM GitHub (Pull)...
2026-03-07 02:08:32,074 - AUTO_PILOT - Git Pull Failed: [Errno 2] No such file or directory: 'git'
2026-03-07 02:09:32,129 - AUTO_PILOT - Syncing FROM GitHub (Pull)...
2026-03-07 02:09:32,134 - AUTO_PILOT - Git Pull Failed: [Errno 2] No such file or directory: 'git'
2026-03-07 02:10:32,207 - AUTO_PILOT - Syncing FROM GitHub (Pull)...
2026-03-07 02:10:32,213 - AUTO_PILOT - Git Pull Failed: [Errno 2] No such file or directory: 'git'
2026-03-07 02:11:32,286 - AUTO_PILOT - Syncing FROM GitHub (Pull)...
2026-03-07 02:11:32,288 - AUTO_PILOT - Git Pull Failed: [Errno 2] No such file or directory: 'git'
2026-03-07 02:12:32,327 - AUTO_PILOT - Syncing FROM GitHub (Pull)...
2026-03-07 02:12:32,332 - AUTO_PILOT - Git Pull Failed: [Errno 2] No such file or directory: 'git'
2026-03-07 02:13:32,408 - AUTO_PILOT - Syncing FROM GitHub (Pull)...
2026-03-07 02:13:32,413 - AUTO_PILOT - Git Pull Failed: [Errno 2] No such file or directory: 'git'
2026-03-07 02:14:32,481 - AUTO_PILOT - Syncing FROM GitHub (Pull)...
2026-03-07 02:14:32,487 - AUTO_PILOT - Git Pull Failed: [Errno 2] No such file or directory: 'git'
2026-03-07 02:15:32,558 - AUTO_PILOT - Syncing FROM GitHub (Pull)...
2026-03-07 02:15:32,563 - AUTO_PILOT - Git Pull Failed: [Errno 2] No such file or directory: 'git'
2026-03-07 02:16:32,644 - AUTO_PILOT - Syncing FROM GitHub (Pull)...
2026-03-07 02:16:32,650 - AUTO_PILOT - Git Pull Failed: [Errno 2] No such file or directory: 'git'
2026-03-07 02:17:32,708 - AUTO_PILOT - Syncing FROM GitHub (Pull)...
2026-03-07 02:17:32,714 - AUTO_PILOT - Git Pull Failed: [Errno 2] No such file or directory: 'git'
2026-03-07 02:18:32,800 - AUTO_PILOT - Syncing FROM GitHub (Pull)...
2026-03-07 02:18:32,805 - AUTO_PILOT - Git Pull Failed: [Errno 2] No such file or directory: 'git'
2026-03-07 02:19:32,888 - AUTO_PILOT - Syncing FROM GitHub (Pull)...
2026-03-07 02:19:32,893 - AUTO_PILOT - Git Pull Failed: [Errno 2] No such file or directory: 'git'
2026-03-07 02:20:32,965 - AUTO_PILOT - Syncing FROM GitHub (Pull)...
2026-03-07 02:20:32,967 - AUTO_PILOT - Git Pull Failed: [Errno 2] No such file or directory: 'git'
2026-03-07 02:21:33,023 - AUTO_PILOT - Syncing FROM GitHub (Pull)...
2026-03-07 02:21:33,026 - AUTO_PILOT - Git Pull Failed: [Errno 2] No such file or directory: 'git'
2026-03-07 02:22:33,090 - AUTO_PILOT - Syncing FROM GitHub (Pull)...
2026-03-07 02:22:33,093 - AUTO_PILOT - Git Pull Failed: [Errno 2] No such file or directory: 'git'
2026-03-07 02:23:33,156 - AUTO_PILOT - Syncing FROM GitHub (Pull)...
2026-03-07 02:23:33,159 - AUTO_PILOT - Git Pull Failed: [Errno 2] No such file or directory: 'git'
2026-03-07 02:24:33,219 - AUTO_PILOT - Syncing FROM GitHub (Pull)...
2026-03-07 02:24:33,220 - AUTO_PILOT - Git Pull Failed: [Errno 2] No such file or directory: 'git'
2026-03-07 02:25:33,282 - AUTO_PILOT - Syncing FROM GitHub (Pull)...
2026-03-07 02:25:33,286 - AUTO_PILOT - Git Pull Failed: [Errno 2] No such file or directory: 'git'
2026-03-07 02:26:33,354 - AUTO_PILOT - Syncing FROM GitHub (Pull)...
2026-03-07 02:26:33,360 - AUTO_PILOT - Git Pull Failed: [Errno 2] No such file or directory: 'git'
2026-03-07 02:27:33,434 - AUTO_PILOT - Syncing FROM GitHub (Pull)...
2026-03-07 02:27:33,442 - AUTO_PILOT - Git Pull Failed: [Errno 2] No such file or directory: 'git'
2026-03-07 02:28:33,524 - AUTO_PILOT - Syncing FROM GitHub (Pull)...
2026-03-07 02:28:33,530 - AUTO_PILOT - Git Pull Failed: [Errno 2] No such file or directory: 'git'
2026-03-07 02:29:33,617 - AUTO_PILOT - Syncing FROM GitHub (Pull)...
2026-03-07 02:29:33,619 - AUTO_PILOT - Git Pull Failed: [Errno 2] No such file or directory: 'git'
2026-03-07 02:30:33,690 - AUTO_PILOT - Syncing FROM GitHub (Pull)...
2026-03-07 02:30:33,697 - AUTO_PILOT - Git Pull Failed: [Errno 2] No such file or directory: 'git'
2026-03-07 02:31:33,787 - AUTO_PILOT - Syncing FROM GitHub (Pull)...
2026-03-07 02:31:33,793 - AUTO_PILOT - Git Pull Failed: [Errno 2] No such file or directory: 'git'
2026-03-07 02:32:33,877 - AUTO_PILOT - Syncing FROM GitHub (Pull)...
2026-03-07 02:32:33,882 - AUTO_PILOT - Git Pull Failed: [Errno 2] No such file or directory: 'git'
2026-03-07 02:33:33,969 - AUTO_PILOT - Syncing FROM GitHub (Pull)...
2026-03-07 02:33:33,974 - AUTO_PILOT - Git Pull Failed: [Errno 2] No such file or directory: 'git'
2026-03-07 02:34:34,061 - AUTO_PILOT - Syncing FROM GitHub (Pull)...
2026-03-07 02:34:34,067 - AUTO_PILOT - Git Pull Failed: [Errno 2] No such file or directory: 'git'
2026-03-07 02:35:34,147 - AUTO_PILOT - Syncing FROM GitHub (Pull)...
2026-03-07 02:35:34,155 - AUTO_PILOT - Git Pull Failed: [Errno 2] No such file or directory: 'git'
2026-03-07 02:36:34,218 - AUTO_PILOT - Syncing FROM GitHub (Pull)...
2026-03-07 02:36:34,225 - AUTO_PILOT - Git Pull Failed: [Errno 2] No such file or directory: 'git'
2026-03-07 02:37:34,314 - AUTO_PILOT - Syncing FROM GitHub (Pull)...
2026-03-07 02:37:34,320 - AUTO_PILOT - Git Pull Failed: [Errno 2] No such file or directory: 'git'
2026-03-07 02:38:34,404 - AUTO_PILOT - Syncing FROM GitHub (Pull)...
2026-03-07 02:38:34,408 - AUTO_PILOT - Git Pull Failed: [Errno 2] No such file or directory: 'git'
2026-03-07 02:39:34,432 - AUTO_PILOT - Syncing FROM GitHub (Pull)...
2026-03-07 02:39:34,438 - AUTO_PILOT - Git Pull Failed: [Errno 2] No such file or directory: 'git'
2026-03-07 02:40:34,523 - AUTO_PILOT - Syncing FROM GitHub (Pull)...
2026-03-07 02:40:34,526 - AUTO_PILOT - Git Pull Failed: [Errno 2] No such file or directory: 'git'
2026-03-07 02:41:34,594 - AUTO_PILOT - Syncing FROM GitHub (Pull)...
2026-03-07 02:41:34,602 - AUTO_PILOT - Git Pull Failed: [Errno 2] No such file or directory: 'git'
2026-03-07 02:42:34,684 - AUTO_PILOT - Syncing FROM GitHub (Pull)...
2026-03-07 02:42:34,691 - AUTO_PILOT - Git Pull Failed: [Errno 2] No such file or directory: 'git'
2026-03-07 02:43:34,781 - AUTO_PILOT - Syncing FROM GitHub (Pull)...
2026-03-07 02:43:34,789 - AUTO_PILOT - Git Pull Failed: [Errno 2] No such file or directory: 'git'
2026-03-07 02:44:34,871 - AUTO_PILOT - Syncing FROM GitHub (Pull)...
2026-03-07 02:44:34,877 - AUTO_PILOT - Git Pull Failed: [Errno 2] No such file or directory: 'git'
2026-03-07 02:45:34,960 - AUTO_PILOT - Syncing FROM GitHub (Pull)...
2026-03-07 02:45:34,967 - AUTO_PILOT - Git Pull Failed: [Errno 2] No such file or directory: 'git'
2026-03-07 02:46:35,057 - AUTO_PILOT - Syncing FROM GitHub (Pull)...
2026-03-07 02:46:35,062 - AUTO_PILOT - Git Pull Failed: [Errno 2] No such file or directory: 'git'
2026-03-07 02:47:35,110 - AUTO_PILOT - Syncing FROM GitHub (Pull)...
2026-03-07 02:47:35,118 - AUTO_PILOT - Git Pull Failed: [Errno 2] No such file or directory: 'git'
2026-03-07 02:48:35,201 - AUTO_PILOT - Syncing FROM GitHub (Pull)...
2026-03-07 02:48:35,207 - AUTO_PILOT - Git Pull Failed: [Errno 2] No such file or directory: 'git'
2026-03-07 02:49:35,289 - AUTO_PILOT - Syncing FROM GitHub (Pull)...
2026-03-07 02:49:35,295 - AUTO_PILOT - Git Pull Failed: [Errno 2] No such file or directory: 'git'
2026-03-07 02:50:35,371 - AUTO_PILOT - Syncing FROM GitHub (Pull)...
2026-03-07 02:50:35,377 - AUTO_PILOT - Git Pull Failed: [Errno 2] No such file or directory: 'git'
2026-03-07 02:51:35,453 - AUTO_PILOT - Syncing FROM GitHub (Pull)...
2026-03-07 02:51:35,457 - AUTO_PILOT - Git Pull Failed: [Errno 2] No such file or directory: 'git'
2026-03-07 02:52:35,533 - AUTO_PILOT - Syncing FROM GitHub (Pull)...
2026-03-07 02:52:35,539 - AUTO_PILOT - Git Pull Failed: [Errno 2] No such file or directory: 'git'
2026-03-07 02:53:35,623 - AUTO_PILOT - Syncing FROM GitHub (Pull)...
2026-03-07 02:53:35,626 - AUTO_PILOT - Git Pull Failed: [Errno 2] No such file or directory: 'git'
2026-03-07 02:54:35,689 - AUTO_PILOT - Syncing FROM GitHub (Pull)...
2026-03-07 02:54:35,695 - AUTO_PILOT - Git Pull Failed: [Errno 2] No such file or directory: 'git'
2026-03-07 02:55:35,791 - AUTO_PILOT - Syncing FROM GitHub (Pull)...
2026-03-07 02:55:35,794 - AUTO_PILOT - Git Pull Failed: [Errno 2] No such file or directory: 'git'
2026-03-07 02:56:35,864 - AUTO_PILOT - Syncing FROM GitHub (Pull)...
2026-03-07 02:56:35,877 - AUTO_PILOT - Git Pull Failed: [Errno 2] No such file or directory: 'git'
2026-03-07 02:57:35,948 - AUTO_PILOT - Syncing FROM GitHub (Pull)...
2026-03-07 02:57:35,951 - AUTO_PILOT - Git Pull Failed: [Errno 2] No such file or directory: 'git'
2026-03-07 02:58:36,008 - AUTO_PILOT - Syncing FROM GitHub (Pull)...
2026-03-07 02:58:36,014 - AUTO_PILOT - Git Pull Failed: [Errno 2] No such file or directory: 'git'
2026-03-07 02:59:36,089 - AUTO_PILOT - Syncing FROM GitHub (Pull)...
2026-03-07 02:59:36,096 - AUTO_PILOT - Git Pull Failed: [Errno 2] No such file or directory: 'git'
2026-03-07 03:00:36,179 - AUTO_PILOT - Syncing FROM GitHub (Pull)...
2026-03-07 03:00:36,183 - AUTO_PILOT - Git Pull Failed: [Errno 2] No such file or directory: 'git'
2026-03-07 03:01:36,252 - AUTO_PILOT - Syncing FROM GitHub (Pull)...
2026-03-07 03:01:36,262 - AUTO_PILOT - Git Pull Failed: [Errno 2] No such file or directory: 'git'
2026-03-07 03:02:36,339 - AUTO_PILOT - Syncing FROM GitHub (Pull)...
2026-03-07 03:02:36,344 - AUTO_PILOT - Git Pull Failed: [Errno 2] No such file or directory: 'git'
2026-03-07 03:03:36,413 - AUTO_PILOT - Syncing FROM GitHub (Pull)...
2026-03-07 03:03:36,421 - AUTO_PILOT - Git Pull Failed: [Errno 2] No such file or directory: 'git'
2026-03-07 03:04:36,496 - AUTO_PILOT - Syncing FROM GitHub (Pull)...
2026-03-07 03:04:36,499 - AUTO_PILOT - Git Pull Failed: [Errno 2] No such file or directory: 'git'
2026-03-07 03:05:36,570 - AUTO_PILOT - Syncing FROM GitHub (Pull)...
2026-03-07 03:05:36,575 - AUTO_PILOT - Git Pull Failed: [Errno 2] No such file or directory: 'git'
2026-03-07 03:06:36,650 - AUTO_PILOT - Syncing FROM GitHub (Pull)...
2026-03-07 03:06:36,658 - AUTO_PILOT - Git Pull Failed: [Errno 2] No such file or directory: 'git'
2026-03-07 03:07:36,731 - AUTO_PILOT - Syncing FROM GitHub (Pull)...
2026-03-07 03:07:36,735 - AUTO_PILOT - Git Pull Failed: [Errno 2] No such file or directory: 'git'
2026-03-07 03:08:36,811 - AUTO_PILOT - Syncing FROM GitHub (Pull)...
2026-03-07 03:08:36,818 - AUTO_PILOT - Git Pull Failed: [Errno 2] No such file or directory: 'git'
2026-03-07 03:09:36,889 - AUTO_PILOT - Syncing FROM GitHub (Pull)...
2026-03-07 03:09:36,893 - AUTO_PILOT - Git Pull Failed: [Errno 2] No such file or directory: 'git'
2026-03-07 03:10:36,967 - AUTO_PILOT - Syncing FROM GitHub (Pull)...
2026-03-07 03:10:36,972 - AUTO_PILOT - Git Pull Failed: [Errno 2] No such file or directory: 'git'
2026-03-07 03:11:37,044 - AUTO_PILOT - Syncing FROM GitHub (Pull)...
2026-03-07 03:11:37,051 - AUTO_PILOT - Git Pull Failed: [Errno 2] No such file or directory: 'git'
2026-03-07 03:12:37,124 - AUTO_PILOT - Syncing FROM GitHub (Pull)...
2026-03-07 03:12:37,126 - AUTO_PILOT - Git Pull Failed: [Errno 2] No such file or directory: 'git'
2026-03-07 03:13:37,189 - AUTO_PILOT - Syncing FROM GitHub (Pull)...
2026-03-07 03:13:37,192 - AUTO_PILOT - Git Pull Failed: [Errno 2] No such file or directory: 'git'
2026-03-07 03:14:37,267 - AUTO_PILOT - Syncing FROM GitHub (Pull)...
2026-03-07 03:14:37,272 - AUTO_PILOT - Git Pull Failed: [Errno 2] No such file or directory: 'git'
2026-03-07 03:15:37,350 - AUTO_PILOT - Syncing FROM GitHub (Pull)...
2026-03-07 03:15:37,351 - AUTO_PILOT - Git Pull Failed: [Errno 2] No such file or directory: 'git'
2026-03-07 03:16:37,411 - AUTO_PILOT - Syncing FROM GitHub (Pull)...
2026-03-07 03:16:37,416 - AUTO_PILOT - Git Pull Failed: [Errno 2] No such file or directory: 'git'
2026-03-07 03:17:37,489 - AUTO_PILOT - Syncing FROM GitHub (Pull)...
2026-03-07 03:17:37,494 - AUTO_PILOT - Git Pull Failed: [Errno 2] No such file or directory: 'git'
2026-03-07 03:18:37,565 - AUTO_PILOT - Syncing FROM GitHub (Pull)...
2026-03-07 03:18:37,570 - AUTO_PILOT - Git Pull Failed: [Errno 2] No such file or directory: 'git'
2026-03-07 03:19:37,643 - AUTO_PILOT - Syncing FROM GitHub (Pull)...
2026-03-07 03:19:37,648 - AUTO_PILOT - Git Pull Failed: [Errno 2] No such file or directory: 'git'
2026-03-07 03:20:37,720 - AUTO_PILOT - Syncing FROM GitHub (Pull)...
2026-03-07 03:20:37,722 - AUTO_PILOT - Git Pull Failed: [Errno 2] No such file or directory: 'git'
2026-03-07 03:21:37,793 - AUTO_PILOT - Syncing FROM GitHub (Pull)...
2026-03-07 03:21:37,796 - AUTO_PILOT - Git Pull Failed: [Errno 2] No such file or directory: 'git'
2026-03-07 03:22:37,823 - AUTO_PILOT - Syncing FROM GitHub (Pull)...
2026-03-07 03:22:37,829 - AUTO_PILOT - Git Pull Failed: [Errno 2] No such file or directory: 'git'
2026-03-07 03:23:37,918 - AUTO_PILOT - Syncing FROM GitHub (Pull)...
2026-03-07 03:23:37,921 - AUTO_PILOT - Git Pull Failed: [Errno 2] No such file or directory: 'git'
2026-03-07 03:24:37,965 - AUTO_PILOT - Syncing FROM GitHub (Pull)...
2026-03-07 03:24:37,970 - AUTO_PILOT - Git Pull Failed: [Errno 2] No such file or directory: 'git'
2026-03-07 03:25:38,054 - AUTO_PILOT - Syncing FROM GitHub (Pull)...
2026-03-07 03:25:38,060 - AUTO_PILOT - Git Pull Failed: [Errno 2] No such file or directory: 'git'
2026-03-07 03:26:38,095 - AUTO_PILOT - Syncing FROM GitHub (Pull)...
2026-03-07 03:26:38,103 - AUTO_PILOT - Git Pull Failed: [Errno 2] No such file or directory: 'git'
2026-03-07 03:27:38,191 - AUTO_PILOT - Syncing FROM GitHub (Pull)...
2026-03-07 03:27:38,196 - AUTO_PILOT - Git Pull Failed: [Errno 2] No such file or directory: 'git'
2026-03-07 03:28:38,287 - AUTO_PILOT - Syncing FROM GitHub (Pull)...
2026-03-07 03:28:38,294 - AUTO_PILOT - Git Pull Failed: [Errno 2] No such file or directory: 'git'
2026-03-07 03:29:38,386 - AUTO_PILOT - Syncing FROM GitHub (Pull)...
2026-03-07 03:29:38,394 - AUTO_PILOT - Git Pull Failed: [Errno 2] No such file or directory: 'git'
2026-03-07 03:30:38,485 - AUTO_PILOT - Syncing FROM GitHub (Pull)...
2026-03-07 03:30:38,493 - AUTO_PILOT - Git Pull Failed: [Errno 2] No such file or directory: 'git'
2026-03-07 03:31:38,582 - AUTO_PILOT - Syncing FROM GitHub (Pull)...
2026-03-07 03:31:38,583 - AUTO_PILOT - Git Pull Failed: [Errno 2] No such file or directory: 'git'
2026-03-07 03:32:38,643 - AUTO_PILOT - Syncing FROM GitHub (Pull)...
2026-03-07 03:32:38,649 - AUTO_PILOT - Git Pull Failed: [Errno 2] No such file or directory: 'git'
2026-03-07 03:33:38,735 - AUTO_PILOT - Syncing FROM GitHub (Pull)...
2026-03-07 03:33:38,740 - AUTO_PILOT - Git Pull Failed: [Errno 2] No such file or directory: 'git'
2026-03-07 03:34:38,829 - AUTO_PILOT - Syncing FROM GitHub (Pull)...
2026-03-07 03:34:38,835 - AUTO_PILOT - Git Pull Failed: [Errno 2] No such file or directory: 'git'
2026-03-07 03:35:38,926 - AUTO_PILOT - Syncing FROM GitHub (Pull)...
2026-03-07 03:35:38,932 - AUTO_PILOT - Git Pull Failed: [Errno 2] No such file or directory: 'git'
2026-03-07 03:36:39,021 - AUTO_PILOT - Syncing FROM GitHub (Pull)...
2026-03-07 03:36:39,027 - AUTO_PILOT - Git Pull Failed: [Errno 2] No such file or directory: 'git'
2026-03-07 03:37:39,117 - AUTO_PILOT - Syncing FROM GitHub (Pull)...
2026-03-07 03:37:39,123 - AUTO_PILOT - Git Pull Failed: [Errno 2] No such file or directory: 'git'
2026-03-07 03:38:39,214 - AUTO_PILOT - Syncing FROM GitHub (Pull)...
2026-03-07 03:38:39,219 - AUTO_PILOT - Git Pull Failed: [Errno 2] No such file or directory: 'git'
2026-03-07 03:39:39,308 - AUTO_PILOT - Syncing FROM GitHub (Pull)...
2026-03-07 03:39:39,314 - AUTO_PILOT - Git Pull Failed: [Errno 2] No such file or directory: 'git'
2026-03-07 03:40:39,404 - AUTO_PILOT - Syncing FROM GitHub (Pull)...
2026-03-07 03:40:39,409 - AUTO_PILOT - Git Pull Failed: [Errno 2] No such file or directory: 'git'
2026-03-07 03:41:39,491 - AUTO_PILOT - Syncing FROM GitHub (Pull)...
2026-03-07 03:41:39,499 - AUTO_PILOT - Git Pull Failed: [Errno 2] No such file or directory: 'git'
2026-03-07 03:42:39,586 - AUTO_PILOT - Syncing FROM GitHub (Pull)...
2026-03-07 03:42:39,592 - AUTO_PILOT - Git Pull Failed: [Errno 2] No such file or directory: 'git'
2026-03-07 03:43:39,681 - AUTO_PILOT - Syncing FROM GitHub (Pull)...
2026-03-07 03:43:39,686 - AUTO_PILOT - Git Pull Failed: [Errno 2] No such file or directory: 'git'
2026-03-07 03:44:39,738 - AUTO_PILOT - Syncing FROM GitHub (Pull)...
2026-03-07 03:44:39,744 - AUTO_PILOT - Git Pull Failed: [Errno 2] No such file or directory: 'git'
2026-03-07 03:45:39,834 - AUTO_PILOT - Syncing FROM GitHub (Pull)...
2026-03-07 03:45:39,839 - AUTO_PILOT - Git Pull Failed: [Errno 2] No such file or directory: 'git'
2026-03-07 03:46:39,868 - AUTO_PILOT - Syncing FROM GitHub (Pull)...
2026-03-07 03:46:39,876 - AUTO_PILOT - Git Pull Failed: [Errno 2] No such file or directory: 'git'
2026-03-07 03:47:39,934 - AUTO_PILOT - Syncing FROM GitHub (Pull)...
2026-03-07 03:47:39,943 - AUTO_PILOT - Git Pull Failed: [Errno 2] No such file or directory: 'git'
2026-03-07 03:48:40,033 - AUTO_PILOT - Syncing FROM GitHub (Pull)...
2026-03-07 03:48:40,036 - AUTO_PILOT - Git Pull Failed: [Errno 2] No such file or directory: 'git'
2026-03-07 03:49:40,101 - AUTO_PILOT - Syncing FROM GitHub (Pull)...
2026-03-07 03:49:40,106 - AUTO_PILOT - Git Pull Failed: [Errno 2] No such file or directory: 'git'
2026-03-07 03:50:40,194 - AUTO_PILOT - Syncing FROM GitHub (Pull)...
2026-03-07 03:50:40,199 - AUTO_PILOT - Git Pull Failed: [Errno 2] No such file or directory: 'git'
2026-03-07 03:51:40,289 - AUTO_PILOT - Syncing FROM GitHub (Pull)...
2026-03-07 03:51:40,295 - AUTO_PILOT - Git Pull Failed: [Errno 2] No such file or directory: 'git'
2026-03-07 03:52:40,384 - AUTO_PILOT - Syncing FROM GitHub (Pull)...
2026-03-07 03:52:40,389 - AUTO_PILOT - Git Pull Failed: [Errno 2] No such file or directory: 'git'
2026-03-07 03:53:40,438 - AUTO_PILOT - Syncing FROM GitHub (Pull)...
2026-03-07 03:53:40,444 - AUTO_PILOT - Git Pull Failed: [Errno 2] No such file or directory: 'git'
2026-03-07 03:54:40,533 - AUTO_PILOT - Syncing FROM GitHub (Pull)...
2026-03-07 03:54:40,539 - AUTO_PILOT - Git Pull Failed: [Errno 2] No such file or directory: 'git'
2026-03-07 03:55:40,573 - AUTO_PILOT - Syncing FROM GitHub (Pull)...
2026-03-07 03:55:40,578 - AUTO_PILOT - Git Pull Failed: [Errno 2] No such file or directory: 'git'
2026-03-07 03:56:40,659 - AUTO_PILOT - Syncing FROM GitHub (Pull)...
2026-03-07 03:56:40,667 - AUTO_PILOT - Git Pull Failed: [Errno 2] No such file or directory: 'git'
2026-03-07 03:57:40,753 - AUTO_PILOT - Syncing FROM GitHub (Pull)...
2026-03-07 03:57:40,759 - AUTO_PILOT - Git Pull Failed: [Errno 2] No such file or directory: 'git'
2026-03-07 03:58:40,849 - AUTO_PILOT - Syncing FROM GitHub (Pull)...
2026-03-07 03:58:40,856 - AUTO_PILOT - Git Pull Failed: [Errno 2] No such file or directory: 'git'
2026-03-07 03:59:40,944 - AUTO_PILOT - Syncing FROM GitHub (Pull)...
2026-03-07 03:59:40,950 - AUTO_PILOT - Git Pull Failed: [Errno 2] No such file or directory: 'git'
2026-03-07 04:00:41,026 - AUTO_PILOT - Syncing FROM GitHub (Pull)...
2026-03-07 04:00:41,032 - AUTO_PILOT - Git Pull Failed: [Errno 2] No such file or directory: 'git'
2026-03-07 04:01:41,120 - AUTO_PILOT - Syncing FROM GitHub (Pull)...
2026-03-07 04:01:41,128 - AUTO_PILOT - Git Pull Failed: [Errno 2] No such file or directory: 'git'
2026-03-07 04:02:41,219 - AUTO_PILOT - Syncing FROM GitHub (Pull)...
2026-03-07 04:02:41,225 - AUTO_PILOT - Git Pull Failed: [Errno 2] No such file or directory: 'git'
2026-03-07 04:03:41,312 - AUTO_PILOT - Syncing FROM GitHub (Pull)...
2026-03-07 04:03:41,320 - AUTO_PILOT - Git Pull Failed: [Errno 2] No such file or directory: 'git'
2026-03-07 04:04:41,408 - AUTO_PILOT - Syncing FROM GitHub (Pull)...
2026-03-07 04:04:41,413 - AUTO_PILOT - Git Pull Failed: [Errno 2] No such file or directory: 'git'
2026-03-07 04:05:41,445 - AUTO_PILOT - Syncing FROM GitHub (Pull)...
2026-03-07 04:05:41,452 - AUTO_PILOT - Git Pull Failed: [Errno 2] No such file or directory: 'git'
2026-03-07 04:06:41,475 - AUTO_PILOT - Syncing FROM GitHub (Pull)...
2026-03-07 04:06:41,480 - AUTO_PILOT - Git Pull Failed: [Errno 2] No such file or directory: 'git'
2026-03-07 04:07:41,548 - AUTO_PILOT - Syncing FROM GitHub (Pull)...
2026-03-07 04:07:41,554 - AUTO_PILOT - Git Pull Failed: [Errno 2] No such file or directory: 'git'
2026-03-07 04:08:41,639 - AUTO_PILOT - Syncing FROM GitHub (Pull)...
2026-03-07 04:08:41,645 - AUTO_PILOT - Git Pull Failed: [Errno 2] No such file or directory: 'git'
2026-03-07 04:09:41,733 - AUTO_PILOT - Syncing FROM GitHub (Pull)...
2026-03-07 04:09:41,739 - AUTO_PILOT - Git Pull Failed: [Errno 2] No such file or directory: 'git'
2026-03-07 04:10:41,828 - AUTO_PILOT - Syncing FROM GitHub (Pull)...
2026-03-07 04:10:41,833 - AUTO_PILOT - Git Pull Failed: [Errno 2] No such file or directory: 'git'
2026-03-07 04:11:41,921 - AUTO_PILOT - Syncing FROM GitHub (Pull)...
2026-03-07 04:11:41,930 - AUTO_PILOT - Git Pull Failed: [Errno 2] No such file or directory: 'git'
2026-03-07 04:12:42,017 - AUTO_PILOT - Syncing FROM GitHub (Pull)...
2026-03-07 04:12:42,023 - AUTO_PILOT - Git Pull Failed: [Errno 2] No such file or directory: 'git'
2026-03-07 04:13:42,112 - AUTO_PILOT - Syncing FROM GitHub (Pull)...
2026-03-07 04:13:42,118 - AUTO_PILOT - Git Pull Failed: [Errno 2] No such file or directory: 'git'
2026-03-07 04:14:42,207 - AUTO_PILOT - Syncing FROM GitHub (Pull)...
2026-03-07 04:14:42,214 - AUTO_PILOT - Git Pull Failed: [Errno 2] No such file or directory: 'git'
2026-03-07 04:15:42,302 - AUTO_PILOT - Syncing FROM GitHub (Pull)...
2026-03-07 04:15:42,310 - AUTO_PILOT - Git Pull Failed: [Errno 2] No such file or directory: 'git'
2026-03-07 04:16:42,397 - AUTO_PILOT - Syncing FROM GitHub (Pull)...
2026-03-07 04:16:42,403 - AUTO_PILOT - Git Pull Failed: [Errno 2] No such file or directory: 'git'
2026-03-07 04:17:42,494 - AUTO_PILOT - Syncing FROM GitHub (Pull)...
2026-03-07 04:17:42,500 - AUTO_PILOT - Git Pull Failed: [Errno 2] No such file or directory: 'git'
2026-03-07 04:18:42,623 - AUTO_PILOT - Syncing FROM GitHub (Pull)...
2026-03-07 04:18:42,630 - AUTO_PILOT - Git Pull Failed: [Errno 2] No such file or directory: 'git'
2026-03-07 04:19:42,717 - AUTO_PILOT - Syncing FROM GitHub (Pull)...
2026-03-07 04:19:42,723 - AUTO_PILOT - Git Pull Failed: [Errno 2] No such file or directory: 'git'
2026-03-07 04:20:42,812 - AUTO_PILOT - Syncing FROM GitHub (Pull)...
2026-03-07 04:20:42,820 - AUTO_PILOT - Git Pull Failed: [Errno 2] No such file or directory: 'git'
2026-03-07 04:21:42,901 - AUTO_PILOT - Syncing FROM GitHub (Pull)...
2026-03-07 04:21:42,908 - AUTO_PILOT - Git Pull Failed: [Errno 2] No such file or directory: 'git'
2026-03-07 04:22:42,958 - AUTO_PILOT - Syncing FROM GitHub (Pull)...
2026-03-07 04:22:42,962 - AUTO_PILOT - Git Pull Failed: [Errno 2] No such file or directory: 'git'
2026-03-07 04:23:43,040 - AUTO_PILOT - Syncing FROM GitHub (Pull)...
2026-03-07 04:23:43,046 - AUTO_PILOT - Git Pull Failed: [Errno 2] No such file or directory: 'git'
2026-03-07 04:24:43,134 - AUTO_PILOT - Syncing FROM GitHub (Pull)...
2026-03-07 04:24:43,139 - AUTO_PILOT - Git Pull Failed: [Errno 2] No such file or directory: 'git'
2026-03-07 04:25:43,228 - AUTO_PILOT - Syncing FROM GitHub (Pull)...
2026-03-07 04:25:43,234 - AUTO_PILOT - Git Pull Failed: [Errno 2] No such file or directory: 'git'
2026-03-07 04:26:43,322 - AUTO_PILOT - Syncing FROM GitHub (Pull)...
2026-03-07 04:26:43,330 - AUTO_PILOT - Git Pull Failed: [Errno 2] No such file or directory: 'git'
2026-03-07 04:27:43,414 - AUTO_PILOT - Syncing FROM GitHub (Pull)...
2026-03-07 04:27:43,422 - AUTO_PILOT - Git Pull Failed: [Errno 2] No such file or directory: 'git'
2026-03-07 04:28:43,457 - AUTO_PILOT - Syncing FROM GitHub (Pull)...
2026-03-07 04:28:43,464 - AUTO_PILOT - Git Pull Failed: [Errno 2] No such file or directory: 'git'
2026-03-07 04:29:43,542 - AUTO_PILOT - Syncing FROM GitHub (Pull)...
2026-03-07 04:29:43,544 - AUTO_PILOT - Git Pull Failed: [Errno 2] No such file or directory: 'git'
2026-03-07 04:30:43,600 - AUTO_PILOT - Syncing FROM GitHub (Pull)...
2026-03-07 04:30:43,607 - AUTO_PILOT - Git Pull Failed: [Errno 2] No such file or directory: 'git'
2026-03-07 04:31:43,689 - AUTO_PILOT - Syncing FROM GitHub (Pull)...
2026-03-07 04:31:43,694 - AUTO_PILOT - Git Pull Failed: [Errno 2] No such file or directory: 'git'
2026-03-07 04:32:43,737 - AUTO_PILOT - Syncing FROM GitHub (Pull)...
2026-03-07 04:32:43,742 - AUTO_PILOT - Git Pull Failed: [Errno 2] No such file or directory: 'git'
2026-03-07 04:33:43,833 - AUTO_PILOT - Syncing FROM GitHub (Pull)...
2026-03-07 04:33:43,839 - AUTO_PILOT - Git Pull Failed: [Errno 2] No such file or directory: 'git'
2026-03-07 04:34:43,915 - AUTO_PILOT - Syncing FROM GitHub (Pull)...
2026-03-07 04:34:43,920 - AUTO_PILOT - Git Pull Failed: [Errno 2] No such file or directory: 'git'
2026-03-07 04:35:44,009 - AUTO_PILOT - Syncing FROM GitHub (Pull)...
2026-03-07 04:35:44,015 - AUTO_PILOT - Git Pull Failed: [Errno 2] No such file or directory: 'git'
2026-03-07 04:36:44,104 - AUTO_PILOT - Syncing FROM GitHub (Pull)...
2026-03-07 04:36:44,105 - AUTO_PILOT - Git Pull Failed: [Errno 2] No such file or directory: 'git'
2026-03-07 04:37:44,165 - AUTO_PILOT - Syncing FROM GitHub (Pull)...
2026-03-07 04:37:44,170 - AUTO_PILOT - Git Pull Failed: [Errno 2] No such file or directory: 'git'
2026-03-07 04:38:44,259 - AUTO_PILOT - Syncing FROM GitHub (Pull)...
2026-03-07 04:38:44,264 - AUTO_PILOT - Git Pull Failed: [Errno 2] No such file or directory: 'git'
2026-03-07 04:39:44,309 - AUTO_PILOT - Syncing FROM GitHub (Pull)...
2026-03-07 04:39:44,313 - AUTO_PILOT - Git Pull Failed: [Errno 2] No such file or directory: 'git'
2026-03-07 04:40:44,401 - AUTO_PILOT - Syncing FROM GitHub (Pull)...
2026-03-07 04:40:44,406 - AUTO_PILOT - Git Pull Failed: [Errno 2] No such file or directory: 'git'
2026-03-07 04:41:44,493 - AUTO_PILOT - Syncing FROM GitHub (Pull)...
2026-03-07 04:41:44,500 - AUTO_PILOT - Git Pull Failed: [Errno 2] No such file or directory: 'git'
2026-03-07 04:42:44,588 - AUTO_PILOT - Syncing FROM GitHub (Pull)...
2026-03-07 04:42:44,595 - AUTO_PILOT - Git Pull Failed: [Errno 2] No such file or directory: 'git'
2026-03-07 04:43:44,683 - AUTO_PILOT - Syncing FROM GitHub (Pull)...
2026-03-07 04:43:44,690 - AUTO_PILOT - Git Pull Failed: [Errno 2] No such file or directory: 'git'
2026-03-07 04:44:44,779 - AUTO_PILOT - Syncing FROM GitHub (Pull)...
2026-03-07 04:44:44,782 - AUTO_PILOT - Git Pull Failed: [Errno 2] No such file or directory: 'git'
2026-03-07 04:45:44,855 - AUTO_PILOT - Syncing FROM GitHub (Pull)...
2026-03-07 04:45:44,863 - AUTO_PILOT - Git Pull Failed: [Errno 2] No such file or directory: 'git'
2026-03-07 04:46:44,951 - AUTO_PILOT - Syncing FROM GitHub (Pull)...
2026-03-07 04:46:44,956 - AUTO_PILOT - Git Pull Failed: [Errno 2] No such file or directory: 'git'
2026-03-07 04:47:45,045 - AUTO_PILOT - Syncing FROM GitHub (Pull)...
2026-03-07 04:47:45,052 - AUTO_PILOT - Git Pull Failed: [Errno 2] No such file or directory: 'git'
2026-03-07 04:48:45,141 - AUTO_PILOT - Syncing FROM GitHub (Pull)...
2026-03-07 04:48:45,148 - AUTO_PILOT - Git Pull Failed: [Errno 2] No such file or directory: 'git'
2026-03-07 04:49:45,235 - AUTO_PILOT - Syncing FROM GitHub (Pull)...
2026-03-07 04:49:45,240 - AUTO_PILOT - Git Pull Failed: [Errno 2] No such file or directory: 'git'
2026-03-07 04:50:45,329 - AUTO_PILOT - Syncing FROM GitHub (Pull)...
2026-03-07 04:50:45,335 - AUTO_PILOT - Git Pull Failed: [Errno 2] No such file or directory: 'git'
2026-03-07 04:51:45,424 - AUTO_PILOT - Syncing FROM GitHub (Pull)...
2026-03-07 04:51:45,430 - AUTO_PILOT - Git Pull Failed: [Errno 2] No such file or directory: 'git'
2026-03-07 04:52:45,519 - AUTO_PILOT - Syncing FROM GitHub (Pull)...
2026-03-07 04:52:45,524 - AUTO_PILOT - Git Pull Failed: [Errno 2] No such file or directory: 'git'
2026-03-07 04:53:45,612 - AUTO_PILOT - Syncing FROM GitHub (Pull)...
2026-03-07 04:53:45,619 - AUTO_PILOT - Git Pull Failed: [Errno 2] No such file or directory: 'git'
2026-03-07 04:54:45,708 - AUTO_PILOT - Syncing FROM GitHub (Pull)...
2026-03-07 04:54:45,714 - AUTO_PILOT - Git Pull Failed: [Errno 2] No such file or directory: 'git'
2026-03-07 04:55:45,802 - AUTO_PILOT - Syncing FROM GitHub (Pull)...
2026-03-07 04:55:45,810 - AUTO_PILOT - Git Pull Failed: [Errno 2] No such file or directory: 'git'
2026-03-07 04:56:45,897 - AUTO_PILOT - Syncing FROM GitHub (Pull)...
2026-03-07 04:56:45,905 - AUTO_PILOT - Git Pull Failed: [Errno 2] No such file or directory: 'git'
2026-03-07 04:57:45,946 - AUTO_PILOT - Syncing FROM GitHub (Pull)...
2026-03-07 04:57:45,953 - AUTO_PILOT - Git Pull Failed: [Errno 2] No such file or directory: 'git'
2026-03-07 04:58:46,042 - AUTO_PILOT - Syncing FROM GitHub (Pull)...
2026-03-07 04:58:46,048 - AUTO_PILOT - Git Pull Failed: [Errno 2] No such file or directory: 'git'
2026-03-07 04:59:46,137 - AUTO_PILOT - Syncing FROM GitHub (Pull)...
2026-03-07 04:59:46,143 - AUTO_PILOT - Git Pull Failed: [Errno 2] No such file or directory: 'git'
2026-03-07 05:00:46,233 - AUTO_PILOT - Syncing FROM GitHub (Pull)...
2026-03-07 05:00:46,239 - AUTO_PILOT - Git Pull Failed: [Errno 2] No such file or directory: 'git'
2026-03-07 05:01:46,273 - AUTO_PILOT - Syncing FROM GitHub (Pull)...
2026-03-07 05:01:46,281 - AUTO_PILOT - Git Pull Failed: [Errno 2] No such file or directory: 'git'
2026-03-07 05:02:46,362 - AUTO_PILOT - Syncing FROM GitHub (Pull)...
2026-03-07 05:02:46,367 - AUTO_PILOT - Git Pull Failed: [Errno 2] No such file or directory: 'git'
2026-03-07 05:03:46,457 - AUTO_PILOT - Syncing FROM GitHub (Pull)...
2026-03-07 05:03:46,462 - AUTO_PILOT - Git Pull Failed: [Errno 2] No such file or directory: 'git'
2026-03-07 05:04:46,549 - AUTO_PILOT - Syncing FROM GitHub (Pull)...
2026-03-07 05:04:46,554 - AUTO_PILOT - Git Pull Failed: [Errno 2] No such file or directory: 'git'
2026-03-07 05:05:46,643 - AUTO_PILOT - Syncing FROM GitHub (Pull)...
2026-03-07 05:05:46,648 - AUTO_PILOT - Git Pull Failed: [Errno 2] No such file or directory: 'git'
2026-03-07 05:06:46,738 - AUTO_PILOT - Syncing FROM GitHub (Pull)...
2026-03-07 05:06:46,744 - AUTO_PILOT - Git Pull Failed: [Errno 2] No such file or directory: 'git'
2026-03-07 05:07:46,777 - AUTO_PILOT - Syncing FROM GitHub (Pull)...
2026-03-07 05:07:46,784 - AUTO_PILOT - Git Pull Failed: [Errno 2] No such file or directory: 'git'
2026-03-07 05:08:46,845 - AUTO_PILOT - Syncing FROM GitHub (Pull)...
2026-03-07 05:08:46,852 - AUTO_PILOT - Git Pull Failed: [Errno 2] No such file or directory: 'git'
2026-03-07 05:09:46,913 - AUTO_PILOT - Syncing FROM GitHub (Pull)...
2026-03-07 05:09:46,918 - AUTO_PILOT - Git Pull Failed: [Errno 2] No such file or directory: 'git'
2026-03-07 05:10:47,004 - AUTO_PILOT - Syncing FROM GitHub (Pull)...
2026-03-07 05:10:47,010 - AUTO_PILOT - Git Pull Failed: [Errno 2] No such file or directory: 'git'
2026-03-07 05:11:47,041 - AUTO_PILOT - Syncing FROM GitHub (Pull)...
2026-03-07 05:11:47,049 - AUTO_PILOT - Git Pull Failed: [Errno 2] No such file or directory: 'git'
2026-03-07 05:12:47,127 - AUTO_PILOT - Syncing FROM GitHub (Pull)...
2026-03-07 05:12:47,135 - AUTO_PILOT - Git Pull Failed: [Errno 2] No such file or directory: 'git'
2026-03-07 05:13:47,164 - AUTO_PILOT - Syncing FROM GitHub (Pull)...
2026-03-07 05:13:47,173 - AUTO_PILOT - Git Pull Failed: [Errno 2] No such file or directory: 'git'
2026-03-07 05:14:47,254 - AUTO_PILOT - Syncing FROM GitHub (Pull)...
2026-03-07 05:14:47,261 - AUTO_PILOT - Git Pull Failed: [Errno 2] No such file or directory: 'git'
2026-03-07 05:15:47,347 - AUTO_PILOT - Syncing FROM GitHub (Pull)...
2026-03-07 05:15:47,353 - AUTO_PILOT - Git Pull Failed: [Errno 2] No such file or directory: 'git'
2026-03-07 05:16:47,440 - AUTO_PILOT - Syncing FROM GitHub (Pull)...
2026-03-07 05:16:47,445 - AUTO_PILOT - Git Pull Failed: [Errno 2] No such file or directory: 'git'
2026-03-07 05:17:47,533 - AUTO_PILOT - Syncing FROM GitHub (Pull)...
2026-03-07 05:17:47,540 - AUTO_PILOT - Git Pull Failed: [Errno 2] No such file or directory: 'git'
2026-03-07 05:18:47,629 - AUTO_PILOT - Syncing FROM GitHub (Pull)...
2026-03-07 05:18:47,634 - AUTO_PILOT - Git Pull Failed: [Errno 2] No such file or directory: 'git'
2026-03-07 05:19:47,692 - AUTO_PILOT - Syncing FROM GitHub (Pull)...
2026-03-07 05:19:47,697 - AUTO_PILOT - Git Pull Failed: [Errno 2] No such file or directory: 'git'
2026-03-07 05:20:47,731 - AUTO_PILOT - Syncing FROM GitHub (Pull)...
2026-03-07 05:20:47,737 - AUTO_PILOT - Git Pull Failed: [Errno 2] No such file or directory: 'git'
2026-03-07 05:21:47,766 - AUTO_PILOT - Syncing FROM GitHub (Pull)...
2026-03-07 05:21:47,771 - AUTO_PILOT - Git Pull Failed: [Errno 2] No such file or directory: 'git'
2026-03-07 05:22:47,818 - AUTO_PILOT - Syncing FROM GitHub (Pull)...
2026-03-07 05:22:47,824 - AUTO_PILOT - Git Pull Failed: [Errno 2] No such file or directory: 'git'
2026-03-07 05:23:47,906 - AUTO_PILOT - Syncing FROM GitHub (Pull)...
2026-03-07 05:23:47,913 - AUTO_PILOT - Git Pull Failed: [Errno 2] No such file or directory: 'git'
2026-03-07 05:24:48,001 - AUTO_PILOT - Syncing FROM GitHub (Pull)...
2026-03-07 05:24:48,007 - AUTO_PILOT - Git Pull Failed: [Errno 2] No such file or directory: 'git'
2026-03-07 05:25:48,093 - AUTO_PILOT - Syncing FROM GitHub (Pull)...
2026-03-07 05:25:48,094 - AUTO_PILOT - Git Pull Failed: [Errno 2] No such file or directory: 'git'
2026-03-07 05:26:48,152 - AUTO_PILOT - Syncing FROM GitHub (Pull)...
2026-03-07 05:26:48,158 - AUTO_PILOT - Git Pull Failed: [Errno 2] No such file or directory: 'git'
2026-03-07 05:27:48,234 - AUTO_PILOT - Syncing FROM GitHub (Pull)...
2026-03-07 05:27:48,242 - AUTO_PILOT - Git Pull Failed: [Errno 2] No such file or directory: 'git'
2026-03-07 05:28:48,328 - AUTO_PILOT - Syncing FROM GitHub (Pull)...
2026-03-07 05:28:48,336 - AUTO_PILOT - Git Pull Failed: [Errno 2] No such file or directory: 'git'
2026-03-07 05:29:48,425 - AUTO_PILOT - Syncing FROM GitHub (Pull)...
2026-03-07 05:29:48,431 - AUTO_PILOT - Git Pull Failed: [Errno 2] No such file or directory: 'git'
2026-03-07 05:30:48,520 - AUTO_PILOT - Syncing FROM GitHub (Pull)...
2026-03-07 05:30:48,528 - AUTO_PILOT - Git Pull Failed: [Errno 2] No such file or directory: 'git'
2026-03-07 05:31:48,615 - AUTO_PILOT - Syncing FROM GitHub (Pull)...
2026-03-07 05:31:48,623 - AUTO_PILOT - Git Pull Failed: [Errno 2] No such file or directory: 'git'
2026-03-07 05:32:48,710 - AUTO_PILOT - Syncing FROM GitHub (Pull)...
2026-03-07 05:32:48,717 - AUTO_PILOT - Git Pull Failed: [Errno 2] No such file or directory: 'git'
2026-03-07 05:33:48,801 - AUTO_PILOT - Syncing FROM GitHub (Pull)...
2026-03-07 05:33:48,807 - AUTO_PILOT - Git Pull Failed: [Errno 2] No such file or directory: 'git'
2026-03-07 05:34:48,894 - AUTO_PILOT - Syncing FROM GitHub (Pull)...
2026-03-07 05:34:48,899 - AUTO_PILOT - Git Pull Failed: [Errno 2] No such file or directory: 'git'
2026-03-07 05:35:48,987 - AUTO_PILOT - Syncing FROM GitHub (Pull)...
2026-03-07 05:35:48,992 - AUTO_PILOT - Git Pull Failed: [Errno 2] No such file or directory: 'git'
2026-03-07 05:36:49,070 - AUTO_PILOT - Syncing FROM GitHub (Pull)...
2026-03-07 05:36:49,075 - AUTO_PILOT - Git Pull Failed: [Errno 2] No such file or directory: 'git'
2026-03-07 05:37:49,162 - AUTO_PILOT - Syncing FROM GitHub (Pull)...
2026-03-07 05:37:49,167 - AUTO_PILOT - Git Pull Failed: [Errno 2] No such file or directory: 'git'
2026-03-07 05:38:49,252 - AUTO_PILOT - Syncing FROM GitHub (Pull)...
2026-03-07 05:38:49,254 - AUTO_PILOT - Git Pull Failed: [Errno 2] No such file or directory: 'git'
2026-03-07 05:39:49,288 - AUTO_PILOT - Syncing FROM GitHub (Pull)...
2026-03-07 05:39:49,294 - AUTO_PILOT - Git Pull Failed: [Errno 2] No such file or directory: 'git'
2026-03-07 05:40:49,383 - AUTO_PILOT - Syncing FROM GitHub (Pull)...
2026-03-07 05:40:49,388 - AUTO_PILOT - Git Pull Failed: [Errno 2] No such file or directory: 'git'
2026-03-07 05:41:49,436 - AUTO_PILOT - Syncing FROM GitHub (Pull)...
2026-03-07 05:41:49,438 - AUTO_PILOT - Git Pull Failed: [Errno 2] No such file or directory: 'git'
2026-03-07 05:42:49,495 - AUTO_PILOT - Syncing FROM GitHub (Pull)...
2026-03-07 05:42:49,501 - AUTO_PILOT - Git Pull Failed: [Errno 2] No such file or directory: 'git'
2026-03-07 05:43:49,589 - AUTO_PILOT - Syncing FROM GitHub (Pull)...
2026-03-07 05:43:49,595 - AUTO_PILOT - Git Pull Failed: [Errno 2] No such file or directory: 'git'
2026-03-07 05:44:49,685 - AUTO_PILOT - Syncing FROM GitHub (Pull)...
2026-03-07 05:44:49,691 - AUTO_PILOT - Git Pull Failed: [Errno 2] No such file or directory: 'git'
2026-03-07 05:45:49,779 - AUTO_PILOT - Syncing FROM GitHub (Pull)...
2026-03-07 05:45:49,784 - AUTO_PILOT - Git Pull Failed: [Errno 2] No such file or directory: 'git'
2026-03-07 05:46:49,873 - AUTO_PILOT - Syncing FROM GitHub (Pull)...
2026-03-07 05:46:49,882 - AUTO_PILOT - Git Pull Failed: [Errno 2] No such file or directory: 'git'
2026-03-07 05:47:49,970 - AUTO_PILOT - Syncing FROM GitHub (Pull)...
2026-03-07 05:47:49,976 - AUTO_PILOT - Git Pull Failed: [Errno 2] No such file or directory: 'git'
2026-03-07 05:48:50,063 - AUTO_PILOT - Syncing FROM GitHub (Pull)...
2026-03-07 05:48:50,069 - AUTO_PILOT - Git Pull Failed: [Errno 2] No such file or directory: 'git'
2026-03-07 05:49:50,157 - AUTO_PILOT - Syncing FROM GitHub (Pull)...
2026-03-07 05:49:50,163 - AUTO_PILOT - Git Pull Failed: [Errno 2] No such file or directory: 'git'
2026-03-07 05:50:50,250 - AUTO_PILOT - Syncing FROM GitHub (Pull)...
2026-03-07 05:50:50,258 - AUTO_PILOT - Git Pull Failed: [Errno 2] No such file or directory: 'git'
2026-03-07 05:51:50,346 - AUTO_PILOT - Syncing FROM GitHub (Pull)...
2026-03-07 05:51:50,352 - AUTO_PILOT - Git Pull Failed: [Errno 2] No such file or directory: 'git'
2026-03-07 05:52:50,391 - AUTO_PILOT - Syncing FROM GitHub (Pull)...
2026-03-07 05:52:50,394 - AUTO_PILOT - Git Pull Failed: [Errno 2] No such file or directory: 'git'
2026-03-07 05:53:50,482 - AUTO_PILOT - Syncing FROM GitHub (Pull)...
2026-03-07 05:53:50,487 - AUTO_PILOT - Git Pull Failed: [Errno 2] No such file or directory: 'git'
2026-03-07 05:54:50,577 - AUTO_PILOT - Syncing FROM GitHub (Pull)...
2026-03-07 05:54:50,583 - AUTO_PILOT - Git Pull Failed: [Errno 2] No such file or directory: 'git'
2026-03-07 05:55:50,672 - AUTO_PILOT - Syncing FROM GitHub (Pull)...
2026-03-07 05:55:50,677 - AUTO_PILOT - Git Pull Failed: [Errno 2] No such file or directory: 'git'
2026-03-07 05:56:50,768 - AUTO_PILOT - Syncing FROM GitHub (Pull)...
2026-03-07 05:56:50,769 - AUTO_PILOT - Git Pull Failed: [Errno 2] No such file or directory: 'git'
2026-03-07 05:57:50,825 - AUTO_PILOT - Syncing FROM GitHub (Pull)...
2026-03-07 05:57:50,827 - AUTO_PILOT - Git Pull Failed: [Errno 2] No such file or directory: 'git'
2026-03-07 05:58:50,891 - AUTO_PILOT - Syncing FROM GitHub (Pull)...
2026-03-07 05:58:50,894 - AUTO_PILOT - Git Pull Failed: [Errno 2] No such file or directory: 'git'
2026-03-07 05:59:50,965 - AUTO_PILOT - Syncing FROM GitHub (Pull)...
2026-03-07 05:59:50,971 - AUTO_PILOT - Git Pull Failed: [Errno 2] No such file or directory: 'git'
2026-03-07 06:00:50,994 - AUTO_PILOT - Syncing FROM GitHub (Pull)...
2026-03-07 06:00:50,998 - AUTO_PILOT - Git Pull Failed: [Errno 2] No such file or directory: 'git'
2026-03-07 06:01:51,068 - AUTO_PILOT - Syncing FROM GitHub (Pull)...
2026-03-07 06:01:51,071 - AUTO_PILOT - Git Pull Failed: [Errno 2] No such file or directory: 'git'
2026-03-07 06:02:51,143 - AUTO_PILOT - Syncing FROM GitHub (Pull)...
2026-03-07 06:02:51,149 - AUTO_PILOT - Git Pull Failed: [Errno 2] No such file or directory: 'git'
2026-03-07 06:03:51,221 - AUTO_PILOT - Syncing FROM GitHub (Pull)...
2026-03-07 06:03:51,224 - AUTO_PILOT - Git Pull Failed: [Errno 2] No such file or directory: 'git'
2026-03-07 06:04:51,291 - AUTO_PILOT - Syncing FROM GitHub (Pull)...
2026-03-07 06:04:51,296 - AUTO_PILOT - Git Pull Failed: [Errno 2] No such file or directory: 'git'
2026-03-07 06:05:51,338 - AUTO_PILOT - Syncing FROM GitHub (Pull)...
2026-03-07 06:05:51,344 - AUTO_PILOT - Git Pull Failed: [Errno 2] No such file or directory: 'git'
2026-03-07 06:06:51,415 - AUTO_PILOT - Syncing FROM GitHub (Pull)...
2026-03-07 06:06:51,417 - AUTO_PILOT - Git Pull Failed: [Errno 2] No such file or directory: 'git'
2026-03-07 06:07:51,485 - AUTO_PILOT - Syncing FROM GitHub (Pull)...
2026-03-07 06:07:51,489 - AUTO_PILOT - Git Pull Failed: [Errno 2] No such file or directory: 'git'
2026-03-07 06:08:51,563 - AUTO_PILOT - Syncing FROM GitHub (Pull)...
2026-03-07 06:08:51,567 - AUTO_PILOT - Git Pull Failed: [Errno 2] No such file or directory: 'git'
2026-03-07 06:09:51,638 - AUTO_PILOT - Syncing FROM GitHub (Pull)...
2026-03-07 06:09:51,641 - AUTO_PILOT - Git Pull Failed: [Errno 2] No such file or directory: 'git'
2026-03-07 06:10:51,661 - AUTO_PILOT - Syncing FROM GitHub (Pull)...
2026-03-07 06:10:51,663 - AUTO_PILOT - Git Pull Failed: [Errno 2] No such file or directory: 'git'
2026-03-07 06:11:51,730 - AUTO_PILOT - Syncing FROM GitHub (Pull)...
2026-03-07 06:11:51,734 - AUTO_PILOT - Git Pull Failed: [Errno 2] No such file or directory: 'git'
2026-03-07 06:12:51,807 - AUTO_PILOT - Syncing FROM GitHub (Pull)...
2026-03-07 06:12:51,813 - AUTO_PILOT - Git Pull Failed: [Errno 2] No such file or directory: 'git'
2026-03-07 06:13:51,901 - AUTO_PILOT - Syncing FROM GitHub (Pull)...
2026-03-07 06:13:51,906 - AUTO_PILOT - Git Pull Failed: [Errno 2] No such file or directory: 'git'
2026-03-07 06:14:51,996 - AUTO_PILOT - Syncing FROM GitHub (Pull)...
2026-03-07 06:14:52,001 - AUTO_PILOT - Git Pull Failed: [Errno 2] No such file or directory: 'git'
2026-03-07 06:15:52,090 - AUTO_PILOT - Syncing FROM GitHub (Pull)...
2026-03-07 06:15:52,095 - AUTO_PILOT - Git Pull Failed: [Errno 2] No such file or directory: 'git'
2026-03-07 06:16:52,185 - AUTO_PILOT - Syncing FROM GitHub (Pull)...
2026-03-07 06:16:52,191 - AUTO_PILOT - Git Pull Failed: [Errno 2] No such file or directory: 'git'
2026-03-07 06:17:52,279 - AUTO_PILOT - Syncing FROM GitHub (Pull)...
2026-03-07 06:17:52,286 - AUTO_PILOT - Git Pull Failed: [Errno 2] No such file or directory: 'git'
2026-03-07 06:18:52,376 - AUTO_PILOT - Syncing FROM GitHub (Pull)...
2026-03-07 06:18:52,383 - AUTO_PILOT - Git Pull Failed: [Errno 2] No such file or directory: 'git'
2026-03-07 06:19:52,472 - AUTO_PILOT - Syncing FROM GitHub (Pull)...
2026-03-07 06:19:52,477 - AUTO_PILOT - Git Pull Failed: [Errno 2] No such file or directory: 'git'
2026-03-07 06:20:52,567 - AUTO_PILOT - Syncing FROM GitHub (Pull)...
2026-03-07 06:20:52,572 - AUTO_PILOT - Git Pull Failed: [Errno 2] No such file or directory: 'git'
2026-03-07 06:21:52,661 - AUTO_PILOT - Syncing FROM GitHub (Pull)...
2026-03-07 06:21:52,667 - AUTO_PILOT - Git Pull Failed: [Errno 2] No such file or directory: 'git'
2026-03-07 06:22:52,745 - AUTO_PILOT - Syncing FROM GitHub (Pull)...
2026-03-07 06:22:52,751 - AUTO_PILOT - Git Pull Failed: [Errno 2] No such file or directory: 'git'
2026-03-07 06:23:52,811 - AUTO_PILOT - Syncing FROM GitHub (Pull)...
2026-03-07 06:23:52,819 - AUTO_PILOT - Git Pull Failed: [Errno 2] No such file or directory: 'git'
2026-03-07 06:24:52,898 - AUTO_PILOT - Syncing FROM GitHub (Pull)...
2026-03-07 06:24:52,903 - AUTO_PILOT - Git Pull Failed: [Errno 2] No such file or directory: 'git'
2026-03-07 06:25:52,958 - AUTO_PILOT - Syncing FROM GitHub (Pull)...
2026-03-07 06:25:52,968 - AUTO_PILOT - Git Pull Failed: [Errno 2] No such file or directory: 'git'
2026-03-07 06:26:53,043 - AUTO_PILOT - Syncing FROM GitHub (Pull)...
2026-03-07 06:26:53,049 - AUTO_PILOT - Git Pull Failed: [Errno 2] No such file or directory: 'git'
2026-03-07 06:27:53,126 - AUTO_PILOT - Syncing FROM GitHub (Pull)...
2026-03-07 06:27:53,128 - AUTO_PILOT - Git Pull Failed: [Errno 2] No such file or directory: 'git'
2026-03-07 06:28:53,172 - AUTO_PILOT - Syncing FROM GitHub (Pull)...
2026-03-07 06:28:53,177 - AUTO_PILOT - Git Pull Failed: [Errno 2] No such file or directory: 'git'
2026-03-07 06:29:53,266 - AUTO_PILOT - Syncing FROM GitHub (Pull)...
2026-03-07 06:29:53,272 - AUTO_PILOT - Git Pull Failed: [Errno 2] No such file or directory: 'git'
2026-03-07 06:30:53,364 - AUTO_PILOT - Syncing FROM GitHub (Pull)...
2026-03-07 06:30:53,369 - AUTO_PILOT - Git Pull Failed: [Errno 2] No such file or directory: 'git'
2026-03-07 06:31:53,459 - AUTO_PILOT - Syncing FROM GitHub (Pull)...
2026-03-07 06:31:53,464 - AUTO_PILOT - Git Pull Failed: [Errno 2] No such file or directory: 'git'
2026-03-07 06:32:53,552 - AUTO_PILOT - Syncing FROM GitHub (Pull)...
2026-03-07 06:32:53,560 - AUTO_PILOT - Git Pull Failed: [Errno 2] No such file or directory: 'git'
2026-03-07 06:33:53,649 - AUTO_PILOT - Syncing FROM GitHub (Pull)...
2026-03-07 06:33:53,658 - AUTO_PILOT - Git Pull Failed: [Errno 2] No such file or directory: 'git'
2026-03-07 06:34:53,737 - AUTO_PILOT - Syncing FROM GitHub (Pull)...
2026-03-07 06:34:53,742 - AUTO_PILOT - Git Pull Failed: [Errno 2] No such file or directory: 'git'
2026-03-07 06:35:53,832 - AUTO_PILOT - Syncing FROM GitHub (Pull)...
2026-03-07 06:35:53,838 - AUTO_PILOT - Git Pull Failed: [Errno 2] No such file or directory: 'git'
2026-03-07 06:36:53,913 - AUTO_PILOT - Syncing FROM GitHub (Pull)...
2026-03-07 06:36:53,919 - AUTO_PILOT - Git Pull Failed: [Errno 2] No such file or directory: 'git'
2026-03-07 06:37:54,010 - AUTO_PILOT - Syncing FROM GitHub (Pull)...
2026-03-07 06:37:54,016 - AUTO_PILOT - Git Pull Failed: [Errno 2] No such file or directory: 'git'
2026-03-07 06:38:54,088 - AUTO_PILOT - Syncing FROM GitHub (Pull)...
2026-03-07 06:38:54,094 - AUTO_PILOT - Git Pull Failed: [Errno 2] No such file or directory: 'git'
2026-03-07 06:39:54,176 - AUTO_PILOT - Syncing FROM GitHub (Pull)...
2026-03-07 06:39:54,182 - AUTO_PILOT - Git Pull Failed: [Errno 2] No such file or directory: 'git'
2026-03-07 06:40:54,267 - AUTO_PILOT - Syncing FROM GitHub (Pull)...
2026-03-07 06:40:54,272 - AUTO_PILOT - Git Pull Failed: [Errno 2] No such file or directory: 'git'
2026-03-07 06:41:54,356 - AUTO_PILOT - Syncing FROM GitHub (Pull)...
2026-03-07 06:41:54,358 - AUTO_PILOT - Git Pull Failed: [Errno 2] No such file or directory: 'git'
2026-03-07 06:42:54,415 - AUTO_PILOT - Syncing FROM GitHub (Pull)...
2026-03-07 06:42:54,420 - AUTO_PILOT - Git Pull Failed: [Errno 2] No such file or directory: 'git'
2026-03-07 06:43:54,510 - AUTO_PILOT - Syncing FROM GitHub (Pull)...
2026-03-07 06:43:54,515 - AUTO_PILOT - Git Pull Failed: [Errno 2] No such file or directory: 'git'
2026-03-07 06:44:54,600 - AUTO_PILOT - Syncing FROM GitHub (Pull)...
2026-03-07 06:44:54,605 - AUTO_PILOT - Git Pull Failed: [Errno 2] No such file or directory: 'git'
2026-03-07 06:45:54,695 - AUTO_PILOT - Syncing FROM GitHub (Pull)...
2026-03-07 06:45:54,702 - AUTO_PILOT - Git Pull Failed: [Errno 2] No such file or directory: 'git'
2026-03-07 06:46:54,793 - AUTO_PILOT - Syncing FROM GitHub (Pull)...
2026-03-07 06:46:54,799 - AUTO_PILOT - Git Pull Failed: [Errno 2] No such file or directory: 'git'
2026-03-07 06:47:54,887 - AUTO_PILOT - Syncing FROM GitHub (Pull)...
2026-03-07 06:47:54,893 - AUTO_PILOT - Git Pull Failed: [Errno 2] No such file or directory: 'git'
2026-03-07 06:48:54,962 - AUTO_PILOT - Syncing FROM GitHub (Pull)...
2026-03-07 06:48:54,967 - AUTO_PILOT - Git Pull Failed: [Errno 2] No such file or directory: 'git'
2026-03-07 06:49:55,057 - AUTO_PILOT - Syncing FROM GitHub (Pull)...
2026-03-07 06:49:55,058 - AUTO_PILOT - Git Pull Failed: [Errno 2] No such file or directory: 'git'
2026-03-07 06:50:55,116 - AUTO_PILOT - Syncing FROM GitHub (Pull)...
2026-03-07 06:50:55,121 - AUTO_PILOT - Git Pull Failed: [Errno 2] No such file or directory: 'git'
2026-03-07 06:51:55,208 - AUTO_PILOT - Syncing FROM GitHub (Pull)...
2026-03-07 06:51:55,213 - AUTO_PILOT - Git Pull Failed: [Errno 2] No such file or directory: 'git'
2026-03-07 06:52:55,294 - AUTO_PILOT - Syncing FROM GitHub (Pull)...
2026-03-07 06:52:55,299 - AUTO_PILOT - Git Pull Failed: [Errno 2] No such file or directory: 'git'
2026-03-07 06:53:55,388 - AUTO_PILOT - Syncing FROM GitHub (Pull)...
2026-03-07 06:53:55,394 - AUTO_PILOT - Git Pull Failed: [Errno 2] No such file or directory: 'git'
2026-03-07 06:54:55,479 - AUTO_PILOT - Syncing FROM GitHub (Pull)...
2026-03-07 06:54:55,484 - AUTO_PILOT - Git Pull Failed: [Errno 2] No such file or directory: 'git'
2026-03-07 06:55:55,572 - AUTO_PILOT - Syncing FROM GitHub (Pull)...
2026-03-07 06:55:55,574 - AUTO_PILOT - Git Pull Failed: [Errno 2] No such file or directory: 'git'
2026-03-07 06:56:55,635 - AUTO_PILOT - Syncing FROM GitHub (Pull)...
2026-03-07 06:56:55,642 - AUTO_PILOT - Git Pull Failed: [Errno 2] No such file or directory: 'git'
2026-03-07 06:57:55,730 - AUTO_PILOT - Syncing FROM GitHub (Pull)...
2026-03-07 06:57:55,738 - AUTO_PILOT - Git Pull Failed: [Errno 2] No such file or directory: 'git'
2026-03-07 06:58:55,828 - AUTO_PILOT - Syncing FROM GitHub (Pull)...
2026-03-07 06:58:55,834 - AUTO_PILOT - Git Pull Failed: [Errno 2] No such file or directory: 'git'
2026-03-07 06:59:55,920 - AUTO_PILOT - Syncing FROM GitHub (Pull)...
2026-03-07 06:59:55,930 - AUTO_PILOT - Git Pull Failed: [Errno 2] No such file or directory: 'git'
2026-03-07 07:00:56,006 - AUTO_PILOT - Syncing FROM GitHub (Pull)...
2026-03-07 07:00:56,012 - AUTO_PILOT - Git Pull Failed: [Errno 2] No such file or directory: 'git'
2026-03-07 07:01:56,050 - AUTO_PILOT - Syncing FROM GitHub (Pull)...
2026-03-07 07:01:56,052 - AUTO_PILOT - Git Pull Failed: [Errno 2] No such file or directory: 'git'
2026-03-07 07:02:56,111 - AUTO_PILOT - Syncing FROM GitHub (Pull)...
2026-03-07 07:02:56,118 - AUTO_PILOT - Git Pull Failed: [Errno 2] No such file or directory: 'git'
2026-03-07 07:03:56,206 - AUTO_PILOT - Syncing FROM GitHub (Pull)...
2026-03-07 07:03:56,209 - AUTO_PILOT - Git Pull Failed: [Errno 2] No such file or directory: 'git'
2026-03-07 07:04:56,294 - AUTO_PILOT - Syncing FROM GitHub (Pull)...
2026-03-07 07:04:56,299 - AUTO_PILOT - Git Pull Failed: [Errno 2] No such file or directory: 'git'
2026-03-07 07:05:56,389 - AUTO_PILOT - Syncing FROM GitHub (Pull)...
2026-03-07 07:05:56,394 - AUTO_PILOT - Git Pull Failed: [Errno 2] No such file or directory: 'git'
2026-03-07 07:06:56,482 - AUTO_PILOT - Syncing FROM GitHub (Pull)...
2026-03-07 07:06:56,488 - AUTO_PILOT - Git Pull Failed: [Errno 2] No such file or directory: 'git'
2026-03-07 07:07:56,575 - AUTO_PILOT - Syncing FROM GitHub (Pull)...
2026-03-07 07:07:56,583 - AUTO_PILOT - Git Pull Failed: [Errno 2] No such file or directory: 'git'
2026-03-07 07:08:56,656 - AUTO_PILOT - Syncing FROM GitHub (Pull)...
2026-03-07 07:08:56,662 - AUTO_PILOT - Git Pull Failed: [Errno 2] No such file or directory: 'git'
2026-03-07 07:09:56,750 - AUTO_PILOT - Syncing FROM GitHub (Pull)...
2026-03-07 07:09:56,755 - AUTO_PILOT - Git Pull Failed: [Errno 2] No such file or directory: 'git'
2026-03-07 07:10:56,837 - AUTO_PILOT - Syncing FROM GitHub (Pull)...
2026-03-07 07:10:56,842 - AUTO_PILOT - Git Pull Failed: [Errno 2] No such file or directory: 'git'
2026-03-07 07:11:56,930 - AUTO_PILOT - Syncing FROM GitHub (Pull)...
2026-03-07 07:11:56,936 - AUTO_PILOT - Git Pull Failed: [Errno 2] No such file or directory: 'git'
2026-03-07 07:12:57,026 - AUTO_PILOT - Syncing FROM GitHub (Pull)...
2026-03-07 07:12:57,033 - AUTO_PILOT - Git Pull Failed: [Errno 2] No such file or directory: 'git'
2026-03-07 07:13:57,122 - AUTO_PILOT - Syncing FROM GitHub (Pull)...
2026-03-07 07:13:57,127 - AUTO_PILOT - Git Pull Failed: [Errno 2] No such file or directory: 'git'
2026-03-07 07:14:57,174 - AUTO_PILOT - Syncing FROM GitHub (Pull)...
2026-03-07 07:14:57,179 - AUTO_PILOT - Git Pull Failed: [Errno 2] No such file or directory: 'git'
2026-03-07 07:15:57,266 - AUTO_PILOT - Syncing FROM GitHub (Pull)...
2026-03-07 07:15:57,272 - AUTO_PILOT - Git Pull Failed: [Errno 2] No such file or directory: 'git'
2026-03-07 07:16:57,360 - AUTO_PILOT - Syncing FROM GitHub (Pull)...
2026-03-07 07:16:57,368 - AUTO_PILOT - Git Pull Failed: [Errno 2] No such file or directory: 'git'
2026-03-07 07:17:57,456 - AUTO_PILOT - Syncing FROM GitHub (Pull)...
2026-03-07 07:17:57,466 - AUTO_PILOT - Git Pull Failed: [Errno 2] No such file or directory: 'git'
2026-03-07 07:18:57,538 - AUTO_PILOT - Syncing FROM GitHub (Pull)...
2026-03-07 07:18:57,546 - AUTO_PILOT - Git Pull Failed: [Errno 2] No such file or directory: 'git'
2026-03-07 07:19:57,634 - AUTO_PILOT - Syncing FROM GitHub (Pull)...
2026-03-07 07:19:57,641 - AUTO_PILOT - Git Pull Failed: [Errno 2] No such file or directory: 'git'
2026-03-07 07:20:57,676 - AUTO_PILOT - Syncing FROM GitHub (Pull)...
2026-03-07 07:20:57,681 - AUTO_PILOT - Git Pull Failed: [Errno 2] No such file or directory: 'git'
2026-03-07 07:21:57,770 - AUTO_PILOT - Syncing FROM GitHub (Pull)...
2026-03-07 07:21:57,776 - AUTO_PILOT - Git Pull Failed: [Errno 2] No such file or directory: 'git'
2026-03-07 07:22:57,862 - AUTO_PILOT - Syncing FROM GitHub (Pull)...
2026-03-07 07:22:57,868 - AUTO_PILOT - Git Pull Failed: [Errno 2] No such file or directory: 'git'
2026-03-07 07:23:57,932 - AUTO_PILOT - Syncing FROM GitHub (Pull)...
2026-03-07 07:23:57,934 - AUTO_PILOT - Git Pull Failed: [Errno 2] No such file or directory: 'git'
2026-03-07 07:24:57,998 - AUTO_PILOT - Syncing FROM GitHub (Pull)...
2026-03-07 07:24:58,003 - AUTO_PILOT - Git Pull Failed: [Errno 2] No such file or directory: 'git'
2026-03-07 07:25:58,091 - AUTO_PILOT - Syncing FROM GitHub (Pull)...
2026-03-07 07:25:58,098 - AUTO_PILOT - Git Pull Failed: [Errno 2] No such file or directory: 'git'
2026-03-07 07:26:58,182 - AUTO_PILOT - Syncing FROM GitHub (Pull)...
2026-03-07 07:26:58,188 - AUTO_PILOT - Git Pull Failed: [Errno 2] No such file or directory: 'git'
2026-03-07 07:27:58,225 - AUTO_PILOT - Syncing FROM GitHub (Pull)...
2026-03-07 07:27:58,231 - AUTO_PILOT - Git Pull Failed: [Errno 2] No such file or directory: 'git'
2026-03-07 07:28:58,315 - AUTO_PILOT - Syncing FROM GitHub (Pull)...
2026-03-07 07:28:58,320 - AUTO_PILOT - Git Pull Failed: [Errno 2] No such file or directory: 'git'
2026-03-07 07:29:58,406 - AUTO_PILOT - Syncing FROM GitHub (Pull)...
2026-03-07 07:29:58,413 - AUTO_PILOT - Git Pull Failed: [Errno 2] No such file or directory: 'git'
2026-03-07 07:30:58,503 - AUTO_PILOT - Syncing FROM GitHub (Pull)...
2026-03-07 07:30:58,508 - AUTO_PILOT - Git Pull Failed: [Errno 2] No such file or directory: 'git'
2026-03-07 07:31:58,596 - AUTO_PILOT - Syncing FROM GitHub (Pull)...
2026-03-07 07:31:58,601 - AUTO_PILOT - Git Pull Failed: [Errno 2] No such file or directory: 'git'
2026-03-07 07:32:58,688 - AUTO_PILOT - Syncing FROM GitHub (Pull)...
2026-03-07 07:32:58,696 - AUTO_PILOT - Git Pull Failed: [Errno 2] No such file or directory: 'git'
2026-03-07 07:33:58,785 - AUTO_PILOT - Syncing FROM GitHub (Pull)...
2026-03-07 07:33:58,793 - AUTO_PILOT - Git Pull Failed: [Errno 2] No such file or directory: 'git'
2026-03-07 07:34:58,879 - AUTO_PILOT - Syncing FROM GitHub (Pull)...
2026-03-07 07:34:58,882 - AUTO_PILOT - Git Pull Failed: [Errno 2] No such file or directory: 'git'
2026-03-07 07:35:58,949 - AUTO_PILOT - Syncing FROM GitHub (Pull)...
2026-03-07 07:35:58,954 - AUTO_PILOT - Git Pull Failed: [Errno 2] No such file or directory: 'git'
2026-03-07 07:36:59,040 - AUTO_PILOT - Syncing FROM GitHub (Pull)...
2026-03-07 07:36:59,046 - AUTO_PILOT - Git Pull Failed: [Errno 2] No such file or directory: 'git'
2026-03-07 07:37:59,134 - AUTO_PILOT - Syncing FROM GitHub (Pull)...
2026-03-07 07:37:59,139 - AUTO_PILOT - Git Pull Failed: [Errno 2] No such file or directory: 'git'
2026-03-07 07:38:59,224 - AUTO_PILOT - Syncing FROM GitHub (Pull)...
2026-03-07 07:38:59,230 - AUTO_PILOT - Git Pull Failed: [Errno 2] No such file or directory: 'git'
2026-03-07 07:39:59,316 - AUTO_PILOT - Syncing FROM GitHub (Pull)...
2026-03-07 07:39:59,324 - AUTO_PILOT - Git Pull Failed: [Errno 2] No such file or directory: 'git'
2026-03-07 07:40:59,410 - AUTO_PILOT - Syncing FROM GitHub (Pull)...
2026-03-07 07:40:59,415 - AUTO_PILOT - Git Pull Failed: [Errno 2] No such file or directory: 'git'
2026-03-07 07:41:59,503 - AUTO_PILOT - Syncing FROM GitHub (Pull)...
2026-03-07 07:41:59,508 - AUTO_PILOT - Git Pull Failed: [Errno 2] No such file or directory: 'git'
2026-03-07 07:42:59,595 - AUTO_PILOT - Syncing FROM GitHub (Pull)...
2026-03-07 07:42:59,602 - AUTO_PILOT - Git Pull Failed: [Errno 2] No such file or directory: 'git'
2026-03-07 07:43:59,690 - AUTO_PILOT - Syncing FROM GitHub (Pull)...
2026-03-07 07:43:59,696 - AUTO_PILOT - Git Pull Failed: [Errno 2] No such file or directory: 'git'
2026-03-07 07:44:59,784 - AUTO_PILOT - Syncing FROM GitHub (Pull)...
2026-03-07 07:44:59,790 - AUTO_PILOT - Git Pull Failed: [Errno 2] No such file or directory: 'git'
2026-03-07 07:45:59,877 - AUTO_PILOT - Syncing FROM GitHub (Pull)...
2026-03-07 07:45:59,886 - AUTO_PILOT - Git Pull Failed: [Errno 2] No such file or directory: 'git'
2026-03-07 07:46:59,965 - AUTO_PILOT - Syncing FROM GitHub (Pull)...
2026-03-07 07:46:59,970 - AUTO_PILOT - Git Pull Failed: [Errno 2] No such file or directory: 'git'
2026-03-07 07:48:00,050 - AUTO_PILOT - Syncing FROM GitHub (Pull)...
2026-03-07 07:48:00,052 - AUTO_PILOT - Git Pull Failed: [Errno 2] No such file or directory: 'git'
2026-03-07 07:49:00,114 - AUTO_PILOT - Syncing FROM GitHub (Pull)...
2026-03-07 07:49:00,120 - AUTO_PILOT - Git Pull Failed: [Errno 2] No such file or directory: 'git'
2026-03-07 07:50:00,202 - AUTO_PILOT - Syncing FROM GitHub (Pull)...
2026-03-07 07:50:00,204 - AUTO_PILOT - Git Pull Failed: [Errno 2] No such file or directory: 'git'
2026-03-07 07:51:00,270 - AUTO_PILOT - Syncing FROM GitHub (Pull)...
2026-03-07 07:51:00,275 - AUTO_PILOT - Git Pull Failed: [Errno 2] No such file or directory: 'git'
2026-03-07 07:52:00,361 - AUTO_PILOT - Syncing FROM GitHub (Pull)...
2026-03-07 07:52:00,366 - AUTO_PILOT - Git Pull Failed: [Errno 2] No such file or directory: 'git'
2026-03-07 07:53:00,453 - AUTO_PILOT - Syncing FROM GitHub (Pull)...
2026-03-07 07:53:00,458 - AUTO_PILOT - Git Pull Failed: [Errno 2] No such file or directory: 'git'
2026-03-07 07:54:00,547 - AUTO_PILOT - Syncing FROM GitHub (Pull)...
2026-03-07 07:54:00,554 - AUTO_PILOT - Git Pull Failed: [Errno 2] No such file or directory: 'git'
2026-03-07 07:55:00,629 - AUTO_PILOT - Syncing FROM GitHub (Pull)...
2026-03-07 07:55:00,635 - AUTO_PILOT - Git Pull Failed: [Errno 2] No such file or directory: 'git'
2026-03-07 07:56:00,724 - AUTO_PILOT - Syncing FROM GitHub (Pull)...
2026-03-07 07:56:00,729 - AUTO_PILOT - Git Pull Failed: [Errno 2] No such file or directory: 'git'
2026-03-07 07:57:00,808 - AUTO_PILOT - Syncing FROM GitHub (Pull)...
2026-03-07 07:57:00,814 - AUTO_PILOT - Git Pull Failed: [Errno 2] No such file or directory: 'git'
2026-03-07 07:58:00,902 - AUTO_PILOT - Syncing FROM GitHub (Pull)...
2026-03-07 07:58:00,908 - AUTO_PILOT - Git Pull Failed: [Errno 2] No such file or directory: 'git'
2026-03-07 07:59:00,994 - AUTO_PILOT - Syncing FROM GitHub (Pull)...
2026-03-07 07:59:01,000 - AUTO_PILOT - Git Pull Failed: [Errno 2] No such file or directory: 'git'
2026-03-07 08:00:01,089 - AUTO_PILOT - Syncing FROM GitHub (Pull)...
2026-03-07 08:00:01,091 - AUTO_PILOT - Git Pull Failed: [Errno 2] No such file or directory: 'git'
2026-03-07 08:01:01,154 - AUTO_PILOT - Syncing FROM GitHub (Pull)...
2026-03-07 08:01:01,160 - AUTO_PILOT - Git Pull Failed: [Errno 2] No such file or directory: 'git'
2026-03-07 08:02:01,204 - AUTO_PILOT - Syncing FROM GitHub (Pull)...
2026-03-07 08:02:01,209 - AUTO_PILOT - Git Pull Failed: [Errno 2] No such file or directory: 'git'
2026-03-07 08:03:01,294 - AUTO_PILOT - Syncing FROM GitHub (Pull)...
2026-03-07 08:03:01,301 - AUTO_PILOT - Git Pull Failed: [Errno 2] No such file or directory: 'git'
2026-03-07 08:04:01,389 - AUTO_PILOT - Syncing FROM GitHub (Pull)...
2026-03-07 08:04:01,395 - AUTO_PILOT - Git Pull Failed: [Errno 2] No such file or directory: 'git'
2026-03-07 08:05:01,483 - AUTO_PILOT - Syncing FROM GitHub (Pull)...
2026-03-07 08:05:01,491 - AUTO_PILOT - Git Pull Failed: [Errno 2] No such file or directory: 'git'
2026-03-07 08:06:01,580 - AUTO_PILOT - Syncing FROM GitHub (Pull)...
2026-03-07 08:06:01,586 - AUTO_PILOT - Git Pull Failed: [Errno 2] No such file or directory: 'git'
2026-03-07 08:07:01,661 - AUTO_PILOT - Syncing FROM GitHub (Pull)...
2026-03-07 08:07:01,667 - AUTO_PILOT - Git Pull Failed: [Errno 2] No such file or directory: 'git'
2026-03-07 08:08:01,757 - AUTO_PILOT - Syncing FROM GitHub (Pull)...
2026-03-07 08:08:01,762 - AUTO_PILOT - Git Pull Failed: [Errno 2] No such file or directory: 'git'
2026-03-07 08:09:01,810 - AUTO_PILOT - Syncing FROM GitHub (Pull)...
2026-03-07 08:09:01,815 - AUTO_PILOT - Git Pull Failed: [Errno 2] No such file or directory: 'git'
2026-03-07 08:10:01,889 - AUTO_PILOT - Syncing FROM GitHub (Pull)...
2026-03-07 08:10:01,894 - AUTO_PILOT - Git Pull Failed: [Errno 2] No such file or directory: 'git'
2026-03-07 08:11:01,967 - AUTO_PILOT - Syncing FROM GitHub (Pull)...
2026-03-07 08:11:01,972 - AUTO_PILOT - Git Pull Failed: [Errno 2] No such file or directory: 'git'
2026-03-07 08:12:02,060 - AUTO_PILOT - Syncing FROM GitHub (Pull)...
2026-03-07 08:12:02,065 - AUTO_PILOT - Git Pull Failed: [Errno 2] No such file or directory: 'git'
2026-03-07 08:13:02,155 - AUTO_PILOT - Syncing FROM GitHub (Pull)...
2026-03-07 08:13:02,160 - AUTO_PILOT - Git Pull Failed: [Errno 2] No such file or directory: 'git'
2026-03-07 08:14:02,247 - AUTO_PILOT - Syncing FROM GitHub (Pull)...
2026-03-07 08:14:02,248 - AUTO_PILOT - Git Pull Failed: [Errno 2] No such file or directory: 'git'
2026-03-07 08:15:02,308 - AUTO_PILOT - Syncing FROM GitHub (Pull)...
2026-03-07 08:15:02,313 - AUTO_PILOT - Git Pull Failed: [Errno 2] No such file or directory: 'git'
2026-03-07 08:16:02,401 - AUTO_PILOT - Syncing FROM GitHub (Pull)...
2026-03-07 08:16:02,407 - AUTO_PILOT - Git Pull Failed: [Errno 2] No such file or directory: 'git'
2026-03-07 08:17:02,493 - AUTO_PILOT - Syncing FROM GitHub (Pull)...
2026-03-07 08:17:02,495 - AUTO_PILOT - Git Pull Failed: [Errno 2] No such file or directory: 'git'
2026-03-07 08:18:02,556 - AUTO_PILOT - Syncing FROM GitHub (Pull)...
2026-03-07 08:18:02,564 - AUTO_PILOT - Git Pull Failed: [Errno 2] No such file or directory: 'git'
2026-03-07 08:19:02,643 - AUTO_PILOT - Syncing FROM GitHub (Pull)...
2026-03-07 08:19:02,651 - AUTO_PILOT - Git Pull Failed: [Errno 2] No such file or directory: 'git'
2026-03-07 08:20:02,721 - AUTO_PILOT - Syncing FROM GitHub (Pull)...
2026-03-07 08:20:02,726 - AUTO_PILOT - Git Pull Failed: [Errno 2] No such file or directory: 'git'
2026-03-07 08:21:02,813 - AUTO_PILOT - Syncing FROM GitHub (Pull)...
2026-03-07 08:21:02,818 - AUTO_PILOT - Git Pull Failed: [Errno 2] No such file or directory: 'git'
2026-03-07 08:22:02,904 - AUTO_PILOT - Syncing FROM GitHub (Pull)...
2026-03-07 08:22:02,911 - AUTO_PILOT - Git Pull Failed: [Errno 2] No such file or directory: 'git'
2026-03-07 08:23:02,942 - AUTO_PILOT - Syncing FROM GitHub (Pull)...
2026-03-07 08:23:02,947 - AUTO_PILOT - Git Pull Failed: [Errno 2] No such file or directory: 'git'
2026-03-07 08:24:03,036 - AUTO_PILOT - Syncing FROM GitHub (Pull)...
2026-03-07 08:24:03,041 - AUTO_PILOT - Git Pull Failed: [Errno 2] No such file or directory: 'git'
2026-03-07 08:25:03,057 - AUTO_PILOT - Syncing FROM GitHub (Pull)...
2026-03-07 08:25:03,062 - AUTO_PILOT - Git Pull Failed: [Errno 2] No such file or directory: 'git'
2026-03-07 08:26:03,149 - AUTO_PILOT - Syncing FROM GitHub (Pull)...
2026-03-07 08:26:03,182 - AUTO_PILOT - Git Pull Failed: [Errno 2] No such file or directory: 'git'
2026-03-07 08:27:03,253 - AUTO_PILOT - Syncing FROM GitHub (Pull)...
2026-03-07 08:27:03,258 - AUTO_PILOT - Git Pull Failed: [Errno 2] No such file or directory: 'git'
2026-03-07 08:28:03,346 - AUTO_PILOT - Syncing FROM GitHub (Pull)...
2026-03-07 08:28:03,353 - AUTO_PILOT - Git Pull Failed: [Errno 2] No such file or directory: 'git'
2026-03-07 08:29:03,439 - AUTO_PILOT - Syncing FROM GitHub (Pull)...
2026-03-07 08:29:03,445 - AUTO_PILOT - Git Pull Failed: [Errno 2] No such file or directory: 'git'
2026-03-07 08:30:03,533 - AUTO_PILOT - Syncing FROM GitHub (Pull)...
2026-03-07 08:30:03,538 - AUTO_PILOT - Git Pull Failed: [Errno 2] No such file or directory: 'git'
2026-03-07 08:31:03,597 - AUTO_PILOT - Syncing FROM GitHub (Pull)...
2026-03-07 08:31:03,602 - AUTO_PILOT - Git Pull Failed: [Errno 2] No such file or directory: 'git'
2026-03-07 08:32:03,690 - AUTO_PILOT - Syncing FROM GitHub (Pull)...
2026-03-07 08:32:03,696 - AUTO_PILOT - Git Pull Failed: [Errno 2] No such file or directory: 'git'
2026-03-07 08:33:03,745 - AUTO_PILOT - Syncing FROM GitHub (Pull)...
2026-03-07 08:33:03,753 - AUTO_PILOT - Git Pull Failed: [Errno 2] No such file or directory: 'git'
2026-03-07 08:34:03,817 - AUTO_PILOT - Syncing FROM GitHub (Pull)...
2026-03-07 08:34:03,820 - AUTO_PILOT - Git Pull Failed: [Errno 2] No such file or directory: 'git'
2026-03-07 08:35:03,879 - AUTO_PILOT - Syncing FROM GitHub (Pull)...
2026-03-07 08:35:03,885 - AUTO_PILOT - Git Pull Failed: [Errno 2] No such file or directory: 'git'
2026-03-07 08:36:03,973 - AUTO_PILOT - Syncing FROM GitHub (Pull)...
2026-03-07 08:36:03,979 - AUTO_PILOT - Git Pull Failed: [Errno 2] No such file or directory: 'git'
2026-03-07 08:37:04,067 - AUTO_PILOT - Syncing FROM GitHub (Pull)...
2026-03-07 08:37:04,073 - AUTO_PILOT - Git Pull Failed: [Errno 2] No such file or directory: 'git'
2026-03-07 08:38:04,160 - AUTO_PILOT - Syncing FROM GitHub (Pull)...
2026-03-07 08:38:04,165 - AUTO_PILOT - Git Pull Failed: [Errno 2] No such file or directory: 'git'
2026-03-07 08:39:04,248 - AUTO_PILOT - Syncing FROM GitHub (Pull)...
2026-03-07 08:39:04,253 - AUTO_PILOT - Git Pull Failed: [Errno 2] No such file or directory: 'git'
2026-03-07 08:40:04,337 - AUTO_PILOT - Syncing FROM GitHub (Pull)...
2026-03-07 08:40:04,344 - AUTO_PILOT - Git Pull Failed: [Errno 2] No such file or directory: 'git'
2026-03-07 08:41:04,429 - AUTO_PILOT - Syncing FROM GitHub (Pull)...
2026-03-07 08:41:04,434 - AUTO_PILOT - Git Pull Failed: [Errno 2] No such file or directory: 'git'
2026-03-07 08:42:04,521 - AUTO_PILOT - Syncing FROM GitHub (Pull)...
2026-03-07 08:42:04,526 - AUTO_PILOT - Git Pull Failed: [Errno 2] No such file or directory: 'git'
2026-03-07 08:43:04,603 - AUTO_PILOT - Syncing FROM GitHub (Pull)...
2026-03-07 08:43:04,608 - AUTO_PILOT - Git Pull Failed: [Errno 2] No such file or directory: 'git'
2026-03-07 08:44:04,695 - AUTO_PILOT - Syncing FROM GitHub (Pull)...
2026-03-07 08:44:04,701 - AUTO_PILOT - Git Pull Failed: [Errno 2] No such file or directory: 'git'
2026-03-07 08:45:04,769 - AUTO_PILOT - Syncing FROM GitHub (Pull)...
2026-03-07 08:45:04,777 - AUTO_PILOT - Git Pull Failed: [Errno 2] No such file or directory: 'git'
2026-03-07 08:46:04,860 - AUTO_PILOT - Syncing FROM GitHub (Pull)...
2026-03-07 08:46:04,868 - AUTO_PILOT - Git Pull Failed: [Errno 2] No such file or directory: 'git'
2026-03-07 08:47:04,955 - AUTO_PILOT - Syncing FROM GitHub (Pull)...
2026-03-07 08:47:04,961 - AUTO_PILOT - Git Pull Failed: [Errno 2] No such file or directory: 'git'
2026-03-07 08:48:05,048 - AUTO_PILOT - Syncing FROM GitHub (Pull)...
2026-03-07 08:48:05,056 - AUTO_PILOT - Git Pull Failed: [Errno 2] No such file or directory: 'git'
2026-03-07 08:49:05,143 - AUTO_PILOT - Syncing FROM GitHub (Pull)...
2026-03-07 08:49:05,148 - AUTO_PILOT - Git Pull Failed: [Errno 2] No such file or directory: 'git'
2026-03-07 08:50:05,235 - AUTO_PILOT - Syncing FROM GitHub (Pull)...
2026-03-07 08:50:05,241 - AUTO_PILOT - Git Pull Failed: [Errno 2] No such file or directory: 'git'
2026-03-07 08:51:05,322 - AUTO_PILOT - Syncing FROM GitHub (Pull)...
2026-03-07 08:51:05,327 - AUTO_PILOT - Git Pull Failed: [Errno 2] No such file or directory: 'git'
2026-03-07 08:52:05,412 - AUTO_PILOT - Syncing FROM GitHub (Pull)...
2026-03-07 08:52:05,418 - AUTO_PILOT - Git Pull Failed: [Errno 2] No such file or directory: 'git'
2026-03-07 08:53:05,492 - AUTO_PILOT - Syncing FROM GitHub (Pull)...
2026-03-07 08:53:05,495 - AUTO_PILOT - Git Pull Failed: [Errno 2] No such file or directory: 'git'
2026-03-07 08:54:05,558 - AUTO_PILOT - Syncing FROM GitHub (Pull)...
2026-03-07 08:54:05,560 - AUTO_PILOT - Git Pull Failed: [Errno 2] No such file or directory: 'git'
2026-03-07 08:55:05,619 - AUTO_PILOT - Syncing FROM GitHub (Pull)...
2026-03-07 08:55:05,624 - AUTO_PILOT - Git Pull Failed: [Errno 2] No such file or directory: 'git'
2026-03-07 08:56:05,712 - AUTO_PILOT - Syncing FROM GitHub (Pull)...
2026-03-07 08:56:05,718 - AUTO_PILOT - Git Pull Failed: [Errno 2] No such file or directory: 'git'
2026-03-07 08:57:05,810 - AUTO_PILOT - Syncing FROM GitHub (Pull)...
2026-03-07 08:57:05,815 - AUTO_PILOT - Git Pull Failed: [Errno 2] No such file or directory: 'git'
2026-03-07 08:58:05,903 - AUTO_PILOT - Syncing FROM GitHub (Pull)...
2026-03-07 08:58:05,909 - AUTO_PILOT - Git Pull Failed: [Errno 2] No such file or directory: 'git'
2026-03-07 08:59:05,991 - AUTO_PILOT - Syncing FROM GitHub (Pull)...
2026-03-07 08:59:05,996 - AUTO_PILOT - Git Pull Failed: [Errno 2] No such file or directory: 'git'
2026-03-07 09:00:06,085 - AUTO_PILOT - Syncing FROM GitHub (Pull)...
2026-03-07 09:00:06,092 - AUTO_PILOT - Git Pull Failed: [Errno 2] No such file or directory: 'git'
2026-03-07 09:01:06,183 - AUTO_PILOT - Syncing FROM GitHub (Pull)...
2026-03-07 09:01:06,189 - AUTO_PILOT - Git Pull Failed: [Errno 2] No such file or directory: 'git'
2026-03-07 09:02:06,277 - AUTO_PILOT - Syncing FROM GitHub (Pull)...
2026-03-07 09:02:06,282 - AUTO_PILOT - Git Pull Failed: [Errno 2] No such file or directory: 'git'
2026-03-07 09:03:06,366 - AUTO_PILOT - Syncing FROM GitHub (Pull)...
2026-03-07 09:03:06,373 - AUTO_PILOT - Git Pull Failed: [Errno 2] No such file or directory: 'git'
2026-03-07 09:04:06,464 - AUTO_PILOT - Syncing FROM GitHub (Pull)...
2026-03-07 09:04:06,472 - AUTO_PILOT - Git Pull Failed: [Errno 2] No such file or directory: 'git'
2026-03-07 09:05:06,565 - AUTO_PILOT - Syncing FROM GitHub (Pull)...
2026-03-07 09:05:06,570 - AUTO_PILOT - Git Pull Failed: [Errno 2] No such file or directory: 'git'
2026-03-07 09:06:06,659 - AUTO_PILOT - Syncing FROM GitHub (Pull)...
2026-03-07 09:06:06,666 - AUTO_PILOT - Git Pull Failed: [Errno 2] No such file or directory: 'git'
2026-03-07 09:07:06,727 - AUTO_PILOT - Syncing FROM GitHub (Pull)...
2026-03-07 09:07:06,734 - AUTO_PILOT - Git Pull Failed: [Errno 2] No such file or directory: 'git'
2026-03-07 09:08:06,821 - AUTO_PILOT - Syncing FROM GitHub (Pull)...
2026-03-07 09:08:06,827 - AUTO_PILOT - Git Pull Failed: [Errno 2] No such file or directory: 'git'
2026-03-07 09:09:06,905 - AUTO_PILOT - Syncing FROM GitHub (Pull)...
2026-03-07 09:09:06,911 - AUTO_PILOT - Git Pull Failed: [Errno 2] No such file or directory: 'git'
2026-03-07 09:10:06,985 - AUTO_PILOT - Syncing FROM GitHub (Pull)...
2026-03-07 09:10:06,987 - AUTO_PILOT - Git Pull Failed: [Errno 2] No such file or directory: 'git'
2026-03-07 09:11:07,005 - AUTO_PILOT - Syncing FROM GitHub (Pull)...
2026-03-07 09:11:07,011 - AUTO_PILOT - Git Pull Failed: [Errno 2] No such file or directory: 'git'
2026-03-07 09:12:07,100 - AUTO_PILOT - Syncing FROM GitHub (Pull)...
2026-03-07 09:12:07,107 - AUTO_PILOT - Git Pull Failed: [Errno 2] No such file or directory: 'git'
2026-03-07 09:13:07,199 - AUTO_PILOT - Syncing FROM GitHub (Pull)...
2026-03-07 09:13:07,205 - AUTO_PILOT - Git Pull Failed: [Errno 2] No such file or directory: 'git'
2026-03-07 09:14:07,294 - AUTO_PILOT - Syncing FROM GitHub (Pull)...
2026-03-07 09:14:07,299 - AUTO_PILOT - Git Pull Failed: [Errno 2] No such file or directory: 'git'
2026-03-07 09:15:07,390 - AUTO_PILOT - Syncing FROM GitHub (Pull)...
2026-03-07 09:15:07,395 - AUTO_PILOT - Git Pull Failed: [Errno 2] No such file or directory: 'git'
2026-03-07 09:16:07,484 - AUTO_PILOT - Syncing FROM GitHub (Pull)...
2026-03-07 09:16:07,486 - AUTO_PILOT - Git Pull Failed: [Errno 2] No such file or directory: 'git'
2026-03-07 09:17:07,544 - AUTO_PILOT - Syncing FROM GitHub (Pull)...
2026-03-07 09:17:07,547 - AUTO_PILOT - Git Pull Failed: [Errno 2] No such file or directory: 'git'
2026-03-07 09:18:07,613 - AUTO_PILOT - Syncing FROM GitHub (Pull)...
2026-03-07 09:18:07,620 - AUTO_PILOT - Git Pull Failed: [Errno 2] No such file or directory: 'git'
2026-03-07 09:19:07,707 - AUTO_PILOT - Syncing FROM GitHub (Pull)...
2026-03-07 09:19:07,715 - AUTO_PILOT - Git Pull Failed: [Errno 2] No such file or directory: 'git'
2026-03-07 09:20:07,800 - AUTO_PILOT - Syncing FROM GitHub (Pull)...
2026-03-07 09:20:07,807 - AUTO_PILOT - Git Pull Failed: [Errno 2] No such file or directory: 'git'
2026-03-07 09:21:07,854 - AUTO_PILOT - Syncing FROM GitHub (Pull)...
2026-03-07 09:21:07,862 - AUTO_PILOT - Git Pull Failed: [Errno 2] No such file or directory: 'git'
2026-03-07 09:22:07,951 - AUTO_PILOT - Syncing FROM GitHub (Pull)...
2026-03-07 09:22:07,955 - AUTO_PILOT - Git Pull Failed: [Errno 2] No such file or directory: 'git'
2026-03-07 09:23:08,014 - AUTO_PILOT - Syncing FROM GitHub (Pull)...
2026-03-07 09:23:08,019 - AUTO_PILOT - Git Pull Failed: [Errno 2] No such file or directory: 'git'
2026-03-07 09:24:08,109 - AUTO_PILOT - Syncing FROM GitHub (Pull)...
2026-03-07 09:24:08,115 - AUTO_PILOT - Git Pull Failed: [Errno 2] No such file or directory: 'git'
2026-03-07 09:25:08,196 - AUTO_PILOT - Syncing FROM GitHub (Pull)...
2026-03-07 09:25:08,202 - AUTO_PILOT - Git Pull Failed: [Errno 2] No such file or directory: 'git'
2026-03-07 09:26:08,291 - AUTO_PILOT - Syncing FROM GitHub (Pull)...
2026-03-07 09:26:08,296 - AUTO_PILOT - Git Pull Failed: [Errno 2] No such file or directory: 'git'
2026-03-07 09:27:08,372 - AUTO_PILOT - Syncing FROM GitHub (Pull)...
2026-03-07 09:27:08,378 - AUTO_PILOT - Git Pull Failed: [Errno 2] No such file or directory: 'git'
2026-03-07 09:28:08,467 - AUTO_PILOT - Syncing FROM GitHub (Pull)...
2026-03-07 09:28:08,474 - AUTO_PILOT - Git Pull Failed: [Errno 2] No such file or directory: 'git'
2026-03-07 09:29:08,561 - AUTO_PILOT - Syncing FROM GitHub (Pull)...
2026-03-07 09:29:08,567 - AUTO_PILOT - Git Pull Failed: [Errno 2] No such file or directory: 'git'
2026-03-07 09:30:08,656 - AUTO_PILOT - Syncing FROM GitHub (Pull)...
2026-03-07 09:30:08,661 - AUTO_PILOT - Git Pull Failed: [Errno 2] No such file or directory: 'git'
2026-03-07 09:31:08,725 - AUTO_PILOT - Syncing FROM GitHub (Pull)...
2026-03-07 09:31:08,730 - AUTO_PILOT - Git Pull Failed: [Errno 2] No such file or directory: 'git'
2026-03-07 09:32:08,819 - AUTO_PILOT - Syncing FROM GitHub (Pull)...
2026-03-07 09:32:08,824 - AUTO_PILOT - Git Pull Failed: [Errno 2] No such file or directory: 'git'
2026-03-07 09:33:08,912 - AUTO_PILOT - Syncing FROM GitHub (Pull)...
2026-03-07 09:33:08,919 - AUTO_PILOT - Git Pull Failed: [Errno 2] No such file or directory: 'git'
2026-03-07 09:34:09,002 - AUTO_PILOT - Syncing FROM GitHub (Pull)...
2026-03-07 09:34:09,010 - AUTO_PILOT - Git Pull Failed: [Errno 2] No such file or directory: 'git'
2026-03-07 09:35:09,097 - AUTO_PILOT - Syncing FROM GitHub (Pull)...
2026-03-07 09:35:09,103 - AUTO_PILOT - Git Pull Failed: [Errno 2] No such file or directory: 'git'
2026-03-07 09:36:09,191 - AUTO_PILOT - Syncing FROM GitHub (Pull)...
2026-03-07 09:36:09,197 - AUTO_PILOT - Git Pull Failed: [Errno 2] No such file or directory: 'git'
2026-03-07 09:37:09,285 - AUTO_PILOT - Syncing FROM GitHub (Pull)...
2026-03-07 09:37:09,290 - AUTO_PILOT - Git Pull Failed: [Errno 2] No such file or directory: 'git'
2026-03-07 09:38:09,377 - AUTO_PILOT - Syncing FROM GitHub (Pull)...
2026-03-07 09:38:09,382 - AUTO_PILOT - Git Pull Failed: [Errno 2] No such file or directory: 'git'
2026-03-07 09:39:09,473 - AUTO_PILOT - Syncing FROM GitHub (Pull)...
2026-03-07 09:39:09,478 - AUTO_PILOT - Git Pull Failed: [Errno 2] No such file or directory: 'git'
2026-03-07 09:40:09,569 - AUTO_PILOT - Syncing FROM GitHub (Pull)...
2026-03-07 09:40:09,575 - AUTO_PILOT - Git Pull Failed: [Errno 2] No such file or directory: 'git'
2026-03-07 09:41:09,662 - AUTO_PILOT - Syncing FROM GitHub (Pull)...
2026-03-07 09:41:09,665 - AUTO_PILOT - Git Pull Failed: [Errno 2] No such file or directory: 'git'
2026-03-07 09:42:09,732 - AUTO_PILOT - Syncing FROM GitHub (Pull)...
2026-03-07 09:42:09,738 - AUTO_PILOT - Git Pull Failed: [Errno 2] No such file or directory: 'git'
2026-03-08 00:39:34,155 - AUTO_PILOT - Auto-Pilot Started. Schedule: Daily at 12:00 AM (Midnight).
2026-03-08 00:39:34,159 - AUTO_PILOT - Next run scheduled for: 2026-03-09 00:00:00
2026-03-08 00:39:34,159 - AUTO_PILOT - Syncing FROM GitHub (Pull)...
2026-03-08 00:39:34,161 - AUTO_PILOT - Git Pull Failed: [Errno 2] No such file or directory: 'git'
2026-03-08 00:40:31,619 - AUTO_PILOT - Syncing FROM GitHub (Pull)...
2026-03-08 00:40:31,624 - AUTO_PILOT - Git Pull Failed: [Errno 2] No such file or directory: 'git'
2026-03-08 00:41:31,661 - AUTO_PILOT - Syncing FROM GitHub (Pull)...
2026-03-08 00:41:31,667 - AUTO_PILOT - Git Pull Failed: [Errno 2] No such file or directory: 'git'
2026-03-08 00:42:31,740 - AUTO_PILOT - Syncing FROM GitHub (Pull)...
2026-03-08 00:42:31,745 - AUTO_PILOT - Git Pull Failed: [Errno 2] No such file or directory: 'git'
2026-03-08 00:43:31,824 - AUTO_PILOT - Syncing FROM GitHub (Pull)...
2026-03-08 00:43:31,829 - AUTO_PILOT - Git Pull Failed: [Errno 2] No such file or directory: 'git'
2026-03-08 00:44:31,915 - AUTO_PILOT - Syncing FROM GitHub (Pull)...
2026-03-08 00:44:31,922 - AUTO_PILOT - Git Pull Failed: [Errno 2] No such file or directory: 'git'
2026-03-08 00:45:32,010 - AUTO_PILOT - Syncing FROM GitHub (Pull)...
2026-03-08 00:45:32,015 - AUTO_PILOT - Git Pull Failed: [Errno 2] No such file or directory: 'git'
2026-03-08 00:46:32,101 - AUTO_PILOT - Syncing FROM GitHub (Pull)...
2026-03-08 00:46:32,107 - AUTO_PILOT - Git Pull Failed: [Errno 2] No such file or directory: 'git'
2026-03-08 00:47:32,174 - AUTO_PILOT - Syncing FROM GitHub (Pull)...
2026-03-08 00:47:32,179 - AUTO_PILOT - Git Pull Failed: [Errno 2] No such file or directory: 'git'
2026-03-08 00:48:32,260 - AUTO_PILOT - Syncing FROM GitHub (Pull)...
2026-03-08 00:48:32,265 - AUTO_PILOT - Git Pull Failed: [Errno 2] No such file or directory: 'git'
2026-03-08 00:49:32,351 - AUTO_PILOT - Syncing FROM GitHub (Pull)...
2026-03-08 00:49:32,356 - AUTO_PILOT - Git Pull Failed: [Errno 2] No such file or directory: 'git'
2026-03-08 00:50:32,418 - AUTO_PILOT - Syncing FROM GitHub (Pull)...
2026-03-08 00:50:32,420 - AUTO_PILOT - Git Pull Failed: [Errno 2] No such file or directory: 'git'
2026-03-08 00:51:32,471 - AUTO_PILOT - Syncing FROM GitHub (Pull)...
2026-03-08 00:51:32,476 - AUTO_PILOT - Git Pull Failed: [Errno 2] No such file or directory: 'git'
2026-03-08 00:52:32,544 - AUTO_PILOT - Syncing FROM GitHub (Pull)...
2026-03-08 00:52:32,549 - AUTO_PILOT - Git Pull Failed: [Errno 2] No such file or directory: 'git'
2026-03-08 00:53:32,619 - AUTO_PILOT - Syncing FROM GitHub (Pull)...
2026-03-08 00:53:32,624 - AUTO_PILOT - Git Pull Failed: [Errno 2] No such file or directory: 'git'
2026-03-09 21:24:34,678 - AUTO_PILOT - Auto-Pilot Started. Schedule: Daily at 12:00 AM (Midnight).
2026-03-09 21:24:34,682 - AUTO_PILOT - Next run scheduled for: 2026-03-10 00:00:00
2026-03-09 21:24:34,683 - AUTO_PILOT - Syncing FROM GitHub (Pull)...
2026-03-09 21:24:34,685 - AUTO_PILOT - Git Pull Failed: [Errno 2] No such file or directory: 'git'
2026-03-09 21:25:34,747 - AUTO_PILOT - Syncing FROM GitHub (Pull)...
2026-03-09 21:25:34,749 - AUTO_PILOT - Git Pull Failed: [Errno 2] No such file or directory: 'git'
2026-03-09 21:26:34,768 - AUTO_PILOT - Syncing FROM GitHub (Pull)...
2026-03-09 21:26:34,774 - AUTO_PILOT - Git Pull Failed: [Errno 2] No such file or directory: 'git'
2026-03-09 21:27:34,851 - AUTO_PILOT - Syncing FROM GitHub (Pull)...
2026-03-09 21:27:34,853 - AUTO_PILOT - Git Pull Failed: [Errno 2] No such file or directory: 'git'
2026-03-09 21:28:34,913 - AUTO_PILOT - Syncing FROM GitHub (Pull)...
2026-03-09 21:28:34,917 - AUTO_PILOT - Git Pull Failed: [Errno 2] No such file or directory: 'git'
2026-03-09 21:29:34,990 - AUTO_PILOT - Syncing FROM GitHub (Pull)...
2026-03-09 21:29:34,994 - AUTO_PILOT - Git Pull Failed: [Errno 2] No such file or directory: 'git'
2026-03-09 21:30:35,065 - AUTO_PILOT - Syncing FROM GitHub (Pull)...
2026-03-09 21:30:35,070 - AUTO_PILOT - Git Pull Failed: [Errno 2] No such file or directory: 'git'
2026-03-09 21:31:35,204 - AUTO_PILOT - Syncing FROM GitHub (Pull)...
2026-03-09 21:31:35,209 - AUTO_PILOT - Git Pull Failed: [Errno 2] No such file or directory: 'git'
2026-03-09 21:32:35,279 - AUTO_PILOT - Syncing FROM GitHub (Pull)...
2026-03-09 21:32:35,282 - AUTO_PILOT - Git Pull Failed: [Errno 2] No such file or directory: 'git'
2026-03-09 21:33:35,309 - AUTO_PILOT - Syncing FROM GitHub (Pull)...
2026-03-09 21:33:35,319 - AUTO_PILOT - Git Pull Failed: [Errno 2] No such file or directory: 'git'
2026-03-09 21:34:35,402 - AUTO_PILOT - Syncing FROM GitHub (Pull)...
2026-03-09 21:34:35,405 - AUTO_PILOT - Git Pull Failed: [Errno 2] No such file or directory: 'git'
2026-03-09 21:35:35,475 - AUTO_PILOT - Syncing FROM GitHub (Pull)...
2026-03-09 21:35:35,478 - AUTO_PILOT - Git Pull Failed: [Errno 2] No such file or directory: 'git'
2026-03-09 21:36:35,524 - AUTO_PILOT - Syncing FROM GitHub (Pull)...
2026-03-09 21:36:35,529 - AUTO_PILOT - Git Pull Failed: [Errno 2] No such file or directory: 'git'
2026-03-09 21:37:35,618 - AUTO_PILOT - Syncing FROM GitHub (Pull)...
2026-03-09 21:37:35,625 - AUTO_PILOT - Git Pull Failed: [Errno 2] No such file or directory: 'git'
2026-03-09 21:38:35,721 - AUTO_PILOT - Syncing FROM GitHub (Pull)...
2026-03-09 21:38:35,726 - AUTO_PILOT - Git Pull Failed: [Errno 2] No such file or directory: 'git'
2026-03-09 21:39:35,805 - AUTO_PILOT - Syncing FROM GitHub (Pull)...
2026-03-09 21:39:35,811 - AUTO_PILOT - Git Pull Failed: [Errno 2] No such file or directory: 'git'
2026-03-09 21:40:35,885 - AUTO_PILOT - Syncing FROM GitHub (Pull)...
2026-03-09 21:40:35,890 - AUTO_PILOT - Git Pull Failed: [Errno 2] No such file or directory: 'git'
2026-03-09 21:41:35,981 - AUTO_PILOT - Syncing FROM GitHub (Pull)...
2026-03-09 21:41:35,984 - AUTO_PILOT - Git Pull Failed: [Errno 2] No such file or directory: 'git'
2026-03-09 21:42:36,051 - AUTO_PILOT - Syncing FROM GitHub (Pull)...
2026-03-09 21:42:36,054 - AUTO_PILOT - Git Pull Failed: [Errno 2] No such file or directory: 'git'
2026-03-09 21:43:36,111 - AUTO_PILOT - Syncing FROM GitHub (Pull)...
2026-03-09 21:43:36,114 - AUTO_PILOT - Git Pull Failed: [Errno 2] No such file or directory: 'git'
2026-03-09 21:44:36,180 - AUTO_PILOT - Syncing FROM GitHub (Pull)...
2026-03-09 21:44:36,186 - AUTO_PILOT - Git Pull Failed: [Errno 2] No such file or directory: 'git'
2026-03-09 21:45:36,271 - AUTO_PILOT - Syncing FROM GitHub (Pull)...
2026-03-09 21:45:36,278 - AUTO_PILOT - Git Pull Failed: [Errno 2] No such file or directory: 'git'
2026-03-09 21:46:36,373 - AUTO_PILOT - Syncing FROM GitHub (Pull)...
2026-03-09 21:46:36,379 - AUTO_PILOT - Git Pull Failed: [Errno 2] No such file or directory: 'git'
2026-03-09 21:47:36,467 - AUTO_PILOT - Syncing FROM GitHub (Pull)...
2026-03-09 21:47:36,473 - AUTO_PILOT - Git Pull Failed: [Errno 2] No such file or directory: 'git'
2026-03-09 21:48:36,536 - AUTO_PILOT - Syncing FROM GitHub (Pull)...
2026-03-09 21:48:36,539 - AUTO_PILOT - Git Pull Failed: [Errno 2] No such file or directory: 'git'
2026-03-09 21:49:36,609 - AUTO_PILOT - Syncing FROM GitHub (Pull)...
2026-03-09 21:49:36,615 - AUTO_PILOT - Git Pull Failed: [Errno 2] No such file or directory: 'git'
2026-03-09 21:50:36,711 - AUTO_PILOT - Syncing FROM GitHub (Pull)...
2026-03-09 21:50:36,717 - AUTO_PILOT - Git Pull Failed: [Errno 2] No such file or directory: 'git'
2026-03-09 21:51:36,805 - AUTO_PILOT - Syncing FROM GitHub (Pull)...
2026-03-09 21:51:36,810 - AUTO_PILOT - Git Pull Failed: [Errno 2] No such file or directory: 'git'
2026-03-09 21:52:36,903 - AUTO_PILOT - Syncing FROM GitHub (Pull)...
2026-03-09 21:52:36,908 - AUTO_PILOT - Git Pull Failed: [Errno 2] No such file or directory: 'git'
2026-03-09 21:53:36,991 - AUTO_PILOT - Syncing FROM GitHub (Pull)...
2026-03-09 21:53:36,994 - AUTO_PILOT - Git Pull Failed: [Errno 2] No such file or directory: 'git'
2026-03-09 21:54:37,052 - AUTO_PILOT - Syncing FROM GitHub (Pull)...
2026-03-09 21:54:37,057 - AUTO_PILOT - Git Pull Failed: [Errno 2] No such file or directory: 'git'
2026-03-09 21:55:37,142 - AUTO_PILOT - Syncing FROM GitHub (Pull)...
2026-03-09 21:55:37,145 - AUTO_PILOT - Git Pull Failed: [Errno 2] No such file or directory: 'git'
2026-03-09 21:56:37,224 - AUTO_PILOT - Syncing FROM GitHub (Pull)...
2026-03-09 21:56:37,229 - AUTO_PILOT - Git Pull Failed: [Errno 2] No such file or directory: 'git'
2026-03-09 21:57:37,304 - AUTO_PILOT - Syncing FROM GitHub (Pull)...
2026-03-09 21:57:37,309 - AUTO_PILOT - Git Pull Failed: [Errno 2] No such file or directory: 'git'
2026-03-09 21:58:37,397 - AUTO_PILOT - Syncing FROM GitHub (Pull)...
2026-03-09 21:58:37,399 - AUTO_PILOT - Git Pull Failed: [Errno 2] No such file or directory: 'git'
2026-03-09 21:59:37,467 - AUTO_PILOT - Syncing FROM GitHub (Pull)...
2026-03-09 21:59:37,475 - AUTO_PILOT - Git Pull Failed: [Errno 2] No such file or directory: 'git'
2026-03-09 22:00:37,561 - AUTO_PILOT - Syncing FROM GitHub (Pull)...
2026-03-09 22:00:37,567 - AUTO_PILOT - Git Pull Failed: [Errno 2] No such file or directory: 'git'
2026-03-09 22:01:37,656 - AUTO_PILOT - Syncing FROM GitHub (Pull)...
2026-03-09 22:01:37,661 - AUTO_PILOT - Git Pull Failed: [Errno 2] No such file or directory: 'git'
2026-03-09 22:02:37,749 - AUTO_PILOT - Syncing FROM GitHub (Pull)...
2026-03-09 22:02:37,755 - AUTO_PILOT - Git Pull Failed: [Errno 2] No such file or directory: 'git'
2026-03-09 22:03:37,846 - AUTO_PILOT - Syncing FROM GitHub (Pull)...
2026-03-09 22:03:37,851 - AUTO_PILOT - Git Pull Failed: [Errno 2] No such file or directory: 'git'
2026-03-09 22:04:37,939 - AUTO_PILOT - Syncing FROM GitHub (Pull)...
2026-03-09 22:04:37,945 - AUTO_PILOT - Git Pull Failed: [Errno 2] No such file or directory: 'git'
2026-03-09 22:05:38,036 - AUTO_PILOT - Syncing FROM GitHub (Pull)...
2026-03-09 22:05:38,041 - AUTO_PILOT - Git Pull Failed: [Errno 2] No such file or directory: 'git'
2026-03-09 22:06:38,130 - AUTO_PILOT - Syncing FROM GitHub (Pull)...
2026-03-09 22:06:38,136 - AUTO_PILOT - Git Pull Failed: [Errno 2] No such file or directory: 'git'
2026-03-09 22:07:38,226 - AUTO_PILOT - Syncing FROM GitHub (Pull)...
2026-03-09 22:07:38,232 - AUTO_PILOT - Git Pull Failed: [Errno 2] No such file or directory: 'git'
2026-03-09 22:08:38,321 - AUTO_PILOT - Syncing FROM GitHub (Pull)...
2026-03-09 22:08:38,325 - AUTO_PILOT - Git Pull Failed: [Errno 2] No such file or directory: 'git'
2026-03-09 22:09:38,384 - AUTO_PILOT - Syncing FROM GitHub (Pull)...
2026-03-09 22:09:38,389 - AUTO_PILOT - Git Pull Failed: [Errno 2] No such file or directory: 'git'
2026-03-09 22:10:38,454 - AUTO_PILOT - Syncing FROM GitHub (Pull)...
2026-03-09 22:10:38,460 - AUTO_PILOT - Git Pull Failed: [Errno 2] No such file or directory: 'git'
2026-03-09 22:11:38,549 - AUTO_PILOT - Syncing FROM GitHub (Pull)...
2026-03-09 22:11:38,554 - AUTO_PILOT - Git Pull Failed: [Errno 2] No such file or directory: 'git'
2026-03-09 22:12:38,645 - AUTO_PILOT - Syncing FROM GitHub (Pull)...
2026-03-09 22:12:38,650 - AUTO_PILOT - Git Pull Failed: [Errno 2] No such file or directory: 'git'
2026-03-09 22:13:38,741 - AUTO_PILOT - Syncing FROM GitHub (Pull)...
2026-03-09 22:13:38,746 - AUTO_PILOT - Git Pull Failed: [Errno 2] No such file or directory: 'git'
2026-03-09 22:14:38,834 - AUTO_PILOT - Syncing FROM GitHub (Pull)...
2026-03-09 22:14:38,840 - AUTO_PILOT - Git Pull Failed: [Errno 2] No such file or directory: 'git'
2026-03-09 22:15:38,927 - AUTO_PILOT - Syncing FROM GitHub (Pull)...
2026-03-09 22:15:38,933 - AUTO_PILOT - Git Pull Failed: [Errno 2] No such file or directory: 'git'
2026-03-09 22:16:39,024 - AUTO_PILOT - Syncing FROM GitHub (Pull)...
2026-03-09 22:16:39,031 - AUTO_PILOT - Git Pull Failed: [Errno 2] No such file or directory: 'git'
2026-03-09 22:17:39,121 - AUTO_PILOT - Syncing FROM GitHub (Pull)...
2026-03-09 22:17:39,127 - AUTO_PILOT - Git Pull Failed: [Errno 2] No such file or directory: 'git'
2026-03-09 22:18:39,200 - AUTO_PILOT - Syncing FROM GitHub (Pull)...
2026-03-09 22:18:39,205 - AUTO_PILOT - Git Pull Failed: [Errno 2] No such file or directory: 'git'
2026-03-09 22:19:39,272 - AUTO_PILOT - Syncing FROM GitHub (Pull)...
2026-03-09 22:19:39,277 - AUTO_PILOT - Git Pull Failed: [Errno 2] No such file or directory: 'git'
2026-03-09 22:20:39,366 - AUTO_PILOT - Syncing FROM GitHub (Pull)...
2026-03-09 22:20:39,370 - AUTO_PILOT - Git Pull Failed: [Errno 2] No such file or directory: 'git'
2026-03-09 22:21:39,430 - AUTO_PILOT - Syncing FROM GitHub (Pull)...
2026-03-09 22:21:39,435 - AUTO_PILOT - Git Pull Failed: [Errno 2] No such file or directory: 'git'
2026-03-09 22:22:39,501 - AUTO_PILOT - Syncing FROM GitHub (Pull)...
2026-03-09 22:22:39,507 - AUTO_PILOT - Git Pull Failed: [Errno 2] No such file or directory: 'git'
2026-03-09 22:23:39,586 - AUTO_PILOT - Syncing FROM GitHub (Pull)...
2026-03-09 22:23:39,589 - AUTO_PILOT - Git Pull Failed: [Errno 2] No such file or directory: 'git'
2026-03-09 22:24:39,662 - AUTO_PILOT - Syncing FROM GitHub (Pull)...
2026-03-09 22:24:39,668 - AUTO_PILOT - Git Pull Failed: [Errno 2] No such file or directory: 'git'
2026-03-09 22:25:39,720 - AUTO_PILOT - Syncing FROM GitHub (Pull)...
2026-03-09 22:25:39,725 - AUTO_PILOT - Git Pull Failed: [Errno 2] No such file or directory: 'git'
2026-03-09 22:26:39,810 - AUTO_PILOT - Syncing FROM GitHub (Pull)...
2026-03-09 22:26:39,816 - AUTO_PILOT - Git Pull Failed: [Errno 2] No such file or directory: 'git'
2026-03-09 22:27:39,906 - AUTO_PILOT - Syncing FROM GitHub (Pull)...
2026-03-09 22:27:39,909 - AUTO_PILOT - Git Pull Failed: [Errno 2] No such file or directory: 'git'
2026-03-09 22:28:39,979 - AUTO_PILOT - Syncing FROM GitHub (Pull)...
2026-03-09 22:28:39,982 - AUTO_PILOT - Git Pull Failed: [Errno 2] No such file or directory: 'git'
2026-03-09 22:29:40,054 - AUTO_PILOT - Syncing FROM GitHub (Pull)...
2026-03-09 22:29:40,060 - AUTO_PILOT - Git Pull Failed: [Errno 2] No such file or directory: 'git'
2026-03-09 22:30:40,152 - AUTO_PILOT - Syncing FROM GitHub (Pull)...
2026-03-09 22:30:40,158 - AUTO_PILOT - Git Pull Failed: [Errno 2] No such file or directory: 'git'
2026-03-09 22:31:40,229 - AUTO_PILOT - Syncing FROM GitHub (Pull)...
2026-03-09 22:31:40,235 - AUTO_PILOT - Git Pull Failed: [Errno 2] No such file or directory: 'git'
2026-03-09 22:32:40,326 - AUTO_PILOT - Syncing FROM GitHub (Pull)...
2026-03-09 22:32:40,333 - AUTO_PILOT - Git Pull Failed: [Errno 2] No such file or directory: 'git'
2026-03-09 22:33:40,423 - AUTO_PILOT - Syncing FROM GitHub (Pull)...
2026-03-09 22:33:40,429 - AUTO_PILOT - Git Pull Failed: [Errno 2] No such file or directory: 'git'
2026-03-09 22:34:40,518 - AUTO_PILOT - Syncing FROM GitHub (Pull)...
2026-03-09 22:34:40,523 - AUTO_PILOT - Git Pull Failed: [Errno 2] No such file or directory: 'git'
2026-03-09 22:35:40,601 - AUTO_PILOT - Syncing FROM GitHub (Pull)...
2026-03-09 22:35:40,606 - AUTO_PILOT - Git Pull Failed: [Errno 2] No such file or directory: 'git'
2026-03-09 22:36:40,697 - AUTO_PILOT - Syncing FROM GitHub (Pull)...
2026-03-09 22:36:40,703 - AUTO_PILOT - Git Pull Failed: [Errno 2] No such file or directory: 'git'
2026-03-09 22:37:40,755 - AUTO_PILOT - Syncing FROM GitHub (Pull)...
2026-03-09 22:37:40,760 - AUTO_PILOT - Git Pull Failed: [Errno 2] No such file or directory: 'git'
2026-03-09 22:38:40,852 - AUTO_PILOT - Syncing FROM GitHub (Pull)...
2026-03-09 22:38:40,857 - AUTO_PILOT - Git Pull Failed: [Errno 2] No such file or directory: 'git'
2026-03-09 22:39:40,948 - AUTO_PILOT - Syncing FROM GitHub (Pull)...
2026-03-09 22:39:40,953 - AUTO_PILOT - Git Pull Failed: [Errno 2] No such file or directory: 'git'
2026-03-09 22:40:41,044 - AUTO_PILOT - Syncing FROM GitHub (Pull)...
2026-03-09 22:40:41,049 - AUTO_PILOT - Git Pull Failed: [Errno 2] No such file or directory: 'git'
2026-03-09 22:41:41,065 - AUTO_PILOT - Syncing FROM GitHub (Pull)...
2026-03-09 22:41:41,070 - AUTO_PILOT - Git Pull Failed: [Errno 2] No such file or directory: 'git'
2026-03-09 22:42:41,156 - AUTO_PILOT - Syncing FROM GitHub (Pull)...
2026-03-09 22:42:41,161 - AUTO_PILOT - Git Pull Failed: [Errno 2] No such file or directory: 'git'
2026-03-09 22:43:41,202 - AUTO_PILOT - Syncing FROM GitHub (Pull)...
2026-03-09 22:43:41,207 - AUTO_PILOT - Git Pull Failed: [Errno 2] No such file or directory: 'git'
2026-03-09 22:44:41,293 - AUTO_PILOT - Syncing FROM GitHub (Pull)...
2026-03-09 22:44:41,300 - AUTO_PILOT - Git Pull Failed: [Errno 2] No such file or directory: 'git'
2026-03-09 22:45:41,373 - AUTO_PILOT - Syncing FROM GitHub (Pull)...
2026-03-09 22:45:41,378 - AUTO_PILOT - Git Pull Failed: [Errno 2] No such file or directory: 'git'
2026-03-09 22:46:41,408 - AUTO_PILOT - Syncing FROM GitHub (Pull)...
2026-03-09 22:46:41,413 - AUTO_PILOT - Git Pull Failed: [Errno 2] No such file or directory: 'git'
2026-03-09 22:47:41,497 - AUTO_PILOT - Syncing FROM GitHub (Pull)...
2026-03-09 22:47:41,501 - AUTO_PILOT - Git Pull Failed: [Errno 2] No such file or directory: 'git'
2026-03-09 22:48:41,582 - AUTO_PILOT - Syncing FROM GitHub (Pull)...
2026-03-09 22:48:41,585 - AUTO_PILOT - Git Pull Failed: [Errno 2] No such file or directory: 'git'
2026-03-09 22:49:41,618 - AUTO_PILOT - Syncing FROM GitHub (Pull)...
2026-03-09 22:49:41,623 - AUTO_PILOT - Git Pull Failed: [Errno 2] No such file or directory: 'git'
2026-03-09 22:50:41,709 - AUTO_PILOT - Syncing FROM GitHub (Pull)...
2026-03-09 22:50:41,714 - AUTO_PILOT - Git Pull Failed: [Errno 2] No such file or directory: 'git'
2026-03-09 22:51:41,761 - AUTO_PILOT - Syncing FROM GitHub (Pull)...
2026-03-09 22:51:41,765 - AUTO_PILOT - Git Pull Failed: [Errno 2] No such file or directory: 'git'
2026-03-09 22:52:41,851 - AUTO_PILOT - Syncing FROM GitHub (Pull)...
2026-03-09 22:52:41,857 - AUTO_PILOT - Git Pull Failed: [Errno 2] No such file or directory: 'git'
2026-03-09 22:53:41,944 - AUTO_PILOT - Syncing FROM GitHub (Pull)...
2026-03-09 22:53:41,949 - AUTO_PILOT - Git Pull Failed: [Errno 2] No such file or directory: 'git'
2026-03-09 22:54:42,033 - AUTO_PILOT - Syncing FROM GitHub (Pull)...
2026-03-09 22:54:42,039 - AUTO_PILOT - Git Pull Failed: [Errno 2] No such file or directory: 'git'
2026-03-09 22:55:42,125 - AUTO_PILOT - Syncing FROM GitHub (Pull)...
2026-03-09 22:55:42,130 - AUTO_PILOT - Git Pull Failed: [Errno 2] No such file or directory: 'git'
2026-03-09 22:56:42,204 - AUTO_PILOT - Syncing FROM GitHub (Pull)...
2026-03-09 22:56:42,211 - AUTO_PILOT - Git Pull Failed: [Errno 2] No such file or directory: 'git'
2026-03-09 22:57:42,296 - AUTO_PILOT - Syncing FROM GitHub (Pull)...
2026-03-09 22:57:42,302 - AUTO_PILOT - Git Pull Failed: [Errno 2] No such file or directory: 'git'
2026-03-09 22:58:42,358 - AUTO_PILOT - Syncing FROM GitHub (Pull)...
2026-03-09 22:58:42,363 - AUTO_PILOT - Git Pull Failed: [Errno 2] No such file or directory: 'git'
2026-03-09 22:59:42,449 - AUTO_PILOT - Syncing FROM GitHub (Pull)...
2026-03-09 22:59:42,456 - AUTO_PILOT - Git Pull Failed: [Errno 2] No such file or directory: 'git'
2026-03-09 23:00:42,542 - AUTO_PILOT - Syncing FROM GitHub (Pull)...
2026-03-09 23:00:42,549 - AUTO_PILOT - Git Pull Failed: [Errno 2] No such file or directory: 'git'
2026-03-09 23:01:42,636 - AUTO_PILOT - Syncing FROM GitHub (Pull)...
2026-03-09 23:01:42,642 - AUTO_PILOT - Git Pull Failed: [Errno 2] No such file or directory: 'git'
2026-03-09 23:02:42,728 - AUTO_PILOT - Syncing FROM GitHub (Pull)...
2026-03-09 23:02:42,734 - AUTO_PILOT - Git Pull Failed: [Errno 2] No such file or directory: 'git'
2026-03-09 23:03:42,814 - AUTO_PILOT - Syncing FROM GitHub (Pull)...
2026-03-09 23:03:42,817 - AUTO_PILOT - Git Pull Failed: [Errno 2] No such file or directory: 'git'
2026-03-09 23:04:42,882 - AUTO_PILOT - Syncing FROM GitHub (Pull)...
2026-03-09 23:04:42,887 - AUTO_PILOT - Git Pull Failed: [Errno 2] No such file or directory: 'git'
2026-03-09 23:05:42,955 - AUTO_PILOT - Syncing FROM GitHub (Pull)...
2026-03-09 23:05:42,958 - AUTO_PILOT - Git Pull Failed: [Errno 2] No such file or directory: 'git'
2026-03-09 23:06:43,031 - AUTO_PILOT - Syncing FROM GitHub (Pull)...
2026-03-09 23:06:43,035 - AUTO_PILOT - Git Pull Failed: [Errno 2] No such file or directory: 'git'
2026-03-09 23:07:43,105 - AUTO_PILOT - Syncing FROM GitHub (Pull)...
2026-03-09 23:07:43,108 - AUTO_PILOT - Git Pull Failed: [Errno 2] No such file or directory: 'git'
2026-03-09 23:08:43,145 - AUTO_PILOT - Syncing FROM GitHub (Pull)...
2026-03-09 23:08:43,148 - AUTO_PILOT - Git Pull Failed: [Errno 2] No such file or directory: 'git'
2026-03-09 23:09:43,206 - AUTO_PILOT - Syncing FROM GitHub (Pull)...
2026-03-09 23:09:43,207 - AUTO_PILOT - Git Pull Failed: [Errno 2] No such file or directory: 'git'
2026-03-09 23:10:43,252 - AUTO_PILOT - Syncing FROM GitHub (Pull)...
2026-03-09 23:10:43,253 - AUTO_PILOT - Git Pull Failed: [Errno 2] No such file or directory: 'git'
2026-03-09 23:11:43,314 - AUTO_PILOT - Syncing FROM GitHub (Pull)...
2026-03-09 23:11:43,316 - AUTO_PILOT - Git Pull Failed: [Errno 2] No such file or directory: 'git'
2026-03-09 23:12:43,371 - AUTO_PILOT - Syncing FROM GitHub (Pull)...
2026-03-09 23:12:43,372 - AUTO_PILOT - Git Pull Failed: [Errno 2] No such file or directory: 'git'
2026-03-09 23:13:43,436 - AUTO_PILOT - Syncing FROM GitHub (Pull)...
2026-03-09 23:13:43,439 - AUTO_PILOT - Git Pull Failed: [Errno 2] No such file or directory: 'git'
2026-03-09 23:14:43,497 - AUTO_PILOT - Syncing FROM GitHub (Pull)...
2026-03-09 23:14:43,499 - AUTO_PILOT - Git Pull Failed: [Errno 2] No such file or directory: 'git'
2026-03-09 23:15:43,500 - AUTO_PILOT - Syncing FROM GitHub (Pull)...
2026-03-09 23:15:43,503 - AUTO_PILOT - Git Pull Failed: [Errno 2] No such file or directory: 'git'
2026-03-09 23:16:43,570 - AUTO_PILOT - Syncing FROM GitHub (Pull)...
2026-03-09 23:16:43,574 - AUTO_PILOT - Git Pull Failed: [Errno 2] No such file or directory: 'git'
2026-03-09 23:17:43,579 - AUTO_PILOT - Syncing FROM GitHub (Pull)...
2026-03-09 23:17:43,582 - AUTO_PILOT - Git Pull Failed: [Errno 2] No such file or directory: 'git'
2026-03-09 23:18:43,614 - AUTO_PILOT - Syncing FROM GitHub (Pull)...
2026-03-09 23:18:43,617 - AUTO_PILOT - Git Pull Failed: [Errno 2] No such file or directory: 'git'
2026-03-09 23:19:43,682 - AUTO_PILOT - Syncing FROM GitHub (Pull)...
2026-03-09 23:19:43,686 - AUTO_PILOT - Git Pull Failed: [Errno 2] No such file or directory: 'git'
2026-03-09 23:20:43,733 - AUTO_PILOT - Syncing FROM GitHub (Pull)...
2026-03-09 23:20:43,735 - AUTO_PILOT - Git Pull Failed: [Errno 2] No such file or directory: 'git'
2026-03-09 23:21:43,797 - AUTO_PILOT - Syncing FROM GitHub (Pull)...
2026-03-09 23:21:43,799 - AUTO_PILOT - Git Pull Failed: [Errno 2] No such file or directory: 'git'
2026-03-09 23:22:43,859 - AUTO_PILOT - Syncing FROM GitHub (Pull)...
2026-03-09 23:22:43,860 - AUTO_PILOT - Git Pull Failed: [Errno 2] No such file or directory: 'git'
2026-03-09 23:23:43,860 - AUTO_PILOT - Syncing FROM GitHub (Pull)...
2026-03-09 23:23:43,863 - AUTO_PILOT - Git Pull Failed: [Errno 2] No such file or directory: 'git'
2026-03-09 23:24:43,890 - AUTO_PILOT - Syncing FROM GitHub (Pull)...
2026-03-09 23:24:43,893 - AUTO_PILOT - Git Pull Failed: [Errno 2] No such file or directory: 'git'
2026-03-09 23:25:43,926 - AUTO_PILOT - Syncing FROM GitHub (Pull)...
2026-03-09 23:25:43,929 - AUTO_PILOT - Git Pull Failed: [Errno 2] No such file or directory: 'git'
2026-03-09 23:26:43,990 - AUTO_PILOT - Syncing FROM GitHub (Pull)...
2026-03-09 23:26:43,991 - AUTO_PILOT - Git Pull Failed: [Errno 2] No such file or directory: 'git'
2026-03-09 23:27:44,049 - AUTO_PILOT - Syncing FROM GitHub (Pull)...
2026-03-09 23:27:44,050 - AUTO_PILOT - Git Pull Failed: [Errno 2] No such file or directory: 'git'
2026-03-09 23:28:44,068 - AUTO_PILOT - Syncing FROM GitHub (Pull)...
2026-03-09 23:28:44,070 - AUTO_PILOT - Git Pull Failed: [Errno 2] No such file or directory: 'git'
2026-03-09 23:29:44,084 - AUTO_PILOT - Syncing FROM GitHub (Pull)...
2026-03-09 23:29:44,089 - AUTO_PILOT - Git Pull Failed: [Errno 2] No such file or directory: 'git'
2026-03-09 23:30:44,165 - AUTO_PILOT - Syncing FROM GitHub (Pull)...
2026-03-09 23:30:44,169 - AUTO_PILOT - Git Pull Failed: [Errno 2] No such file or directory: 'git'
2026-03-09 23:31:44,239 - AUTO_PILOT - Syncing FROM GitHub (Pull)...
2026-03-09 23:31:44,241 - AUTO_PILOT - Git Pull Failed: [Errno 2] No such file or directory: 'git'
2026-03-09 23:32:44,244 - AUTO_PILOT - Syncing FROM GitHub (Pull)...
2026-03-09 23:32:44,247 - AUTO_PILOT - Git Pull Failed: [Errno 2] No such file or directory: 'git'
2026-03-09 23:33:44,310 - AUTO_PILOT - Syncing FROM GitHub (Pull)...
2026-03-09 23:33:44,312 - AUTO_PILOT - Git Pull Failed: [Errno 2] No such file or directory: 'git'
2026-03-09 23:34:44,378 - AUTO_PILOT - Syncing FROM GitHub (Pull)...
2026-03-09 23:34:44,380 - AUTO_PILOT - Git Pull Failed: [Errno 2] No such file or directory: 'git'
2026-03-09 23:35:44,408 - AUTO_PILOT - Syncing FROM GitHub (Pull)...
2026-03-09 23:35:44,411 - AUTO_PILOT - Git Pull Failed: [Errno 2] No such file or directory: 'git'
2026-03-09 23:36:44,477 - AUTO_PILOT - Syncing FROM GitHub (Pull)...
2026-03-09 23:36:44,481 - AUTO_PILOT - Git Pull Failed: [Errno 2] No such file or directory: 'git'
2026-03-09 23:37:44,547 - AUTO_PILOT - Syncing FROM GitHub (Pull)...
2026-03-09 23:37:44,549 - AUTO_PILOT - Git Pull Failed: [Errno 2] No such file or directory: 'git'
2026-03-09 23:38:44,558 - AUTO_PILOT - Syncing FROM GitHub (Pull)...
2026-03-09 23:38:44,560 - AUTO_PILOT - Git Pull Failed: [Errno 2] No such file or directory: 'git'
2026-03-09 23:39:44,625 - AUTO_PILOT - Syncing FROM GitHub (Pull)...
2026-03-09 23:39:44,628 - AUTO_PILOT - Git Pull Failed: [Errno 2] No such file or directory: 'git'
2026-03-09 23:40:44,691 - AUTO_PILOT - Syncing FROM GitHub (Pull)...
2026-03-09 23:40:44,692 - AUTO_PILOT - Git Pull Failed: [Errno 2] No such file or directory: 'git'
2026-03-09 23:41:44,762 - AUTO_PILOT - Syncing FROM GitHub (Pull)...
2026-03-09 23:41:44,765 - AUTO_PILOT - Git Pull Failed: [Errno 2] No such file or directory: 'git'
2026-03-09 23:42:44,829 - AUTO_PILOT - Syncing FROM GitHub (Pull)...
2026-03-09 23:42:44,831 - AUTO_PILOT - Git Pull Failed: [Errno 2] No such file or directory: 'git'
2026-03-09 23:43:44,897 - AUTO_PILOT - Syncing FROM GitHub (Pull)...
2026-03-09 23:43:44,900 - AUTO_PILOT - Git Pull Failed: [Errno 2] No such file or directory: 'git'
2026-03-09 23:44:44,971 - AUTO_PILOT - Syncing FROM GitHub (Pull)...
2026-03-09 23:44:44,975 - AUTO_PILOT - Git Pull Failed: [Errno 2] No such file or directory: 'git'
2026-03-09 23:45:45,052 - AUTO_PILOT - Syncing FROM GitHub (Pull)...
2026-03-09 23:45:45,058 - AUTO_PILOT - Git Pull Failed: [Errno 2] No such file or directory: 'git'
2026-03-09 23:46:45,149 - AUTO_PILOT - Syncing FROM GitHub (Pull)...
2026-03-09 23:46:45,153 - AUTO_PILOT - Git Pull Failed: [Errno 2] No such file or directory: 'git'
2026-03-09 23:47:45,197 - AUTO_PILOT - Syncing FROM GitHub (Pull)...
2026-03-09 23:47:45,201 - AUTO_PILOT - Git Pull Failed: [Errno 2] No such file or directory: 'git'
2026-03-09 23:48:45,291 - AUTO_PILOT - Syncing FROM GitHub (Pull)...
2026-03-09 23:48:45,297 - AUTO_PILOT - Git Pull Failed: [Errno 2] No such file or directory: 'git'
2026-03-09 23:49:45,388 - AUTO_PILOT - Syncing FROM GitHub (Pull)...
2026-03-09 23:49:45,393 - AUTO_PILOT - Git Pull Failed: [Errno 2] No such file or directory: 'git'
2026-03-09 23:50:45,427 - AUTO_PILOT - Syncing FROM GitHub (Pull)...
2026-03-09 23:50:45,432 - AUTO_PILOT - Git Pull Failed: [Errno 2] No such file or directory: 'git'
2026-03-09 23:51:45,520 - AUTO_PILOT - Syncing FROM GitHub (Pull)...
2026-03-09 23:51:45,525 - AUTO_PILOT - Git Pull Failed: [Errno 2] No such file or directory: 'git'
2026-03-09 23:52:45,591 - AUTO_PILOT - Syncing FROM GitHub (Pull)...
2026-03-09 23:52:45,596 - AUTO_PILOT - Git Pull Failed: [Errno 2] No such file or directory: 'git'
2026-03-09 23:53:45,687 - AUTO_PILOT - Syncing FROM GitHub (Pull)...
2026-03-09 23:53:45,692 - AUTO_PILOT - Git Pull Failed: [Errno 2] No such file or directory: 'git'
2026-03-09 23:54:45,784 - AUTO_PILOT - Syncing FROM GitHub (Pull)...
2026-03-09 23:54:45,789 - AUTO_PILOT - Git Pull Failed: [Errno 2] No such file or directory: 'git'
2026-03-09 23:55:45,880 - AUTO_PILOT - Syncing FROM GitHub (Pull)...
2026-03-09 23:55:45,885 - AUTO_PILOT - Git Pull Failed: [Errno 2] No such file or directory: 'git'
2026-03-09 23:56:45,976 - AUTO_PILOT - Syncing FROM GitHub (Pull)...
2026-03-09 23:56:45,982 - AUTO_PILOT - Git Pull Failed: [Errno 2] No such file or directory: 'git'
2026-03-09 23:57:46,052 - AUTO_PILOT - Syncing FROM GitHub (Pull)...
2026-03-09 23:57:46,054 - AUTO_PILOT - Git Pull Failed: [Errno 2] No such file or directory: 'git'
2026-03-09 23:58:46,119 - AUTO_PILOT - Syncing FROM GitHub (Pull)...
2026-03-09 23:58:46,121 - AUTO_PILOT - Git Pull Failed: [Errno 2] No such file or directory: 'git'
2026-03-09 23:59:46,186 - AUTO_PILOT - Syncing FROM GitHub (Pull)...
2026-03-09 23:59:46,190 - AUTO_PILOT - Git Pull Failed: [Errno 2] No such file or directory: 'git'
2026-03-10 00:00:46,253 - AUTO_PILOT - Syncing FROM GitHub (Pull)...
2026-03-10 00:00:46,256 - AUTO_PILOT - Git Pull Failed: [Errno 2] No such file or directory: 'git'
2026-03-10 00:00:46,258 - AUTO_PILOT - Midnight Triggered! Starting new day...
2026-03-10 00:00:46,276 - AUTO_PILOT - State reset for 2026-03-10. Pipeline should pick this up shortly.
2026-03-10 00:00:46,285 - AUTO_PILOT - Triggering FETCH...
2026-03-10 00:00:46,286 - AUTO_PILOT - Starting process: ['/usr/local/bin/python', '/app/stock_ticker/main.py', '--fetch-only']
2026-03-10 00:02:46,348 - AUTO_PILOT - Syncing FROM GitHub (Pull)...
2026-03-10 00:02:46,350 - AUTO_PILOT - Git Pull Failed: [Errno 2] No such file or directory: 'git'
2026-03-10 00:02:46,364 - AUTO_PILOT - Triggering MODEL...
2026-03-10 00:02:46,365 - AUTO_PILOT - Starting process: ['/usr/local/bin/python', '/app/stock_ticker/main.py', '--analyze-only']
2026-03-10 00:04:46,451 - AUTO_PILOT - Syncing FROM GitHub (Pull)...
2026-03-10 00:04:46,457 - AUTO_PILOT - Git Pull Failed: [Errno 2] No such file or directory: 'git'
2026-03-10 00:04:46,489 - AUTO_PILOT - Triggering BIG BETS...
2026-03-10 00:04:46,490 - AUTO_PILOT - Starting Big Bets Analysis...
2026-03-10 00:04:46,916 - AUTO_PILOT - Big Bets Results Saved to /app/stock_ticker/data/big_bets_results.csv
2026-03-10 00:04:46,925 - AUTO_PILOT - Git Auto-Sync failed: [Errno 2] No such file or directory: 'git'
2026-03-10 00:04:46,925 - AUTO_PILOT - Pushed All Data results to GitHub.
2026-03-10 00:06:47,031 - AUTO_PILOT - Syncing FROM GitHub (Pull)...
2026-03-10 00:06:47,037 - AUTO_PILOT - Git Pull Failed: [Errno 2] No such file or directory: 'git'
2026-03-10 00:07:47,126 - AUTO_PILOT - Syncing FROM GitHub (Pull)...
2026-03-10 00:07:47,133 - AUTO_PILOT - Git Pull Failed: [Errno 2] No such file or directory: 'git'
2026-03-10 00:08:47,197 - AUTO_PILOT - Syncing FROM GitHub (Pull)...
2026-03-10 00:08:47,202 - AUTO_PILOT - Git Pull Failed: [Errno 2] No such file or directory: 'git'
2026-03-10 00:09:47,248 - AUTO_PILOT - Syncing FROM GitHub (Pull)...
2026-03-10 00:09:47,250 - AUTO_PILOT - Git Pull Failed: [Errno 2] No such file or directory: 'git'
2026-03-10 00:10:47,315 - AUTO_PILOT - Syncing FROM GitHub (Pull)...
2026-03-10 00:10:47,320 - AUTO_PILOT - Git Pull Failed: [Errno 2] No such file or directory: 'git'
2026-03-10 00:11:47,418 - AUTO_PILOT - Syncing FROM GitHub (Pull)...
2026-03-10 00:11:47,420 - AUTO_PILOT - Git Pull Failed: [Errno 2] No such file or directory: 'git'
2026-03-10 00:12:47,451 - AUTO_PILOT - Syncing FROM GitHub (Pull)...
2026-03-10 00:12:47,455 - AUTO_PILOT - Git Pull Failed: [Errno 2] No such file or directory: 'git'
2026-03-10 00:13:47,532 - AUTO_PILOT - Syncing FROM GitHub (Pull)...
2026-03-10 00:13:47,537 - AUTO_PILOT - Git Pull Failed: [Errno 2] No such file or directory: 'git'
2026-03-10 00:14:47,628 - AUTO_PILOT - Syncing FROM GitHub (Pull)...
2026-03-10 00:14:47,633 - AUTO_PILOT - Git Pull Failed: [Errno 2] No such file or directory: 'git'
2026-03-10 00:15:47,722 - AUTO_PILOT - Syncing FROM GitHub (Pull)...
2026-03-10 00:15:47,729 - AUTO_PILOT - Git Pull Failed: [Errno 2] No such file or directory: 'git'
2026-03-10 00:16:47,817 - AUTO_PILOT - Syncing FROM GitHub (Pull)...
2026-03-10 00:16:47,824 - AUTO_PILOT - Git Pull Failed: [Errno 2] No such file or directory: 'git'
2026-03-10 00:17:47,887 - AUTO_PILOT - Syncing FROM GitHub (Pull)...
2026-03-10 00:17:47,893 - AUTO_PILOT - Git Pull Failed: [Errno 2] No such file or directory: 'git'
2026-03-10 00:18:47,983 - AUTO_PILOT - Syncing FROM GitHub (Pull)...
2026-03-10 00:18:47,989 - AUTO_PILOT - Git Pull Failed: [Errno 2] No such file or directory: 'git'
2026-03-10 00:19:48,076 - AUTO_PILOT - Syncing FROM GitHub (Pull)...
2026-03-10 00:19:48,081 - AUTO_PILOT - Git Pull Failed: [Errno 2] No such file or directory: 'git'
2026-03-10 00:20:48,169 - AUTO_PILOT - Syncing FROM GitHub (Pull)...
2026-03-10 00:20:48,173 - AUTO_PILOT - Git Pull Failed: [Errno 2] No such file or directory: 'git'
2026-03-10 00:21:48,263 - AUTO_PILOT - Syncing FROM GitHub (Pull)...
2026-03-10 00:21:48,268 - AUTO_PILOT - Git Pull Failed: [Errno 2] No such file or directory: 'git'
2026-03-10 00:22:48,357 - AUTO_PILOT - Syncing FROM GitHub (Pull)...
2026-03-10 00:22:48,362 - AUTO_PILOT - Git Pull Failed: [Errno 2] No such file or directory: 'git'
2026-03-10 00:23:48,414 - AUTO_PILOT - Syncing FROM GitHub (Pull)...
2026-03-10 00:23:48,419 - AUTO_PILOT - Git Pull Failed: [Errno 2] No such file or directory: 'git'
2026-03-10 00:24:48,507 - AUTO_PILOT - Syncing FROM GitHub (Pull)...
2026-03-10 00:24:48,509 - AUTO_PILOT - Git Pull Failed: [Errno 2] No such file or directory: 'git'
2026-03-10 00:25:48,575 - AUTO_PILOT - Syncing FROM GitHub (Pull)...
2026-03-10 00:25:48,578 - AUTO_PILOT - Git Pull Failed: [Errno 2] No such file or directory: 'git'
2026-03-10 00:26:48,649 - AUTO_PILOT - Syncing FROM GitHub (Pull)...
2026-03-10 00:26:48,655 - AUTO_PILOT - Git Pull Failed: [Errno 2] No such file or directory: 'git'
2026-03-10 00:27:48,743 - AUTO_PILOT - Syncing FROM GitHub (Pull)...
2026-03-10 00:27:48,748 - AUTO_PILOT - Git Pull Failed: [Errno 2] No such file or directory: 'git'
2026-03-10 00:28:48,838 - AUTO_PILOT - Syncing FROM GitHub (Pull)...
2026-03-10 00:28:48,841 - AUTO_PILOT - Git Pull Failed: [Errno 2] No such file or directory: 'git'
2026-03-10 00:29:48,912 - AUTO_PILOT - Syncing FROM GitHub (Pull)...
2026-03-10 00:29:48,919 - AUTO_PILOT - Git Pull Failed: [Errno 2] No such file or directory: 'git'
2026-03-10 00:30:49,007 - AUTO_PILOT - Syncing FROM GitHub (Pull)...
2026-03-10 00:30:49,013 - AUTO_PILOT - Git Pull Failed: [Errno 2] No such file or directory: 'git'
2026-03-10 00:31:49,105 - AUTO_PILOT - Syncing FROM GitHub (Pull)...
2026-03-10 00:31:49,111 - AUTO_PILOT - Git Pull Failed: [Errno 2] No such file or directory: 'git'
2026-03-10 00:32:49,201 - AUTO_PILOT - Syncing FROM GitHub (Pull)...
2026-03-10 00:32:49,207 - AUTO_PILOT - Git Pull Failed: [Errno 2] No such file or directory: 'git'
2026-03-10 00:33:49,298 - AUTO_PILOT - Syncing FROM GitHub (Pull)...
2026-03-10 00:33:49,303 - AUTO_PILOT - Git Pull Failed: [Errno 2] No such file or directory: 'git'
2026-03-10 00:34:49,353 - AUTO_PILOT - Syncing FROM GitHub (Pull)...
2026-03-10 00:34:49,359 - AUTO_PILOT - Git Pull Failed: [Errno 2] No such file or directory: 'git'
2026-03-10 00:35:49,432 - AUTO_PILOT - Syncing FROM GitHub (Pull)...
2026-03-10 00:35:49,439 - AUTO_PILOT - Git Pull Failed: [Errno 2] No such file or directory: 'git'
2026-03-10 00:36:49,511 - AUTO_PILOT - Syncing FROM GitHub (Pull)...
2026-03-10 00:36:49,513 - AUTO_PILOT - Git Pull Failed: [Errno 2] No such file or directory: 'git'
2026-03-10 00:37:49,576 - AUTO_PILOT - Syncing FROM GitHub (Pull)...
2026-03-10 00:37:49,578 - AUTO_PILOT - Git Pull Failed: [Errno 2] No such file or directory: 'git'
2026-03-10 00:38:49,615 - AUTO_PILOT - Syncing FROM GitHub (Pull)...
2026-03-10 00:38:49,620 - AUTO_PILOT - Git Pull Failed: [Errno 2] No such file or directory: 'git'
2026-03-10 00:39:49,663 - AUTO_PILOT - Syncing FROM GitHub (Pull)...
2026-03-10 00:39:49,668 - AUTO_PILOT - Git Pull Failed: [Errno 2] No such file or directory: 'git'
2026-03-10 00:40:49,715 - AUTO_PILOT - Syncing FROM GitHub (Pull)...
2026-03-10 00:40:49,718 - AUTO_PILOT - Git Pull Failed: [Errno 2] No such file or directory: 'git'
2026-03-10 00:41:49,730 - AUTO_PILOT - Syncing FROM GitHub (Pull)...
2026-03-10 00:41:49,737 - AUTO_PILOT - Git Pull Failed: [Errno 2] No such file or directory: 'git'
2026-03-10 00:42:49,781 - AUTO_PILOT - Syncing FROM GitHub (Pull)...
2026-03-10 00:42:49,786 - AUTO_PILOT - Git Pull Failed: [Errno 2] No such file or directory: 'git'
2026-03-10 00:43:49,862 - AUTO_PILOT - Syncing FROM GitHub (Pull)...
2026-03-10 00:43:49,865 - AUTO_PILOT - Git Pull Failed: [Errno 2] No such file or directory: 'git'
2026-03-10 00:44:49,930 - AUTO_PILOT - Syncing FROM GitHub (Pull)...
2026-03-10 00:44:49,933 - AUTO_PILOT - Git Pull Failed: [Errno 2] No such file or directory: 'git'
2026-03-10 00:45:49,999 - AUTO_PILOT - Syncing FROM GitHub (Pull)...
2026-03-10 00:45:50,002 - AUTO_PILOT - Git Pull Failed: [Errno 2] No such file or directory: 'git'
2026-03-10 00:46:50,077 - AUTO_PILOT - Syncing FROM GitHub (Pull)...
2026-03-10 00:46:50,079 - AUTO_PILOT - Git Pull Failed: [Errno 2] No such file or directory: 'git'
2026-03-10 00:47:50,148 - AUTO_PILOT - Syncing FROM GitHub (Pull)...
2026-03-10 00:47:50,151 - AUTO_PILOT - Git Pull Failed: [Errno 2] No such file or directory: 'git'
2026-03-10 00:48:50,220 - AUTO_PILOT - Syncing FROM GitHub (Pull)...
2026-03-10 00:48:50,223 - AUTO_PILOT - Git Pull Failed: [Errno 2] No such file or directory: 'git'
2026-03-10 00:49:50,295 - AUTO_PILOT - Syncing FROM GitHub (Pull)...
2026-03-10 00:49:50,297 - AUTO_PILOT - Git Pull Failed: [Errno 2] No such file or directory: 'git'
2026-03-10 00:50:50,322 - AUTO_PILOT - Syncing FROM GitHub (Pull)...
2026-03-10 00:50:50,325 - AUTO_PILOT - Git Pull Failed: [Errno 2] No such file or directory: 'git'
2026-03-10 00:51:50,393 - AUTO_PILOT - Syncing FROM GitHub (Pull)...
2026-03-10 00:51:50,396 - AUTO_PILOT - Git Pull Failed: [Errno 2] No such file or directory: 'git'
2026-03-10 00:52:50,463 - AUTO_PILOT - Syncing FROM GitHub (Pull)...
2026-03-10 00:52:50,466 - AUTO_PILOT - Git Pull Failed: [Errno 2] No such file or directory: 'git'
2026-03-10 00:53:50,521 - AUTO_PILOT - Syncing FROM GitHub (Pull)...
2026-03-10 00:53:50,524 - AUTO_PILOT - Git Pull Failed: [Errno 2] No such file or directory: 'git'
2026-03-10 00:54:50,594 - AUTO_PILOT - Syncing FROM GitHub (Pull)...
2026-03-10 00:54:50,596 - AUTO_PILOT - Git Pull Failed: [Errno 2] No such file or directory: 'git'
2026-03-10 00:55:50,669 - AUTO_PILOT - Syncing FROM GitHub (Pull)...
2026-03-10 00:55:50,672 - AUTO_PILOT - Git Pull Failed: [Errno 2] No such file or directory: 'git'
2026-03-10 00:56:50,740 - AUTO_PILOT - Syncing FROM GitHub (Pull)...
2026-03-10 00:56:50,743 - AUTO_PILOT - Git Pull Failed: [Errno 2] No such file or directory: 'git'
2026-03-10 00:57:50,817 - AUTO_PILOT - Syncing FROM GitHub (Pull)...
2026-03-10 00:57:50,820 - AUTO_PILOT - Git Pull Failed: [Errno 2] No such file or directory: 'git'
2026-03-10 00:58:50,894 - AUTO_PILOT - Syncing FROM GitHub (Pull)...
2026-03-10 00:58:50,897 - AUTO_PILOT - Git Pull Failed: [Errno 2] No such file or directory: 'git'
2026-03-10 00:59:50,973 - AUTO_PILOT - Syncing FROM GitHub (Pull)...
2026-03-10 00:59:50,978 - AUTO_PILOT - Git Pull Failed: [Errno 2] No such file or directory: 'git'
2026-03-10 01:00:51,052 - AUTO_PILOT - Syncing FROM GitHub (Pull)...
2026-03-10 01:00:51,057 - AUTO_PILOT - Git Pull Failed: [Errno 2] No such file or directory: 'git'
2026-03-10 01:01:51,121 - AUTO_PILOT - Syncing FROM GitHub (Pull)...
2026-03-10 01:01:51,125 - AUTO_PILOT - Git Pull Failed: [Errno 2] No such file or directory: 'git'
2026-03-10 01:02:51,165 - AUTO_PILOT - Syncing FROM GitHub (Pull)...
2026-03-10 01:02:51,168 - AUTO_PILOT - Git Pull Failed: [Errno 2] No such file or directory: 'git'
2026-03-10 01:03:51,237 - AUTO_PILOT - Syncing FROM GitHub (Pull)...
2026-03-10 01:03:51,240 - AUTO_PILOT - Git Pull Failed: [Errno 2] No such file or directory: 'git'
2026-03-10 01:04:51,312 - AUTO_PILOT - Syncing FROM GitHub (Pull)...
2026-03-10 01:04:51,316 - AUTO_PILOT - Git Pull Failed: [Errno 2] No such file or directory: 'git'
2026-03-10 01:05:51,395 - AUTO_PILOT - Syncing FROM GitHub (Pull)...
2026-03-10 01:05:51,401 - AUTO_PILOT - Git Pull Failed: [Errno 2] No such file or directory: 'git'
2026-03-10 01:06:51,483 - AUTO_PILOT - Syncing FROM GitHub (Pull)...
2026-03-10 01:06:51,488 - AUTO_PILOT - Git Pull Failed: [Errno 2] No such file or directory: 'git'
2026-03-10 01:07:51,572 - AUTO_PILOT - Syncing FROM GitHub (Pull)...
2026-03-10 01:07:51,579 - AUTO_PILOT - Git Pull Failed: [Errno 2] No such file or directory: 'git'
2026-03-10 01:11:42,596 - AUTO_PILOT - Auto-Pilot Started. Schedule: Daily at 12:00 AM (Midnight).
2026-03-10 01:11:42,603 - AUTO_PILOT - Next run scheduled for: 2026-03-11 00:00:00
2026-03-10 01:11:42,604 - AUTO_PILOT - Syncing FROM GitHub (Pull)...
2026-03-10 01:11:42,607 - AUTO_PILOT - Git Pull Failed: [Errno 2] No such file or directory: 'git'
2026-03-10 01:12:42,684 - AUTO_PILOT - Syncing FROM GitHub (Pull)...
2026-03-10 01:12:42,693 - AUTO_PILOT - Git Pull Failed: [Errno 2] No such file or directory: 'git'
2026-03-10 01:13:42,758 - AUTO_PILOT - Syncing FROM GitHub (Pull)...
2026-03-10 01:13:42,761 - AUTO_PILOT - Git Pull Failed: [Errno 2] No such file or directory: 'git'
2026-03-10 01:14:42,837 - AUTO_PILOT - Syncing FROM GitHub (Pull)...
2026-03-10 01:14:42,841 - AUTO_PILOT - Git Pull Failed: [Errno 2] No such file or directory: 'git'
2026-03-10 01:15:42,931 - AUTO_PILOT - Syncing FROM GitHub (Pull)...
2026-03-10 01:15:42,936 - AUTO_PILOT - Git Pull Failed: [Errno 2] No such file or directory: 'git'
2026-03-10 01:16:43,026 - AUTO_PILOT - Syncing FROM GitHub (Pull)...
2026-03-10 01:16:43,031 - AUTO_PILOT - Git Pull Failed: [Errno 2] No such file or directory: 'git'
2026-03-10 01:17:43,126 - AUTO_PILOT - Syncing FROM GitHub (Pull)...
2026-03-10 01:17:43,132 - AUTO_PILOT - Git Pull Failed: [Errno 2] No such file or directory: 'git'
2026-03-10 01:18:43,220 - AUTO_PILOT - Syncing FROM GitHub (Pull)...
2026-03-10 01:18:43,226 - AUTO_PILOT - Git Pull Failed: [Errno 2] No such file or directory: 'git'
2026-03-10 01:19:43,314 - AUTO_PILOT - Syncing FROM GitHub (Pull)...
2026-03-10 01:19:43,320 - AUTO_PILOT - Git Pull Failed: [Errno 2] No such file or directory: 'git'
2026-03-10 01:20:43,410 - AUTO_PILOT - Syncing FROM GitHub (Pull)...
2026-03-10 01:20:43,415 - AUTO_PILOT - Git Pull Failed: [Errno 2] No such file or directory: 'git'
2026-03-10 01:21:43,505 - AUTO_PILOT - Syncing FROM GitHub (Pull)...
2026-03-10 01:21:43,510 - AUTO_PILOT - Git Pull Failed: [Errno 2] No such file or directory: 'git'
2026-03-10 01:22:43,599 - AUTO_PILOT - Syncing FROM GitHub (Pull)...
2026-03-10 01:22:43,604 - AUTO_PILOT - Git Pull Failed: [Errno 2] No such file or directory: 'git'
2026-03-10 01:23:43,693 - AUTO_PILOT - Syncing FROM GitHub (Pull)...
2026-03-10 01:23:43,698 - AUTO_PILOT - Git Pull Failed: [Errno 2] No such file or directory: 'git'
2026-03-10 01:24:43,740 - AUTO_PILOT - Syncing FROM GitHub (Pull)...
2026-03-10 01:24:43,744 - AUTO_PILOT - Git Pull Failed: [Errno 2] No such file or directory: 'git'
2026-03-10 01:25:43,831 - AUTO_PILOT - Syncing FROM GitHub (Pull)...
2026-03-10 01:25:43,835 - AUTO_PILOT - Git Pull Failed: [Errno 2] No such file or directory: 'git'
2026-03-10 01:28:21,662 - AUTO_PILOT - Syncing FROM GitHub (Pull)...
2026-03-10 01:28:21,663 - AUTO_PILOT - Git Pull Failed: [Errno 2] No such file or directory: 'git'
2026-03-10 01:29:21,729 - AUTO_PILOT - Syncing FROM GitHub (Pull)...
2026-03-10 01:29:21,733 - AUTO_PILOT - Git Pull Failed: [Errno 2] No such file or directory: 'git'
2026-03-10 01:30:21,820 - AUTO_PILOT - Syncing FROM GitHub (Pull)...
2026-03-10 01:30:21,825 - AUTO_PILOT - Git Pull Failed: [Errno 2] No such file or directory: 'git'
2026-03-10 01:31:21,914 - AUTO_PILOT - Syncing FROM GitHub (Pull)...
2026-03-10 01:31:21,919 - AUTO_PILOT - Git Pull Failed: [Errno 2] No such file or directory: 'git'
2026-03-10 01:32:22,006 - AUTO_PILOT - Syncing FROM GitHub (Pull)...
2026-03-10 01:32:22,011 - AUTO_PILOT - Git Pull Failed: [Errno 2] No such file or directory: 'git'
2026-03-10 01:33:22,100 - AUTO_PILOT - Syncing FROM GitHub (Pull)...
2026-03-10 01:33:22,105 - AUTO_PILOT - Git Pull Failed: [Errno 2] No such file or directory: 'git'
2026-03-10 01:34:22,189 - AUTO_PILOT - Syncing FROM GitHub (Pull)...
2026-03-10 01:34:22,196 - AUTO_PILOT - Git Pull Failed: [Errno 2] No such file or directory: 'git'
2026-03-10 01:35:22,288 - AUTO_PILOT - Syncing FROM GitHub (Pull)...
2026-03-10 01:35:22,294 - AUTO_PILOT - Git Pull Failed: [Errno 2] No such file or directory: 'git'
2026-03-10 01:36:22,383 - AUTO_PILOT - Syncing FROM GitHub (Pull)...
2026-03-10 01:36:22,389 - AUTO_PILOT - Git Pull Failed: [Errno 2] No such file or directory: 'git'
2026-03-10 01:37:22,448 - AUTO_PILOT - Syncing FROM GitHub (Pull)...
2026-03-10 01:37:22,455 - AUTO_PILOT - Git Pull Failed: [Errno 2] No such file or directory: 'git'
2026-03-10 01:38:22,533 - AUTO_PILOT - Syncing FROM GitHub (Pull)...
2026-03-10 01:38:22,536 - AUTO_PILOT - Git Pull Failed: [Errno 2] No such file or directory: 'git'
2026-03-10 01:39:22,609 - AUTO_PILOT - Syncing FROM GitHub (Pull)...
2026-03-10 01:39:22,614 - AUTO_PILOT - Git Pull Failed: [Errno 2] No such file or directory: 'git'
2026-03-10 01:40:22,693 - AUTO_PILOT - Syncing FROM GitHub (Pull)...
2026-03-10 01:40:22,698 - AUTO_PILOT - Git Pull Failed: [Errno 2] No such file or directory: 'git'
2026-03-10 01:41:22,780 - AUTO_PILOT - Syncing FROM GitHub (Pull)...
2026-03-10 01:41:22,785 - AUTO_PILOT - Git Pull Failed: [Errno 2] No such file or directory: 'git'
2026-03-10 01:42:22,866 - AUTO_PILOT - Syncing FROM GitHub (Pull)...
2026-03-10 01:42:22,871 - AUTO_PILOT - Git Pull Failed: [Errno 2] No such file or directory: 'git'
2026-03-11 00:38:08,524 - AUTO_PILOT - Auto-Pilot Started. Schedule: Daily at 12:00 AM (Midnight).
2026-03-11 00:38:08,536 - AUTO_PILOT - Next run scheduled for: 2026-03-12 00:00:00
2026-03-11 00:38:08,537 - AUTO_PILOT - Syncing FROM GitHub (Pull)...
2026-03-11 00:38:08,540 - AUTO_PILOT - Git Pull Failed: [Errno 2] No such file or directory: 'git'
2026-03-11 00:39:08,575 - AUTO_PILOT - Syncing FROM GitHub (Pull)...
2026-03-11 00:39:08,578 - AUTO_PILOT - Git Pull Failed: [Errno 2] No such file or directory: 'git'
2026-03-11 00:40:08,641 - AUTO_PILOT - Syncing FROM GitHub (Pull)...
2026-03-11 00:40:08,649 - AUTO_PILOT - Git Pull Failed: [Errno 2] No such file or directory: 'git'
2026-03-11 00:41:08,720 - AUTO_PILOT - Syncing FROM GitHub (Pull)...
2026-03-11 00:41:08,722 - AUTO_PILOT - Git Pull Failed: [Errno 2] No such file or directory: 'git'
2026-03-11 00:42:08,782 - AUTO_PILOT - Syncing FROM GitHub (Pull)...
2026-03-11 00:42:08,788 - AUTO_PILOT - Git Pull Failed: [Errno 2] No such file or directory: 'git'
2026-03-11 00:43:08,852 - AUTO_PILOT - Syncing FROM GitHub (Pull)...
2026-03-11 00:43:08,856 - AUTO_PILOT - Git Pull Failed: [Errno 2] No such file or directory: 'git'
2026-03-11 00:44:08,920 - AUTO_PILOT - Syncing FROM GitHub (Pull)...
2026-03-11 00:44:08,921 - AUTO_PILOT - Git Pull Failed: [Errno 2] No such file or directory: 'git'
2026-03-11 00:45:08,980 - AUTO_PILOT - Syncing FROM GitHub (Pull)...
2026-03-11 00:45:08,982 - AUTO_PILOT - Git Pull Failed: [Errno 2] No such file or directory: 'git'
2026-03-11 00:46:09,045 - AUTO_PILOT - Syncing FROM GitHub (Pull)...
2026-03-11 00:46:09,048 - AUTO_PILOT - Git Pull Failed: [Errno 2] No such file or directory: 'git'
2026-03-11 00:47:09,114 - AUTO_PILOT - Syncing FROM GitHub (Pull)...
2026-03-11 00:47:09,118 - AUTO_PILOT - Git Pull Failed: [Errno 2] No such file or directory: 'git'
2026-03-11 00:48:09,189 - AUTO_PILOT - Syncing FROM GitHub (Pull)...
2026-03-11 00:48:09,190 - AUTO_PILOT - Git Pull Failed: [Errno 2] No such file or directory: 'git'
2026-03-11 00:49:09,252 - AUTO_PILOT - Syncing FROM GitHub (Pull)...
2026-03-11 00:49:09,254 - AUTO_PILOT - Git Pull Failed: [Errno 2] No such file or directory: 'git'
2026-03-11 00:50:09,317 - AUTO_PILOT - Syncing FROM GitHub (Pull)...
2026-03-11 00:50:09,319 - AUTO_PILOT - Git Pull Failed: [Errno 2] No such file or directory: 'git'
2026-03-11 00:51:09,363 - AUTO_PILOT - Syncing FROM GitHub (Pull)...
2026-03-11 00:51:09,365 - AUTO_PILOT - Git Pull Failed: [Errno 2] No such file or directory: 'git'
2026-03-11 00:52:09,426 - AUTO_PILOT - Syncing FROM GitHub (Pull)...
2026-03-11 00:52:09,431 - AUTO_PILOT - Git Pull Failed: [Errno 2] No such file or directory: 'git'
2026-03-11 00:53:09,507 - AUTO_PILOT - Syncing FROM GitHub (Pull)...
2026-03-11 00:53:09,511 - AUTO_PILOT - Git Pull Failed: [Errno 2] No such file or directory: 'git'
2026-03-11 00:54:09,574 - AUTO_PILOT - Syncing FROM GitHub (Pull)...
2026-03-11 00:54:09,576 - AUTO_PILOT - Git Pull Failed: [Errno 2] No such file or directory: 'git'
2026-03-11 00:55:09,638 - AUTO_PILOT - Syncing FROM GitHub (Pull)...
2026-03-11 00:55:09,640 - AUTO_PILOT - Git Pull Failed: [Errno 2] No such file or directory: 'git'
2026-03-11 00:56:09,693 - AUTO_PILOT - Syncing FROM GitHub (Pull)...
2026-03-11 00:56:09,695 - AUTO_PILOT - Git Pull Failed: [Errno 2] No such file or directory: 'git'
2026-03-11 00:57:09,760 - AUTO_PILOT - Syncing FROM GitHub (Pull)...
2026-03-11 00:57:09,762 - AUTO_PILOT - Git Pull Failed: [Errno 2] No such file or directory: 'git'
2026-03-11 00:58:09,816 - AUTO_PILOT - Syncing FROM GitHub (Pull)...
2026-03-11 00:58:09,818 - AUTO_PILOT - Git Pull Failed: [Errno 2] No such file or directory: 'git'
2026-03-11 00:59:09,823 - AUTO_PILOT - Syncing FROM GitHub (Pull)...
2026-03-11 00:59:09,827 - AUTO_PILOT - Git Pull Failed: [Errno 2] No such file or directory: 'git'
2026-03-11 01:00:09,861 - AUTO_PILOT - Syncing FROM GitHub (Pull)...
2026-03-11 01:00:09,863 - AUTO_PILOT - Git Pull Failed: [Errno 2] No such file or directory: 'git'
2026-03-11 01:01:09,890 - AUTO_PILOT - Syncing FROM GitHub (Pull)...
2026-03-11 01:01:09,892 - AUTO_PILOT - Git Pull Failed: [Errno 2] No such file or directory: 'git'
2026-03-11 01:02:09,947 - AUTO_PILOT - Syncing FROM GitHub (Pull)...
2026-03-11 01:02:09,954 - AUTO_PILOT - Git Pull Failed: [Errno 2] No such file or directory: 'git'
2026-03-11 01:03:10,043 - AUTO_PILOT - Syncing FROM GitHub (Pull)...
2026-03-11 01:03:10,046 - AUTO_PILOT - Git Pull Failed: [Errno 2] No such file or directory: 'git'
2026-03-11 01:04:10,086 - AUTO_PILOT - Syncing FROM GitHub (Pull)...
2026-03-11 01:04:10,089 - AUTO_PILOT - Git Pull Failed: [Errno 2] No such file or directory: 'git'
2026-03-11 01:05:10,140 - AUTO_PILOT - Syncing FROM GitHub (Pull)...
2026-03-11 01:05:10,142 - AUTO_PILOT - Git Pull Failed: [Errno 2] No such file or directory: 'git'
2026-03-11 01:06:10,205 - AUTO_PILOT - Syncing FROM GitHub (Pull)...
2026-03-11 01:06:10,214 - AUTO_PILOT - Git Pull Failed: [Errno 2] No such file or directory: 'git'
2026-03-11 01:07:10,243 - AUTO_PILOT - Syncing FROM GitHub (Pull)...
2026-03-11 01:07:10,246 - AUTO_PILOT - Git Pull Failed: [Errno 2] No such file or directory: 'git'
2026-03-11 01:08:10,311 - AUTO_PILOT - Syncing FROM GitHub (Pull)...
2026-03-11 01:08:10,312 - AUTO_PILOT - Git Pull Failed: [Errno 2] No such file or directory: 'git'
2026-03-11 01:09:10,370 - AUTO_PILOT - Syncing FROM GitHub (Pull)...
2026-03-11 01:09:10,372 - AUTO_PILOT - Git Pull Failed: [Errno 2] No such file or directory: 'git'
2026-03-11 01:10:10,434 - AUTO_PILOT - Syncing FROM GitHub (Pull)...
2026-03-11 01:10:10,438 - AUTO_PILOT - Git Pull Failed: [Errno 2] No such file or directory: 'git'
2026-03-11 01:11:10,506 - AUTO_PILOT - Syncing FROM GitHub (Pull)...
2026-03-11 01:11:10,507 - AUTO_PILOT - Git Pull Failed: [Errno 2] No such file or directory: 'git'
2026-03-11 01:12:10,569 - AUTO_PILOT - Syncing FROM GitHub (Pull)...
2026-03-11 01:12:10,570 - AUTO_PILOT - Git Pull Failed: [Errno 2] No such file or directory: 'git'
2026-03-11 01:13:10,634 - AUTO_PILOT - Syncing FROM GitHub (Pull)...
2026-03-11 01:13:10,638 - AUTO_PILOT - Git Pull Failed: [Errno 2] No such file or directory: 'git'
2026-03-11 01:14:10,714 - AUTO_PILOT - Syncing FROM GitHub (Pull)...
2026-03-11 01:14:10,719 - AUTO_PILOT - Git Pull Failed: [Errno 2] No such file or directory: 'git'
2026-03-11 01:15:10,781 - AUTO_PILOT - Syncing FROM GitHub (Pull)...
2026-03-11 01:15:10,784 - AUTO_PILOT - Git Pull Failed: [Errno 2] No such file or directory: 'git'
2026-03-11 01:16:10,871 - AUTO_PILOT - Syncing FROM GitHub (Pull)...
2026-03-11 01:16:10,873 - AUTO_PILOT - Git Pull Failed: [Errno 2] No such file or directory: 'git'
2026-03-11 01:17:10,937 - AUTO_PILOT - Syncing FROM GitHub (Pull)...
2026-03-11 01:17:10,940 - AUTO_PILOT - Git Pull Failed: [Errno 2] No such file or directory: 'git'
2026-03-11 01:18:11,011 - AUTO_PILOT - Syncing FROM GitHub (Pull)...
2026-03-11 01:18:11,016 - AUTO_PILOT - Git Pull Failed: [Errno 2] No such file or directory: 'git'
2026-03-11 01:19:11,091 - AUTO_PILOT - Syncing FROM GitHub (Pull)...
2026-03-11 01:19:11,096 - AUTO_PILOT - Git Pull Failed: [Errno 2] No such file or directory: 'git'
2026-03-11 01:20:11,167 - AUTO_PILOT - Syncing FROM GitHub (Pull)...
2026-03-11 01:20:11,173 - AUTO_PILOT - Git Pull Failed: [Errno 2] No such file or directory: 'git'
2026-03-11 01:21:11,228 - AUTO_PILOT - Syncing FROM GitHub (Pull)...
2026-03-11 01:21:11,231 - AUTO_PILOT - Git Pull Failed: [Errno 2] No such file or directory: 'git'
2026-03-11 01:22:11,304 - AUTO_PILOT - Syncing FROM GitHub (Pull)...
2026-03-11 01:22:11,307 - AUTO_PILOT - Git Pull Failed: [Errno 2] No such file or directory: 'git'
2026-03-11 01:23:11,380 - AUTO_PILOT - Syncing FROM GitHub (Pull)...
2026-03-11 01:23:11,386 - AUTO_PILOT - Git Pull Failed: [Errno 2] No such file or directory: 'git'
2026-03-11 01:24:11,476 - AUTO_PILOT - Syncing FROM GitHub (Pull)...
2026-03-11 01:24:11,481 - AUTO_PILOT - Git Pull Failed: [Errno 2] No such file or directory: 'git'
2026-03-11 01:25:11,571 - AUTO_PILOT - Syncing FROM GitHub (Pull)...
2026-03-11 01:25:11,576 - AUTO_PILOT - Git Pull Failed: [Errno 2] No such file or directory: 'git'
2026-03-11 01:26:11,665 - AUTO_PILOT - Syncing FROM GitHub (Pull)...
2026-03-11 01:26:11,671 - AUTO_PILOT - Git Pull Failed: [Errno 2] No such file or directory: 'git'
2026-03-11 01:27:11,762 - AUTO_PILOT - Syncing FROM GitHub (Pull)...
2026-03-11 01:27:11,765 - AUTO_PILOT - Git Pull Failed: [Errno 2] No such file or directory: 'git'
2026-03-11 01:28:11,841 - AUTO_PILOT - Syncing FROM GitHub (Pull)...
2026-03-11 01:28:11,844 - AUTO_PILOT - Git Pull Failed: [Errno 2] No such file or directory: 'git'
2026-03-11 01:29:11,907 - AUTO_PILOT - Syncing FROM GitHub (Pull)...
2026-03-11 01:29:11,909 - AUTO_PILOT - Git Pull Failed: [Errno 2] No such file or directory: 'git'
2026-03-11 01:30:11,972 - AUTO_PILOT - Syncing FROM GitHub (Pull)...
2026-03-11 01:30:11,974 - AUTO_PILOT - Git Pull Failed: [Errno 2] No such file or directory: 'git'
2026-03-11 01:31:12,040 - AUTO_PILOT - Syncing FROM GitHub (Pull)...
2026-03-11 01:31:12,042 - AUTO_PILOT - Git Pull Failed: [Errno 2] No such file or directory: 'git'
2026-03-11 01:32:12,106 - AUTO_PILOT - Syncing FROM GitHub (Pull)...
2026-03-11 01:32:12,108 - AUTO_PILOT - Git Pull Failed: [Errno 2] No such file or directory: 'git'
2026-03-11 01:33:12,173 - AUTO_PILOT - Syncing FROM GitHub (Pull)...
2026-03-11 01:33:12,175 - AUTO_PILOT - Git Pull Failed: [Errno 2] No such file or directory: 'git'
2026-03-11 01:34:12,238 - AUTO_PILOT - Syncing FROM GitHub (Pull)...
2026-03-11 01:34:12,240 - AUTO_PILOT - Git Pull Failed: [Errno 2] No such file or directory: 'git'
2026-03-11 01:35:12,307 - AUTO_PILOT - Syncing FROM GitHub (Pull)...
2026-03-11 01:35:12,309 - AUTO_PILOT - Git Pull Failed: [Errno 2] No such file or directory: 'git'
2026-03-11 01:36:12,373 - AUTO_PILOT - Syncing FROM GitHub (Pull)...
2026-03-11 01:36:12,374 - AUTO_PILOT - Git Pull Failed: [Errno 2] No such file or directory: 'git'
2026-03-11 01:37:12,438 - AUTO_PILOT - Syncing FROM GitHub (Pull)...
2026-03-11 01:37:12,440 - AUTO_PILOT - Git Pull Failed: [Errno 2] No such file or directory: 'git'
2026-03-11 01:38:12,505 - AUTO_PILOT - Syncing FROM GitHub (Pull)...
2026-03-11 01:38:12,506 - AUTO_PILOT - Git Pull Failed: [Errno 2] No such file or directory: 'git'
2026-03-11 01:39:12,570 - AUTO_PILOT - Syncing FROM GitHub (Pull)...
2026-03-11 01:39:12,571 - AUTO_PILOT - Git Pull Failed: [Errno 2] No such file or directory: 'git'
2026-03-11 01:40:12,636 - AUTO_PILOT - Syncing FROM GitHub (Pull)...
2026-03-11 01:40:12,638 - AUTO_PILOT - Git Pull Failed: [Errno 2] No such file or directory: 'git'
2026-03-11 01:41:12,707 - AUTO_PILOT - Syncing FROM GitHub (Pull)...
2026-03-11 01:41:12,708 - AUTO_PILOT - Git Pull Failed: [Errno 2] No such file or directory: 'git'
2026-03-11 01:42:12,769 - AUTO_PILOT - Syncing FROM GitHub (Pull)...
2026-03-11 01:42:12,775 - AUTO_PILOT - Git Pull Failed: [Errno 2] No such file or directory: 'git'
2026-03-11 01:43:12,856 - AUTO_PILOT - Syncing FROM GitHub (Pull)...
2026-03-11 01:43:12,862 - AUTO_PILOT - Git Pull Failed: [Errno 2] No such file or directory: 'git'
2026-03-11 01:44:12,921 - AUTO_PILOT - Syncing FROM GitHub (Pull)...
2026-03-11 01:44:12,927 - AUTO_PILOT - Git Pull Failed: [Errno 2] No such file or directory: 'git'
2026-03-11 01:45:13,002 - AUTO_PILOT - Syncing FROM GitHub (Pull)...
2026-03-11 01:45:13,007 - AUTO_PILOT - Git Pull Failed: [Errno 2] No such file or directory: 'git'
2026-03-11 01:46:13,082 - AUTO_PILOT - Syncing FROM GitHub (Pull)...
2026-03-11 01:46:13,083 - AUTO_PILOT - Git Pull Failed: [Errno 2] No such file or directory: 'git'
2026-03-11 01:47:13,111 - AUTO_PILOT - Syncing FROM GitHub (Pull)...
2026-03-11 01:47:13,117 - AUTO_PILOT - Git Pull Failed: [Errno 2] No such file or directory: 'git'
2026-03-11 01:48:13,201 - AUTO_PILOT - Syncing FROM GitHub (Pull)...
2026-03-11 01:48:13,207 - AUTO_PILOT - Git Pull Failed: [Errno 2] No such file or directory: 'git'
2026-03-11 01:49:13,289 - AUTO_PILOT - Syncing FROM GitHub (Pull)...
2026-03-11 01:49:13,295 - AUTO_PILOT - Git Pull Failed: [Errno 2] No such file or directory: 'git'
2026-03-11 01:50:13,366 - AUTO_PILOT - Syncing FROM GitHub (Pull)...
2026-03-11 01:50:13,372 - AUTO_PILOT - Git Pull Failed: [Errno 2] No such file or directory: 'git'
2026-03-12 00:48:34,587 - AUTO_PILOT - Auto-Pilot Started. Schedule: Daily at 12:00 AM (Midnight).
2026-03-12 00:48:34,593 - AUTO_PILOT - Next run scheduled for: 2026-03-13 00:00:00
2026-03-12 00:48:34,594 - AUTO_PILOT - Syncing FROM GitHub (Pull)...
2026-03-12 00:48:34,597 - AUTO_PILOT - Git Pull Failed: [Errno 2] No such file or directory: 'git'
2026-03-12 00:49:34,664 - AUTO_PILOT - Syncing FROM GitHub (Pull)...
2026-03-12 00:49:34,671 - AUTO_PILOT - Git Pull Failed: [Errno 2] No such file or directory: 'git'
2026-03-12 00:50:34,753 - AUTO_PILOT - Syncing FROM GitHub (Pull)...
2026-03-12 00:50:34,758 - AUTO_PILOT - Git Pull Failed: [Errno 2] No such file or directory: 'git'
2026-03-12 00:51:34,845 - AUTO_PILOT - Syncing FROM GitHub (Pull)...
2026-03-12 00:51:34,850 - AUTO_PILOT - Git Pull Failed: [Errno 2] No such file or directory: 'git'
2026-03-12 00:52:34,897 - AUTO_PILOT - Syncing FROM GitHub (Pull)...
2026-03-12 00:52:34,904 - AUTO_PILOT - Git Pull Failed: [Errno 2] No such file or directory: 'git'
2026-03-12 00:53:34,962 - AUTO_PILOT - Syncing FROM GitHub (Pull)...
2026-03-12 00:53:34,965 - AUTO_PILOT - Git Pull Failed: [Errno 2] No such file or directory: 'git'
2026-03-12 00:54:35,038 - AUTO_PILOT - Syncing FROM GitHub (Pull)...
2026-03-12 00:54:35,042 - AUTO_PILOT - Git Pull Failed: [Errno 2] No such file or directory: 'git'
2026-03-12 00:55:35,115 - AUTO_PILOT - Syncing FROM GitHub (Pull)...
2026-03-12 00:55:35,121 - AUTO_PILOT - Git Pull Failed: [Errno 2] No such file or directory: 'git'
2026-03-12 00:56:35,161 - AUTO_PILOT - Syncing FROM GitHub (Pull)...
2026-03-12 00:56:35,164 - AUTO_PILOT - Git Pull Failed: [Errno 2] No such file or directory: 'git'
2026-03-12 00:57:35,238 - AUTO_PILOT - Syncing FROM GitHub (Pull)...
2026-03-12 00:57:35,242 - AUTO_PILOT - Git Pull Failed: [Errno 2] No such file or directory: 'git'
2026-03-12 00:58:35,311 - AUTO_PILOT - Syncing FROM GitHub (Pull)...
2026-03-12 00:58:35,316 - AUTO_PILOT - Git Pull Failed: [Errno 2] No such file or directory: 'git'
2026-03-12 00:59:35,405 - AUTO_PILOT - Syncing FROM GitHub (Pull)...
2026-03-12 00:59:35,410 - AUTO_PILOT - Git Pull Failed: [Errno 2] No such file or directory: 'git'
2026-03-12 01:00:35,502 - AUTO_PILOT - Syncing FROM GitHub (Pull)...
2026-03-12 01:00:35,507 - AUTO_PILOT - Git Pull Failed: [Errno 2] No such file or directory: 'git'
2026-03-12 01:01:35,599 - AUTO_PILOT - Syncing FROM GitHub (Pull)...
2026-03-12 01:01:35,605 - AUTO_PILOT - Git Pull Failed: [Errno 2] No such file or directory: 'git'
2026-03-12 01:02:35,690 - AUTO_PILOT - Syncing FROM GitHub (Pull)...
2026-03-12 01:02:35,695 - AUTO_PILOT - Git Pull Failed: [Errno 2] No such file or directory: 'git'
2026-03-12 01:03:35,781 - AUTO_PILOT - Syncing FROM GitHub (Pull)...
2026-03-12 01:03:35,784 - AUTO_PILOT - Git Pull Failed: [Errno 2] No such file or directory: 'git'
2026-03-12 01:04:35,838 - AUTO_PILOT - Syncing FROM GitHub (Pull)...
2026-03-12 01:04:35,839 - AUTO_PILOT - Git Pull Failed: [Errno 2] No such file or directory: 'git'
2026-03-12 01:05:35,906 - AUTO_PILOT - Syncing FROM GitHub (Pull)...
2026-03-12 01:05:35,909 - AUTO_PILOT - Git Pull Failed: [Errno 2] No such file or directory: 'git'
2026-03-12 01:06:35,977 - AUTO_PILOT - Syncing FROM GitHub (Pull)...
2026-03-12 01:06:35,983 - AUTO_PILOT - Git Pull Failed: [Errno 2] No such file or directory: 'git'
2026-03-12 01:07:36,074 - AUTO_PILOT - Syncing FROM GitHub (Pull)...
2026-03-12 01:07:36,079 - AUTO_PILOT - Git Pull Failed: [Errno 2] No such file or directory: 'git'
2026-03-12 01:08:36,167 - AUTO_PILOT - Syncing FROM GitHub (Pull)...
2026-03-12 01:08:36,172 - AUTO_PILOT - Git Pull Failed: [Errno 2] No such file or directory: 'git'
2026-03-12 01:09:36,263 - AUTO_PILOT - Syncing FROM GitHub (Pull)...
2026-03-12 01:09:36,270 - AUTO_PILOT - Git Pull Failed: [Errno 2] No such file or directory: 'git'
2026-03-12 01:10:36,366 - AUTO_PILOT - Syncing FROM GitHub (Pull)...
2026-03-12 01:10:36,371 - AUTO_PILOT - Git Pull Failed: [Errno 2] No such file or directory: 'git'
2026-03-12 01:11:36,447 - AUTO_PILOT - Syncing FROM GitHub (Pull)...
2026-03-12 01:11:36,453 - AUTO_PILOT - Git Pull Failed: [Errno 2] No such file or directory: 'git'
2026-03-12 01:12:36,541 - AUTO_PILOT - Syncing FROM GitHub (Pull)...
2026-03-12 01:12:36,546 - AUTO_PILOT - Git Pull Failed: [Errno 2] No such file or directory: 'git'
2026-03-12 01:13:36,636 - AUTO_PILOT - Syncing FROM GitHub (Pull)...
2026-03-12 01:13:36,641 - AUTO_PILOT - Git Pull Failed: [Errno 2] No such file or directory: 'git'
2026-03-12 01:14:36,729 - AUTO_PILOT - Syncing FROM GitHub (Pull)...
2026-03-12 01:14:36,733 - AUTO_PILOT - Git Pull Failed: [Errno 2] No such file or directory: 'git'
2026-03-12 01:15:36,778 - AUTO_PILOT - Syncing FROM GitHub (Pull)...
2026-03-12 01:15:36,784 - AUTO_PILOT - Git Pull Failed: [Errno 2] No such file or directory: 'git'
2026-03-12 01:16:36,871 - AUTO_PILOT - Syncing FROM GitHub (Pull)...
2026-03-12 01:16:36,878 - AUTO_PILOT - Git Pull Failed: [Errno 2] No such file or directory: 'git'
2026-03-12 01:17:36,972 - AUTO_PILOT - Syncing FROM GitHub (Pull)...
2026-03-12 01:17:36,978 - AUTO_PILOT - Git Pull Failed: [Errno 2] No such file or directory: 'git'
2026-03-12 01:18:37,067 - AUTO_PILOT - Syncing FROM GitHub (Pull)...
2026-03-12 01:18:37,073 - AUTO_PILOT - Git Pull Failed: [Errno 2] No such file or directory: 'git'
2026-03-12 01:19:37,123 - AUTO_PILOT - Syncing FROM GitHub (Pull)...
2026-03-12 01:19:37,128 - AUTO_PILOT - Git Pull Failed: [Errno 2] No such file or directory: 'git'
2026-03-12 01:20:37,219 - AUTO_PILOT - Syncing FROM GitHub (Pull)...
2026-03-12 01:20:37,224 - AUTO_PILOT - Git Pull Failed: [Errno 2] No such file or directory: 'git'
2026-03-12 01:21:37,315 - AUTO_PILOT - Syncing FROM GitHub (Pull)...
2026-03-12 01:21:37,320 - AUTO_PILOT - Git Pull Failed: [Errno 2] No such file or directory: 'git'
2026-03-12 01:22:37,411 - AUTO_PILOT - Syncing FROM GitHub (Pull)...
2026-03-12 01:22:37,417 - AUTO_PILOT - Git Pull Failed: [Errno 2] No such file or directory: 'git'
2026-03-12 01:23:37,506 - AUTO_PILOT - Syncing FROM GitHub (Pull)...
2026-03-12 01:23:37,513 - AUTO_PILOT - Git Pull Failed: [Errno 2] No such file or directory: 'git'
2026-03-12 01:24:37,603 - AUTO_PILOT - Syncing FROM GitHub (Pull)...
2026-03-12 01:24:37,608 - AUTO_PILOT - Git Pull Failed: [Errno 2] No such file or directory: 'git'
2026-03-12 01:25:37,699 - AUTO_PILOT - Syncing FROM GitHub (Pull)...
2026-03-12 01:25:37,706 - AUTO_PILOT - Git Pull Failed: [Errno 2] No such file or directory: 'git'
2026-03-12 01:26:37,797 - AUTO_PILOT - Syncing FROM GitHub (Pull)...
2026-03-12 01:26:37,802 - AUTO_PILOT - Git Pull Failed: [Errno 2] No such file or directory: 'git'
2026-03-12 01:27:37,893 - AUTO_PILOT - Syncing FROM GitHub (Pull)...
2026-03-12 01:27:37,899 - AUTO_PILOT - Git Pull Failed: [Errno 2] No such file or directory: 'git'
2026-03-12 01:28:37,982 - AUTO_PILOT - Syncing FROM GitHub (Pull)...
2026-03-12 01:28:37,989 - AUTO_PILOT - Git Pull Failed: [Errno 2] No such file or directory: 'git'
2026-03-12 01:29:38,080 - AUTO_PILOT - Syncing FROM GitHub (Pull)...
2026-03-12 01:29:38,088 - AUTO_PILOT - Git Pull Failed: [Errno 2] No such file or directory: 'git'
2026-03-12 01:30:38,180 - AUTO_PILOT - Syncing FROM GitHub (Pull)...
2026-03-12 01:30:38,186 - AUTO_PILOT - Git Pull Failed: [Errno 2] No such file or directory: 'git'
2026-03-12 01:31:38,279 - AUTO_PILOT - Syncing FROM GitHub (Pull)...
2026-03-12 01:31:38,285 - AUTO_PILOT - Git Pull Failed: [Errno 2] No such file or directory: 'git'
2026-03-12 01:32:38,374 - AUTO_PILOT - Syncing FROM GitHub (Pull)...
2026-03-12 01:32:38,380 - AUTO_PILOT - Git Pull Failed: [Errno 2] No such file or directory: 'git'
2026-03-12 22:27:24,601 - AUTO_PILOT - Auto-Pilot Started. Schedule: Daily at 12:00 AM (Midnight).
2026-03-12 22:27:24,605 - AUTO_PILOT - Next run scheduled for: 2026-03-13 00:00:00
2026-03-12 22:27:24,606 - AUTO_PILOT - Syncing FROM GitHub (Pull)...
2026-03-12 22:27:24,608 - AUTO_PILOT - Git Pull Failed: [Errno 2] No such file or directory: 'git'
2026-03-12 22:28:24,662 - AUTO_PILOT - Syncing FROM GitHub (Pull)...
2026-03-12 22:28:24,664 - AUTO_PILOT - Git Pull Failed: [Errno 2] No such file or directory: 'git'
2026-03-12 22:29:24,740 - AUTO_PILOT - Syncing FROM GitHub (Pull)...
2026-03-12 22:29:24,747 - AUTO_PILOT - Git Pull Failed: [Errno 2] No such file or directory: 'git'
2026-03-12 22:30:24,780 - AUTO_PILOT - Syncing FROM GitHub (Pull)...
2026-03-12 22:30:24,785 - AUTO_PILOT - Git Pull Failed: [Errno 2] No such file or directory: 'git'
2026-03-12 22:31:24,823 - AUTO_PILOT - Syncing FROM GitHub (Pull)...
2026-03-12 22:31:24,826 - AUTO_PILOT - Git Pull Failed: [Errno 2] No such file or directory: 'git'
2026-03-12 22:32:24,860 - AUTO_PILOT - Syncing FROM GitHub (Pull)...
2026-03-12 22:32:24,867 - AUTO_PILOT - Git Pull Failed: [Errno 2] No such file or directory: 'git'
2026-03-12 22:33:24,934 - AUTO_PILOT - Syncing FROM GitHub (Pull)...
2026-03-12 22:33:24,938 - AUTO_PILOT - Git Pull Failed: [Errno 2] No such file or directory: 'git'
2026-03-12 22:34:24,956 - AUTO_PILOT - Syncing FROM GitHub (Pull)...
2026-03-12 22:34:24,962 - AUTO_PILOT - Git Pull Failed: [Errno 2] No such file or directory: 'git'
2026-03-12 22:35:25,053 - AUTO_PILOT - Syncing FROM GitHub (Pull)...
2026-03-12 22:35:25,058 - AUTO_PILOT - Git Pull Failed: [Errno 2] No such file or directory: 'git'
2026-03-12 22:36:25,135 - AUTO_PILOT - Syncing FROM GitHub (Pull)...
2026-03-12 22:36:25,143 - AUTO_PILOT - Git Pull Failed: [Errno 2] No such file or directory: 'git'
2026-03-12 22:37:25,224 - AUTO_PILOT - Syncing FROM GitHub (Pull)...
2026-03-12 22:37:25,231 - AUTO_PILOT - Git Pull Failed: [Errno 2] No such file or directory: 'git'
2026-03-12 22:38:25,307 - AUTO_PILOT - Syncing FROM GitHub (Pull)...
2026-03-12 22:38:25,313 - AUTO_PILOT - Git Pull Failed: [Errno 2] No such file or directory: 'git'
2026-03-12 22:39:25,401 - AUTO_PILOT - Syncing FROM GitHub (Pull)...
2026-03-12 22:39:25,404 - AUTO_PILOT - Git Pull Failed: [Errno 2] No such file or directory: 'git'
2026-03-12 22:40:25,469 - AUTO_PILOT - Syncing FROM GitHub (Pull)...
2026-03-12 22:40:25,476 - AUTO_PILOT - Git Pull Failed: [Errno 2] No such file or directory: 'git'
2026-03-12 22:41:25,559 - AUTO_PILOT - Syncing FROM GitHub (Pull)...
2026-03-12 22:41:25,565 - AUTO_PILOT - Git Pull Failed: [Errno 2] No such file or directory: 'git'
2026-03-12 22:42:25,644 - AUTO_PILOT - Syncing FROM GitHub (Pull)...
2026-03-12 22:42:25,648 - AUTO_PILOT - Git Pull Failed: [Errno 2] No such file or directory: 'git'
2026-03-12 22:43:25,676 - AUTO_PILOT - Syncing FROM GitHub (Pull)...
2026-03-12 22:43:25,677 - AUTO_PILOT - Git Pull Failed: [Errno 2] No such file or directory: 'git'
2026-03-12 22:44:25,736 - AUTO_PILOT - Syncing FROM GitHub (Pull)...
2026-03-12 22:44:25,741 - AUTO_PILOT - Git Pull Failed: [Errno 2] No such file or directory: 'git'
2026-03-12 22:45:25,834 - AUTO_PILOT - Syncing FROM GitHub (Pull)...
2026-03-12 22:45:25,839 - AUTO_PILOT - Git Pull Failed: [Errno 2] No such file or directory: 'git'
2026-03-12 22:46:25,930 - AUTO_PILOT - Syncing FROM GitHub (Pull)...
2026-03-12 22:46:25,935 - AUTO_PILOT - Git Pull Failed: [Errno 2] No such file or directory: 'git'
2026-03-12 22:47:26,024 - AUTO_PILOT - Syncing FROM GitHub (Pull)...
2026-03-12 22:47:26,029 - AUTO_PILOT - Git Pull Failed: [Errno 2] No such file or directory: 'git'
2026-03-12 22:48:26,126 - AUTO_PILOT - Syncing FROM GitHub (Pull)...
2026-03-12 22:48:26,127 - AUTO_PILOT - Git Pull Failed: [Errno 2] No such file or directory: 'git'
2026-03-12 22:49:26,132 - AUTO_PILOT - Syncing FROM GitHub (Pull)...
2026-03-12 22:49:26,134 - AUTO_PILOT - Git Pull Failed: [Errno 2] No such file or directory: 'git'
2026-03-12 22:50:26,209 - AUTO_PILOT - Syncing FROM GitHub (Pull)...
2026-03-12 22:50:26,212 - AUTO_PILOT - Git Pull Failed: [Errno 2] No such file or directory: 'git'
2026-03-12 22:51:26,288 - AUTO_PILOT - Syncing FROM GitHub (Pull)...
2026-03-12 22:51:26,292 - AUTO_PILOT - Git Pull Failed: [Errno 2] No such file or directory: 'git'
2026-03-12 22:52:26,374 - AUTO_PILOT - Syncing FROM GitHub (Pull)...
2026-03-12 22:52:26,378 - AUTO_PILOT - Git Pull Failed: [Errno 2] No such file or directory: 'git'
2026-03-12 22:53:26,459 - AUTO_PILOT - Syncing FROM GitHub (Pull)...
2026-03-12 22:53:26,463 - AUTO_PILOT - Git Pull Failed: [Errno 2] No such file or directory: 'git'
2026-03-12 22:54:26,540 - AUTO_PILOT - Syncing FROM GitHub (Pull)...
2026-03-12 22:54:26,545 - AUTO_PILOT - Git Pull Failed: [Errno 2] No such file or directory: 'git'
2026-03-12 22:55:26,629 - AUTO_PILOT - Syncing FROM GitHub (Pull)...
2026-03-12 22:55:26,633 - AUTO_PILOT - Git Pull Failed: [Errno 2] No such file or directory: 'git'
2026-03-12 22:56:26,711 - AUTO_PILOT - Syncing FROM GitHub (Pull)...
2026-03-12 22:56:26,716 - AUTO_PILOT - Git Pull Failed: [Errno 2] No such file or directory: 'git'
2026-03-12 22:57:26,790 - AUTO_PILOT - Syncing FROM GitHub (Pull)...
2026-03-12 22:57:26,797 - AUTO_PILOT - Git Pull Failed: [Errno 2] No such file or directory: 'git'
2026-03-12 22:58:26,893 - AUTO_PILOT - Syncing FROM GitHub (Pull)...
2026-03-12 22:58:26,897 - AUTO_PILOT - Git Pull Failed: [Errno 2] No such file or directory: 'git'
2026-03-12 22:59:26,984 - AUTO_PILOT - Syncing FROM GitHub (Pull)...
2026-03-12 22:59:26,989 - AUTO_PILOT - Git Pull Failed: [Errno 2] No such file or directory: 'git'
2026-03-12 23:00:27,079 - AUTO_PILOT - Syncing FROM GitHub (Pull)...
2026-03-12 23:00:27,081 - AUTO_PILOT - Git Pull Failed: [Errno 2] No such file or directory: 'git'
2026-03-12 23:01:27,145 - AUTO_PILOT - Syncing FROM GitHub (Pull)...
2026-03-12 23:01:27,147 - AUTO_PILOT - Git Pull Failed: [Errno 2] No such file or directory: 'git'
2026-03-12 23:02:27,182 - AUTO_PILOT - Syncing FROM GitHub (Pull)...
2026-03-12 23:02:27,186 - AUTO_PILOT - Git Pull Failed: [Errno 2] No such file or directory: 'git'
2026-03-12 23:03:27,259 - AUTO_PILOT - Syncing FROM GitHub (Pull)...
2026-03-12 23:03:27,265 - AUTO_PILOT - Git Pull Failed: [Errno 2] No such file or directory: 'git'
2026-03-12 23:04:27,346 - AUTO_PILOT - Syncing FROM GitHub (Pull)...
2026-03-12 23:04:27,352 - AUTO_PILOT - Git Pull Failed: [Errno 2] No such file or directory: 'git'
2026-03-12 23:05:27,438 - AUTO_PILOT - Syncing FROM GitHub (Pull)...
2026-03-12 23:05:27,444 - AUTO_PILOT - Git Pull Failed: [Errno 2] No such file or directory: 'git'
2026-03-12 23:06:27,524 - AUTO_PILOT - Syncing FROM GitHub (Pull)...
2026-03-12 23:06:27,529 - AUTO_PILOT - Git Pull Failed: [Errno 2] No such file or directory: 'git'
2026-03-12 23:07:27,613 - AUTO_PILOT - Syncing FROM GitHub (Pull)...
2026-03-12 23:07:27,620 - AUTO_PILOT - Git Pull Failed: [Errno 2] No such file or directory: 'git'
2026-03-12 23:08:27,696 - AUTO_PILOT - Syncing FROM GitHub (Pull)...
2026-03-12 23:08:27,702 - AUTO_PILOT - Git Pull Failed: [Errno 2] No such file or directory: 'git'
2026-03-12 23:09:27,797 - AUTO_PILOT - Syncing FROM GitHub (Pull)...
2026-03-12 23:09:27,801 - AUTO_PILOT - Git Pull Failed: [Errno 2] No such file or directory: 'git'
2026-03-12 23:10:27,889 - AUTO_PILOT - Syncing FROM GitHub (Pull)...
2026-03-12 23:10:27,895 - AUTO_PILOT - Git Pull Failed: [Errno 2] No such file or directory: 'git'
2026-03-12 23:11:27,971 - AUTO_PILOT - Syncing FROM GitHub (Pull)...
2026-03-12 23:11:27,976 - AUTO_PILOT - Git Pull Failed: [Errno 2] No such file or directory: 'git'
2026-03-12 23:12:28,059 - AUTO_PILOT - Syncing FROM GitHub (Pull)...
2026-03-12 23:12:28,065 - AUTO_PILOT - Git Pull Failed: [Errno 2] No such file or directory: 'git'
2026-03-12 23:13:28,137 - AUTO_PILOT - Syncing FROM GitHub (Pull)...
2026-03-12 23:13:28,140 - AUTO_PILOT - Git Pull Failed: [Errno 2] No such file or directory: 'git'
2026-03-12 23:14:28,212 - AUTO_PILOT - Syncing FROM GitHub (Pull)...
2026-03-12 23:14:28,217 - AUTO_PILOT - Git Pull Failed: [Errno 2] No such file or directory: 'git'
2026-03-12 23:15:28,301 - AUTO_PILOT - Syncing FROM GitHub (Pull)...
2026-03-12 23:15:28,306 - AUTO_PILOT - Git Pull Failed: [Errno 2] No such file or directory: 'git'
2026-03-12 23:16:28,385 - AUTO_PILOT - Syncing FROM GitHub (Pull)...
2026-03-12 23:16:28,390 - AUTO_PILOT - Git Pull Failed: [Errno 2] No such file or directory: 'git'
2026-03-12 23:17:28,470 - AUTO_PILOT - Syncing FROM GitHub (Pull)...
2026-03-12 23:17:28,475 - AUTO_PILOT - Git Pull Failed: [Errno 2] No such file or directory: 'git'
2026-03-12 23:18:28,558 - AUTO_PILOT - Syncing FROM GitHub (Pull)...
2026-03-12 23:18:28,564 - AUTO_PILOT - Git Pull Failed: [Errno 2] No such file or directory: 'git'
2026-03-12 23:19:28,635 - AUTO_PILOT - Syncing FROM GitHub (Pull)...
2026-03-12 23:19:28,642 - AUTO_PILOT - Git Pull Failed: [Errno 2] No such file or directory: 'git'
2026-03-12 23:20:28,708 - AUTO_PILOT - Syncing FROM GitHub (Pull)...
2026-03-12 23:20:28,714 - AUTO_PILOT - Git Pull Failed: [Errno 2] No such file or directory: 'git'
2026-03-12 23:21:28,789 - AUTO_PILOT - Syncing FROM GitHub (Pull)...
2026-03-12 23:21:28,796 - AUTO_PILOT - Git Pull Failed: [Errno 2] No such file or directory: 'git'
2026-03-12 23:22:28,821 - AUTO_PILOT - Syncing FROM GitHub (Pull)...
2026-03-12 23:22:28,827 - AUTO_PILOT - Git Pull Failed: [Errno 2] No such file or directory: 'git'
2026-03-12 23:23:28,907 - AUTO_PILOT - Syncing FROM GitHub (Pull)...
2026-03-12 23:23:28,912 - AUTO_PILOT - Git Pull Failed: [Errno 2] No such file or directory: 'git'
2026-03-12 23:24:28,990 - AUTO_PILOT - Syncing FROM GitHub (Pull)...
2026-03-12 23:24:28,995 - AUTO_PILOT - Git Pull Failed: [Errno 2] No such file or directory: 'git'
2026-03-12 23:25:29,006 - AUTO_PILOT - Syncing FROM GitHub (Pull)...
2026-03-12 23:25:29,011 - AUTO_PILOT - Git Pull Failed: [Errno 2] No such file or directory: 'git'
2026-03-12 23:26:29,085 - AUTO_PILOT - Syncing FROM GitHub (Pull)...
2026-03-12 23:26:29,090 - AUTO_PILOT - Git Pull Failed: [Errno 2] No such file or directory: 'git'
2026-03-12 23:27:29,169 - AUTO_PILOT - Syncing FROM GitHub (Pull)...
2026-03-12 23:27:29,174 - AUTO_PILOT - Git Pull Failed: [Errno 2] No such file or directory: 'git'
2026-03-12 23:28:29,253 - AUTO_PILOT - Syncing FROM GitHub (Pull)...
2026-03-12 23:28:29,257 - AUTO_PILOT - Git Pull Failed: [Errno 2] No such file or directory: 'git'
2026-03-13 07:46:32,979 - AUTO_PILOT - Syncing FROM GitHub (Pull)...
2026-03-13 07:46:32,981 - AUTO_PILOT - Git Pull Failed: [Errno 2] No such file or directory: 'git'
2026-03-13 07:46:32,981 - AUTO_PILOT - Midnight Triggered! Starting new day...
2026-03-13 07:46:32,991 - AUTO_PILOT - State reset for 2026-03-13. Pipeline should pick this up shortly.
2026-03-13 07:46:33,000 - AUTO_PILOT - Triggering FETCH...
2026-03-13 07:46:33,000 - AUTO_PILOT - Starting process: ['/usr/local/bin/python', '/app/stock_ticker/main.py', '--fetch-only']
2026-03-14 01:16:37,787 - AUTO_PILOT - Auto-Pilot Started. Schedule: Daily at 12:00 AM (Midnight).
2026-03-14 01:16:37,791 - AUTO_PILOT - Next run scheduled for: 2026-03-15 00:00:00
2026-03-14 01:16:37,792 - AUTO_PILOT - Syncing FROM GitHub (Pull)...
2026-03-14 01:16:37,793 - AUTO_PILOT - Git Pull Failed: [Errno 2] No such file or directory: 'git'
2026-03-14 01:17:37,858 - AUTO_PILOT - Syncing FROM GitHub (Pull)...
2026-03-14 01:17:37,864 - AUTO_PILOT - Git Pull Failed: [Errno 2] No such file or directory: 'git'
2026-03-14 01:18:37,948 - AUTO_PILOT - Syncing FROM GitHub (Pull)...
2026-03-14 01:18:37,953 - AUTO_PILOT - Git Pull Failed: [Errno 2] No such file or directory: 'git'
2026-03-14 01:19:38,037 - AUTO_PILOT - Syncing FROM GitHub (Pull)...
2026-03-14 01:19:38,043 - AUTO_PILOT - Git Pull Failed: [Errno 2] No such file or directory: 'git'
2026-03-14 01:20:38,146 - AUTO_PILOT - Syncing FROM GitHub (Pull)...
2026-03-14 01:20:38,149 - AUTO_PILOT - Git Pull Failed: [Errno 2] No such file or directory: 'git'
2026-03-14 01:21:38,219 - AUTO_PILOT - Syncing FROM GitHub (Pull)...
2026-03-14 01:21:38,228 - AUTO_PILOT - Git Pull Failed: [Errno 2] No such file or directory: 'git'
2026-03-14 01:22:38,303 - AUTO_PILOT - Syncing FROM GitHub (Pull)...
2026-03-14 01:22:38,308 - AUTO_PILOT - Git Pull Failed: [Errno 2] No such file or directory: 'git'
2026-03-14 01:23:38,329 - AUTO_PILOT - Syncing FROM GitHub (Pull)...
2026-03-14 01:23:38,336 - AUTO_PILOT - Git Pull Failed: [Errno 2] No such file or directory: 'git'
2026-03-14 01:24:38,416 - AUTO_PILOT - Syncing FROM GitHub (Pull)...
2026-03-14 01:24:38,423 - AUTO_PILOT - Git Pull Failed: [Errno 2] No such file or directory: 'git'
2026-03-14 01:25:38,507 - AUTO_PILOT - Syncing FROM GitHub (Pull)...
2026-03-14 01:25:38,514 - AUTO_PILOT - Git Pull Failed: [Errno 2] No such file or directory: 'git'
2026-03-14 01:26:38,591 - AUTO_PILOT - Syncing FROM GitHub (Pull)...
2026-03-14 01:26:38,597 - AUTO_PILOT - Git Pull Failed: [Errno 2] No such file or directory: 'git'
2026-03-14 01:27:38,658 - AUTO_PILOT - Syncing FROM GitHub (Pull)...
2026-03-14 01:27:38,661 - AUTO_PILOT - Git Pull Failed: [Errno 2] No such file or directory: 'git'
2026-03-14 01:28:38,707 - AUTO_PILOT - Syncing FROM GitHub (Pull)...
2026-03-14 01:28:38,714 - AUTO_PILOT - Git Pull Failed: [Errno 2] No such file or directory: 'git'
2026-03-14 01:29:38,794 - AUTO_PILOT - Syncing FROM GitHub (Pull)...
2026-03-14 01:29:38,799 - AUTO_PILOT - Git Pull Failed: [Errno 2] No such file or directory: 'git'
2026-03-14 01:30:38,878 - AUTO_PILOT - Syncing FROM GitHub (Pull)...
2026-03-14 01:30:38,884 - AUTO_PILOT - Git Pull Failed: [Errno 2] No such file or directory: 'git'
2026-03-14 01:31:38,949 - AUTO_PILOT - Syncing FROM GitHub (Pull)...
2026-03-14 01:31:38,952 - AUTO_PILOT - Git Pull Failed: [Errno 2] No such file or directory: 'git'
2026-03-14 01:32:39,016 - AUTO_PILOT - Syncing FROM GitHub (Pull)...
2026-03-14 01:32:39,021 - AUTO_PILOT - Git Pull Failed: [Errno 2] No such file or directory: 'git'
2026-03-14 01:33:39,110 - AUTO_PILOT - Syncing FROM GitHub (Pull)...
2026-03-14 01:33:39,116 - AUTO_PILOT - Git Pull Failed: [Errno 2] No such file or directory: 'git'
2026-03-14 01:34:39,175 - AUTO_PILOT - Syncing FROM GitHub (Pull)...
2026-03-14 01:34:39,181 - AUTO_PILOT - Git Pull Failed: [Errno 2] No such file or directory: 'git'
2026-03-14 01:35:39,258 - AUTO_PILOT - Syncing FROM GitHub (Pull)...
2026-03-14 01:35:39,260 - AUTO_PILOT - Git Pull Failed: [Errno 2] No such file or directory: 'git'
2026-03-14 01:36:39,312 - AUTO_PILOT - Syncing FROM GitHub (Pull)...
2026-03-14 01:36:39,315 - AUTO_PILOT - Git Pull Failed: [Errno 2] No such file or directory: 'git'
2026-03-14 01:37:39,375 - AUTO_PILOT - Syncing FROM GitHub (Pull)...
2026-03-14 01:37:39,380 - AUTO_PILOT - Git Pull Failed: [Errno 2] No such file or directory: 'git'
2026-03-14 01:38:39,397 - AUTO_PILOT - Syncing FROM GitHub (Pull)...
2026-03-14 01:38:39,402 - AUTO_PILOT - Git Pull Failed: [Errno 2] No such file or directory: 'git'
2026-03-14 01:39:39,461 - AUTO_PILOT - Syncing FROM GitHub (Pull)...
2026-03-14 01:39:39,467 - AUTO_PILOT - Git Pull Failed: [Errno 2] No such file or directory: 'git'
2026-03-14 01:40:39,550 - AUTO_PILOT - Syncing FROM GitHub (Pull)...
2026-03-14 01:40:39,556 - AUTO_PILOT - Git Pull Failed: [Errno 2] No such file or directory: 'git'
2026-03-14 01:41:39,587 - AUTO_PILOT - Syncing FROM GitHub (Pull)...
2026-03-14 01:41:39,592 - AUTO_PILOT - Git Pull Failed: [Errno 2] No such file or directory: 'git'
2026-03-14 01:42:39,651 - AUTO_PILOT - Syncing FROM GitHub (Pull)...
2026-03-14 01:42:39,657 - AUTO_PILOT - Git Pull Failed: [Errno 2] No such file or directory: 'git'
2026-03-14 01:43:39,699 - AUTO_PILOT - Syncing FROM GitHub (Pull)...
2026-03-14 01:43:39,705 - AUTO_PILOT - Git Pull Failed: [Errno 2] No such file or directory: 'git'
2026-03-14 01:44:39,790 - AUTO_PILOT - Syncing FROM GitHub (Pull)...
2026-03-14 01:44:39,792 - AUTO_PILOT - Git Pull Failed: [Errno 2] No such file or directory: 'git'
2026-03-14 01:45:39,849 - AUTO_PILOT - Syncing FROM GitHub (Pull)...
2026-03-14 01:45:39,855 - AUTO_PILOT - Git Pull Failed: [Errno 2] No such file or directory: 'git'
2026-03-14 01:46:39,942 - AUTO_PILOT - Syncing FROM GitHub (Pull)...
2026-03-14 01:46:39,943 - AUTO_PILOT - Git Pull Failed: [Errno 2] No such file or directory: 'git'
2026-03-14 08:02:13,412 - AUTO_PILOT - Syncing FROM GitHub (Pull)...
2026-03-14 08:02:13,415 - AUTO_PILOT - Git Pull Failed: [Errno 2] No such file or directory: 'git'
2026-03-14 08:03:13,480 - AUTO_PILOT - Syncing FROM GitHub (Pull)...
2026-03-14 08:03:13,484 - AUTO_PILOT - Git Pull Failed: [Errno 2] No such file or directory: 'git'
2026-03-14 08:04:13,563 - AUTO_PILOT - Syncing FROM GitHub (Pull)...
2026-03-14 08:04:13,570 - AUTO_PILOT - Git Pull Failed: [Errno 2] No such file or directory: 'git'
2026-03-14 08:05:13,665 - AUTO_PILOT - Syncing FROM GitHub (Pull)...
2026-03-14 08:05:13,671 - AUTO_PILOT - Git Pull Failed: [Errno 2] No such file or directory: 'git'
2026-03-14 08:06:13,766 - AUTO_PILOT - Syncing FROM GitHub (Pull)...
2026-03-14 08:06:13,773 - AUTO_PILOT - Git Pull Failed: [Errno 2] No such file or directory: 'git'
2026-03-14 08:07:13,819 - AUTO_PILOT - Syncing FROM GitHub (Pull)...
2026-03-14 08:07:13,827 - AUTO_PILOT - Git Pull Failed: [Errno 2] No such file or directory: 'git'
2026-03-14 08:08:13,922 - AUTO_PILOT - Syncing FROM GitHub (Pull)...
2026-03-14 08:08:13,927 - AUTO_PILOT - Git Pull Failed: [Errno 2] No such file or directory: 'git'
2026-03-14 08:09:14,012 - AUTO_PILOT - Syncing FROM GitHub (Pull)...
2026-03-14 08:09:14,018 - AUTO_PILOT - Git Pull Failed: [Errno 2] No such file or directory: 'git'
2026-03-14 08:10:14,112 - AUTO_PILOT - Syncing FROM GitHub (Pull)...
2026-03-14 08:10:14,117 - AUTO_PILOT - Git Pull Failed: [Errno 2] No such file or directory: 'git'
2026-03-14 08:11:14,211 - AUTO_PILOT - Syncing FROM GitHub (Pull)...
2026-03-14 08:11:14,219 - AUTO_PILOT - Git Pull Failed: [Errno 2] No such file or directory: 'git'
2026-03-14 08:12:14,289 - AUTO_PILOT - Syncing FROM GitHub (Pull)...
2026-03-14 08:12:14,296 - AUTO_PILOT - Git Pull Failed: [Errno 2] No such file or directory: 'git'
2026-03-14 08:13:14,391 - AUTO_PILOT - Syncing FROM GitHub (Pull)...
2026-03-14 08:13:14,397 - AUTO_PILOT - Git Pull Failed: [Errno 2] No such file or directory: 'git'
2026-03-14 08:14:14,490 - AUTO_PILOT - Syncing FROM GitHub (Pull)...
2026-03-14 08:14:14,496 - AUTO_PILOT - Git Pull Failed: [Errno 2] No such file or directory: 'git'
2026-03-14 08:15:14,592 - AUTO_PILOT - Syncing FROM GitHub (Pull)...
2026-03-14 08:15:14,598 - AUTO_PILOT - Git Pull Failed: [Errno 2] No such file or directory: 'git'
2026-03-14 08:16:14,693 - AUTO_PILOT - Syncing FROM GitHub (Pull)...
2026-03-14 08:16:14,699 - AUTO_PILOT - Git Pull Failed: [Errno 2] No such file or directory: 'git'
2026-03-14 08:17:14,791 - AUTO_PILOT - Syncing FROM GitHub (Pull)...
2026-03-14 08:17:14,796 - AUTO_PILOT - Git Pull Failed: [Errno 2] No such file or directory: 'git'
2026-03-14 08:18:14,881 - AUTO_PILOT - Syncing FROM GitHub (Pull)...
2026-03-14 08:18:14,888 - AUTO_PILOT - Git Pull Failed: [Errno 2] No such file or directory: 'git'
2026-03-14 08:19:14,979 - AUTO_PILOT - Syncing FROM GitHub (Pull)...
2026-03-14 08:19:14,986 - AUTO_PILOT - Git Pull Failed: [Errno 2] No such file or directory: 'git'
2026-03-14 08:20:15,079 - AUTO_PILOT - Syncing FROM GitHub (Pull)...
2026-03-14 08:20:15,085 - AUTO_PILOT - Git Pull Failed: [Errno 2] No such file or directory: 'git'
2026-03-14 08:21:15,176 - AUTO_PILOT - Syncing FROM GitHub (Pull)...
2026-03-14 08:21:15,180 - AUTO_PILOT - Git Pull Failed: [Errno 2] No such file or directory: 'git'
2026-03-14 08:22:15,243 - AUTO_PILOT - Syncing FROM GitHub (Pull)...
2026-03-14 08:22:15,245 - AUTO_PILOT - Git Pull Failed: [Errno 2] No such file or directory: 'git'
2026-03-14 08:23:15,313 - AUTO_PILOT - Syncing FROM GitHub (Pull)...
2026-03-14 08:23:15,319 - AUTO_PILOT - Git Pull Failed: [Errno 2] No such file or directory: 'git'
2026-03-14 08:24:15,413 - AUTO_PILOT - Syncing FROM GitHub (Pull)...
2026-03-14 08:24:15,421 - AUTO_PILOT - Git Pull Failed: [Errno 2] No such file or directory: 'git'
2026-03-14 08:25:15,465 - AUTO_PILOT - Syncing FROM GitHub (Pull)...
2026-03-14 08:25:15,471 - AUTO_PILOT - Git Pull Failed: [Errno 2] No such file or directory: 'git'
2026-03-14 08:26:15,525 - AUTO_PILOT - Syncing FROM GitHub (Pull)...
2026-03-14 08:26:15,533 - AUTO_PILOT - Git Pull Failed: [Errno 2] No such file or directory: 'git'
2026-03-14 08:27:15,627 - AUTO_PILOT - Syncing FROM GitHub (Pull)...
2026-03-14 08:27:15,633 - AUTO_PILOT - Git Pull Failed: [Errno 2] No such file or directory: 'git'
2026-03-14 08:28:15,726 - AUTO_PILOT - Syncing FROM GitHub (Pull)...
2026-03-14 08:28:15,734 - AUTO_PILOT - Git Pull Failed: [Errno 2] No such file or directory: 'git'
2026-03-14 08:29:15,827 - AUTO_PILOT - Syncing FROM GitHub (Pull)...
2026-03-14 08:29:15,833 - AUTO_PILOT - Git Pull Failed: [Errno 2] No such file or directory: 'git'
2026-03-14 08:30:15,924 - AUTO_PILOT - Syncing FROM GitHub (Pull)...
2026-03-14 08:30:15,929 - AUTO_PILOT - Git Pull Failed: [Errno 2] No such file or directory: 'git'
2026-03-14 08:31:16,019 - AUTO_PILOT - Syncing FROM GitHub (Pull)...
2026-03-14 08:31:16,026 - AUTO_PILOT - Git Pull Failed: [Errno 2] No such file or directory: 'git'
2026-03-14 08:32:16,114 - AUTO_PILOT - Syncing FROM GitHub (Pull)...
2026-03-14 08:32:16,121 - AUTO_PILOT - Git Pull Failed: [Errno 2] No such file or directory: 'git'
2026-03-14 08:33:16,243 - AUTO_PILOT - Syncing FROM GitHub (Pull)...
2026-03-14 08:33:16,255 - AUTO_PILOT - Git Pull Failed: [Errno 2] No such file or directory: 'git'
2026-03-14 08:34:16,366 - AUTO_PILOT - Syncing FROM GitHub (Pull)...
2026-03-14 08:34:16,369 - AUTO_PILOT - Git Pull Failed: [Errno 2] No such file or directory: 'git'
2026-03-14 08:35:16,439 - AUTO_PILOT - Syncing FROM GitHub (Pull)...
2026-03-14 08:35:16,442 - AUTO_PILOT - Git Pull Failed: [Errno 2] No such file or directory: 'git'
2026-03-14 08:36:16,484 - AUTO_PILOT - Syncing FROM GitHub (Pull)...
2026-03-14 08:36:16,487 - AUTO_PILOT - Git Pull Failed: [Errno 2] No such file or directory: 'git'
2026-03-14 08:37:16,545 - AUTO_PILOT - Syncing FROM GitHub (Pull)...
2026-03-14 08:37:16,549 - AUTO_PILOT - Git Pull Failed: [Errno 2] No such file or directory: 'git'
2026-03-14 08:38:16,600 - AUTO_PILOT - Syncing FROM GitHub (Pull)...
2026-03-14 08:38:16,605 - AUTO_PILOT - Git Pull Failed: [Errno 2] No such file or directory: 'git'
2026-03-14 08:39:16,692 - AUTO_PILOT - Syncing FROM GitHub (Pull)...
2026-03-14 08:39:16,698 - AUTO_PILOT - Git Pull Failed: [Errno 2] No such file or directory: 'git'
2026-03-14 08:40:16,785 - AUTO_PILOT - Syncing FROM GitHub (Pull)...
2026-03-14 08:40:16,790 - AUTO_PILOT - Git Pull Failed: [Errno 2] No such file or directory: 'git'
2026-03-14 08:41:16,836 - AUTO_PILOT - Syncing FROM GitHub (Pull)...
2026-03-14 08:41:16,841 - AUTO_PILOT - Git Pull Failed: [Errno 2] No such file or directory: 'git'
2026-03-14 08:42:16,933 - AUTO_PILOT - Syncing FROM GitHub (Pull)...
2026-03-14 08:42:16,942 - AUTO_PILOT - Git Pull Failed: [Errno 2] No such file or directory: 'git'
2026-03-14 08:43:17,029 - AUTO_PILOT - Syncing FROM GitHub (Pull)...
2026-03-14 08:43:17,037 - AUTO_PILOT - Git Pull Failed: [Errno 2] No such file or directory: 'git'
2026-03-14 08:44:17,125 - AUTO_PILOT - Syncing FROM GitHub (Pull)...
2026-03-14 08:44:17,133 - AUTO_PILOT - Git Pull Failed: [Errno 2] No such file or directory: 'git'
2026-03-14 08:45:17,221 - AUTO_PILOT - Syncing FROM GitHub (Pull)...
2026-03-14 08:45:17,229 - AUTO_PILOT - Git Pull Failed: [Errno 2] No such file or directory: 'git'
2026-03-14 08:46:17,317 - AUTO_PILOT - Syncing FROM GitHub (Pull)...
2026-03-14 08:46:17,322 - AUTO_PILOT - Git Pull Failed: [Errno 2] No such file or directory: 'git'
2026-03-14 08:47:17,409 - AUTO_PILOT - Syncing FROM GitHub (Pull)...
2026-03-14 08:47:17,415 - AUTO_PILOT - Git Pull Failed: [Errno 2] No such file or directory: 'git'
2026-03-14 08:48:17,505 - AUTO_PILOT - Syncing FROM GitHub (Pull)...
2026-03-14 08:48:17,510 - AUTO_PILOT - Git Pull Failed: [Errno 2] No such file or directory: 'git'
2026-03-14 08:49:17,584 - AUTO_PILOT - Syncing FROM GitHub (Pull)...
2026-03-14 08:49:17,590 - AUTO_PILOT - Git Pull Failed: [Errno 2] No such file or directory: 'git'
2026-03-14 08:50:17,678 - AUTO_PILOT - Syncing FROM GitHub (Pull)...
2026-03-14 08:50:17,686 - AUTO_PILOT - Git Pull Failed: [Errno 2] No such file or directory: 'git'
2026-03-14 08:51:17,726 - AUTO_PILOT - Syncing FROM GitHub (Pull)...
2026-03-14 08:51:17,730 - AUTO_PILOT - Git Pull Failed: [Errno 2] No such file or directory: 'git'
2026-03-14 09:27:04,268 - AUTO_PILOT - Syncing FROM GitHub (Pull)...
2026-03-14 09:27:04,271 - AUTO_PILOT - Git Pull Failed: [Errno 2] No such file or directory: 'git'
2026-03-14 09:28:04,341 - AUTO_PILOT - Syncing FROM GitHub (Pull)...
2026-03-14 09:28:04,343 - AUTO_PILOT - Git Pull Failed: [Errno 2] No such file or directory: 'git'
2026-03-14 09:29:04,376 - AUTO_PILOT - Syncing FROM GitHub (Pull)...
2026-03-14 09:29:04,379 - AUTO_PILOT - Git Pull Failed: [Errno 2] No such file or directory: 'git'
2026-03-14 09:30:04,454 - AUTO_PILOT - Syncing FROM GitHub (Pull)...
2026-03-14 09:30:04,461 - AUTO_PILOT - Git Pull Failed: [Errno 2] No such file or directory: 'git'
2026-03-14 09:31:04,514 - AUTO_PILOT - Syncing FROM GitHub (Pull)...
2026-03-14 09:31:04,521 - AUTO_PILOT - Git Pull Failed: [Errno 2] No such file or directory: 'git'
2026-03-14 09:32:04,603 - AUTO_PILOT - Syncing FROM GitHub (Pull)...
2026-03-14 09:32:04,609 - AUTO_PILOT - Git Pull Failed: [Errno 2] No such file or directory: 'git'
2026-03-14 09:33:04,698 - AUTO_PILOT - Syncing FROM GitHub (Pull)...
2026-03-14 09:33:04,705 - AUTO_PILOT - Git Pull Failed: [Errno 2] No such file or directory: 'git'
2026-03-14 09:34:04,791 - AUTO_PILOT - Syncing FROM GitHub (Pull)...
2026-03-14 09:34:04,799 - AUTO_PILOT - Git Pull Failed: [Errno 2] No such file or directory: 'git'
2026-03-14 09:35:04,848 - AUTO_PILOT - Syncing FROM GitHub (Pull)...
2026-03-14 09:35:04,855 - AUTO_PILOT - Git Pull Failed: [Errno 2] No such file or directory: 'git'
2026-03-14 09:36:04,950 - AUTO_PILOT - Syncing FROM GitHub (Pull)...
2026-03-14 09:36:04,959 - AUTO_PILOT - Git Pull Failed: [Errno 2] No such file or directory: 'git'
2026-03-14 09:37:05,024 - AUTO_PILOT - Syncing FROM GitHub (Pull)...
2026-03-14 09:37:05,030 - AUTO_PILOT - Git Pull Failed: [Errno 2] No such file or directory: 'git'
2026-03-14 09:38:05,123 - AUTO_PILOT - Syncing FROM GitHub (Pull)...
2026-03-14 09:38:05,131 - AUTO_PILOT - Git Pull Failed: [Errno 2] No such file or directory: 'git'
2026-03-14 09:39:05,225 - AUTO_PILOT - Syncing FROM GitHub (Pull)...
2026-03-14 09:39:05,230 - AUTO_PILOT - Git Pull Failed: [Errno 2] No such file or directory: 'git'
2026-03-14 09:40:05,325 - AUTO_PILOT - Syncing FROM GitHub (Pull)...
2026-03-14 09:40:05,333 - AUTO_PILOT - Git Pull Failed: [Errno 2] No such file or directory: 'git'
2026-03-14 09:41:05,430 - AUTO_PILOT - Syncing FROM GitHub (Pull)...
2026-03-14 09:41:05,436 - AUTO_PILOT - Git Pull Failed: [Errno 2] No such file or directory: 'git'
2026-03-14 09:42:05,530 - AUTO_PILOT - Syncing FROM GitHub (Pull)...
2026-03-14 09:42:05,535 - AUTO_PILOT - Git Pull Failed: [Errno 2] No such file or directory: 'git'
2026-03-14 09:43:05,628 - AUTO_PILOT - Syncing FROM GitHub (Pull)...
2026-03-14 09:43:05,635 - AUTO_PILOT - Git Pull Failed: [Errno 2] No such file or directory: 'git'
2026-03-14 09:44:05,730 - AUTO_PILOT - Syncing FROM GitHub (Pull)...
2026-03-14 09:44:05,735 - AUTO_PILOT - Git Pull Failed: [Errno 2] No such file or directory: 'git'
2026-03-14 09:45:05,827 - AUTO_PILOT - Syncing FROM GitHub (Pull)...
2026-03-14 09:45:05,834 - AUTO_PILOT - Git Pull Failed: [Errno 2] No such file or directory: 'git'
2026-03-14 09:46:05,931 - AUTO_PILOT - Syncing FROM GitHub (Pull)...
2026-03-14 09:46:05,940 - AUTO_PILOT - Git Pull Failed: [Errno 2] No such file or directory: 'git'
2026-03-14 09:47:06,033 - AUTO_PILOT - Syncing FROM GitHub (Pull)...
2026-03-14 09:47:06,040 - AUTO_PILOT - Git Pull Failed: [Errno 2] No such file or directory: 'git'
2026-03-14 09:48:06,134 - AUTO_PILOT - Syncing FROM GitHub (Pull)...
2026-03-14 09:48:06,140 - AUTO_PILOT - Git Pull Failed: [Errno 2] No such file or directory: 'git'
2026-03-14 09:49:06,234 - AUTO_PILOT - Syncing FROM GitHub (Pull)...
2026-03-14 09:49:06,241 - AUTO_PILOT - Git Pull Failed: [Errno 2] No such file or directory: 'git'
2026-03-14 09:50:06,320 - AUTO_PILOT - Syncing FROM GitHub (Pull)...
2026-03-14 09:50:06,326 - AUTO_PILOT - Git Pull Failed: [Errno 2] No such file or directory: 'git'
2026-03-14 09:51:06,382 - AUTO_PILOT - Syncing FROM GitHub (Pull)...
2026-03-14 09:51:06,386 - AUTO_PILOT - Git Pull Failed: [Errno 2] No such file or directory: 'git'
2026-03-14 09:52:06,415 - AUTO_PILOT - Syncing FROM GitHub (Pull)...
2026-03-14 09:52:06,418 - AUTO_PILOT - Git Pull Failed: [Errno 2] No such file or directory: 'git'
2026-03-14 09:53:06,496 - AUTO_PILOT - Syncing FROM GitHub (Pull)...
2026-03-14 09:53:06,501 - AUTO_PILOT - Git Pull Failed: [Errno 2] No such file or directory: 'git'
2026-03-14 09:54:06,575 - AUTO_PILOT - Syncing FROM GitHub (Pull)...
2026-03-14 09:54:06,578 - AUTO_PILOT - Git Pull Failed: [Errno 2] No such file or directory: 'git'
2026-03-14 09:55:06,603 - AUTO_PILOT - Syncing FROM GitHub (Pull)...
2026-03-14 09:55:06,607 - AUTO_PILOT - Git Pull Failed: [Errno 2] No such file or directory: 'git'
2026-03-14 09:56:06,680 - AUTO_PILOT - Syncing FROM GitHub (Pull)...
2026-03-14 09:56:06,685 - AUTO_PILOT - Git Pull Failed: [Errno 2] No such file or directory: 'git'
2026-03-14 09:57:06,758 - AUTO_PILOT - Syncing FROM GitHub (Pull)...
2026-03-14 09:57:06,763 - AUTO_PILOT - Git Pull Failed: [Errno 2] No such file or directory: 'git'
2026-03-14 09:58:06,811 - AUTO_PILOT - Syncing FROM GitHub (Pull)...
2026-03-14 09:58:06,814 - AUTO_PILOT - Git Pull Failed: [Errno 2] No such file or directory: 'git'
2026-03-14 09:59:06,895 - AUTO_PILOT - Syncing FROM GitHub (Pull)...
2026-03-14 09:59:06,899 - AUTO_PILOT - Git Pull Failed: [Errno 2] No such file or directory: 'git'
2026-03-14 10:00:06,969 - AUTO_PILOT - Syncing FROM GitHub (Pull)...
2026-03-14 10:00:06,970 - AUTO_PILOT - Git Pull Failed: [Errno 2] No such file or directory: 'git'
2026-03-14 10:01:07,033 - AUTO_PILOT - Syncing FROM GitHub (Pull)...
2026-03-14 10:01:07,037 - AUTO_PILOT - Git Pull Failed: [Errno 2] No such file or directory: 'git'
2026-03-14 10:02:07,092 - AUTO_PILOT - Syncing FROM GitHub (Pull)...
2026-03-14 10:02:07,094 - AUTO_PILOT - Git Pull Failed: [Errno 2] No such file or directory: 'git'
2026-03-14 10:03:07,143 - AUTO_PILOT - Syncing FROM GitHub (Pull)...
2026-03-14 10:03:07,148 - AUTO_PILOT - Git Pull Failed: [Errno 2] No such file or directory: 'git'
2026-03-14 10:04:07,231 - AUTO_PILOT - Syncing FROM GitHub (Pull)...
2026-03-14 10:04:07,239 - AUTO_PILOT - Git Pull Failed: [Errno 2] No such file or directory: 'git'
2026-03-14 10:05:07,317 - AUTO_PILOT - Syncing FROM GitHub (Pull)...
2026-03-14 10:05:07,324 - AUTO_PILOT - Git Pull Failed: [Errno 2] No such file or directory: 'git'
2026-03-14 10:06:07,413 - AUTO_PILOT - Syncing FROM GitHub (Pull)...
2026-03-14 10:06:07,415 - AUTO_PILOT - Git Pull Failed: [Errno 2] No such file or directory: 'git'
2026-03-14 10:07:07,476 - AUTO_PILOT - Syncing FROM GitHub (Pull)...
2026-03-14 10:07:07,478 - AUTO_PILOT - Git Pull Failed: [Errno 2] No such file or directory: 'git'
2026-03-14 10:08:07,536 - AUTO_PILOT - Syncing FROM GitHub (Pull)...
2026-03-14 10:08:07,543 - AUTO_PILOT - Git Pull Failed: [Errno 2] No such file or directory: 'git'
2026-03-14 10:09:07,630 - AUTO_PILOT - Syncing FROM GitHub (Pull)...
2026-03-14 10:09:07,632 - AUTO_PILOT - Git Pull Failed: [Errno 2] No such file or directory: 'git'
2026-03-14 10:10:07,698 - AUTO_PILOT - Syncing FROM GitHub (Pull)...
2026-03-14 10:10:07,705 - AUTO_PILOT - Git Pull Failed: [Errno 2] No such file or directory: 'git'
2026-03-14 10:11:07,771 - AUTO_PILOT - Syncing FROM GitHub (Pull)...
2026-03-14 10:11:07,775 - AUTO_PILOT - Git Pull Failed: [Errno 2] No such file or directory: 'git'
2026-03-14 10:12:07,844 - AUTO_PILOT - Syncing FROM GitHub (Pull)...
2026-03-14 10:12:07,849 - AUTO_PILOT - Git Pull Failed: [Errno 2] No such file or directory: 'git'
2026-03-14 10:13:07,936 - AUTO_PILOT - Syncing FROM GitHub (Pull)...
2026-03-14 10:13:07,938 - AUTO_PILOT - Git Pull Failed: [Errno 2] No such file or directory: 'git'
2026-03-14 10:14:07,999 - AUTO_PILOT - Syncing FROM GitHub (Pull)...
2026-03-14 10:14:08,000 - AUTO_PILOT - Git Pull Failed: [Errno 2] No such file or directory: 'git'
2026-03-14 10:15:08,061 - AUTO_PILOT - Syncing FROM GitHub (Pull)...
2026-03-14 10:15:08,065 - AUTO_PILOT - Git Pull Failed: [Errno 2] No such file or directory: 'git'
2026-03-14 10:16:08,136 - AUTO_PILOT - Syncing FROM GitHub (Pull)...
2026-03-14 10:16:08,139 - AUTO_PILOT - Git Pull Failed: [Errno 2] No such file or directory: 'git'
2026-03-14 10:17:08,164 - AUTO_PILOT - Syncing FROM GitHub (Pull)...
2026-03-14 10:17:08,166 - AUTO_PILOT - Git Pull Failed: [Errno 2] No such file or directory: 'git'
2026-03-14 10:18:08,228 - AUTO_PILOT - Syncing FROM GitHub (Pull)...
2026-03-14 10:18:08,232 - AUTO_PILOT - Git Pull Failed: [Errno 2] No such file or directory: 'git'
2026-03-14 10:19:08,302 - AUTO_PILOT - Syncing FROM GitHub (Pull)...
2026-03-14 10:19:08,307 - AUTO_PILOT - Git Pull Failed: [Errno 2] No such file or directory: 'git'
2026-03-14 10:20:08,361 - AUTO_PILOT - Syncing FROM GitHub (Pull)...
2026-03-14 10:20:08,364 - AUTO_PILOT - Git Pull Failed: [Errno 2] No such file or directory: 'git'
2026-03-14 10:21:08,391 - AUTO_PILOT - Syncing FROM GitHub (Pull)...
2026-03-14 10:21:08,396 - AUTO_PILOT - Git Pull Failed: [Errno 2] No such file or directory: 'git'
2026-03-14 10:22:08,474 - AUTO_PILOT - Syncing FROM GitHub (Pull)...
2026-03-14 10:22:08,479 - AUTO_PILOT - Git Pull Failed: [Errno 2] No such file or directory: 'git'
2026-03-14 10:23:08,568 - AUTO_PILOT - Syncing FROM GitHub (Pull)...
2026-03-14 10:23:08,574 - AUTO_PILOT - Git Pull Failed: [Errno 2] No such file or directory: 'git'
2026-03-14 10:24:08,622 - AUTO_PILOT - Syncing FROM GitHub (Pull)...
2026-03-14 10:24:08,627 - AUTO_PILOT - Git Pull Failed: [Errno 2] No such file or directory: 'git'
2026-03-14 10:25:08,671 - AUTO_PILOT - Syncing FROM GitHub (Pull)...
2026-03-14 10:25:08,677 - AUTO_PILOT - Git Pull Failed: [Errno 2] No such file or directory: 'git'
2026-03-14 10:26:08,767 - AUTO_PILOT - Syncing FROM GitHub (Pull)...
2026-03-14 10:26:08,772 - AUTO_PILOT - Git Pull Failed: [Errno 2] No such file or directory: 'git'
2026-03-14 10:27:08,860 - AUTO_PILOT - Syncing FROM GitHub (Pull)...
2026-03-14 10:27:08,865 - AUTO_PILOT - Git Pull Failed: [Errno 2] No such file or directory: 'git'
2026-03-14 10:28:08,904 - AUTO_PILOT - Syncing FROM GitHub (Pull)...
2026-03-14 10:28:08,909 - AUTO_PILOT - Git Pull Failed: [Errno 2] No such file or directory: 'git'
2026-03-14 10:29:08,990 - AUTO_PILOT - Syncing FROM GitHub (Pull)...
2026-03-14 10:29:08,992 - AUTO_PILOT - Git Pull Failed: [Errno 2] No such file or directory: 'git'
2026-03-14 10:30:09,052 - AUTO_PILOT - Syncing FROM GitHub (Pull)...
2026-03-14 10:30:09,057 - AUTO_PILOT - Git Pull Failed: [Errno 2] No such file or directory: 'git'
2026-03-14 10:31:09,133 - AUTO_PILOT - Syncing FROM GitHub (Pull)...
2026-03-14 10:31:09,136 - AUTO_PILOT - Git Pull Failed: [Errno 2] No such file or directory: 'git'
2026-03-14 10:32:09,208 - AUTO_PILOT - Syncing FROM GitHub (Pull)...
2026-03-14 10:32:09,214 - AUTO_PILOT - Git Pull Failed: [Errno 2] No such file or directory: 'git'
2026-03-14 10:33:09,287 - AUTO_PILOT - Syncing FROM GitHub (Pull)...
2026-03-14 10:33:09,291 - AUTO_PILOT - Git Pull Failed: [Errno 2] No such file or directory: 'git'
2026-03-14 10:34:09,372 - AUTO_PILOT - Syncing FROM GitHub (Pull)...
2026-03-14 10:34:09,377 - AUTO_PILOT - Git Pull Failed: [Errno 2] No such file or directory: 'git'
2026-03-14 10:35:09,462 - AUTO_PILOT - Syncing FROM GitHub (Pull)...
2026-03-14 10:35:09,467 - AUTO_PILOT - Git Pull Failed: [Errno 2] No such file or directory: 'git'
2026-03-14 10:36:09,555 - AUTO_PILOT - Syncing FROM GitHub (Pull)...
2026-03-14 10:36:09,560 - AUTO_PILOT - Git Pull Failed: [Errno 2] No such file or directory: 'git'
2026-03-14 10:37:09,648 - AUTO_PILOT - Syncing FROM GitHub (Pull)...
2026-03-14 10:37:09,652 - AUTO_PILOT - Git Pull Failed: [Errno 2] No such file or directory: 'git'
2026-03-14 10:38:09,673 - AUTO_PILOT - Syncing FROM GitHub (Pull)...
2026-03-14 10:38:09,679 - AUTO_PILOT - Git Pull Failed: [Errno 2] No such file or directory: 'git'
2026-03-14 10:39:09,772 - AUTO_PILOT - Syncing FROM GitHub (Pull)...
2026-03-14 10:39:09,777 - AUTO_PILOT - Git Pull Failed: [Errno 2] No such file or directory: 'git'
2026-03-14 10:40:09,860 - AUTO_PILOT - Syncing FROM GitHub (Pull)...
2026-03-14 10:40:09,865 - AUTO_PILOT - Git Pull Failed: [Errno 2] No such file or directory: 'git'
2026-03-14 10:41:09,949 - AUTO_PILOT - Syncing FROM GitHub (Pull)...
2026-03-14 10:41:09,956 - AUTO_PILOT - Git Pull Failed: [Errno 2] No such file or directory: 'git'
2026-03-14 10:42:10,033 - AUTO_PILOT - Syncing FROM GitHub (Pull)...
2026-03-14 10:42:10,036 - AUTO_PILOT - Git Pull Failed: [Errno 2] No such file or directory: 'git'
2026-03-14 10:43:10,039 - AUTO_PILOT - Syncing FROM GitHub (Pull)...
2026-03-14 10:43:10,044 - AUTO_PILOT - Git Pull Failed: [Errno 2] No such file or directory: 'git'
2026-03-14 10:44:10,127 - AUTO_PILOT - Syncing FROM GitHub (Pull)...
2026-03-14 10:44:10,132 - AUTO_PILOT - Git Pull Failed: [Errno 2] No such file or directory: 'git'
2026-03-14 10:45:10,213 - AUTO_PILOT - Syncing FROM GitHub (Pull)...
2026-03-14 10:45:10,216 - AUTO_PILOT - Git Pull Failed: [Errno 2] No such file or directory: 'git'
2026-03-14 10:46:10,214 - AUTO_PILOT - Syncing FROM GitHub (Pull)...
2026-03-14 10:46:10,220 - AUTO_PILOT - Git Pull Failed: [Errno 2] No such file or directory: 'git'
2026-03-14 10:47:10,300 - AUTO_PILOT - Syncing FROM GitHub (Pull)...
2026-03-14 10:47:10,307 - AUTO_PILOT - Git Pull Failed: [Errno 2] No such file or directory: 'git'
2026-03-14 10:48:10,388 - AUTO_PILOT - Syncing FROM GitHub (Pull)...
2026-03-14 10:48:10,393 - AUTO_PILOT - Git Pull Failed: [Errno 2] No such file or directory: 'git'
2026-03-14 10:49:10,472 - AUTO_PILOT - Syncing FROM GitHub (Pull)...
2026-03-14 10:49:10,476 - AUTO_PILOT - Git Pull Failed: [Errno 2] No such file or directory: 'git'
2026-03-14 10:50:10,535 - AUTO_PILOT - Syncing FROM GitHub (Pull)...
2026-03-14 10:50:10,539 - AUTO_PILOT - Git Pull Failed: [Errno 2] No such file or directory: 'git'
2026-03-14 10:51:10,605 - AUTO_PILOT - Syncing FROM GitHub (Pull)...
2026-03-14 10:51:10,611 - AUTO_PILOT - Git Pull Failed: [Errno 2] No such file or directory: 'git'
2026-03-14 10:52:10,694 - AUTO_PILOT - Syncing FROM GitHub (Pull)...
2026-03-14 10:52:10,699 - AUTO_PILOT - Git Pull Failed: [Errno 2] No such file or directory: 'git'
2026-03-14 10:53:10,783 - AUTO_PILOT - Syncing FROM GitHub (Pull)...
2026-03-14 10:53:10,791 - AUTO_PILOT - Git Pull Failed: [Errno 2] No such file or directory: 'git'
2026-03-14 10:54:10,876 - AUTO_PILOT - Syncing FROM GitHub (Pull)...
2026-03-14 10:54:10,881 - AUTO_PILOT - Git Pull Failed: [Errno 2] No such file or directory: 'git'
2026-03-14 10:55:10,965 - AUTO_PILOT - Syncing FROM GitHub (Pull)...
2026-03-14 10:55:10,970 - AUTO_PILOT - Git Pull Failed: [Errno 2] No such file or directory: 'git'
2026-03-14 10:56:10,998 - AUTO_PILOT - Syncing FROM GitHub (Pull)...
2026-03-14 10:56:11,004 - AUTO_PILOT - Git Pull Failed: [Errno 2] No such file or directory: 'git'
2026-03-14 10:57:11,089 - AUTO_PILOT - Syncing FROM GitHub (Pull)...
2026-03-14 10:57:11,094 - AUTO_PILOT - Git Pull Failed: [Errno 2] No such file or directory: 'git'
2026-03-14 11:09:45,433 - AUTO_PILOT - Syncing FROM GitHub (Pull)...
2026-03-14 11:09:45,435 - AUTO_PILOT - Git Pull Failed: [Errno 2] No such file or directory: 'git'
2026-03-14 11:10:45,502 - AUTO_PILOT - Syncing FROM GitHub (Pull)...
2026-03-14 11:10:45,506 - AUTO_PILOT - Git Pull Failed: [Errno 2] No such file or directory: 'git'
2026-03-14 11:11:45,580 - AUTO_PILOT - Syncing FROM GitHub (Pull)...
2026-03-14 11:11:45,585 - AUTO_PILOT - Git Pull Failed: [Errno 2] No such file or directory: 'git'
2026-03-14 11:12:45,681 - AUTO_PILOT - Syncing FROM GitHub (Pull)...
2026-03-14 11:12:45,687 - AUTO_PILOT - Git Pull Failed: [Errno 2] No such file or directory: 'git'
2026-03-14 11:13:45,777 - AUTO_PILOT - Syncing FROM GitHub (Pull)...
2026-03-14 11:13:45,781 - AUTO_PILOT - Git Pull Failed: [Errno 2] No such file or directory: 'git'
2026-03-14 11:14:45,842 - AUTO_PILOT - Syncing FROM GitHub (Pull)...
2026-03-14 11:14:45,845 - AUTO_PILOT - Git Pull Failed: [Errno 2] No such file or directory: 'git'
2026-03-14 11:15:45,921 - AUTO_PILOT - Syncing FROM GitHub (Pull)...
2026-03-14 11:15:45,927 - AUTO_PILOT - Git Pull Failed: [Errno 2] No such file or directory: 'git'
2026-03-14 11:16:46,018 - AUTO_PILOT - Syncing FROM GitHub (Pull)...
2026-03-14 11:16:46,023 - AUTO_PILOT - Git Pull Failed: [Errno 2] No such file or directory: 'git'
2026-03-14 11:17:46,114 - AUTO_PILOT - Syncing FROM GitHub (Pull)...
2026-03-14 11:17:46,119 - AUTO_PILOT - Git Pull Failed: [Errno 2] No such file or directory: 'git'
2026-03-14 11:18:46,172 - AUTO_PILOT - Syncing FROM GitHub (Pull)...
2026-03-14 11:18:46,178 - AUTO_PILOT - Git Pull Failed: [Errno 2] No such file or directory: 'git'
2026-03-14 11:19:46,255 - AUTO_PILOT - Syncing FROM GitHub (Pull)...
2026-03-14 11:19:46,261 - AUTO_PILOT - Git Pull Failed: [Errno 2] No such file or directory: 'git'
2026-03-14 11:20:46,353 - AUTO_PILOT - Syncing FROM GitHub (Pull)...
2026-03-14 11:20:46,357 - AUTO_PILOT - Git Pull Failed: [Errno 2] No such file or directory: 'git'
2026-03-14 11:21:46,436 - AUTO_PILOT - Syncing FROM GitHub (Pull)...
2026-03-14 11:21:46,441 - AUTO_PILOT - Git Pull Failed: [Errno 2] No such file or directory: 'git'
2026-03-14 11:22:46,526 - AUTO_PILOT - Syncing FROM GitHub (Pull)...
2026-03-14 11:22:46,532 - AUTO_PILOT - Git Pull Failed: [Errno 2] No such file or directory: 'git'
2026-03-14 11:23:46,623 - AUTO_PILOT - Syncing FROM GitHub (Pull)...
2026-03-14 11:23:46,628 - AUTO_PILOT - Git Pull Failed: [Errno 2] No such file or directory: 'git'
2026-03-14 11:24:46,723 - AUTO_PILOT - Syncing FROM GitHub (Pull)...
2026-03-14 11:24:46,729 - AUTO_PILOT - Git Pull Failed: [Errno 2] No such file or directory: 'git'
2026-03-14 11:25:46,825 - AUTO_PILOT - Syncing FROM GitHub (Pull)...
2026-03-14 11:25:46,830 - AUTO_PILOT - Git Pull Failed: [Errno 2] No such file or directory: 'git'
2026-03-14 11:26:46,922 - AUTO_PILOT - Syncing FROM GitHub (Pull)...
2026-03-14 11:26:46,929 - AUTO_PILOT - Git Pull Failed: [Errno 2] No such file or directory: 'git'
2026-03-14 11:27:46,966 - AUTO_PILOT - Syncing FROM GitHub (Pull)...
2026-03-14 11:27:46,973 - AUTO_PILOT - Git Pull Failed: [Errno 2] No such file or directory: 'git'
2026-03-14 11:28:47,068 - AUTO_PILOT - Syncing FROM GitHub (Pull)...
2026-03-14 11:28:47,074 - AUTO_PILOT - Git Pull Failed: [Errno 2] No such file or directory: 'git'
2026-03-14 11:29:47,168 - AUTO_PILOT - Syncing FROM GitHub (Pull)...
2026-03-14 11:29:47,174 - AUTO_PILOT - Git Pull Failed: [Errno 2] No such file or directory: 'git'
2026-03-14 11:30:47,268 - AUTO_PILOT - Syncing FROM GitHub (Pull)...
2026-03-14 11:30:47,273 - AUTO_PILOT - Git Pull Failed: [Errno 2] No such file or directory: 'git'
2026-03-14 11:31:47,350 - AUTO_PILOT - Syncing FROM GitHub (Pull)...
2026-03-14 11:31:47,353 - AUTO_PILOT - Git Pull Failed: [Errno 2] No such file or directory: 'git'
2026-03-14 11:32:47,425 - AUTO_PILOT - Syncing FROM GitHub (Pull)...
2026-03-14 11:32:47,431 - AUTO_PILOT - Git Pull Failed: [Errno 2] No such file or directory: 'git'
2026-03-14 11:33:47,526 - AUTO_PILOT - Syncing FROM GitHub (Pull)...
2026-03-14 11:33:47,532 - AUTO_PILOT - Git Pull Failed: [Errno 2] No such file or directory: 'git'
2026-03-14 11:34:47,626 - AUTO_PILOT - Syncing FROM GitHub (Pull)...
2026-03-14 11:34:47,632 - AUTO_PILOT - Git Pull Failed: [Errno 2] No such file or directory: 'git'
2026-03-14 11:35:47,672 - AUTO_PILOT - Syncing FROM GitHub (Pull)...
2026-03-14 11:35:47,678 - AUTO_PILOT - Git Pull Failed: [Errno 2] No such file or directory: 'git'
2026-03-14 11:36:47,770 - AUTO_PILOT - Syncing FROM GitHub (Pull)...
2026-03-14 11:36:47,776 - AUTO_PILOT - Git Pull Failed: [Errno 2] No such file or directory: 'git'
2026-03-14 11:37:47,868 - AUTO_PILOT - Syncing FROM GitHub (Pull)...
2026-03-14 11:37:47,873 - AUTO_PILOT - Git Pull Failed: [Errno 2] No such file or directory: 'git'
2026-03-14 11:38:47,967 - AUTO_PILOT - Syncing FROM GitHub (Pull)...
2026-03-14 11:38:47,974 - AUTO_PILOT - Git Pull Failed: [Errno 2] No such file or directory: 'git'
2026-03-14 11:39:48,069 - AUTO_PILOT - Syncing FROM GitHub (Pull)...
2026-03-14 11:39:48,074 - AUTO_PILOT - Git Pull Failed: [Errno 2] No such file or directory: 'git'
2026-03-14 11:40:48,166 - AUTO_PILOT - Syncing FROM GitHub (Pull)...
2026-03-14 11:40:48,172 - AUTO_PILOT - Git Pull Failed: [Errno 2] No such file or directory: 'git'
2026-03-14 11:41:48,265 - AUTO_PILOT - Syncing FROM GitHub (Pull)...
2026-03-14 11:41:48,271 - AUTO_PILOT - Git Pull Failed: [Errno 2] No such file or directory: 'git'
2026-03-14 11:42:48,363 - AUTO_PILOT - Syncing FROM GitHub (Pull)...
2026-03-14 11:42:48,370 - AUTO_PILOT - Git Pull Failed: [Errno 2] No such file or directory: 'git'
2026-03-14 11:43:48,463 - AUTO_PILOT - Syncing FROM GitHub (Pull)...
2026-03-14 11:43:48,469 - AUTO_PILOT - Git Pull Failed: [Errno 2] No such file or directory: 'git'
2026-03-14 11:44:48,560 - AUTO_PILOT - Syncing FROM GitHub (Pull)...
2026-03-14 11:44:48,566 - AUTO_PILOT - Git Pull Failed: [Errno 2] No such file or directory: 'git'
2026-03-14 11:45:48,660 - AUTO_PILOT - Syncing FROM GitHub (Pull)...
2026-03-14 11:45:48,665 - AUTO_PILOT - Git Pull Failed: [Errno 2] No such file or directory: 'git'
2026-03-14 11:46:48,749 - AUTO_PILOT - Syncing FROM GitHub (Pull)...
2026-03-14 11:46:48,755 - AUTO_PILOT - Git Pull Failed: [Errno 2] No such file or directory: 'git'
2026-03-14 11:47:48,819 - AUTO_PILOT - Syncing FROM GitHub (Pull)...
2026-03-14 11:47:48,825 - AUTO_PILOT - Git Pull Failed: [Errno 2] No such file or directory: 'git'
2026-03-14 11:48:48,919 - AUTO_PILOT - Syncing FROM GitHub (Pull)...
2026-03-14 11:48:48,924 - AUTO_PILOT - Git Pull Failed: [Errno 2] No such file or directory: 'git'
2026-03-14 11:49:49,017 - AUTO_PILOT - Syncing FROM GitHub (Pull)...
2026-03-14 11:49:49,023 - AUTO_PILOT - Git Pull Failed: [Errno 2] No such file or directory: 'git'
2026-03-14 11:50:49,078 - AUTO_PILOT - Syncing FROM GitHub (Pull)...
2026-03-14 11:50:49,083 - AUTO_PILOT - Git Pull Failed: [Errno 2] No such file or directory: 'git'
2026-03-14 11:51:49,167 - AUTO_PILOT - Syncing FROM GitHub (Pull)...
2026-03-14 11:51:49,170 - AUTO_PILOT - Git Pull Failed: [Errno 2] No such file or directory: 'git'
2026-03-14 11:52:49,234 - AUTO_PILOT - Syncing FROM GitHub (Pull)...
2026-03-14 11:52:49,239 - AUTO_PILOT - Git Pull Failed: [Errno 2] No such file or directory: 'git'
2026-03-14 11:53:49,327 - AUTO_PILOT - Syncing FROM GitHub (Pull)...
2026-03-14 11:53:49,332 - AUTO_PILOT - Git Pull Failed: [Errno 2] No such file or directory: 'git'
2026-03-14 11:54:49,421 - AUTO_PILOT - Syncing FROM GitHub (Pull)...
2026-03-14 11:54:49,428 - AUTO_PILOT - Git Pull Failed: [Errno 2] No such file or directory: 'git'
2026-03-14 11:55:49,518 - AUTO_PILOT - Syncing FROM GitHub (Pull)...
2026-03-14 11:55:49,526 - AUTO_PILOT - Git Pull Failed: [Errno 2] No such file or directory: 'git'
2026-03-14 11:56:49,615 - AUTO_PILOT - Syncing FROM GitHub (Pull)...
2026-03-14 11:56:49,622 - AUTO_PILOT - Git Pull Failed: [Errno 2] No such file or directory: 'git'
2026-03-14 11:57:49,712 - AUTO_PILOT - Syncing FROM GitHub (Pull)...
2026-03-14 11:57:49,719 - AUTO_PILOT - Git Pull Failed: [Errno 2] No such file or directory: 'git'
2026-03-14 11:58:49,808 - AUTO_PILOT - Syncing FROM GitHub (Pull)...
2026-03-14 11:58:49,815 - AUTO_PILOT - Git Pull Failed: [Errno 2] No such file or directory: 'git'
2026-03-14 11:59:49,904 - AUTO_PILOT - Syncing FROM GitHub (Pull)...
2026-03-14 11:59:49,909 - AUTO_PILOT - Git Pull Failed: [Errno 2] No such file or directory: 'git'
2026-03-14 12:00:49,999 - AUTO_PILOT - Syncing FROM GitHub (Pull)...
2026-03-14 12:00:50,005 - AUTO_PILOT - Git Pull Failed: [Errno 2] No such file or directory: 'git'
2026-03-14 12:01:50,089 - AUTO_PILOT - Syncing FROM GitHub (Pull)...
2026-03-14 12:01:50,092 - AUTO_PILOT - Git Pull Failed: [Errno 2] No such file or directory: 'git'
2026-03-14 12:02:50,142 - AUTO_PILOT - Syncing FROM GitHub (Pull)...
2026-03-14 12:02:50,147 - AUTO_PILOT - Git Pull Failed: [Errno 2] No such file or directory: 'git'
2026-03-14 12:03:50,228 - AUTO_PILOT - Syncing FROM GitHub (Pull)...
2026-03-14 12:03:50,233 - AUTO_PILOT - Git Pull Failed: [Errno 2] No such file or directory: 'git'
2026-03-14 12:06:27,507 - AUTO_PILOT - Syncing FROM GitHub (Pull)...
2026-03-14 12:06:27,509 - AUTO_PILOT - Git Pull Failed: [Errno 2] No such file or directory: 'git'
2026-03-14 12:07:27,572 - AUTO_PILOT - Syncing FROM GitHub (Pull)...
2026-03-14 12:07:27,573 - AUTO_PILOT - Git Pull Failed: [Errno 2] No such file or directory: 'git'
2026-03-14 12:08:27,636 - AUTO_PILOT - Syncing FROM GitHub (Pull)...
2026-03-14 12:08:27,642 - AUTO_PILOT - Git Pull Failed: [Errno 2] No such file or directory: 'git'
2026-03-14 12:09:27,734 - AUTO_PILOT - Syncing FROM GitHub (Pull)...
2026-03-14 12:09:27,739 - AUTO_PILOT - Git Pull Failed: [Errno 2] No such file or directory: 'git'
2026-03-14 12:10:27,798 - AUTO_PILOT - Syncing FROM GitHub (Pull)...
2026-03-14 12:10:27,805 - AUTO_PILOT - Git Pull Failed: [Errno 2] No such file or directory: 'git'
2026-03-14 12:11:27,883 - AUTO_PILOT - Syncing FROM GitHub (Pull)...
2026-03-14 12:11:27,889 - AUTO_PILOT - Git Pull Failed: [Errno 2] No such file or directory: 'git'
2026-03-14 12:12:27,976 - AUTO_PILOT - Syncing FROM GitHub (Pull)...
2026-03-14 12:12:27,982 - AUTO_PILOT - Git Pull Failed: [Errno 2] No such file or directory: 'git'
2026-03-14 12:13:28,052 - AUTO_PILOT - Syncing FROM GitHub (Pull)...
2026-03-14 12:13:28,057 - AUTO_PILOT - Git Pull Failed: [Errno 2] No such file or directory: 'git'
2026-03-14 12:14:28,137 - AUTO_PILOT - Syncing FROM GitHub (Pull)...
2026-03-14 12:14:28,142 - AUTO_PILOT - Git Pull Failed: [Errno 2] No such file or directory: 'git'
2026-03-14 12:15:28,221 - AUTO_PILOT - Syncing FROM GitHub (Pull)...
2026-03-14 12:15:28,226 - AUTO_PILOT - Git Pull Failed: [Errno 2] No such file or directory: 'git'
2026-03-14 12:16:28,306 - AUTO_PILOT - Syncing FROM GitHub (Pull)...
2026-03-14 12:16:28,311 - AUTO_PILOT - Git Pull Failed: [Errno 2] No such file or directory: 'git'
2026-03-14 12:17:28,394 - AUTO_PILOT - Syncing FROM GitHub (Pull)...
2026-03-14 12:17:28,400 - AUTO_PILOT - Git Pull Failed: [Errno 2] No such file or directory: 'git'
2026-03-14 12:18:28,437 - AUTO_PILOT - Syncing FROM GitHub (Pull)...
2026-03-14 12:18:28,442 - AUTO_PILOT - Git Pull Failed: [Errno 2] No such file or directory: 'git'
2026-03-14 12:19:28,525 - AUTO_PILOT - Syncing FROM GitHub (Pull)...
2026-03-14 12:19:28,533 - AUTO_PILOT - Git Pull Failed: [Errno 2] No such file or directory: 'git'
2026-03-14 12:20:28,573 - AUTO_PILOT - Syncing FROM GitHub (Pull)...
2026-03-14 12:20:28,579 - AUTO_PILOT - Git Pull Failed: [Errno 2] No such file or directory: 'git'
2026-03-14 12:21:28,664 - AUTO_PILOT - Syncing FROM GitHub (Pull)...
2026-03-14 12:21:28,671 - AUTO_PILOT - Git Pull Failed: [Errno 2] No such file or directory: 'git'
2026-03-14 12:22:28,752 - AUTO_PILOT - Syncing FROM GitHub (Pull)...
2026-03-14 12:22:28,759 - AUTO_PILOT - Git Pull Failed: [Errno 2] No such file or directory: 'git'
2026-03-14 12:23:28,845 - AUTO_PILOT - Syncing FROM GitHub (Pull)...
2026-03-14 12:23:28,853 - AUTO_PILOT - Git Pull Failed: [Errno 2] No such file or directory: 'git'
2026-03-14 12:24:28,936 - AUTO_PILOT - Syncing FROM GitHub (Pull)...
2026-03-14 12:24:28,941 - AUTO_PILOT - Git Pull Failed: [Errno 2] No such file or directory: 'git'
2026-03-14 12:25:29,025 - AUTO_PILOT - Syncing FROM GitHub (Pull)...
2026-03-14 12:25:29,033 - AUTO_PILOT - Git Pull Failed: [Errno 2] No such file or directory: 'git'
2026-03-14 12:26:29,117 - AUTO_PILOT - Syncing FROM GitHub (Pull)...
2026-03-14 12:26:29,124 - AUTO_PILOT - Git Pull Failed: [Errno 2] No such file or directory: 'git'
2026-03-14 12:27:29,209 - AUTO_PILOT - Syncing FROM GitHub (Pull)...
2026-03-14 12:27:29,217 - AUTO_PILOT - Git Pull Failed: [Errno 2] No such file or directory: 'git'
2026-03-14 12:28:29,269 - AUTO_PILOT - Syncing FROM GitHub (Pull)...
2026-03-14 12:28:29,275 - AUTO_PILOT - Git Pull Failed: [Errno 2] No such file or directory: 'git'
2026-03-14 12:29:29,360 - AUTO_PILOT - Syncing FROM GitHub (Pull)...
2026-03-14 12:29:29,364 - AUTO_PILOT - Git Pull Failed: [Errno 2] No such file or directory: 'git'
2026-03-16 20:07:16,631 - AUTO_PILOT - Syncing FROM GitHub (Pull)...
2026-03-16 20:07:16,633 - AUTO_PILOT - Git Pull Failed: [Errno 2] No such file or directory: 'git'
2026-03-16 20:07:16,633 - AUTO_PILOT - Midnight Triggered! Starting new day...
2026-03-16 20:07:16,641 - AUTO_PILOT - State reset for 2026-03-16. Pipeline should pick this up shortly.
2026-03-16 20:07:16,649 - AUTO_PILOT - Triggering FETCH...
2026-03-16 20:07:16,650 - AUTO_PILOT - Starting process: ['/usr/local/bin/python', '/app/stock_ticker/main.py', '--fetch-only']
2026-03-17 20:54:32,326 - AUTO_PILOT - Auto-Pilot Started. Schedule: Daily at 12:00 AM (Midnight).
2026-03-17 20:54:32,335 - AUTO_PILOT - Next run scheduled for: 2026-03-18 00:00:00
2026-03-17 20:54:32,336 - AUTO_PILOT - Syncing FROM GitHub (Pull)...
2026-03-17 20:54:32,339 - AUTO_PILOT - Git Pull Failed: [Errno 2] No such file or directory: 'git'
2026-03-17 20:55:32,411 - AUTO_PILOT - Syncing FROM GitHub (Pull)...
2026-03-17 20:55:32,417 - AUTO_PILOT - Git Pull Failed: [Errno 2] No such file or directory: 'git'
2026-03-17 20:56:32,507 - AUTO_PILOT - Syncing FROM GitHub (Pull)...
2026-03-17 20:56:32,509 - AUTO_PILOT - Git Pull Failed: [Errno 2] No such file or directory: 'git'
2026-03-17 20:57:32,570 - AUTO_PILOT - Syncing FROM GitHub (Pull)...
2026-03-17 20:57:32,576 - AUTO_PILOT - Git Pull Failed: [Errno 2] No such file or directory: 'git'
2026-03-17 20:58:32,671 - AUTO_PILOT - Syncing FROM GitHub (Pull)...
2026-03-17 20:58:32,675 - AUTO_PILOT - Git Pull Failed: [Errno 2] No such file or directory: 'git'
2026-03-17 20:59:32,721 - AUTO_PILOT - Syncing FROM GitHub (Pull)...
2026-03-17 20:59:32,728 - AUTO_PILOT - Git Pull Failed: [Errno 2] No such file or directory: 'git'
2026-03-18 00:54:22,600 - AUTO_PILOT - Auto-Pilot Started. Schedule: Daily at 12:00 AM (Midnight).
2026-03-18 00:54:22,604 - AUTO_PILOT - Next run scheduled for: 2026-03-19 00:00:00
2026-03-18 00:54:22,604 - AUTO_PILOT - Syncing FROM GitHub (Pull)...
2026-03-18 00:54:22,606 - AUTO_PILOT - Git Pull Failed: [Errno 2] No such file or directory: 'git'
2026-03-18 00:55:22,661 - AUTO_PILOT - Syncing FROM GitHub (Pull)...
2026-03-18 00:55:22,667 - AUTO_PILOT - Git Pull Failed: [Errno 2] No such file or directory: 'git'
2026-03-18 00:56:22,755 - AUTO_PILOT - Syncing FROM GitHub (Pull)...
2026-03-18 00:56:22,761 - AUTO_PILOT - Git Pull Failed: [Errno 2] No such file or directory: 'git'
2026-03-18 00:57:22,855 - AUTO_PILOT - Syncing FROM GitHub (Pull)...
2026-03-18 00:57:22,861 - AUTO_PILOT - Git Pull Failed: [Errno 2] No such file or directory: 'git'
2026-03-18 00:58:22,950 - AUTO_PILOT - Syncing FROM GitHub (Pull)...
2026-03-18 00:58:22,959 - AUTO_PILOT - Git Pull Failed: [Errno 2] No such file or directory: 'git'
2026-03-18 00:59:23,051 - AUTO_PILOT - Syncing FROM GitHub (Pull)...
2026-03-18 00:59:23,057 - AUTO_PILOT - Git Pull Failed: [Errno 2] No such file or directory: 'git'
2026-03-18 01:00:23,148 - AUTO_PILOT - Syncing FROM GitHub (Pull)...
2026-03-18 01:00:23,155 - AUTO_PILOT - Git Pull Failed: [Errno 2] No such file or directory: 'git'
2026-03-18 01:01:23,192 - AUTO_PILOT - Syncing FROM GitHub (Pull)...
2026-03-18 01:01:23,199 - AUTO_PILOT - Git Pull Failed: [Errno 2] No such file or directory: 'git'
2026-03-18 01:02:23,288 - AUTO_PILOT - Syncing FROM GitHub (Pull)...
2026-03-18 01:02:23,294 - AUTO_PILOT - Git Pull Failed: [Errno 2] No such file or directory: 'git'
2026-03-18 01:03:23,375 - AUTO_PILOT - Syncing FROM GitHub (Pull)...
2026-03-18 01:03:23,382 - AUTO_PILOT - Git Pull Failed: [Errno 2] No such file or directory: 'git'
2026-03-18 01:04:23,467 - AUTO_PILOT - Syncing FROM GitHub (Pull)...
2026-03-18 01:04:23,471 - AUTO_PILOT - Git Pull Failed: [Errno 2] No such file or directory: 'git'
2026-03-18 01:05:23,553 - AUTO_PILOT - Syncing FROM GitHub (Pull)...
2026-03-18 01:05:23,558 - AUTO_PILOT - Git Pull Failed: [Errno 2] No such file or directory: 'git'
2026-03-18 01:06:23,638 - AUTO_PILOT - Syncing FROM GitHub (Pull)...
2026-03-18 01:06:23,640 - AUTO_PILOT - Git Pull Failed: [Errno 2] No such file or directory: 'git'
2026-03-18 01:07:23,711 - AUTO_PILOT - Syncing FROM GitHub (Pull)...
2026-03-18 01:07:23,715 - AUTO_PILOT - Git Pull Failed: [Errno 2] No such file or directory: 'git'
2026-03-18 01:08:23,788 - AUTO_PILOT - Syncing FROM GitHub (Pull)...
2026-03-18 01:08:23,791 - AUTO_PILOT - Git Pull Failed: [Errno 2] No such file or directory: 'git'
2026-03-18 01:09:23,859 - AUTO_PILOT - Syncing FROM GitHub (Pull)...
2026-03-18 01:09:23,863 - AUTO_PILOT - Git Pull Failed: [Errno 2] No such file or directory: 'git'
2026-03-18 01:10:23,938 - AUTO_PILOT - Syncing FROM GitHub (Pull)...
2026-03-18 01:10:23,941 - AUTO_PILOT - Git Pull Failed: [Errno 2] No such file or directory: 'git'
2026-03-18 01:11:24,011 - AUTO_PILOT - Syncing FROM GitHub (Pull)...
2026-03-18 01:11:24,013 - AUTO_PILOT - Git Pull Failed: [Errno 2] No such file or directory: 'git'
2026-03-18 01:12:24,073 - AUTO_PILOT - Syncing FROM GitHub (Pull)...
2026-03-18 01:12:24,078 - AUTO_PILOT - Git Pull Failed: [Errno 2] No such file or directory: 'git'
2026-03-18 01:13:24,157 - AUTO_PILOT - Syncing FROM GitHub (Pull)...
2026-03-18 01:13:24,163 - AUTO_PILOT - Git Pull Failed: [Errno 2] No such file or directory: 'git'
2026-03-18 01:14:24,250 - AUTO_PILOT - Syncing FROM GitHub (Pull)...
2026-03-18 01:14:24,255 - AUTO_PILOT - Git Pull Failed: [Errno 2] No such file or directory: 'git'
2026-03-18 01:15:24,337 - AUTO_PILOT - Syncing FROM GitHub (Pull)...
2026-03-18 01:15:24,341 - AUTO_PILOT - Git Pull Failed: [Errno 2] No such file or directory: 'git'
2026-03-18 01:16:24,419 - AUTO_PILOT - Syncing FROM GitHub (Pull)...
2026-03-18 01:16:24,424 - AUTO_PILOT - Git Pull Failed: [Errno 2] No such file or directory: 'git'
2026-03-18 01:17:24,509 - AUTO_PILOT - Syncing FROM GitHub (Pull)...
2026-03-18 01:17:24,516 - AUTO_PILOT - Git Pull Failed: [Errno 2] No such file or directory: 'git'
2026-03-18 01:18:24,586 - AUTO_PILOT - Syncing FROM GitHub (Pull)...
2026-03-18 01:18:24,592 - AUTO_PILOT - Git Pull Failed: [Errno 2] No such file or directory: 'git'
2026-03-18 01:19:24,684 - AUTO_PILOT - Syncing FROM GitHub (Pull)...
2026-03-18 01:19:24,689 - AUTO_PILOT - Git Pull Failed: [Errno 2] No such file or directory: 'git'
2026-03-18 01:20:24,764 - AUTO_PILOT - Syncing FROM GitHub (Pull)...
2026-03-18 01:20:24,770 - AUTO_PILOT - Git Pull Failed: [Errno 2] No such file or directory: 'git'
2026-03-18 01:21:24,855 - AUTO_PILOT - Syncing FROM GitHub (Pull)...
2026-03-18 01:21:24,862 - AUTO_PILOT - Git Pull Failed: [Errno 2] No such file or directory: 'git'
2026-03-18 01:22:24,902 - AUTO_PILOT - Syncing FROM GitHub (Pull)...
2026-03-18 01:22:24,907 - AUTO_PILOT - Git Pull Failed: [Errno 2] No such file or directory: 'git'
2026-03-18 01:23:24,994 - AUTO_PILOT - Syncing FROM GitHub (Pull)...
2026-03-18 01:23:24,999 - AUTO_PILOT - Git Pull Failed: [Errno 2] No such file or directory: 'git'
2026-03-18 01:24:25,088 - AUTO_PILOT - Syncing FROM GitHub (Pull)...
2026-03-18 01:24:25,094 - AUTO_PILOT - Git Pull Failed: [Errno 2] No such file or directory: 'git'
2026-03-18 01:25:25,176 - AUTO_PILOT - Syncing FROM GitHub (Pull)...
2026-03-18 01:25:25,181 - AUTO_PILOT - Git Pull Failed: [Errno 2] No such file or directory: 'git'
2026-03-18 01:26:25,268 - AUTO_PILOT - Syncing FROM GitHub (Pull)...
2026-03-18 01:26:25,274 - AUTO_PILOT - Git Pull Failed: [Errno 2] No such file or directory: 'git'
2026-03-18 01:27:25,363 - AUTO_PILOT - Syncing FROM GitHub (Pull)...
2026-03-18 01:27:25,369 - AUTO_PILOT - Git Pull Failed: [Errno 2] No such file or directory: 'git'
2026-03-18 01:28:25,458 - AUTO_PILOT - Syncing FROM GitHub (Pull)...
2026-03-18 01:28:25,464 - AUTO_PILOT - Git Pull Failed: [Errno 2] No such file or directory: 'git'
2026-03-18 01:29:25,553 - AUTO_PILOT - Syncing FROM GitHub (Pull)...
2026-03-18 01:29:25,560 - AUTO_PILOT - Git Pull Failed: [Errno 2] No such file or directory: 'git'
2026-03-18 01:30:25,649 - AUTO_PILOT - Syncing FROM GitHub (Pull)...
2026-03-18 01:30:25,656 - AUTO_PILOT - Git Pull Failed: [Errno 2] No such file or directory: 'git'
2026-03-18 01:31:25,724 - AUTO_PILOT - Syncing FROM GitHub (Pull)...
2026-03-18 01:31:25,731 - AUTO_PILOT - Git Pull Failed: [Errno 2] No such file or directory: 'git'
2026-03-18 01:32:25,820 - AUTO_PILOT - Syncing FROM GitHub (Pull)...
2026-03-18 01:32:25,826 - AUTO_PILOT - Git Pull Failed: [Errno 2] No such file or directory: 'git'
2026-03-18 01:33:25,916 - AUTO_PILOT - Syncing FROM GitHub (Pull)...
2026-03-18 01:33:25,923 - AUTO_PILOT - Git Pull Failed: [Errno 2] No such file or directory: 'git'
2026-03-18 01:34:26,013 - AUTO_PILOT - Syncing FROM GitHub (Pull)...
2026-03-18 01:34:26,020 - AUTO_PILOT - Git Pull Failed: [Errno 2] No such file or directory: 'git'
2026-03-18 01:35:26,071 - AUTO_PILOT - Syncing FROM GitHub (Pull)...
2026-03-18 01:35:26,078 - AUTO_PILOT - Git Pull Failed: [Errno 2] No such file or directory: 'git'
2026-03-18 01:36:26,167 - AUTO_PILOT - Syncing FROM GitHub (Pull)...
2026-03-18 01:36:26,173 - AUTO_PILOT - Git Pull Failed: [Errno 2] No such file or directory: 'git'
2026-03-18 01:37:26,265 - AUTO_PILOT - Syncing FROM GitHub (Pull)...
2026-03-18 01:37:26,271 - AUTO_PILOT - Git Pull Failed: [Errno 2] No such file or directory: 'git'
2026-03-18 01:38:26,358 - AUTO_PILOT - Syncing FROM GitHub (Pull)...
2026-03-18 01:38:26,364 - AUTO_PILOT - Git Pull Failed: [Errno 2] No such file or directory: 'git'
2026-03-18 01:39:26,403 - AUTO_PILOT - Syncing FROM GitHub (Pull)...
2026-03-18 01:39:26,409 - AUTO_PILOT - Git Pull Failed: [Errno 2] No such file or directory: 'git'
2026-03-19 02:29:39,697 - AUTO_PILOT - Auto-Pilot Started. Schedule: Daily at 12:00 AM (Midnight).
2026-03-19 02:29:39,702 - AUTO_PILOT - Next run scheduled for: 2026-03-20 00:00:00
2026-03-19 02:29:39,703 - AUTO_PILOT - Syncing FROM GitHub (Pull)...
2026-03-19 02:29:39,705 - AUTO_PILOT - Git Pull Failed: [Errno 2] No such file or directory: 'git'
2026-03-19 02:30:39,771 - AUTO_PILOT - Syncing FROM GitHub (Pull)...
2026-03-19 02:30:39,777 - AUTO_PILOT - Git Pull Failed: [Errno 2] No such file or directory: 'git'
2026-03-19 02:31:39,862 - AUTO_PILOT - Syncing FROM GitHub (Pull)...
2026-03-19 02:31:39,867 - AUTO_PILOT - Git Pull Failed: [Errno 2] No such file or directory: 'git'
2026-03-19 02:32:39,943 - AUTO_PILOT - Syncing FROM GitHub (Pull)...
2026-03-19 02:32:39,948 - AUTO_PILOT - Git Pull Failed: [Errno 2] No such file or directory: 'git'
2026-03-19 02:33:40,036 - AUTO_PILOT - Syncing FROM GitHub (Pull)...
2026-03-19 02:33:40,042 - AUTO_PILOT - Git Pull Failed: [Errno 2] No such file or directory: 'git'
2026-03-19 02:34:40,133 - AUTO_PILOT - Syncing FROM GitHub (Pull)...
2026-03-19 02:34:40,139 - AUTO_PILOT - Git Pull Failed: [Errno 2] No such file or directory: 'git'
2026-03-19 02:35:40,231 - AUTO_PILOT - Syncing FROM GitHub (Pull)...
2026-03-19 02:35:40,236 - AUTO_PILOT - Git Pull Failed: [Errno 2] No such file or directory: 'git'
2026-03-19 02:36:40,322 - AUTO_PILOT - Syncing FROM GitHub (Pull)...
2026-03-19 02:36:40,327 - AUTO_PILOT - Git Pull Failed: [Errno 2] No such file or directory: 'git'
2026-03-19 02:37:40,384 - AUTO_PILOT - Syncing FROM GitHub (Pull)...
2026-03-19 02:37:40,390 - AUTO_PILOT - Git Pull Failed: [Errno 2] No such file or directory: 'git'
2026-03-19 02:38:40,483 - AUTO_PILOT - Syncing FROM GitHub (Pull)...
2026-03-19 02:38:40,487 - AUTO_PILOT - Git Pull Failed: [Errno 2] No such file or directory: 'git'
2026-03-19 02:39:40,578 - AUTO_PILOT - Syncing FROM GitHub (Pull)...
2026-03-19 02:39:40,582 - AUTO_PILOT - Git Pull Failed: [Errno 2] No such file or directory: 'git'
2026-03-19 02:40:40,672 - AUTO_PILOT - Syncing FROM GitHub (Pull)...
2026-03-19 02:40:40,676 - AUTO_PILOT - Git Pull Failed: [Errno 2] No such file or directory: 'git'
2026-03-19 02:41:40,761 - AUTO_PILOT - Syncing FROM GitHub (Pull)...
2026-03-19 02:41:40,764 - AUTO_PILOT - Git Pull Failed: [Errno 2] No such file or directory: 'git'
2026-03-19 02:42:40,826 - AUTO_PILOT - Syncing FROM GitHub (Pull)...
2026-03-19 02:42:40,831 - AUTO_PILOT - Git Pull Failed: [Errno 2] No such file or directory: 'git'
2026-03-19 02:43:40,922 - AUTO_PILOT - Syncing FROM GitHub (Pull)...
2026-03-19 02:43:40,926 - AUTO_PILOT - Git Pull Failed: [Errno 2] No such file or directory: 'git'
2026-03-19 02:44:41,016 - AUTO_PILOT - Syncing FROM GitHub (Pull)...
2026-03-19 02:44:41,021 - AUTO_PILOT - Git Pull Failed: [Errno 2] No such file or directory: 'git'
2026-03-19 02:45:41,111 - AUTO_PILOT - Syncing FROM GitHub (Pull)...
2026-03-19 02:45:41,117 - AUTO_PILOT - Git Pull Failed: [Errno 2] No such file or directory: 'git'
2026-03-19 02:46:41,206 - AUTO_PILOT - Syncing FROM GitHub (Pull)...
2026-03-19 02:46:41,212 - AUTO_PILOT - Git Pull Failed: [Errno 2] No such file or directory: 'git'
2026-03-19 02:47:41,288 - AUTO_PILOT - Syncing FROM GitHub (Pull)...
2026-03-19 02:47:41,294 - AUTO_PILOT - Git Pull Failed: [Errno 2] No such file or directory: 'git'
2026-03-19 02:48:41,367 - AUTO_PILOT - Syncing FROM GitHub (Pull)...
2026-03-19 02:48:41,371 - AUTO_PILOT - Git Pull Failed: [Errno 2] No such file or directory: 'git'
2026-03-19 02:49:41,445 - AUTO_PILOT - Syncing FROM GitHub (Pull)...
2026-03-19 02:49:41,448 - AUTO_PILOT - Git Pull Failed: [Errno 2] No such file or directory: 'git'
2026-03-19 23:07:06,975 - AUTO_PILOT - Auto-Pilot Started. Schedule: Daily at 12:00 AM (Midnight).
2026-03-19 23:07:06,986 - AUTO_PILOT - Next run scheduled for: 2026-03-20 00:00:00
2026-03-19 23:07:06,987 - AUTO_PILOT - Syncing FROM GitHub (Pull)...
2026-03-19 23:07:06,993 - AUTO_PILOT - Git Pull Failed: [Errno 2] No such file or directory: 'git'
2026-03-21 00:20:09,273 - AUTO_PILOT - Auto-Pilot Started. Schedule: Daily at 12:00 AM (Midnight).
2026-03-21 00:20:09,281 - AUTO_PILOT - Next run scheduled for: 2026-03-22 00:00:00
2026-03-21 00:20:09,283 - AUTO_PILOT - Syncing FROM GitHub (Pull)...
2026-03-21 00:20:09,287 - AUTO_PILOT - Git Pull Failed: [Errno 2] No such file or directory: 'git'
2026-03-21 00:21:09,394 - AUTO_PILOT - Syncing FROM GitHub (Pull)...
2026-03-21 00:21:09,401 - AUTO_PILOT - Git Pull Failed: [Errno 2] No such file or directory: 'git'
2026-03-21 00:22:09,479 - AUTO_PILOT - Syncing FROM GitHub (Pull)...
2026-03-21 00:22:09,482 - AUTO_PILOT - Git Pull Failed: [Errno 2] No such file or directory: 'git'
2026-03-21 00:23:09,558 - AUTO_PILOT - Syncing FROM GitHub (Pull)...
2026-03-21 00:23:09,562 - AUTO_PILOT - Git Pull Failed: [Errno 2] No such file or directory: 'git'
2026-03-21 00:24:09,642 - AUTO_PILOT - Syncing FROM GitHub (Pull)...
2026-03-21 00:24:09,648 - AUTO_PILOT - Git Pull Failed: [Errno 2] No such file or directory: 'git'
2026-03-21 00:25:09,706 - AUTO_PILOT - Syncing FROM GitHub (Pull)...
2026-03-21 00:25:09,713 - AUTO_PILOT - Git Pull Failed: [Errno 2] No such file or directory: 'git'
2026-03-21 00:26:09,791 - AUTO_PILOT - Syncing FROM GitHub (Pull)...
2026-03-21 00:26:09,799 - AUTO_PILOT - Git Pull Failed: [Errno 2] No such file or directory: 'git'
2026-03-21 00:27:09,869 - AUTO_PILOT - Syncing FROM GitHub (Pull)...
2026-03-21 00:27:09,876 - AUTO_PILOT - Git Pull Failed: [Errno 2] No such file or directory: 'git'
2026-03-21 00:28:09,953 - AUTO_PILOT - Syncing FROM GitHub (Pull)...
2026-03-21 00:28:09,957 - AUTO_PILOT - Git Pull Failed: [Errno 2] No such file or directory: 'git'
2026-03-21 00:29:10,023 - AUTO_PILOT - Syncing FROM GitHub (Pull)...
2026-03-21 00:29:10,026 - AUTO_PILOT - Git Pull Failed: [Errno 2] No such file or directory: 'git'
2026-03-21 00:30:10,092 - AUTO_PILOT - Syncing FROM GitHub (Pull)...
2026-03-21 00:30:10,094 - AUTO_PILOT - Git Pull Failed: [Errno 2] No such file or directory: 'git'
2026-03-21 00:31:10,103 - AUTO_PILOT - Syncing FROM GitHub (Pull)...
2026-03-21 00:31:10,105 - AUTO_PILOT - Git Pull Failed: [Errno 2] No such file or directory: 'git'
2026-03-21 00:32:10,127 - AUTO_PILOT - Syncing FROM GitHub (Pull)...
2026-03-21 00:32:10,136 - AUTO_PILOT - Git Pull Failed: [Errno 2] No such file or directory: 'git'
2026-03-21 00:33:10,167 - AUTO_PILOT - Syncing FROM GitHub (Pull)...
2026-03-21 00:33:10,180 - AUTO_PILOT - Git Pull Failed: [Errno 2] No such file or directory: 'git'
2026-03-21 00:34:10,213 - AUTO_PILOT - Syncing FROM GitHub (Pull)...
2026-03-21 00:34:10,223 - AUTO_PILOT - Git Pull Failed: [Errno 2] No such file or directory: 'git'
2026-03-21 00:35:10,316 - AUTO_PILOT - Syncing FROM GitHub (Pull)...
2026-03-21 00:35:10,318 - AUTO_PILOT - Git Pull Failed: [Errno 2] No such file or directory: 'git'
2026-03-21 00:36:10,381 - AUTO_PILOT - Syncing FROM GitHub (Pull)...
2026-03-21 00:36:10,383 - AUTO_PILOT - Git Pull Failed: [Errno 2] No such file or directory: 'git'
2026-03-21 00:37:10,446 - AUTO_PILOT - Syncing FROM GitHub (Pull)...
2026-03-21 00:37:10,449 - AUTO_PILOT - Git Pull Failed: [Errno 2] No such file or directory: 'git'
2026-03-21 00:38:10,512 - AUTO_PILOT - Syncing FROM GitHub (Pull)...
2026-03-21 00:38:10,516 - AUTO_PILOT - Git Pull Failed: [Errno 2] No such file or directory: 'git'
2026-03-21 00:39:10,585 - AUTO_PILOT - Syncing FROM GitHub (Pull)...
2026-03-21 00:39:10,591 - AUTO_PILOT - Git Pull Failed: [Errno 2] No such file or directory: 'git'
2026-03-21 00:40:10,685 - AUTO_PILOT - Syncing FROM GitHub (Pull)...
2026-03-21 00:40:10,688 - AUTO_PILOT - Git Pull Failed: [Errno 2] No such file or directory: 'git'
2026-03-21 00:41:10,699 - AUTO_PILOT - Syncing FROM GitHub (Pull)...
2026-03-21 00:41:10,702 - AUTO_PILOT - Git Pull Failed: [Errno 2] No such file or directory: 'git'
2026-03-21 00:42:10,720 - AUTO_PILOT - Syncing FROM GitHub (Pull)...
2026-03-21 00:42:10,726 - AUTO_PILOT - Git Pull Failed: [Errno 2] No such file or directory: 'git'
2026-03-21 00:43:10,815 - AUTO_PILOT - Syncing FROM GitHub (Pull)...
2026-03-21 00:43:10,818 - AUTO_PILOT - Git Pull Failed: [Errno 2] No such file or directory: 'git'
2026-03-21 00:44:10,884 - AUTO_PILOT - Syncing FROM GitHub (Pull)...
2026-03-21 00:44:10,887 - AUTO_PILOT - Git Pull Failed: [Errno 2] No such file or directory: 'git'
2026-03-21 00:45:10,954 - AUTO_PILOT - Syncing FROM GitHub (Pull)...
2026-03-21 00:45:10,957 - AUTO_PILOT - Git Pull Failed: [Errno 2] No such file or directory: 'git'
2026-03-21 00:46:11,023 - AUTO_PILOT - Syncing FROM GitHub (Pull)...
2026-03-21 00:46:11,028 - AUTO_PILOT - Git Pull Failed: [Errno 2] No such file or directory: 'git'
2026-03-21 00:47:11,109 - AUTO_PILOT - Syncing FROM GitHub (Pull)...
2026-03-21 00:47:11,112 - AUTO_PILOT - Git Pull Failed: [Errno 2] No such file or directory: 'git'
2026-03-21 00:48:11,182 - AUTO_PILOT - Syncing FROM GitHub (Pull)...
2026-03-21 00:48:11,185 - AUTO_PILOT - Git Pull Failed: [Errno 2] No such file or directory: 'git'
2026-03-21 00:49:11,193 - AUTO_PILOT - Syncing FROM GitHub (Pull)...
2026-03-21 00:49:11,196 - AUTO_PILOT - Git Pull Failed: [Errno 2] No such file or directory: 'git'
2026-03-21 00:50:11,269 - AUTO_PILOT - Syncing FROM GitHub (Pull)...
2026-03-21 00:50:11,271 - AUTO_PILOT - Git Pull Failed: [Errno 2] No such file or directory: 'git'
2026-03-21 00:51:11,339 - AUTO_PILOT - Syncing FROM GitHub (Pull)...
2026-03-21 00:51:11,342 - AUTO_PILOT - Git Pull Failed: [Errno 2] No such file or directory: 'git'
2026-03-21 00:52:11,411 - AUTO_PILOT - Syncing FROM GitHub (Pull)...
2026-03-21 00:52:11,414 - AUTO_PILOT - Git Pull Failed: [Errno 2] No such file or directory: 'git'
2026-03-21 00:53:11,485 - AUTO_PILOT - Syncing FROM GitHub (Pull)...
2026-03-21 00:53:11,488 - AUTO_PILOT - Git Pull Failed: [Errno 2] No such file or directory: 'git'
2026-03-21 00:54:11,564 - AUTO_PILOT - Syncing FROM GitHub (Pull)...
2026-03-21 00:54:11,567 - AUTO_PILOT - Git Pull Failed: [Errno 2] No such file or directory: 'git'
2026-03-21 00:55:11,644 - AUTO_PILOT - Syncing FROM GitHub (Pull)...
2026-03-21 00:55:11,650 - AUTO_PILOT - Git Pull Failed: [Errno 2] No such file or directory: 'git'
2026-03-21 00:56:11,742 - AUTO_PILOT - Syncing FROM GitHub (Pull)...
2026-03-21 00:56:11,748 - AUTO_PILOT - Git Pull Failed: [Errno 2] No such file or directory: 'git'
2026-03-21 00:57:11,823 - AUTO_PILOT - Syncing FROM GitHub (Pull)...
2026-03-21 00:57:11,829 - AUTO_PILOT - Git Pull Failed: [Errno 2] No such file or directory: 'git'
2026-03-21 00:58:11,922 - AUTO_PILOT - Syncing FROM GitHub (Pull)...
2026-03-21 00:58:11,927 - AUTO_PILOT - Git Pull Failed: [Errno 2] No such file or directory: 'git'
2026-03-21 00:59:11,939 - AUTO_PILOT - Syncing FROM GitHub (Pull)...
2026-03-21 00:59:11,944 - AUTO_PILOT - Git Pull Failed: [Errno 2] No such file or directory: 'git'
2026-03-21 01:00:12,071 - AUTO_PILOT - Syncing FROM GitHub (Pull)...
2026-03-21 01:00:12,077 - AUTO_PILOT - Git Pull Failed: [Errno 2] No such file or directory: 'git'
2026-03-21 01:01:12,163 - AUTO_PILOT - Syncing FROM GitHub (Pull)...
2026-03-21 01:01:12,169 - AUTO_PILOT - Git Pull Failed: [Errno 2] No such file or directory: 'git'
2026-03-21 09:09:07,469 - AUTO_PILOT - Syncing FROM GitHub (Pull)...
2026-03-21 09:09:07,471 - AUTO_PILOT - Git Pull Failed: [Errno 2] No such file or directory: 'git'
2026-03-21 09:10:07,537 - AUTO_PILOT - Syncing FROM GitHub (Pull)...
2026-03-21 09:10:07,541 - AUTO_PILOT - Git Pull Failed: [Errno 2] No such file or directory: 'git'
2026-03-21 09:11:07,596 - AUTO_PILOT - Syncing FROM GitHub (Pull)...
2026-03-21 09:11:07,601 - AUTO_PILOT - Git Pull Failed: [Errno 2] No such file or directory: 'git'
2026-03-21 09:12:07,693 - AUTO_PILOT - Syncing FROM GitHub (Pull)...
2026-03-21 09:12:07,699 - AUTO_PILOT - Git Pull Failed: [Errno 2] No such file or directory: 'git'
2026-03-21 09:13:07,734 - AUTO_PILOT - Syncing FROM GitHub (Pull)...
2026-03-21 09:13:07,740 - AUTO_PILOT - Git Pull Failed: [Errno 2] No such file or directory: 'git'
2026-03-21 09:14:07,827 - AUTO_PILOT - Syncing FROM GitHub (Pull)...
2026-03-21 09:14:07,830 - AUTO_PILOT - Git Pull Failed: [Errno 2] No such file or directory: 'git'
2026-03-21 09:15:07,888 - AUTO_PILOT - Syncing FROM GitHub (Pull)...
2026-03-21 09:15:07,894 - AUTO_PILOT - Git Pull Failed: [Errno 2] No such file or directory: 'git'
2026-03-21 09:16:07,966 - AUTO_PILOT - Syncing FROM GitHub (Pull)...
2026-03-21 09:16:07,971 - AUTO_PILOT - Git Pull Failed: [Errno 2] No such file or directory: 'git'
2026-03-21 09:17:08,055 - AUTO_PILOT - Syncing FROM GitHub (Pull)...
2026-03-21 09:17:08,060 - AUTO_PILOT - Git Pull Failed: [Errno 2] No such file or directory: 'git'
2026-03-21 09:18:08,149 - AUTO_PILOT - Syncing FROM GitHub (Pull)...
2026-03-21 09:18:08,155 - AUTO_PILOT - Git Pull Failed: [Errno 2] No such file or directory: 'git'
2026-03-21 09:19:08,208 - AUTO_PILOT - Syncing FROM GitHub (Pull)...
2026-03-21 09:19:08,214 - AUTO_PILOT - Git Pull Failed: [Errno 2] No such file or directory: 'git'
2026-03-21 09:20:08,292 - AUTO_PILOT - Syncing FROM GitHub (Pull)...
2026-03-21 09:20:08,298 - AUTO_PILOT - Git Pull Failed: [Errno 2] No such file or directory: 'git'
2026-03-21 09:21:08,380 - AUTO_PILOT - Syncing FROM GitHub (Pull)...
2026-03-21 09:21:08,385 - AUTO_PILOT - Git Pull Failed: [Errno 2] No such file or directory: 'git'
2026-03-21 09:22:08,474 - AUTO_PILOT - Syncing FROM GitHub (Pull)...
2026-03-21 09:22:08,480 - AUTO_PILOT - Git Pull Failed: [Errno 2] No such file or directory: 'git'
2026-03-21 09:23:08,571 - AUTO_PILOT - Syncing FROM GitHub (Pull)...
2026-03-21 09:23:08,577 - AUTO_PILOT - Git Pull Failed: [Errno 2] No such file or directory: 'git'
2026-03-21 09:24:08,670 - AUTO_PILOT - Syncing FROM GitHub (Pull)...
2026-03-21 09:24:08,677 - AUTO_PILOT - Git Pull Failed: [Errno 2] No such file or directory: 'git'
2026-03-21 09:25:08,765 - AUTO_PILOT - Syncing FROM GitHub (Pull)...
2026-03-21 09:25:08,771 - AUTO_PILOT - Git Pull Failed: [Errno 2] No such file or directory: 'git'
2026-03-21 09:26:08,863 - AUTO_PILOT - Syncing FROM GitHub (Pull)...
2026-03-21 09:26:08,866 - AUTO_PILOT - Git Pull Failed: [Errno 2] No such file or directory: 'git'
2026-03-21 09:27:08,933 - AUTO_PILOT - Syncing FROM GitHub (Pull)...
2026-03-21 09:27:08,940 - AUTO_PILOT - Git Pull Failed: [Errno 2] No such file or directory: 'git'
2026-03-21 09:28:09,031 - AUTO_PILOT - Syncing FROM GitHub (Pull)...
2026-03-21 09:28:09,037 - AUTO_PILOT - Git Pull Failed: [Errno 2] No such file or directory: 'git'
2026-03-21 09:29:09,126 - AUTO_PILOT - Syncing FROM GitHub (Pull)...
2026-03-21 09:29:09,129 - AUTO_PILOT - Git Pull Failed: [Errno 2] No such file or directory: 'git'
2026-03-21 09:30:09,194 - AUTO_PILOT - Syncing FROM GitHub (Pull)...
2026-03-21 09:30:09,201 - AUTO_PILOT - Git Pull Failed: [Errno 2] No such file or directory: 'git'
2026-03-21 09:31:09,275 - AUTO_PILOT - Syncing FROM GitHub (Pull)...
2026-03-21 09:31:09,280 - AUTO_PILOT - Git Pull Failed: [Errno 2] No such file or directory: 'git'
2026-03-21 09:43:38,598 - AUTO_PILOT - Syncing FROM GitHub (Pull)...
2026-03-21 09:43:38,600 - AUTO_PILOT - Git Pull Failed: [Errno 2] No such file or directory: 'git'
2026-03-21 09:44:38,665 - AUTO_PILOT - Syncing FROM GitHub (Pull)...
2026-03-21 09:44:38,670 - AUTO_PILOT - Git Pull Failed: [Errno 2] No such file or directory: 'git'
2026-03-21 09:45:38,760 - AUTO_PILOT - Syncing FROM GitHub (Pull)...
2026-03-21 09:45:38,766 - AUTO_PILOT - Git Pull Failed: [Errno 2] No such file or directory: 'git'
2026-03-21 09:46:38,859 - AUTO_PILOT - Syncing FROM GitHub (Pull)...
2026-03-21 09:46:38,864 - AUTO_PILOT - Git Pull Failed: [Errno 2] No such file or directory: 'git'
2026-03-21 09:47:38,931 - AUTO_PILOT - Syncing FROM GitHub (Pull)...
2026-03-21 09:47:38,936 - AUTO_PILOT - Git Pull Failed: [Errno 2] No such file or directory: 'git'
2026-03-21 09:48:38,969 - AUTO_PILOT - Syncing FROM GitHub (Pull)...
2026-03-21 09:48:38,978 - AUTO_PILOT - Git Pull Failed: [Errno 2] No such file or directory: 'git'
2026-03-21 09:49:39,060 - AUTO_PILOT - Syncing FROM GitHub (Pull)...
2026-03-21 09:49:39,066 - AUTO_PILOT - Git Pull Failed: [Errno 2] No such file or directory: 'git'
2026-03-21 09:50:39,091 - AUTO_PILOT - Syncing FROM GitHub (Pull)...
2026-03-21 09:50:39,098 - AUTO_PILOT - Git Pull Failed: [Errno 2] No such file or directory: 'git'
2026-03-21 09:51:39,154 - AUTO_PILOT - Syncing FROM GitHub (Pull)...
2026-03-21 09:51:39,160 - AUTO_PILOT - Git Pull Failed: [Errno 2] No such file or directory: 'git'
2026-03-21 09:52:39,204 - AUTO_PILOT - Syncing FROM GitHub (Pull)...
2026-03-21 09:52:39,210 - AUTO_PILOT - Git Pull Failed: [Errno 2] No such file or directory: 'git'
2026-03-21 09:53:39,244 - AUTO_PILOT - Syncing FROM GitHub (Pull)...
2026-03-21 09:53:39,251 - AUTO_PILOT - Git Pull Failed: [Errno 2] No such file or directory: 'git'
2026-03-21 09:54:39,341 - AUTO_PILOT - Syncing FROM GitHub (Pull)...
2026-03-21 09:54:39,352 - AUTO_PILOT - Git Pull Failed: [Errno 2] No such file or directory: 'git'
2026-03-21 09:55:39,377 - AUTO_PILOT - Syncing FROM GitHub (Pull)...
2026-03-21 09:55:39,386 - AUTO_PILOT - Git Pull Failed: [Errno 2] No such file or directory: 'git'
2026-03-21 09:56:39,427 - AUTO_PILOT - Syncing FROM GitHub (Pull)...
2026-03-21 09:56:39,429 - AUTO_PILOT - Git Pull Failed: [Errno 2] No such file or directory: 'git'
2026-03-21 09:57:39,463 - AUTO_PILOT - Syncing FROM GitHub (Pull)...
2026-03-21 09:57:39,465 - AUTO_PILOT - Git Pull Failed: [Errno 2] No such file or directory: 'git'
2026-03-21 09:58:39,475 - AUTO_PILOT - Syncing FROM GitHub (Pull)...
2026-03-21 09:58:39,481 - AUTO_PILOT - Git Pull Failed: [Errno 2] No such file or directory: 'git'
2026-03-21 09:59:39,534 - AUTO_PILOT - Syncing FROM GitHub (Pull)...
2026-03-21 09:59:39,537 - AUTO_PILOT - Git Pull Failed: [Errno 2] No such file or directory: 'git'
2026-03-21 10:00:39,609 - AUTO_PILOT - Syncing FROM GitHub (Pull)...
2026-03-21 10:00:39,611 - AUTO_PILOT - Git Pull Failed: [Errno 2] No such file or directory: 'git'
2026-03-21 10:01:39,622 - AUTO_PILOT - Syncing FROM GitHub (Pull)...
2026-03-21 10:01:39,628 - AUTO_PILOT - Git Pull Failed: [Errno 2] No such file or directory: 'git'
2026-03-21 10:02:39,710 - AUTO_PILOT - Syncing FROM GitHub (Pull)...
2026-03-21 10:02:39,712 - AUTO_PILOT - Git Pull Failed: [Errno 2] No such file or directory: 'git'
2026-03-21 13:09:39,317 - AUTO_PILOT - Syncing FROM GitHub (Pull)...
2026-03-21 13:09:39,318 - AUTO_PILOT - Git Pull Failed: [Errno 2] No such file or directory: 'git'
2026-03-21 13:10:39,382 - AUTO_PILOT - Syncing FROM GitHub (Pull)...
2026-03-21 13:10:39,383 - AUTO_PILOT - Git Pull Failed: [Errno 2] No such file or directory: 'git'
2026-03-21 13:11:39,437 - AUTO_PILOT - Syncing FROM GitHub (Pull)...
2026-03-21 13:11:39,443 - AUTO_PILOT - Git Pull Failed: [Errno 2] No such file or directory: 'git'
2026-03-21 13:12:39,535 - AUTO_PILOT - Syncing FROM GitHub (Pull)...
2026-03-21 13:12:39,540 - AUTO_PILOT - Git Pull Failed: [Errno 2] No such file or directory: 'git'
2026-03-21 13:13:39,623 - AUTO_PILOT - Syncing FROM GitHub (Pull)...
2026-03-21 13:13:39,629 - AUTO_PILOT - Git Pull Failed: [Errno 2] No such file or directory: 'git'
2026-03-21 13:14:39,718 - AUTO_PILOT - Syncing FROM GitHub (Pull)...
2026-03-21 13:14:39,726 - AUTO_PILOT - Git Pull Failed: [Errno 2] No such file or directory: 'git'
2026-03-21 13:15:39,767 - AUTO_PILOT - Syncing FROM GitHub (Pull)...
2026-03-21 13:15:39,770 - AUTO_PILOT - Git Pull Failed: [Errno 2] No such file or directory: 'git'
2026-03-21 13:16:39,836 - AUTO_PILOT - Syncing FROM GitHub (Pull)...
2026-03-21 13:16:39,839 - AUTO_PILOT - Git Pull Failed: [Errno 2] No such file or directory: 'git'
2026-03-21 13:17:39,908 - AUTO_PILOT - Syncing FROM GitHub (Pull)...
2026-03-21 13:17:39,913 - AUTO_PILOT - Git Pull Failed: [Errno 2] No such file or directory: 'git'
2026-03-21 13:18:40,004 - AUTO_PILOT - Syncing FROM GitHub (Pull)...
2026-03-21 13:18:40,010 - AUTO_PILOT - Git Pull Failed: [Errno 2] No such file or directory: 'git'
2026-03-21 13:19:40,078 - AUTO_PILOT - Syncing FROM GitHub (Pull)...
2026-03-21 13:19:40,086 - AUTO_PILOT - Git Pull Failed: [Errno 2] No such file or directory: 'git'
2026-03-21 13:20:40,175 - AUTO_PILOT - Syncing FROM GitHub (Pull)...
2026-03-21 13:20:40,181 - AUTO_PILOT - Git Pull Failed: [Errno 2] No such file or directory: 'git'
2026-03-21 13:21:40,268 - AUTO_PILOT - Syncing FROM GitHub (Pull)...
2026-03-21 13:21:40,274 - AUTO_PILOT - Git Pull Failed: [Errno 2] No such file or directory: 'git'
2026-03-21 13:22:40,366 - AUTO_PILOT - Syncing FROM GitHub (Pull)...
2026-03-21 13:22:40,371 - AUTO_PILOT - Git Pull Failed: [Errno 2] No such file or directory: 'git'
2026-03-21 13:23:40,463 - AUTO_PILOT - Syncing FROM GitHub (Pull)...
2026-03-21 13:23:40,469 - AUTO_PILOT - Git Pull Failed: [Errno 2] No such file or directory: 'git'
2026-03-21 13:24:40,524 - AUTO_PILOT - Syncing FROM GitHub (Pull)...
2026-03-21 13:24:40,530 - AUTO_PILOT - Git Pull Failed: [Errno 2] No such file or directory: 'git'
2026-03-21 13:25:40,622 - AUTO_PILOT - Syncing FROM GitHub (Pull)...
2026-03-21 13:25:40,627 - AUTO_PILOT - Git Pull Failed: [Errno 2] No such file or directory: 'git'
2026-03-21 13:26:40,719 - AUTO_PILOT - Syncing FROM GitHub (Pull)...
2026-03-21 13:26:40,724 - AUTO_PILOT - Git Pull Failed: [Errno 2] No such file or directory: 'git'
2026-03-21 13:27:40,815 - AUTO_PILOT - Syncing FROM GitHub (Pull)...
2026-03-21 13:27:40,821 - AUTO_PILOT - Git Pull Failed: [Errno 2] No such file or directory: 'git'
2026-03-21 13:28:40,913 - AUTO_PILOT - Syncing FROM GitHub (Pull)...
2026-03-21 13:28:40,918 - AUTO_PILOT - Git Pull Failed: [Errno 2] No such file or directory: 'git'
2026-03-21 13:29:40,968 - AUTO_PILOT - Syncing FROM GitHub (Pull)...
2026-03-21 13:29:40,973 - AUTO_PILOT - Git Pull Failed: [Errno 2] No such file or directory: 'git'
2026-03-22 00:27:56,155 - AUTO_PILOT - Auto-Pilot Started. Schedule: Daily at 12:00 AM (Midnight).
2026-03-22 00:27:56,159 - AUTO_PILOT - Next run scheduled for: 2026-03-23 00:00:00
2026-03-22 00:27:56,160 - AUTO_PILOT - Syncing FROM GitHub (Pull)...
2026-03-22 00:27:56,161 - AUTO_PILOT - Git Pull Failed: [Errno 2] No such file or directory: 'git'
2026-03-22 00:28:56,228 - AUTO_PILOT - Syncing FROM GitHub (Pull)...
2026-03-22 00:28:56,231 - AUTO_PILOT - Git Pull Failed: [Errno 2] No such file or directory: 'git'
2026-03-22 00:29:56,302 - AUTO_PILOT - Syncing FROM GitHub (Pull)...
2026-03-22 00:29:56,307 - AUTO_PILOT - Git Pull Failed: [Errno 2] No such file or directory: 'git'
2026-03-22 00:30:56,397 - AUTO_PILOT - Syncing FROM GitHub (Pull)...
2026-03-22 00:30:56,402 - AUTO_PILOT - Git Pull Failed: [Errno 2] No such file or directory: 'git'
2026-03-22 00:31:56,487 - AUTO_PILOT - Syncing FROM GitHub (Pull)...
2026-03-22 00:31:56,489 - AUTO_PILOT - Git Pull Failed: [Errno 2] No such file or directory: 'git'
2026-03-22 00:32:56,553 - AUTO_PILOT - Syncing FROM GitHub (Pull)...
2026-03-22 00:32:56,556 - AUTO_PILOT - Git Pull Failed: [Errno 2] No such file or directory: 'git'
2026-03-22 00:33:56,608 - AUTO_PILOT - Syncing FROM GitHub (Pull)...
2026-03-22 00:33:56,611 - AUTO_PILOT - Git Pull Failed: [Errno 2] No such file or directory: 'git'
2026-03-22 00:34:56,681 - AUTO_PILOT - Syncing FROM GitHub (Pull)...
2026-03-22 00:34:56,683 - AUTO_PILOT - Git Pull Failed: [Errno 2] No such file or directory: 'git'
2026-03-22 00:35:56,751 - AUTO_PILOT - Syncing FROM GitHub (Pull)...
2026-03-22 00:35:56,755 - AUTO_PILOT - Git Pull Failed: [Errno 2] No such file or directory: 'git'
2026-03-22 00:36:56,823 - AUTO_PILOT - Syncing FROM GitHub (Pull)...
2026-03-22 00:36:56,825 - AUTO_PILOT - Git Pull Failed: [Errno 2] No such file or directory: 'git'
2026-03-22 00:37:56,896 - AUTO_PILOT - Syncing FROM GitHub (Pull)...
2026-03-22 00:37:56,899 - AUTO_PILOT - Git Pull Failed: [Errno 2] No such file or directory: 'git'
2026-03-22 00:38:56,966 - AUTO_PILOT - Syncing FROM GitHub (Pull)...
2026-03-22 00:38:56,969 - AUTO_PILOT - Git Pull Failed: [Errno 2] No such file or directory: 'git'
2026-03-22 00:39:57,036 - AUTO_PILOT - Syncing FROM GitHub (Pull)...
2026-03-22 00:39:57,039 - AUTO_PILOT - Git Pull Failed: [Errno 2] No such file or directory: 'git'
2026-03-22 00:40:57,113 - AUTO_PILOT - Syncing FROM GitHub (Pull)...
2026-03-22 00:40:57,119 - AUTO_PILOT - Git Pull Failed: [Errno 2] No such file or directory: 'git'
2026-03-22 00:41:57,167 - AUTO_PILOT - Syncing FROM GitHub (Pull)...
2026-03-22 00:41:57,173 - AUTO_PILOT - Git Pull Failed: [Errno 2] No such file or directory: 'git'
2026-03-22 09:47:18,747 - AUTO_PILOT - Syncing FROM GitHub (Pull)...
2026-03-22 09:47:18,748 - AUTO_PILOT - Git Pull Failed: [Errno 2] No such file or directory: 'git'
2026-03-22 09:48:18,813 - AUTO_PILOT - Syncing FROM GitHub (Pull)...
2026-03-22 09:48:18,818 - AUTO_PILOT - Git Pull Failed: [Errno 2] No such file or directory: 'git'
2026-03-22 09:49:18,883 - AUTO_PILOT - Syncing FROM GitHub (Pull)...
2026-03-22 09:49:18,888 - AUTO_PILOT - Git Pull Failed: [Errno 2] No such file or directory: 'git'
2026-03-22 09:50:18,977 - AUTO_PILOT - Syncing FROM GitHub (Pull)...
2026-03-22 09:50:18,982 - AUTO_PILOT - Git Pull Failed: [Errno 2] No such file or directory: 'git'
2026-03-22 09:51:19,069 - AUTO_PILOT - Syncing FROM GitHub (Pull)...
2026-03-22 09:51:19,073 - AUTO_PILOT - Git Pull Failed: [Errno 2] No such file or directory: 'git'
2026-03-22 09:52:19,160 - AUTO_PILOT - Syncing FROM GitHub (Pull)...
2026-03-22 09:52:19,167 - AUTO_PILOT - Git Pull Failed: [Errno 2] No such file or directory: 'git'
2026-03-22 09:53:19,214 - AUTO_PILOT - Syncing FROM GitHub (Pull)...
2026-03-22 09:53:19,217 - AUTO_PILOT - Git Pull Failed: [Errno 2] No such file or directory: 'git'
2026-03-22 09:54:19,280 - AUTO_PILOT - Syncing FROM GitHub (Pull)...
2026-03-22 09:54:19,283 - AUTO_PILOT - Git Pull Failed: [Errno 2] No such file or directory: 'git'
2026-03-22 09:55:19,350 - AUTO_PILOT - Syncing FROM GitHub (Pull)...
2026-03-22 09:55:19,352 - AUTO_PILOT - Git Pull Failed: [Errno 2] No such file or directory: 'git'
2026-03-22 09:56:19,403 - AUTO_PILOT - Syncing FROM GitHub (Pull)...
2026-03-22 09:56:19,404 - AUTO_PILOT - Git Pull Failed: [Errno 2] No such file or directory: 'git'
2026-03-22 09:57:19,467 - AUTO_PILOT - Syncing FROM GitHub (Pull)...
2026-03-22 09:57:19,470 - AUTO_PILOT - Git Pull Failed: [Errno 2] No such file or directory: 'git'
2026-03-22 09:58:19,532 - AUTO_PILOT - Syncing FROM GitHub (Pull)...
2026-03-22 09:58:19,535 - AUTO_PILOT - Git Pull Failed: [Errno 2] No such file or directory: 'git'
2026-03-22 09:59:19,608 - AUTO_PILOT - Syncing FROM GitHub (Pull)...
2026-03-22 09:59:19,615 - AUTO_PILOT - Git Pull Failed: [Errno 2] No such file or directory: 'git'
2026-03-22 10:00:19,707 - AUTO_PILOT - Syncing FROM GitHub (Pull)...
2026-03-22 10:00:19,712 - AUTO_PILOT - Git Pull Failed: [Errno 2] No such file or directory: 'git'
2026-03-22 10:01:19,804 - AUTO_PILOT - Syncing FROM GitHub (Pull)...
2026-03-22 10:01:19,809 - AUTO_PILOT - Git Pull Failed: [Errno 2] No such file or directory: 'git'
2026-03-22 10:02:19,895 - AUTO_PILOT - Syncing FROM GitHub (Pull)...
2026-03-22 10:02:19,900 - AUTO_PILOT - Git Pull Failed: [Errno 2] No such file or directory: 'git'
2026-03-22 10:03:19,989 - AUTO_PILOT - Syncing FROM GitHub (Pull)...
2026-03-22 10:03:19,994 - AUTO_PILOT - Git Pull Failed: [Errno 2] No such file or directory: 'git'
2026-03-22 10:04:20,085 - AUTO_PILOT - Syncing FROM GitHub (Pull)...
2026-03-22 10:04:20,090 - AUTO_PILOT - Git Pull Failed: [Errno 2] No such file or directory: 'git'
2026-03-22 10:05:20,112 - AUTO_PILOT - Syncing FROM GitHub (Pull)...
2026-03-22 10:05:20,117 - AUTO_PILOT - Git Pull Failed: [Errno 2] No such file or directory: 'git'
2026-03-22 10:06:20,159 - AUTO_PILOT - Syncing FROM GitHub (Pull)...
2026-03-22 10:06:20,164 - AUTO_PILOT - Git Pull Failed: [Errno 2] No such file or directory: 'git'
2026-03-22 10:07:20,249 - AUTO_PILOT - Syncing FROM GitHub (Pull)...
2026-03-22 10:07:20,253 - AUTO_PILOT - Git Pull Failed: [Errno 2] No such file or directory: 'git'
2026-03-22 10:08:20,313 - AUTO_PILOT - Syncing FROM GitHub (Pull)...
2026-03-22 10:08:20,317 - AUTO_PILOT - Git Pull Failed: [Errno 2] No such file or directory: 'git'
2026-03-22 10:09:20,355 - AUTO_PILOT - Syncing FROM GitHub (Pull)...
2026-03-22 10:09:20,359 - AUTO_PILOT - Git Pull Failed: [Errno 2] No such file or directory: 'git'
2026-03-22 10:10:20,443 - AUTO_PILOT - Syncing FROM GitHub (Pull)...
2026-03-22 10:10:20,449 - AUTO_PILOT - Git Pull Failed: [Errno 2] No such file or directory: 'git'
2026-03-22 10:11:20,532 - AUTO_PILOT - Syncing FROM GitHub (Pull)...
2026-03-22 10:11:20,537 - AUTO_PILOT - Git Pull Failed: [Errno 2] No such file or directory: 'git'
2026-03-22 10:46:42,363 - AUTO_PILOT - Syncing FROM GitHub (Pull)...
2026-03-22 10:46:42,365 - AUTO_PILOT - Git Pull Failed: [Errno 2] No such file or directory: 'git'
2026-03-22 10:47:42,429 - AUTO_PILOT - Syncing FROM GitHub (Pull)...
2026-03-22 10:47:42,432 - AUTO_PILOT - Git Pull Failed: [Errno 2] No such file or directory: 'git'
2026-03-22 10:48:42,502 - AUTO_PILOT - Syncing FROM GitHub (Pull)...
2026-03-22 10:48:42,507 - AUTO_PILOT - Git Pull Failed: [Errno 2] No such file or directory: 'git'
2026-03-22 10:49:42,539 - AUTO_PILOT - Syncing FROM GitHub (Pull)...
2026-03-22 10:49:42,543 - AUTO_PILOT - Git Pull Failed: [Errno 2] No such file or directory: 'git'
2026-03-22 10:50:42,602 - AUTO_PILOT - Syncing FROM GitHub (Pull)...
2026-03-22 10:50:42,608 - AUTO_PILOT - Git Pull Failed: [Errno 2] No such file or directory: 'git'
2026-03-22 10:51:42,691 - AUTO_PILOT - Syncing FROM GitHub (Pull)...
2026-03-22 10:51:42,694 - AUTO_PILOT - Git Pull Failed: [Errno 2] No such file or directory: 'git'
2026-03-22 10:52:42,755 - AUTO_PILOT - Syncing FROM GitHub (Pull)...
2026-03-22 10:52:42,760 - AUTO_PILOT - Git Pull Failed: [Errno 2] No such file or directory: 'git'
2026-03-22 10:53:42,842 - AUTO_PILOT - Syncing FROM GitHub (Pull)...
2026-03-22 10:53:42,847 - AUTO_PILOT - Git Pull Failed: [Errno 2] No such file or directory: 'git'
2026-03-22 10:54:42,932 - AUTO_PILOT - Syncing FROM GitHub (Pull)...
2026-03-22 10:54:42,936 - AUTO_PILOT - Git Pull Failed: [Errno 2] No such file or directory: 'git'
2026-03-22 10:55:42,999 - AUTO_PILOT - Syncing FROM GitHub (Pull)...
2026-03-22 10:55:43,005 - AUTO_PILOT - Git Pull Failed: [Errno 2] No such file or directory: 'git'
2026-03-22 10:56:43,086 - AUTO_PILOT - Syncing FROM GitHub (Pull)...
2026-03-22 10:56:43,092 - AUTO_PILOT - Git Pull Failed: [Errno 2] No such file or directory: 'git'
2026-03-22 10:57:43,153 - AUTO_PILOT - Syncing FROM GitHub (Pull)...
2026-03-22 10:57:43,158 - AUTO_PILOT - Git Pull Failed: [Errno 2] No such file or directory: 'git'
2026-03-22 10:58:43,242 - AUTO_PILOT - Syncing FROM GitHub (Pull)...
2026-03-22 10:58:43,248 - AUTO_PILOT - Git Pull Failed: [Errno 2] No such file or directory: 'git'
2026-03-22 10:59:43,284 - AUTO_PILOT - Syncing FROM GitHub (Pull)...
2026-03-22 10:59:43,289 - AUTO_PILOT - Git Pull Failed: [Errno 2] No such file or directory: 'git'
2026-03-22 11:00:43,315 - AUTO_PILOT - Syncing FROM GitHub (Pull)...
2026-03-22 11:00:43,320 - AUTO_PILOT - Git Pull Failed: [Errno 2] No such file or directory: 'git'
2026-03-22 11:01:43,356 - AUTO_PILOT - Syncing FROM GitHub (Pull)...
2026-03-22 11:01:43,360 - AUTO_PILOT - Git Pull Failed: [Errno 2] No such file or directory: 'git'
2026-03-22 11:02:43,436 - AUTO_PILOT - Syncing FROM GitHub (Pull)...
2026-03-22 11:02:43,441 - AUTO_PILOT - Git Pull Failed: [Errno 2] No such file or directory: 'git'
2026-03-22 11:03:43,515 - AUTO_PILOT - Syncing FROM GitHub (Pull)...
2026-03-22 11:03:43,520 - AUTO_PILOT - Git Pull Failed: [Errno 2] No such file or directory: 'git'
2026-03-22 11:04:43,567 - AUTO_PILOT - Syncing FROM GitHub (Pull)...
2026-03-22 11:04:43,572 - AUTO_PILOT - Git Pull Failed: [Errno 2] No such file or directory: 'git'
2026-03-22 11:05:43,650 - AUTO_PILOT - Syncing FROM GitHub (Pull)...
2026-03-22 11:05:43,656 - AUTO_PILOT - Git Pull Failed: [Errno 2] No such file or directory: 'git'
2026-03-22 16:02:58,587 - AUTO_PILOT - Syncing FROM GitHub (Pull)...
2026-03-22 16:02:58,589 - AUTO_PILOT - Git Pull Failed: [Errno 2] No such file or directory: 'git'
2026-03-23 04:11:13,994 - AUTO_PILOT - Auto-Pilot Started. Schedule: Daily at 12:00 AM (Midnight).
2026-03-23 04:11:13,999 - AUTO_PILOT - Next run scheduled for: 2026-03-24 00:00:00
2026-03-23 04:11:13,999 - AUTO_PILOT - Syncing FROM GitHub (Pull)...
2026-03-23 04:11:14,002 - AUTO_PILOT - Git Pull Failed: [Errno 2] No such file or directory: 'git'
2026-03-23 04:12:14,062 - AUTO_PILOT - Syncing FROM GitHub (Pull)...
2026-03-23 04:12:14,065 - AUTO_PILOT - Git Pull Failed: [Errno 2] No such file or directory: 'git'
2026-03-23 04:13:14,141 - AUTO_PILOT - Syncing FROM GitHub (Pull)...
2026-03-23 04:13:14,144 - AUTO_PILOT - Git Pull Failed: [Errno 2] No such file or directory: 'git'
2026-03-23 04:14:14,212 - AUTO_PILOT - Syncing FROM GitHub (Pull)...
2026-03-23 04:14:14,217 - AUTO_PILOT - Git Pull Failed: [Errno 2] No such file or directory: 'git'
2026-03-23 04:15:14,284 - AUTO_PILOT - Syncing FROM GitHub (Pull)...
2026-03-23 04:15:14,288 - AUTO_PILOT - Git Pull Failed: [Errno 2] No such file or directory: 'git'
2026-03-23 04:16:14,356 - AUTO_PILOT - Syncing FROM GitHub (Pull)...
2026-03-23 04:16:14,361 - AUTO_PILOT - Git Pull Failed: [Errno 2] No such file or directory: 'git'
2026-03-23 04:17:14,432 - AUTO_PILOT - Syncing FROM GitHub (Pull)...
2026-03-23 04:17:14,437 - AUTO_PILOT - Git Pull Failed: [Errno 2] No such file or directory: 'git'
2026-03-23 04:18:14,522 - AUTO_PILOT - Syncing FROM GitHub (Pull)...
2026-03-23 04:18:14,524 - AUTO_PILOT - Git Pull Failed: [Errno 2] No such file or directory: 'git'
2026-03-23 04:19:14,588 - AUTO_PILOT - Syncing FROM GitHub (Pull)...
2026-03-23 04:19:14,591 - AUTO_PILOT - Git Pull Failed: [Errno 2] No such file or directory: 'git'
2026-03-23 04:20:14,660 - AUTO_PILOT - Syncing FROM GitHub (Pull)...
2026-03-23 04:20:14,666 - AUTO_PILOT - Git Pull Failed: [Errno 2] No such file or directory: 'git'
2026-03-23 04:21:14,755 - AUTO_PILOT - Syncing FROM GitHub (Pull)...
2026-03-23 04:21:14,757 - AUTO_PILOT - Git Pull Failed: [Errno 2] No such file or directory: 'git'
2026-03-23 04:22:14,821 - AUTO_PILOT - Syncing FROM GitHub (Pull)...
2026-03-23 04:22:14,826 - AUTO_PILOT - Git Pull Failed: [Errno 2] No such file or directory: 'git'
2026-03-23 04:23:14,912 - AUTO_PILOT - Syncing FROM GitHub (Pull)...
2026-03-23 04:23:14,918 - AUTO_PILOT - Git Pull Failed: [Errno 2] No such file or directory: 'git'
2026-03-23 04:24:15,002 - AUTO_PILOT - Syncing FROM GitHub (Pull)...
2026-03-23 04:24:15,007 - AUTO_PILOT - Git Pull Failed: [Errno 2] No such file or directory: 'git'
2026-03-23 08:45:24,203 - AUTO_PILOT - Syncing FROM GitHub (Pull)...
2026-03-23 08:45:24,526 - AUTO_PILOT - Git Pull Failed: [Errno 2] No such file or directory: 'git'
2026-03-23 08:46:25,590 - AUTO_PILOT - Syncing FROM GitHub (Pull)...
2026-03-23 08:46:25,591 - AUTO_PILOT - Git Pull Failed: [Errno 2] No such file or directory: 'git'
2026-03-25 02:04:25,192 - AUTO_PILOT - Auto-Pilot Started. Schedule: Daily at 12:00 AM (Midnight).
2026-03-25 02:04:25,196 - AUTO_PILOT - Next run scheduled for: 2026-03-26 00:00:00
2026-03-25 02:04:25,197 - AUTO_PILOT - Syncing FROM GitHub (Pull)...
2026-03-25 02:04:25,200 - AUTO_PILOT - Git Pull Failed: [Errno 2] No such file or directory: 'git'
2026-03-25 02:05:25,270 - AUTO_PILOT - Syncing FROM GitHub (Pull)...
2026-03-25 02:05:25,273 - AUTO_PILOT - Git Pull Failed: [Errno 2] No such file or directory: 'git'
2026-03-25 02:06:25,332 - AUTO_PILOT - Syncing FROM GitHub (Pull)...
2026-03-25 02:06:25,337 - AUTO_PILOT - Git Pull Failed: [Errno 2] No such file or directory: 'git'
2026-03-25 02:07:25,427 - AUTO_PILOT - Syncing FROM GitHub (Pull)...
2026-03-25 02:07:25,431 - AUTO_PILOT - Git Pull Failed: [Errno 2] No such file or directory: 'git'
2026-03-25 02:08:25,505 - AUTO_PILOT - Syncing FROM GitHub (Pull)...
2026-03-25 02:08:25,510 - AUTO_PILOT - Git Pull Failed: [Errno 2] No such file or directory: 'git'
2026-03-25 02:09:25,597 - AUTO_PILOT - Syncing FROM GitHub (Pull)...
2026-03-25 02:09:25,603 - AUTO_PILOT - Git Pull Failed: [Errno 2] No such file or directory: 'git'
2026-03-25 02:10:25,692 - AUTO_PILOT - Syncing FROM GitHub (Pull)...
2026-03-25 02:10:25,697 - AUTO_PILOT - Git Pull Failed: [Errno 2] No such file or directory: 'git'
2026-03-25 02:11:25,785 - AUTO_PILOT - Syncing FROM GitHub (Pull)...
2026-03-25 02:11:25,790 - AUTO_PILOT - Git Pull Failed: [Errno 2] No such file or directory: 'git'
2026-03-25 02:12:25,840 - AUTO_PILOT - Syncing FROM GitHub (Pull)...
2026-03-25 02:12:25,845 - AUTO_PILOT - Git Pull Failed: [Errno 2] No such file or directory: 'git'
2026-03-25 02:13:25,933 - AUTO_PILOT - Syncing FROM GitHub (Pull)...
2026-03-25 02:13:25,938 - AUTO_PILOT - Git Pull Failed: [Errno 2] No such file or directory: 'git'
2026-03-25 02:14:25,985 - AUTO_PILOT - Syncing FROM GitHub (Pull)...
2026-03-25 02:14:25,991 - AUTO_PILOT - Git Pull Failed: [Errno 2] No such file or directory: 'git'
2026-03-25 02:15:26,058 - AUTO_PILOT - Syncing FROM GitHub (Pull)...
2026-03-25 02:15:26,060 - AUTO_PILOT - Git Pull Failed: [Errno 2] No such file or directory: 'git'
2026-03-25 02:16:26,123 - AUTO_PILOT - Syncing FROM GitHub (Pull)...
2026-03-25 02:16:26,127 - AUTO_PILOT - Git Pull Failed: [Errno 2] No such file or directory: 'git'
2026-03-25 02:17:26,181 - AUTO_PILOT - Syncing FROM GitHub (Pull)...
2026-03-25 02:17:26,184 - AUTO_PILOT - Git Pull Failed: [Errno 2] No such file or directory: 'git'
2026-03-25 02:18:26,228 - AUTO_PILOT - Syncing FROM GitHub (Pull)...
2026-03-25 02:18:26,233 - AUTO_PILOT - Git Pull Failed: [Errno 2] No such file or directory: 'git'
2026-03-25 02:19:26,320 - AUTO_PILOT - Syncing FROM GitHub (Pull)...
2026-03-25 02:19:26,325 - AUTO_PILOT - Git Pull Failed: [Errno 2] No such file or directory: 'git'
2026-03-25 02:20:26,417 - AUTO_PILOT - Syncing FROM GitHub (Pull)...
2026-03-25 02:20:26,422 - AUTO_PILOT - Git Pull Failed: [Errno 2] No such file or directory: 'git'
2026-03-25 02:21:26,512 - AUTO_PILOT - Syncing FROM GitHub (Pull)...
2026-03-25 02:21:26,514 - AUTO_PILOT - Git Pull Failed: [Errno 2] No such file or directory: 'git'
2026-03-25 02:22:26,537 - AUTO_PILOT - Syncing FROM GitHub (Pull)...
2026-03-25 02:22:26,540 - AUTO_PILOT - Git Pull Failed: [Errno 2] No such file or directory: 'git'
2026-03-25 02:23:26,606 - AUTO_PILOT - Syncing FROM GitHub (Pull)...
2026-03-25 02:23:26,611 - AUTO_PILOT - Git Pull Failed: [Errno 2] No such file or directory: 'git'
2026-03-25 02:24:26,687 - AUTO_PILOT - Syncing FROM GitHub (Pull)...
2026-03-25 02:24:26,689 - AUTO_PILOT - Git Pull Failed: [Errno 2] No such file or directory: 'git'
2026-03-25 02:25:26,733 - AUTO_PILOT - Syncing FROM GitHub (Pull)...
2026-03-25 02:25:26,738 - AUTO_PILOT - Git Pull Failed: [Errno 2] No such file or directory: 'git'
2026-03-25 02:26:26,820 - AUTO_PILOT - Syncing FROM GitHub (Pull)...
2026-03-25 02:26:26,824 - AUTO_PILOT - Git Pull Failed: [Errno 2] No such file or directory: 'git'
2026-03-25 02:27:26,916 - AUTO_PILOT - Syncing FROM GitHub (Pull)...
2026-03-25 02:27:26,919 - AUTO_PILOT - Git Pull Failed: [Errno 2] No such file or directory: 'git'
2026-03-25 02:28:26,981 - AUTO_PILOT - Syncing FROM GitHub (Pull)...
2026-03-25 02:28:26,987 - AUTO_PILOT - Git Pull Failed: [Errno 2] No such file or directory: 'git'
2026-03-25 02:29:27,072 - AUTO_PILOT - Syncing FROM GitHub (Pull)...
2026-03-25 02:29:27,080 - AUTO_PILOT - Git Pull Failed: [Errno 2] No such file or directory: 'git'
2026-03-25 02:30:27,126 - AUTO_PILOT - Syncing FROM GitHub (Pull)...
2026-03-25 02:30:27,131 - AUTO_PILOT - Git Pull Failed: [Errno 2] No such file or directory: 'git'
2026-03-25 02:31:27,214 - AUTO_PILOT - Syncing FROM GitHub (Pull)...
2026-03-25 02:31:27,219 - AUTO_PILOT - Git Pull Failed: [Errno 2] No such file or directory: 'git'
2026-03-25 02:32:27,232 - AUTO_PILOT - Syncing FROM GitHub (Pull)...
2026-03-25 02:32:27,236 - AUTO_PILOT - Git Pull Failed: [Errno 2] No such file or directory: 'git'
2026-03-25 02:33:27,304 - AUTO_PILOT - Syncing FROM GitHub (Pull)...
2026-03-25 02:33:27,310 - AUTO_PILOT - Git Pull Failed: [Errno 2] No such file or directory: 'git'
2026-03-25 02:34:27,393 - AUTO_PILOT - Syncing FROM GitHub (Pull)...
2026-03-25 02:34:27,398 - AUTO_PILOT - Git Pull Failed: [Errno 2] No such file or directory: 'git'
2026-03-25 02:35:27,479 - AUTO_PILOT - Syncing FROM GitHub (Pull)...
2026-03-25 02:35:27,485 - AUTO_PILOT - Git Pull Failed: [Errno 2] No such file or directory: 'git'
2026-03-25 02:36:27,562 - AUTO_PILOT - Syncing FROM GitHub (Pull)...
2026-03-25 02:36:27,567 - AUTO_PILOT - Git Pull Failed: [Errno 2] No such file or directory: 'git'
2026-03-25 02:37:27,652 - AUTO_PILOT - Syncing FROM GitHub (Pull)...
2026-03-25 02:37:27,659 - AUTO_PILOT - Git Pull Failed: [Errno 2] No such file or directory: 'git'
2026-03-25 02:38:27,741 - AUTO_PILOT - Syncing FROM GitHub (Pull)...
2026-03-25 02:38:27,746 - AUTO_PILOT - Git Pull Failed: [Errno 2] No such file or directory: 'git'
2026-03-25 02:39:27,795 - AUTO_PILOT - Syncing FROM GitHub (Pull)...
2026-03-25 02:39:27,803 - AUTO_PILOT - Git Pull Failed: [Errno 2] No such file or directory: 'git'
2026-03-25 02:40:27,891 - AUTO_PILOT - Syncing FROM GitHub (Pull)...
2026-03-25 02:40:27,897 - AUTO_PILOT - Git Pull Failed: [Errno 2] No such file or directory: 'git'
2026-03-25 02:41:27,986 - AUTO_PILOT - Syncing FROM GitHub (Pull)...
2026-03-25 02:41:27,989 - AUTO_PILOT - Git Pull Failed: [Errno 2] No such file or directory: 'git'
2026-03-25 02:42:28,063 - AUTO_PILOT - Syncing FROM GitHub (Pull)...
2026-03-25 02:42:28,068 - AUTO_PILOT - Git Pull Failed: [Errno 2] No such file or directory: 'git'
2026-03-25 02:43:28,153 - AUTO_PILOT - Syncing FROM GitHub (Pull)...
2026-03-25 02:43:28,158 - AUTO_PILOT - Git Pull Failed: [Errno 2] No such file or directory: 'git'
2026-03-25 02:44:28,237 - AUTO_PILOT - Syncing FROM GitHub (Pull)...
2026-03-25 02:44:28,242 - AUTO_PILOT - Git Pull Failed: [Errno 2] No such file or directory: 'git'
2026-03-25 02:45:28,325 - AUTO_PILOT - Syncing FROM GitHub (Pull)...
2026-03-25 02:45:28,331 - AUTO_PILOT - Git Pull Failed: [Errno 2] No such file or directory: 'git'
2026-03-25 02:46:28,418 - AUTO_PILOT - Syncing FROM GitHub (Pull)...
2026-03-25 02:46:28,423 - AUTO_PILOT - Git Pull Failed: [Errno 2] No such file or directory: 'git'
2026-03-25 02:47:28,509 - AUTO_PILOT - Syncing FROM GitHub (Pull)...
2026-03-25 02:47:28,514 - AUTO_PILOT - Git Pull Failed: [Errno 2] No such file or directory: 'git'
2026-03-25 02:48:28,597 - AUTO_PILOT - Syncing FROM GitHub (Pull)...
2026-03-25 02:48:28,603 - AUTO_PILOT - Git Pull Failed: [Errno 2] No such file or directory: 'git'
2026-03-25 02:49:28,714 - AUTO_PILOT - Syncing FROM GitHub (Pull)...
2026-03-25 02:49:28,719 - AUTO_PILOT - Git Pull Failed: [Errno 2] No such file or directory: 'git'
2026-03-25 02:50:28,811 - AUTO_PILOT - Syncing FROM GitHub (Pull)...
2026-03-25 02:50:28,816 - AUTO_PILOT - Git Pull Failed: [Errno 2] No such file or directory: 'git'
2026-03-25 02:51:28,905 - AUTO_PILOT - Syncing FROM GitHub (Pull)...
2026-03-25 02:51:28,910 - AUTO_PILOT - Git Pull Failed: [Errno 2] No such file or directory: 'git'
2026-03-25 02:52:29,000 - AUTO_PILOT - Syncing FROM GitHub (Pull)...
2026-03-25 02:52:29,005 - AUTO_PILOT - Git Pull Failed: [Errno 2] No such file or directory: 'git'
2026-03-25 02:53:29,091 - AUTO_PILOT - Syncing FROM GitHub (Pull)...
2026-03-25 02:53:29,097 - AUTO_PILOT - Git Pull Failed: [Errno 2] No such file or directory: 'git'
2026-03-25 02:54:29,185 - AUTO_PILOT - Syncing FROM GitHub (Pull)...
2026-03-25 02:54:29,190 - AUTO_PILOT - Git Pull Failed: [Errno 2] No such file or directory: 'git'
2026-03-25 02:55:29,277 - AUTO_PILOT - Syncing FROM GitHub (Pull)...
2026-03-25 02:55:29,280 - AUTO_PILOT - Git Pull Failed: [Errno 2] No such file or directory: 'git'
2026-03-25 02:56:29,347 - AUTO_PILOT - Syncing FROM GitHub (Pull)...
2026-03-25 02:56:29,350 - AUTO_PILOT - Git Pull Failed: [Errno 2] No such file or directory: 'git'
2026-03-25 02:57:29,421 - AUTO_PILOT - Syncing FROM GitHub (Pull)...
2026-03-25 02:57:29,425 - AUTO_PILOT - Git Pull Failed: [Errno 2] No such file or directory: 'git'
2026-03-25 02:58:29,491 - AUTO_PILOT - Syncing FROM GitHub (Pull)...
2026-03-25 02:58:29,495 - AUTO_PILOT - Git Pull Failed: [Errno 2] No such file or directory: 'git'
2026-03-25 02:59:29,536 - AUTO_PILOT - Syncing FROM GitHub (Pull)...
2026-03-25 02:59:29,544 - AUTO_PILOT - Git Pull Failed: [Errno 2] No such file or directory: 'git'
2026-03-25 03:00:29,634 - AUTO_PILOT - Syncing FROM GitHub (Pull)...
2026-03-25 03:00:29,640 - AUTO_PILOT - Git Pull Failed: [Errno 2] No such file or directory: 'git'
2026-03-25 03:01:29,672 - AUTO_PILOT - Syncing FROM GitHub (Pull)...
2026-03-25 03:01:29,677 - AUTO_PILOT - Git Pull Failed: [Errno 2] No such file or directory: 'git'
2026-03-25 03:02:29,770 - AUTO_PILOT - Syncing FROM GitHub (Pull)...
2026-03-25 03:02:29,775 - AUTO_PILOT - Git Pull Failed: [Errno 2] No such file or directory: 'git'
2026-03-25 03:03:29,864 - AUTO_PILOT - Syncing FROM GitHub (Pull)...
2026-03-25 03:03:29,869 - AUTO_PILOT - Git Pull Failed: [Errno 2] No such file or directory: 'git'
2026-03-25 03:04:29,961 - AUTO_PILOT - Syncing FROM GitHub (Pull)...
2026-03-25 03:04:29,966 - AUTO_PILOT - Git Pull Failed: [Errno 2] No such file or directory: 'git'
2026-03-25 03:05:30,057 - AUTO_PILOT - Syncing FROM GitHub (Pull)...
2026-03-25 03:05:30,062 - AUTO_PILOT - Git Pull Failed: [Errno 2] No such file or directory: 'git'
