Ticker,Name,Sector,Industry,Close,Final_Score,Tech_Score,Fund_Score,Sent_Score,Pre_Score,Forecast_Score,Intrinsic_Value,Margin_Safety,PE_Ratio,ROE,Debt_to_Equity,PEG_Ratio,Market_Cap,Div_Yield,ROCE,OPM,FreeCashFlow,SalesGrowth3Y,ProfitGrowth3Y,QtrSalesGrowth,QtrProfitGrowth,Reason
AARVI.NS,AARVI.NS,Industrials,Staffing & Employment Services,128.02,0.99,0.8,1.0,0.537,0.7105499999999999,1.0,138.9,9.95,13.159374,0.11412,24.178,0,1871035776,1.56,9.397743395005804,3.2399999999999998,1.3461,21.151585644907357,-5.932802641100321,31.3,126.8,Strong technical uptrend (RSI/MACD bullish). Undervalued by ~8% (Graham). High Financial Strength (F-Score 7/9).
AUSOMENT.NS,AUSOMENT.NS,Financial Services,Capital Markets,127.97,0.99,0.8,1.0,0.5,0.7049999999999998,1.0,231.22,79.24,6.3235297,0.19156,0.078,0,1757438336,0.78,15.46819161534404,1.2,13.0332752,353.2362500103122,53.87254253989293,21406.399999999998,-6.3,DCF Undervalued by 79.24%. Strong technical uptrend (RSI/MACD bullish). Undervalued by ~80% (Graham). High Financial Strength (F-Score 7/9).
ONGC.NS,ONGC.NS,Energy,Oil & Gas Integrated,248.23,0.9774479999999999,0.8,0.8571428571428571,0.5636,0.6645399999999999,1.0,437.84,76.56,8.515797,0.10977,43.805,0,3120308944896,7.35,12.925260944556577,10.922,39161.9936256,7.5644361275002625,-7.331705014416712,-0.3,5.0,DCF Undervalued by 76.56%. Strong technical uptrend (RSI/MACD bullish). Undervalued by ~76% (Graham).
COALINDIA.NS,COALINDIA.NS,Energy,Thermal Coal,432.2,0.9432827999999999,0.8,1.0,0.54046,0.711069,0.5,441.37,2.24,8.529935,0.30576,12.976,0,2660449910784,6.13,44.0914694595074,19.155,12640.436224,7.310444836038066,26.76396754338757,18.5,-30.8,Strong technical uptrend (RSI/MACD bullish). Undervalued by ~2% (Graham). High Financial Strength (F-Score 7/9).
SAMMAANCAP.NS,SAMMAANCAP.NS,Financial Services,Mortgage Finance,142.97,0.9421710000000001,0.8,0.7142857142857143,0.70095,0.6351425,1.0,369.8,158.62,6.4701357,0.05994,203.545,0,116653211648,1.4,-1.6552000221850098,56.434,0,37.206495766408224,nan,0,0,DCF Undervalued by 158.62%. Strong technical uptrend (RSI/MACD bullish). Undervalued by ~158% (Graham). High Financial Strength (F-Score 7/9). Positive Market Sentiment.
BEARDSELL.NS,BEARDSELL.NS,Industrials,Building Products & Equipment,29.69,0.9419999999999998,0.6,1.0,0.5,0.6349999999999999,1.0,34.02,13.96,12.648306,0.115109995,36.022,0,1177194496,0.34,15.22875816993464,5.83,8.4407752,12.969638950729824,51.803714788443834,3.6999999999999997,-35.0,Undervalued by ~14% (Graham). High Financial Strength (F-Score 7/9).
AGROPHOS.NS,AGROPHOS.NS,Basic Materials,Agricultural Inputs,39.0,0.9419999999999998,0.6,1.0,0.5,0.6349999999999999,1.0,43.95,12.73,15.721775,0.17263001,37.092,0,790487808,2.56,-8.32250377206277,8.239,5.0859,16.700450548905764,nan,27.200000000000003,390.5,Undervalued by ~12% (Graham). High Financial Strength (F-Score 7/9).
SUMEETINDS.NS,SUMEETINDS.NS,Consumer Cyclical,Textile Manufacturing,28.2,0.9419999999999998,0.6,1.0,0.5,0.6349999999999999,1.0,290.3,923.62,0.57374066,7.21817,48.264,0,14926597120,0,71.02513316254412,3.8280000000000003,27.6268736,3.9413159496992645,288.04772973756207,11.3,-29.799999999999997,DCF Undervalued by 923.62%. Undervalued by ~929% (Graham). High Financial Strength (F-Score 7/9).
KALAMANDIR.NS,KALAMANDIR.NS,Consumer Cyclical,Apparel Retail,121.55,0.9419999999999998,0.6,1.0,0.5,0.6349999999999999,1.0,126.32,3.97,13.806818,0.11468001,25.323,0,17903022080,0.82,14.073680399904493,12.797,173.2999936,8.769927760887231,16.20980235336129,27.900000000000002,68.89999999999999,Undervalued by ~3% (Graham). High Financial Strength (F-Score 7/9).
KRBL.NS,KRBL.NS,Consumer Defensive,Packaged Foods,357.75,0.9375305999999999,0.6,1.0,0.47517,0.6312754999999999,1.0,378.78,5.95,13.429751,0.11677,1.295,0,81828134912,0.98,11.635641138852886,13.467,1071.4887168,9.794140789222382,1.1937894750891465,18.9,67.5,Undervalued by ~5% (Graham). High Financial Strength (F-Score 7/9).
FLAIR.NS,FLAIR.NS,Industrials,Business Equipment & Supplies,319.4,0.9326399999999999,0.8,0.7142857142857143,0.648,0.6272,1.0,169.56,-46.84,25.540432,0.12946999,5.464,0,33621125120,0.31,15.58680586033057,14.707999999999998,-102.4682624,23.405251819482253,29.42829838872949,18.8,29.5,Overvalued by 46.84%. Strong technical uptrend (RSI/MACD bullish). High Financial Strength (F-Score 7/9). Positive Market Sentiment.
TI.NS,TI.NS,Consumer Defensive,Beverages - Wineries & Distilleries,419.3,0.8490858,0.8,0.7142857142857143,0.68381,0.6325715000000001,0.5,179.38,-57.19,30.017908,0.19912,2.445,0,103610015744,0.24,25.43557390767756,13.814001000000001,40.8077248,22.332693879362807,71.91522531443877,6.2,-10.0,Overvalued by 57.19%. Strong technical uptrend (RSI/MACD bullish). High Financial Strength (F-Score 7/9). Positive Market Sentiment.
CHENNPETRO.NS,CHENNPETRO.NS,Energy,Oil & Gas Refining & Marketing,875.3,0.8459999999999998,0.8,1.0,0.5,0.7049999999999998,0.0,1023.86,16.75,11.157761,0.14144,21.902,0,130638381056,0.57,4.36168810896526,6.08,3522.9499392,11.02894034561377,-45.89924183620996,35.099999999999994,0,Strong technical uptrend (RSI/MACD bullish). Undervalued by ~16% (Graham). High Financial Strength (F-Score 7/9).
GESHIP.NS,GESHIP.NS,Industrials,Marine Shipping,1173.6,0.8459999999999998,0.8,1.0,0.5,0.7049999999999998,0.0,1851.13,57.73,8.216761,0.14222999,8.236,0,167551549440,2.58,16.325581962069656,34.734002000000004,1120.2262016,15.040034781878276,54.98700738125291,-8.3,1.0,DCF Undervalued by 57.73%. Strong technical uptrend (RSI/MACD bullish). Undervalued by ~57% (Graham). High Financial Strength (F-Score 7/9).
NATCOPHARM.NS,NATCOPHARM.NS,Healthcare,Drug Manufacturers - Specialty & Generic,891.95,0.8020889999999999,0.6,1.0,0.7227166666666667,0.6684074999999999,0.0,966.01,8.84,10.333566,0.19437,3.012,0,158968971264,0.73,29.294044491821168,38.65,78.6,32.30451002020984,123.00684512690307,-0.6,-23.5,Undervalued by ~8% (Graham). High Financial Strength (F-Score 7/9). Positive Market Sentiment.
GOODLUCK.NS,GOODLUCK.NS,Basic Materials,Steel,1137.4,0.7960470000000001,0.8,0.7142857142857143,0.88915,0.6633725,0.0,683.06,-39.71,22.484621,0.122609995,70.111,0,37705166848,0.35,13.737768569704045,8.3859995,-412.4676352,14.771798158634386,30.008327629537778,1.6,-12.1,Overvalued by 39.71%. Strong technical uptrend (RSI/MACD bullish). High Financial Strength (F-Score 7/9). Positive Market Sentiment.
UNITEDTEA.NS,UNITEDTEA.NS,Consumer Defensive,Farm Products,475.15,0.7759999999999999,0.8,0.8333333333333334,0.5,0.6466666666666666,0.0,667.8,40.29,11.168466,0.095419995,0,0,2378365952,0.63,9.704343425273658,17.266001,15.9211008,6.161826020995309,21.621309976473867,-15.4,-23.400000000000002,DCF Undervalued by 40.29%. Strong technical uptrend (RSI/MACD bullish). Undervalued by ~40% (Graham). High Financial Strength (F-Score 7/9).
HINDALCO.NS,HINDALCO.NS,Basic Materials,Aluminum,955.35,0.7689281999999998,0.6,1.0,0.53849,0.6407734999999999,0.0,1044.86,9.31,11.968198,0.14206,57.571,0,2136558534656,0.52,13.825684119801767,10.318,-2448.2500608,6.924995961584313,5.23467463835805,13.5,21.4,Undervalued by ~9% (Graham). High Financial Strength (F-Score 7/9).
MONTECARLO.NS,MONTECARLO.NS,Consumer Cyclical,Apparel Manufacturing,610.1,0.7619999999999999,0.6,1.0,0.5,0.6349999999999999,0.0,614.02,0.66,14.638829,0.10927,89.066,0,12646558720,3.28,14.407165222976529,10.245,-69.4662528,6.770310165929017,-10.688693278036299,13.200000000000001,102.1,Undervalued by ~0% (Graham). High Financial Strength (F-Score 7/9).
LUPIN.NS,LUPIN.NS,Healthcare,Drug Manufacturers - Specialty & Generic,2195.9,0.7565352000000001,0.8,0.7142857142857143,0.66964,0.6304460000000001,0.0,955.63,-56.64,23.342512,0.24529,31.513,0,1006784610304,0.55,19.23474482891722,25.837,1799.4274816,11.077382597600582,29.01826250560562,24.2,73.2,Overvalued by 56.64%. Strong technical uptrend (RSI/MACD bullish). High Financial Strength (F-Score 7/9). Positive Market Sentiment.
CCL.NS,CCL.NS,Consumer Defensive,Packaged Foods,959.4,0.6272,0.8,0.7142857142857143,0.648,0.6272,0,298.78,-68.91,37.9392,0.17368001,77.989,0,128126099456,0.52,12.1915805668203,14.157,570.4802304,28.549434208536837,14.943844216272083,52.7,36.5,Overvalued by 68.91%. Strong technical uptrend (RSI/MACD bullish). High Financial Strength (F-Score 7/9). Positive Market Sentiment.
HCLTECH.NS,HCLTECH.NS,Technology,Information Technology Services,1668.5,0.618215,0.8,0.7142857142857143,0.5881,0.618215,0,608.16,-63.58,27.49712,0.23188,9.747,0,4518169280512,3.24,33.224923209495614,15.687001,180.2249984,10.973472827714637,8.809294616616947,7.3999999999999995,-15.9,Overvalued by 63.58%. Strong technical uptrend (RSI/MACD bullish). High Financial Strength (F-Score 7/9).
EMCURE.NS,EMCURE.NS,Healthcare,Drug Manufacturers - Specialty & Generic,1570.6,0.616151,0.8,0.7142857142857143,0.57434,0.616151,0,486.01,-69.1,37.505962,0.1784,33.972,0,298197614592,0.19,21.463511198577027,14.735999999999999,300.3851264,10.633917696014738,0.9539238103105641,13.4,24.4,Overvalued by 69.1%. Strong technical uptrend (RSI/MACD bullish). High Financial Strength (F-Score 7/9).
TORNTPHARM.NS,TORNTPHARM.NS,Healthcare,Drug Manufacturers - Specialty & Generic,4003.7,0.6101325,0.8,0.5714285714285714,0.86755,0.6101325,0,595.88,-85.15,63.43503,0.26832,33.4,0,1358147616768,0.8,27.543096871179394,26.619999999999997,987.3600512,10.36471320962673,34.978716503398545,14.299999999999999,30.5,Overvalued by 85.15%. Strong technical uptrend (RSI/MACD bullish). High Financial Strength (F-Score 7/9). Positive Market Sentiment.
AIIL.NS,AIIL.NS,Financial Services,Capital Markets,666.5,0.6054275,0.8,0.7142857142857143,0.50285,0.6054275,0,451.48,-32.62,14.179894,0.27507,20.291,0,568981061632,0.03,26.160229803571816,91.917,0,47.14961872084549,85.10499062778618,-46.800000000000004,-9.0,Overvalued by 32.62%. Strong technical uptrend (RSI/MACD bullish). High Financial Strength (F-Score 7/9).
HYUNDAI.NS,HYUNDAI.NS,Consumer Cyclical,Auto Manufacturers,2317.1,0.605387,0.8,0.7142857142857143,0.50258,0.605387,0,585.2,-74.72,32.869106,0.36782002,4.892,0,1881276547072,0.91,45.16864472688607,10.9469995,-779.796736,13.505742226552432,24.80149723316969,1.2,14.299999999999999,Overvalued by 74.72%. Strong technical uptrend (RSI/MACD bullish). High Financial Strength (F-Score 7/9).
GOKULAGRO.NS,GOKULAGRO.NS,Consumer Defensive,Packaged Foods,163.98,0.605,0.8,0.7142857142857143,0.5,0.605,0,103.54,-36.76,14.126833,0.27665,48.257,0,48314548224,0,30.9260933642265,2.589,-111.9478784,23.716179339734623,25.953053427870664,37.9,41.699999999999996,Overvalued by 36.76%. Strong technical uptrend (RSI/MACD bullish). High Financial Strength (F-Score 7/9).
TERASOFT.NS,TERASOFT.NS,Technology,Information Technology Services,404.6,0.605,0.8,0.7142857142857143,0.5,0.605,0,178.63,-56.43,30.896759,0.13261,21.66,0,5129868800,0.25,10.541927906842794,14.613000000000001,-6.9447752,-5.3098295235638915,93.4003161549779,181.9,425.0,Overvalued by 56.43%. Strong technical uptrend (RSI/MACD bullish). High Financial Strength (F-Score 7/9).
CIGNITITEC.NS,CIGNITITEC.NS,Technology,Information Technology Services,1659.5,0.605,0.8,0.7142857142857143,0.5,0.605,0,976.21,-41.27,16.076023,0.29424998,1.799,0,45785800704,0,28.477574374367894,15.953000000000001,-298.4420864,17.497088479274204,29.700998337376028,13.600000000000001,55.60000000000001,Overvalued by 41.27%. Strong technical uptrend (RSI/MACD bullish). High Financial Strength (F-Score 7/9).
BAJAJCON.NS,BAJAJCON.NS,Consumer Defensive,Household & Personal Products,282.85,0.605,0.8,0.7142857142857143,0.5,0.605,0,102.78,-63.75,28.468874,0.20405,2.789,0,37036822528,0,20.497560626011506,16.588,101.7309888,3.0812436645808905,-9.613853607330714,13.4,36.1,Overvalued by 63.75%. Strong technical uptrend (RSI/MACD bullish). High Financial Strength (F-Score 7/9).
MATRIMONY.NS,MATRIMONY.NS,Communication Services,Internet Content & Information,552.8,0.605,0.8,0.7142857142857143,0.5,0.605,0,202.3,-63.48,34.908634,0.123730004,22.336,0,11980755968,0.9,25.878554575934437,4.423999800000001,-83.1675008,1.6113800136845713,-5.462633143337758,-0.8,-39.1,Overvalued by 63.48%. Strong technical uptrend (RSI/MACD bullish). High Financial Strength (F-Score 7/9).
MANAKCOAT.NS,MANAKCOAT.NS,Industrials,Metal Fabrication,133.68,0.605,0.8,0.7142857142857143,0.5,0.605,0,57.07,-56.97,31.882214,0.15438,30.806,0,14036769792,0.04,13.431255718077445,10.8610004,-38.9429248,6.641730280806124,21.287361635993296,26.0,346.9,Overvalued by 56.97%. Strong technical uptrend (RSI/MACD bullish). High Financial Strength (F-Score 7/9).
SHREDIGCEM.NS,SHREDIGCEM.NS,Basic Materials,Building Materials,91.49,0.605,0.8,0.7142857142857143,0.5,0.605,0,37.55,-58.95,36.007874,0.104899995,39.119,0,13524124672,1.64,7.7733977963051135,8.1879996,-5.2970876,4.959649147186407,-23.047787065091686,11.1,2200.0,Overvalued by 58.95%. Strong technical uptrend (RSI/MACD bullish). High Financial Strength (F-Score 7/9).
LGBBROSLTD.NS,LGBBROSLTD.NS,Consumer Cyclical,Auto Parts,1859.9,0.605,0.8,0.7142857142857143,0.5,0.605,0,1192.72,-36.0,18.454302,0.16853,9.738,0,59583000576,1.08,19.638128546342593,13.821,-68.6717504,7.828679836445107,7.164102283450302,19.1,20.8,Overvalued by 36.0%. Strong technical uptrend (RSI/MACD bullish). High Financial Strength (F-Score 7/9).
GNA.NS,GNA.NS,Consumer Cyclical,Auto Parts,358.4,0.605,0.8,0.7142857142857143,0.5,0.605,0,347.38,-4.34,14.858837,0.11726,24.247,0,15590320128,0.84,13.359414636891072,12.950999999999999,40.1683264,6.763909793459266,6.459195428537989,-10.2,9.5,Strong technical uptrend (RSI/MACD bullish). High Financial Strength (F-Score 7/9).
KINGFA.NS,KINGFA.NS,Basic Materials,Specialty Chemicals,4340.6,0.605,0.8,0.7142857142857143,0.5,0.605,0,1624.93,-62.6,35.371216,0.16171,1.438,0,58880749568,0.22,27.708735046626963,13.428001,45.4357504,18.49695544935981,70.88148334272645,11.3,-1.3,Overvalued by 62.6%. Strong technical uptrend (RSI/MACD bullish). High Financial Strength (F-Score 7/9).
HTMEDIA.NS,HTMEDIA.NS,Communication Services,Publishing,23.56,0.605,0.8,0.7142857142857143,0.5,0.605,0,34.52,47.21,30.855265,0.01597,39.322,0,5424455168,0,3.6731567415430106,-6.4159999999999995,-46.8937504,6.832735669996426,-52.142182662617095,6.5,0,DCF Undervalued by 47.21%. Strong technical uptrend (RSI/MACD bullish). Undervalued by ~46% (Graham).
SMSPHARMA.NS,SMSPHARMA.NS,Healthcare,Drug Manufacturers - General,337.25,0.605,0.8,0.7142857142857143,0.5,0.605,0,133.5,-60.43,34.85537,0.1305,44.465,0,31598194688,0.12,11.55011574074074,15.817,-35.9400864,14.803874317456845,3.575604302540092,23.200000000000003,70.1,Overvalued by 60.43%. Strong technical uptrend (RSI/MACD bullish). High Financial Strength (F-Score 7/9).
INDIGOPNTS.NS,INDIGOPNTS.NS,Basic Materials,Specialty Chemicals,1200.1,0.605,0.8,0.7142857142857143,0.5,0.605,0,389.58,-67.54,39.843956,0.14421,2.232,0,57452101632,0.29,18.629777197592137,10.0880004,53.9701376,13.976852149756503,19.034901535964632,4.2,11.0,Overvalued by 67.54%. Strong technical uptrend (RSI/MACD bullish). High Financial Strength (F-Score 7/9).
AGARIND.NS,AGARIND.NS,Basic Materials,Specialty Chemicals,698.1,0.6045024999999999,0.4,1.0,0.76335,0.6045024999999999,0,741.44,6.07,12.562904,0.13633999,63.478,0,10455494656,0.47,15.64291579057139,6.279,-142.5474688,14.496271337100541,22.013057830394445,-24.8,-35.0,Undervalued by ~6% (Graham). High Financial Strength (F-Score 7/9). Positive Market Sentiment.
OIL.NS,OIL.NS,Energy,Oil & Gas Integrated,458.0,0.6023944999999999,0.6,1.0,0.28263,0.6023944999999999,0,534.5,16.86,12.453035,0.11196,58.174,0,744010350592,3.28,13.071544002996607,19.444999,-2604.9787904,8.216562846087626,5.231776036649327,15.8,-29.2,Undervalued by ~16% (Graham). High Financial Strength (F-Score 7/9).
PPL.NS,PPL.NS,Industrials,Building Products & Equipment,214.44,0.601951,0.4,1.0,0.74634,0.601951,0,308.76,43.98,9.672981,0.12229,2.772,0,5133703680,1.59,24.69279068321694,6.487,-14.9637504,8.164365450874422,21.09281919382,-9.6,-61.5,DCF Undervalued by 43.98%. Undervalued by ~43% (Graham). High Financial Strength (F-Score 7/9). Positive Market Sentiment.
ALKEM.NS,ALKEM.NS,Healthcare,Drug Manufacturers - Specialty & Generic,5830.5,0.5975075000000001,0.8,0.7142857142857143,0.45005,0.5975075000000001,0,2228.04,-61.73,29.45864,0.18741,17.056,0,696167235584,0.27,20.036313024710946,20.673999000000002,759.3399808,6.79724125171719,9.582584752989277,17.2,11.1,Overvalued by 61.73%. Strong technical uptrend (RSI/MACD bullish). High Financial Strength (F-Score 7/9).
BANKINDIA.NS,BANKINDIA.NS,Financial Services,Banks - Regional,152.87,0.5964138333333333,0.8,0.6666666666666666,0.55387,0.5964138333333333,0,295.64,93.51,7.216816,0.12234,0,0,695556571136,2.65,5.468809641527257,43.543,0,16.32811921941064,39.82765306437381,2.5,6.4,DCF Undervalued by 93.51%. Strong technical uptrend (RSI/MACD bullish). Undervalued by ~93% (Graham).
JINDALPHOT.NS,JINDALPHOT.NS,Financial Services,Asset Management,1387.2,0.5961,0.6,0.8571428571428571,0.574,0.5961,0,1866.37,35.09,9.221732,0.09052,5.857,0,14226978816,0,23.824802477917927,98.72100400000001,0,118.88755328797846,-29.09074760198862,1251.9,-62.0,DCF Undervalued by 35.09%. Undervalued by ~34% (Graham). High Financial Strength (F-Score 7/9).
RPTECH.NS,RPTECH.NS,Technology,Electronics & Computer Distribution,365.6,0.5961,0.6,0.8571428571428571,0.574,0.5961,0,440.51,19.38,12.043081,0.116780005,52.063,0,24316975104,0.55,13.052816576130166,2.3720000000000003,-203.7405056,13.929633463522562,4.548911866893635,12.1,-16.7,Undervalued by ~20% (Graham).
SCI.NS,SCI.NS,Industrials,Marine Shipping,214.63,0.595776,0.6,0.8571428571428571,0.57184,0.595776,0,266.66,24.17,12.442062,0.096920006,32.955,0,100030332928,4.47,9.946896919904237,11.259,-522.878976,4.253374409037591,-0.6613155787701053,-7.7,-35.099999999999994,Undervalued by ~24% (Graham). High Financial Strength (F-Score 7/9).
ASHOKA.NS,ASHOKA.NS,Industrials,Engineering & Construction,147.36,0.5957215,0.4,1.0,0.7048099999999999,0.5957215,0,407.55,176.49,2.9941092,0.38044998,44.43,0,41392041984,0,44.62129990317543,29.427999999999997,1097.969664,14.367072120906244,29.58329573496559,-25.6,-82.89999999999999,DCF Undervalued by 176.49%. Undervalued by ~176% (Graham). High Financial Strength (F-Score 7/9). Positive Market Sentiment.
AVANTIFEED.NS,AVANTIFEED.NS,Consumer Defensive,Packaged Foods,829.45,0.594295,0.6,0.7142857142857143,0.8953,0.594295,0,474.91,-42.64,18.249945,0.20798999,0.441,0,112865624064,1.09,26.257532924129475,11.092,705.5870464,3.6056943331638003,33.63819165665036,18.8,34.9,Overvalued by 42.64%. High Financial Strength (F-Score 9/9). Positive Market Sentiment.
BANKBARODA.NS,BANKBARODA.NS,Financial Services,Banks - Regional,307.7,0.5921845833333333,0.8,0.6666666666666666,0.525675,0.5921845833333333,0,507.21,64.73,8.276881,0.13079001,0,0,1592631885824,2.71,8.210486231552233,40.710998,0,12.920825421261739,38.193212669878676,0.2,-4.2,DCF Undervalued by 64.73%. Strong technical uptrend (RSI/MACD bullish). Undervalued by ~64% (Graham).
CENTRALBK.NS,CENTRALBK.NS,Financial Services,Banks - Regional,38.29,0.5902589583333333,0.8,0.6666666666666666,0.5128375,0.5902589583333333,0,70.28,82.74,7.4534883,0.12716,0,0,348116877312,1.53,7.898405500385667,32.933997999999995,0,16.689763758714715,54.95796961649857,0.3,28.299999999999997,DCF Undervalued by 82.74%. Strong technical uptrend (RSI/MACD bullish). Undervalued by ~83% (Graham).
CARERATING.NS,CARERATING.NS,Financial Services,Financial Data & Stock Exchanges,1607.1,0.5897275,0.6,0.7142857142857143,0.86485,0.5897275,0,573.26,-64.05,31.404097,0.19013001,2.913,0,47907758080,1.18,24.107861888619926,47.626000000000005,100.6108736,17.664354119131854,22.254163582920338,16.2,22.5,Overvalued by 64.05%. High Financial Strength (F-Score 7/9). Positive Market Sentiment.
TFCILTD.NS,TFCILTD.NS,Financial Services,Credit Services,68.63,0.58932,0.8,0.5714285714285714,0.7288,0.58932,0,38.51,-44.02,28.308641,0.093030006,82.375,0,31869915136,0.87,7.799089222563209,84.905,0,-0.6652802903451716,6.758578603288745,12.0,14.099999999999998,Overvalued by 44.02%. Strong technical uptrend (RSI/MACD bullish). High Financial Strength (F-Score 7/9). Positive Market Sentiment.
INDIANB.NS,INDIANB.NS,Financial Services,Banks - Regional,846.4,0.5883333333333333,0.8,0.6666666666666666,0.5,0.5883333333333333,0,1036.79,23.16,10.056744,0.15754,0,0,1134347943936,1.92,10.736742830703571,48.546,0,13.42817916718555,39.57307196267765,10.0,11.0,Strong technical uptrend (RSI/MACD bullish). Undervalued by ~22% (Graham).
DCBBANK.NS,DCBBANK.NS,Financial Services,Banks - Regional,186.48,0.5883333333333333,0.8,0.6666666666666666,0.5,0.5883333333333333,0,300.64,61.29,8.800755,0.11828,0,0,59973251072,0.72,4.700491496405808,33.721000000000004,0,16.31888873095717,28.871145050550062,8.0,18.099999999999998,DCF Undervalued by 61.29%. Strong technical uptrend (RSI/MACD bullish). Undervalued by ~61% (Graham).
SOUTHBANK.NS,SOUTHBANK.NS,Financial Services,Banks - Regional,42.46,0.5883333333333333,0.8,0.6666666666666666,0.5,0.5883333333333333,0,68.83,61.81,8.196532,0.13551,0,0,111450562560,0.94,9.043918489836908,37.476003000000006,0,17.349308109819162,207.51978401484513,6.7,8.1,DCF Undervalued by 61.81%. Strong technical uptrend (RSI/MACD bullish). Undervalued by ~62% (Graham).
ROSSELLIND.NS,ROSSELLIND.NS,Industrials,Conglomerates,47.8,0.5878605,0.6,0.8571428571428571,0.51907,0.5878605,0,82.94,75.53,9.156977,0.09021,35.146,0,1787595648,0.84,8.7887983460334,38.812999999999995,-9.0798376,-15.384535076942985,-13.10930401973267,0.8999999999999999,-2.9000000000000004,DCF Undervalued by 75.53%. Undervalued by ~73% (Graham). High Financial Strength (F-Score 7/9).
HEROMOTOCO.NS,HEROMOTOCO.NS,Consumer Cyclical,Auto Manufacturers,5676.5,0.5875225,0.6,0.7142857142857143,0.85015,0.5875225,0,2496.85,-55.93,21.461586,0.26332,3.395,0,1133462290432,2.29,30.43373139775354,13.535,3374.476288,12.00090985259854,23.634575841285653,16.6,23.1,Overvalued by 55.93%. High Financial Strength (F-Score 7/9). Positive Market Sentiment.
BLISSGVS.NS,BLISSGVS.NS,Healthcare,Drug Manufacturers - Specialty & Generic,164.35,0.5874699999999999,0.6,0.7142857142857143,0.8498,0.5874699999999999,0,157.62,-4.03,15.945631,0.10414,4.493,0,17386565632,0.3,11.755156996421459,9.6140005,-4.7674876,2.805522231362856,77.63291891825601,12.3,10.9,High Financial Strength (F-Score 7/9). Positive Market Sentiment.
J&KBANK.NS,J&KBANK.NS,Financial Services,Banks - Regional,102.66,0.5854968333333334,0.8,0.6666666666666666,0.48109,0.5854968333333334,0,240.55,133.78,5.4214964,0.148,0,0,113311678464,2.09,12.547566459357409,39.578998,0,14.680859967886528,61.43121553447584,-5.8999999999999995,-10.6,DCF Undervalued by 133.78%. Strong technical uptrend (RSI/MACD bullish). Undervalued by ~134% (Graham).
JETFREIGHT.NS,JETFREIGHT.NS,Industrials,Integrated Freight & Logistics,16.77,0.585,0.6,0.8571428571428571,0.5,0.585,0,18.31,8.16,16.59804,0.07338,95.805,0,785616064,0,9.945058216044817,2.775,-7.0538,-1.2988035429193578,8.035909626298432,-4.2,46.2,Undervalued by ~9% (Graham). High Financial Strength (F-Score 7/9).
INTLCONV.NS,INTLCONV.NS,Industrials,Specialty Industrial Machinery,81.89,0.585,0.6,0.8571428571428571,0.5,0.585,0,121.89,49.33,7.635174,0.18712999,30.243,0,5234358784,0.92,27.782943660636082,23.002,3.46275,-8.989283246702929,78.30327697588535,47.199999999999996,0,DCF Undervalued by 49.33%. Undervalued by ~48% (Graham).
DCAL.NS,DCAL.NS,Healthcare,Biotechnology,254.11,0.585,0.6,0.8571428571428571,0.5,0.585,0,282.12,10.79,29.20298,0.02254,40.201,0,40047947776,0,2.158528849045779,9.923001,153.6475008,8.51514275604699,-43.54829035211105,-17.299999999999997,97.2,Undervalued by ~11% (Graham). High Financial Strength (F-Score 7/9).
ANDHRSUGAR.NS,ANDHRSUGAR.NS,Basic Materials,Chemicals,71.23,0.585,0.6,0.8571428571428571,0.5,0.585,0,112.14,57.92,15.336933,0.03744,0.427,0,9634463744,1.12,2.8140883190661357,5.768,101.2416256,1.170122809550933,-52.546563879841614,13.100000000000001,630.3,DCF Undervalued by 57.92%. Undervalued by ~57% (Graham). High Financial Strength (F-Score 9/9).
BVCL.NS,BVCL.NS,Basic Materials,Building Materials,43.29,0.585,0.6,0.8571428571428571,0.5,0.585,0,45.68,7.14,25.686747,0.02955,28.58,0,948225600,0,8.321547199128553,2.016,8.6690496,6.127660965021731,4.551977151493314,13.5,0,Undervalued by ~5% (Graham). High Financial Strength (F-Score 7/9).
BPCL.NS,BPCL.NS,Energy,Oil & Gas Refining & Marketing,356.9,0.5805375,0.6,0.8571428571428571,0.47025,0.5805375,0,495.72,38.86,7.1859903,0.24822001,56.386,0,1548846497792,4.2,16.412142127837377,7.435,10887.4702848,8.279296683197025,4.515722730025629,2.1,169.3,DCF Undervalued by 38.86%. Undervalued by ~38% (Graham).
MPHASIS.NS,MPHASIS.NS,Technology,Information Technology Services,2788.8,0.5800274999999999,0.6,0.7142857142857143,0.8001833333333332,0.5800274999999999,0,1032.59,-63.02,29.80363,0.19518,20.567,0,531557711872,2.04,22.576018869099347,15.271,2474.994688,5.959596867846417,5.957009524739587,10.299999999999999,10.6,Overvalued by 63.02%. High Financial Strength (F-Score 7/9). Positive Market Sentiment.
DREAMFOLKS.NS,DREAMFOLKS.NS,Industrials,Airports & Air Services,101.76,0.5782262499999999,0.4,1.0,0.588175,0.5782262499999999,0,130.64,28.72,8.380677,0.21533,3.056,0,5406358528,2.17,31.00306474480936,5.4229997,112.8705024,65.98511992239902,59.08204175591043,-35.099999999999994,-29.299999999999997,Undervalued by ~28% (Graham). High Financial Strength (F-Score 7/9).
DELTACORP.NS,DELTACORP.NS,Consumer Cyclical,Resorts & Casinos,72.74,0.57775,0.4,1.0,0.585,0.57775,0,146.47,101.52,6.518386,0.12361,1.395,0,19503996928,1.72,15.262557420362086,15.25,-133.68,5.7978337953382475,54.90210129426352,-2.6,-6.9,DCF Undervalued by 101.52%. Undervalued by ~101% (Graham). High Financial Strength (F-Score 7/9).
IFBAGRO.NS,IFBAGRO.NS,Consumer Defensive,Beverages - Wineries & Distilleries,1428.2,0.5771999999999999,0.8,0.5714285714285714,0.648,0.5771999999999999,0,932.08,-34.74,25.840418,0.08474,13.624,0,13430539264,0,6.027410638713458,7.140000000000001,-139.4974976,1.4942466062289217,-27.465690085785678,50.7,986.5,Overvalued by 34.74%. Strong technical uptrend (RSI/MACD bullish). High Financial Strength (F-Score 7/9). Positive Market Sentiment.
THYROCARE.NS,THYROCARE.NS,Healthcare,Diagnostics & Research,464.7,0.57533625,0.8,0.5714285714285714,0.635575,0.57533625,0,77.97,-83.34,58.208954,0.24735,4.621,0,74487676928,2.01,27.158168117638454,27.636,142.5650048,5.290364089195565,-19.60972373943397,22.1,81.3,Overvalued by 83.34%. Strong technical uptrend (RSI/MACD bullish). High Financial Strength (F-Score 7/9). Positive Market Sentiment.
FILATEX.NS,FILATEX.NS,Consumer Cyclical,Textile Manufacturing,45.77,0.5750474999999999,0.4,1.0,0.5669833333333333,0.5750474999999999,0,53.2,16.41,11.511335,0.13317999,9.979,0,20293468160,0.55,13.143279928010623,6.4569995,362.9564928,3.5606891568276566,-23.815330445852457,2.6,256.70000000000005,Undervalued by ~16% (Graham). High Financial Strength (F-Score 7/9).
ASHAPURMIN.NS,ASHAPURMIN.NS,Basic Materials,Other Industrial Metals & Mining,868.95,0.5745024999999999,0.6,0.7142857142857143,0.76335,0.5745024999999999,0,375.07,-56.59,20.630371,0.32928002,86.445,0,82534547456,0.12,16.365850763105097,10.497,98.6947968,29.113251459664923,50.650670754332964,57.699999999999996,114.7,Overvalued by 56.59%. High Financial Strength (F-Score 7/9). Positive Market Sentiment.
VENUSREM.NS,VENUSREM.NS,Healthcare,Drug Manufacturers - Specialty & Generic,769.45,0.5707525,0.6,0.7142857142857143,0.7383500000000001,0.5707525,0,725.61,-6.97,14.819494,0.12917,2.42,0,10437830656,0,12.777536554765453,12.861,100.3661504,2.6381512390407647,3.6244366413350937,15.1,472.6,High Financial Strength (F-Score 7/9). Positive Market Sentiment.
LTIM.NS,LTIM.NS,Technology,Information Technology Services,6030.5,0.5691714999999999,0.6,0.7142857142857143,0.72781,0.5691714999999999,0,1707.24,-71.63,36.682316,0.21789,10.164,0,1783132717056,1.11,28.603208725760553,15.856,3465.3876224,13.334892581241897,5.2143504475332,10.2,12.0,Overvalued by 71.63%. High Financial Strength (F-Score 7/9). Positive Market Sentiment.
BOSCHLTD.NS,BOSCHLTD.NS,Consumer Cyclical,Auto Parts,37455.0,0.5669325,0.8,0.5714285714285714,0.57955,0.5669325,0,9865.46,-73.66,41.152107,0.20058,0.778,0,1105715265536,1.37,19.847538242128962,10.940999999999999,-586.550016,15.24104616713422,18.2645644693461,9.1,3.3000000000000003,Overvalued by 73.66%. Strong technical uptrend (RSI/MACD bullish). High Financial Strength (F-Score 9/9).
BCLIND.NS,BCLIND.NS,Consumer Defensive,Beverages - Wineries & Distilleries,29.52,0.56587,0.4,1.0,0.5058,0.56587,0,47.96,62.36,8.368272,0.13576001,74.479,0,8719124480,0.88,12.42938157397581,8.022001,-141.376256,12.8678781229703,3.8290428719301772,-4.1000000000000005,-44.0,DCF Undervalued by 62.36%. Undervalued by ~62% (Graham). High Financial Strength (F-Score 7/9).
ASIANPAINT.NS,ASIANPAINT.NS,Basic Materials,Specialty Chemicals,2813.9,0.565269,0.8,0.5714285714285714,0.56846,0.565269,0,431.62,-84.68,69.521225,0.20392,17.609,0,2700314935296,0.89,26.30381828267096,14.048,3042.9437952,5.324869551028999,6.562551277275386,6.3,43.1,Overvalued by 84.68%. Strong technical uptrend (RSI/MACD bullish). High Financial Strength (F-Score 7/9).
TNPETRO.NS,TNPETRO.NS,Basic Materials,Specialty Chemicals,99.2,0.565,0.4,1.0,0.5,0.565,0,171.42,74.56,8.176519,0.11704001,33.127,0,8918379520,1.21,7.9578097443588405,7.675,-401.8657792,0.3889379063785725,-30.70589958561124,1.7000000000000002,632.7,DCF Undervalued by 74.56%. Undervalued by ~72% (Graham). High Financial Strength (F-Score 7/9).
CAPACITE.NS,CAPACITE.NS,Industrials,Engineering & Construction,240.75,0.565,0.4,1.0,0.5,0.565,0,344.78,42.94,10.181511,0.11857,23.09,0,20441788416,0,15.420856987979596,13.045000000000002,-42.3672,20.688467492072917,61.872134579436874,24.7,13.700000000000001,DCF Undervalued by 42.94%. Undervalued by ~43% (Graham). High Financial Strength (F-Score 7/9).
MAGADSUGAR.NS,MAGADSUGAR.NS,Consumer Defensive,Confectioners,451.05,0.565,0.4,1.0,0.5,0.565,0,868.37,92.76,7.6942787,0.10666,40.692,0,6348279296,2.77,12.084781904673598,-1.8170001000000002,44.53776,9.533125784551434,33.483324600982264,0.2,0,DCF Undervalued by 92.76%. Undervalued by ~92% (Graham). High Financial Strength (F-Score 7/9).
NITINSPIN.NS,NITINSPIN.NS,Consumer Cyclical,Textile Manufacturing,326.85,0.565,0.4,1.0,0.5,0.565,0,403.37,23.47,11.007413,0.12905,66.856,0,18367074304,0.92,12.89910558989353,8.196,260.698752,7.458952943180996,-18.67365900071063,-7.6,-17.5,Undervalued by ~23% (Graham). High Financial Strength (F-Score 7/9).
INDIANHUME.NS,INDIANHUME.NS,Industrials,Engineering & Construction,395.3,0.565,0.4,1.0,0.5,0.565,0,804.81,104.16,3.6422434,0.5034,35.77,0,20797732864,0.46,39.49963732788133,12.783,194.3356928,-0.6296403531187211,112.94813690204211,2.9000000000000004,161.5,DCF Undervalued by 104.16%. Undervalued by ~103% (Graham). High Financial Strength (F-Score 7/9).
RPPINFRA.NS,RPPINFRA.NS,Industrials,Engineering & Construction,89.81,0.565,0.4,1.0,0.5,0.565,0,150.78,68.49,9.921286,0.104270004,18.172,0,4437444096,0.56,17.098812410399816,5.6760002,-105.6750016,21.5432484080198,130.08799499571566,-19.7,-37.5,DCF Undervalued by 68.49%. Undervalued by ~67% (Graham). High Financial Strength (F-Score 7/9).
MGL.NS,MGL.NS,Utilities,Utilities - Regulated Gas,1048.4,0.565,0.4,1.0,0.5,0.565,0,1181.2,12.62,10.631526,0.16568,3.545,0,103598137344,2.86,0,11.407,-288.0012544,26.903417272781137,20.34954373013862,14.799999999999999,-32.5,Undervalued by ~12% (Graham). High Financial Strength (F-Score 7/9).
ORIENTCEM.NS,ORIENTCEM.NS,Basic Materials,Building Materials,169.07,0.565,0.4,1.0,0.5,0.565,0,183.54,8.67,11.327968,0.16078,3.507,0,34718416896,0.3,9.103076713175948,10.001999999999999,58.6288128,-0.15255169289728476,-29.755011385843854,18.3,2072.7,Undervalued by ~8% (Graham). High Financial Strength (F-Score 7/9).
SSDL.NS,SSDL.NS,Consumer Cyclical,Apparel Retail,71.96,0.565,0.4,1.0,0.5,0.565,0,92.6,28.62,8.988764,0.17027001,3.465,0,2851185664,5.26,23.736314419687467,6.066,13.3995,3.6028985611627595,35.43504635127057,26.5,9.5,Undervalued by ~28% (Graham). High Financial Strength (F-Score 7/9).
OSWALAGRO.NS,OSWALAGRO.NS,Real Estate,Real Estate - Development,52.59,0.565,0.4,1.0,0.5,0.565,0,122.59,133.51,5.579171,0.13965,0,0,7052097536,0,15.321301526778974,81.074995,152.1551488,144.84147978515676,80.79615511669529,0,-13.3,DCF Undervalued by 133.51%. Undervalued by ~133% (Graham). High Financial Strength (F-Score 7/9).
LAXMICOT.NS,LAXMICOT.NS,Consumer Cyclical,Textile Manufacturing,15.56,0.565,0.4,1.0,0.5,0.565,0,51.06,228.17,5.0849676,0.15785,65.868,0,266817776,0,4.270870322074759,2.328,-13.2875376,-11.35562487416697,-56.056192609124075,3.2,0,DCF Undervalued by 228.17%. Undervalued by ~228% (Graham). High Financial Strength (F-Score 7/9).
KRITINUT.NS,KRITINUT.NS,Consumer Defensive,Packaged Foods,74.03,0.565,0.4,1.0,0.5,0.565,0,80.47,8.7,11.769475,0.14778,2.584,0,3715654656,0.42,23.528903758023606,4.611,41.6768384,-0.7878252829488952,44.32633450211802,22.7,-6.800000000000001,Undervalued by ~8% (Graham). High Financial Strength (F-Score 7/9).
SUDARCOLOR.NS,SUDARCOLOR.NS,Basic Materials,Specialty Chemicals,348.9,0.565,0.4,1.0,0.5,0.565,0,379.15,2.61,13.93288,0.11647,4.325,0,8528791040,0,13.458229473489109,7.011000000000001,64.4145984,-0.4925261046424434,5.900649947954384,-16.2,-11.700000000000001,Undervalued by ~8% (Graham). High Financial Strength (F-Score 7/9).
NETWEB.NS,NETWEB.NS,Technology,Computer Hardware,3187.6,0.56499,0.8,0.5714285714285714,0.5666,0.56499,0,234.44,-92.6,132.42159,0.2609,3.108,0,179377471488,0.08,29.484541124596504,13.839000000000002,136.6516224,66.63798720031618,72.11237278859433,21.0,21.7,Overvalued by 92.6%. Strong technical uptrend (RSI/MACD bullish). High Financial Strength (F-Score 7/9).
IOC.NS,IOC.NS,Energy,Oil & Gas Refining & Marketing,159.16,0.5643630000000001,0.6,0.8571428571428571,0.36242,0.5643630000000001,0,241.16,51.4,8.824377,0.13166,72.631,0,2249230909440,5.03,7.76640177268099,6.728000000000001,19099.377664,8.790789716051183,-18.482183049009315,2.1,0,DCF Undervalued by 51.4%. Undervalued by ~51% (Graham).
GRAVITA.NS,GRAVITA.NS,Industrials,Metal Fabrication,1613.4,0.56397625,0.6,0.7142857142857143,0.693175,0.56397625,0,594.7,-63.15,31.859455,0.22555,19.62,0,117551030272,0.72,16.89028330442472,11.501999999999999,-305.2999936,20.27678212913322,30.864495428248027,11.700000000000001,23.599999999999998,Overvalued by 63.15%. High Financial Strength (F-Score 7/9). Positive Market Sentiment.
NLCINDIA.NS,NLCINDIA.NS,Utilities,Utilities - Regulated Electric,260.15,0.5638434999999999,0.6,0.7142857142857143,0.69229,0.5638434999999999,0,259.2,0.08,13.617245,0.1238,104.679,0,359365443584,1.96,11.084765005929697,20.387,-2648.733696,8.560227390798026,33.87283657802307,14.2,-26.1,Positive Market Sentiment.
GAEL.NS,GAEL.NS,Consumer Defensive,Packaged Foods,140.19,0.562344,0.8,0.5714285714285714,0.54896,0.562344,0,82.78,-40.88,31.046562,0.06879,9.321,0,64223068160,0.18,11.076982325153812,2.7409999000000003,-107.517504,-0.3678558312475211,-19.358312612663443,32.2,-45.0,Overvalued by 40.88%. Strong technical uptrend (RSI/MACD bullish). High Financial Strength (F-Score 7/9).
RAMCOIND.NS,RAMCOIND.NS,Industrials,Building Products & Equipment,306.3,0.5623174999999999,0.4,0.8571428571428571,0.81545,0.5623174999999999,0,547.11,79.61,11.511717,0.05465,4.035,0,26483662848,0.33,3.467471819301312,11.790000000000001,53.313824,4.28475650156257,-15.780579229685642,3.5000000000000004,134.20000000000002,DCF Undervalued by 79.61%. Undervalued by ~78% (Graham). High Financial Strength (F-Score 7/9). Positive Market Sentiment.
MARUTI.NS,MARUTI.NS,Consumer Cyclical,Auto Manufacturers,16152.0,0.560464,0.6,0.7142857142857143,0.66976,0.560464,0,5792.29,-64.13,34.355988,0.1565,0.1,0,5076972732416,0.84,20.588342257213483,7.989,6402.1250048,20.080644357594622,55.19083818328072,13.100000000000001,7.9,Overvalued by 64.13%. High Financial Strength (F-Score 7/9). Positive Market Sentiment.
MANINDS.NS,MANINDS.NS,Basic Materials,Steel,346.9,0.558865,0.6,0.7142857142857143,0.6591,0.558865,0,372.51,7.98,14.369013,0.09739,28.531,0,25878300672,0,13.460535730089793,11.860999999999999,-292.155392,17.742652576229577,14.671237004514293,3.5000000000000004,-1.3,Undervalued by ~7% (Graham). Positive Market Sentiment.
MRPL.NS,MRPL.NS,Energy,Oil & Gas Refining & Marketing,158.35,0.558342,0.8,0.5714285714285714,0.52228,0.558342,0,143.75,-7.87,12.57212,0.08091,81.274,0,273746231296,2.39,4.185385515193415,4.935,3067.739136,10.674283939116492,-73.3162664651255,-9.3,0,Strong technical uptrend (RSI/MACD bullish). High Financial Strength (F-Score 7/9).
GMDCLTD.NS,GMDCLTD.NS,Energy,Thermal Coal,572.35,0.5571999999999999,0.6,0.7142857142857143,0.648,0.5571999999999999,0,387.38,-32.38,18.164236,0.15535,4.139,0,182212640768,1.76,13.724475976083973,9.034,-650.77248,1.4284625104598492,15.429639680257345,-11.0,264.40000000000003,Overvalued by 32.38%. High Financial Strength (F-Score 7/9). Positive Market Sentiment.
FIEMIND.NS,FIEMIND.NS,Consumer Cyclical,Auto Parts,2251.8,0.5571999999999999,0.6,0.7142857142857143,0.648,0.5571999999999999,0,892.44,-60.33,26.084185,0.22563,5.696,0,59206074368,1.33,26.758210559622732,11.187999999999999,51.653024,15.583774613157097,29.58988590024734,17.2,26.900000000000002,Overvalued by 60.33%. High Financial Strength (F-Score 7/9). Positive Market Sentiment.
DUCON.NS,DUCON.NS,Industrials,Specialty Industrial Machinery,3.54,0.5566812499999999,0.4,0.8571428571428571,0.777875,0.5566812499999999,0,7.09,99.67,8.255814,0.0809,57.96,0,1153485824,0,10.481297979876388,5.785,34.470864,5.445355398624918,45.125288337640136,2.3,0,DCF Undervalued by 99.67%. Undervalued by ~100% (Graham). High Financial Strength (F-Score 7/9). Positive Market Sentiment.
LT.NS,LT.NS,Industrials,Engineering & Construction,3865.8,0.5561579999999999,0.8,0.5714285714285714,0.50772,0.5561579999999999,0,1405.15,-63.67,32.485092,0.16521,111.847,0,5320747253760,0.88,11.843248511739588,10.2340005,14842.1984256,17.75865734506241,20.15069316268372,10.7,15.6,Overvalued by 63.67%. Strong technical uptrend (RSI/MACD bullish). High Financial Strength (F-Score 7/9).
SHRADHA.NS,SHRADHA.NS,Real Estate,Real Estate - Development,40.19,0.5556724999999999,0.4,0.8571428571428571,0.77115,0.5556724999999999,0,49.17,21.57,11.932154,0.16503,92.509,0,2371802880,1.07,10.662359911322014,18.583,-58.7421376,289.6703375057822,132.27117214925488,53.0,43.8,Undervalued by ~22% (Graham). Positive Market Sentiment.
UNIVCABLES.NS,UNIVCABLES.NS,Industrials,Electrical Equipment & Parts,755.45,0.5549999999999999,0.8,0.5714285714285714,0.5,0.5549999999999999,0,714.54,-5.54,17.976473,0.07914,54.171,0,26293645312,0.53,8.061518368344524,7.931000000000001,-143.2185088,9.79005617016444,6.05832739836385,27.6,160.7,Strong technical uptrend (RSI/MACD bullish). High Financial Strength (F-Score 7/9).
ORICONENT.NS,ORICONENT.NS,Consumer Cyclical,Packaging & Containers,61.04,0.5549999999999999,0.8,0.5714285714285714,0.5,0.5549999999999999,0,55.78,-9.3,35.964912,0.020399999,0.892,0,9658434560,0.82,0.5826787124676482,-108.06301,-55.137024,-30.318382547525037,2.9006285245844587,-77.3,-93.2,Strong technical uptrend (RSI/MACD bullish). High Financial Strength (F-Score 7/9).
AVL.NS,AVL.NS,Consumer Cyclical,Specialty Retail,488.85,0.5549999999999999,0.8,0.5714285714285714,0.5,0.5549999999999999,0,96.42,-80.32,58.9651,0.183,64.573,0,63277641728,0.23,20.280712435297776,5.331,-81.1840512,35.961696291107614,44.06608729569472,21.7,3.2,Overvalued by 80.32%. Strong technical uptrend (RSI/MACD bullish). High Financial Strength (F-Score 7/9).
KRISHIVAL.NS,KRISHIVAL.NS,Consumer Defensive,Packaged Foods,332.8,0.5549999999999999,0.8,0.5714285714285714,0.5,0.5549999999999999,0,99.49,-70.21,50.68285,0.1074,18.157,0,8559853056,0.07,14.132670540331569,8.8970006,9.6549128,57.49255925252004,59.799639222463384,80.7,39.800000000000004,Overvalued by 70.21%. Strong technical uptrend (RSI/MACD bullish). High Financial Strength (F-Score 7/9).
MMFL.NS,MMFL.NS,Industrials,Metal Fabrication,413.45,0.5549999999999999,0.8,0.5714285714285714,0.5,0.5549999999999999,0,292.35,-29.13,20.833334,0.10746,140.389,0,19958163456,0.97,10.860464815014845,11.002,-160.1508608,10.201035608949427,10.225722542148796,-3.3000000000000003,-48.1,Overvalued by 29.13%. Strong technical uptrend (RSI/MACD bullish). High Financial Strength (F-Score 7/9).
HLEGLAS.NS,HLEGLAS.NS,Industrials,Specialty Industrial Machinery,443.25,0.5549999999999999,0.8,0.5714285714285714,0.5,0.5549999999999999,0,132.93,-70.13,42.180096,0.13395001,65.063,0,30907357184,0.25,13.74959821085968,8.446,-1.6034375,16.515049737735012,-7.049347222437952,48.8,0,Overvalued by 70.13%. Strong technical uptrend (RSI/MACD bullish). High Financial Strength (F-Score 7/9).
IIFLCAPS.NS,IIFLCAPS.NS,Financial Services,Capital Markets,375.15,0.5549999999999999,0.8,0.5714285714285714,0.5,0.5549999999999999,0,189.99,-49.38,21.191418,0.23265,61.874,0,117175271424,0.8,30.810572590024428,24.266,0,23.551506614856944,32.5240191462173,-24.7,-59.8,Overvalued by 49.38%. Strong technical uptrend (RSI/MACD bullish).
GRMOVER.NS,GRMOVER.NS,Consumer Defensive,Packaged Foods,171.05,0.5549999999999999,0.8,0.5714285714285714,0.5,0.5549999999999999,0,42.45,-75.18,55.17742,0.15576,44.143,0,31510966272,0,12.87548583496001,3.869,-29.7934368,6.601402384005706,-10.257464914530768,14.899999999999999,60.099999999999994,Overvalued by 75.18%. Strong technical uptrend (RSI/MACD bullish). High Financial Strength (F-Score 7/9).
KAPSTON.NS,KAPSTON.NS,Industrials,Specialty Business Services,317.25,0.5549999999999999,0.8,0.5714285714285714,0.5,0.5549999999999999,0,115.01,-63.82,27.147736,0.26316,172.342,0,6449594368,0,10.903786098515853,4.5739997,-52.374976,36.53442151422457,93.19909774952919,25.3,79.4,Overvalued by 63.82%. Strong technical uptrend (RSI/MACD bullish). High Financial Strength (F-Score 7/9).
RAMAPHO.NS,RAMAPHO.NS,Basic Materials,Agricultural Inputs,185.11,0.5549999999999999,0.8,0.5714285714285714,0.5,0.5549999999999999,0,157.43,-9.73,16.609524,0.09689999,25.556,0,6270322176,0.4,7.45920812033012,10.11,4.2696376,1.6641075986223663,-41.98596669154323,17.299999999999997,460.9,Strong technical uptrend (RSI/MACD bullish). High Financial Strength (F-Score 7/9).
THOMASCOTT.NS,THOMASCOTT.NS,Consumer Cyclical,Textile Manufacturing,348.7,0.5549999999999999,0.8,0.5714285714285714,0.5,0.5549999999999999,0,160.87,-54.18,26.217325,0.17629999,21.124,0,5163669504,0,14.803148287699909,13.794999999999998,-53.5623488,70.79373971596286,173.05578691315793,40.0,0,Overvalued by 54.18%. Strong technical uptrend (RSI/MACD bullish).
NH.NS,NH.NS,Healthcare,Medical Care Facilities,1946.1,0.5549999999999999,0.8,0.5714285714285714,0.5,0.5549999999999999,0,431.75,-77.74,46.803375,0.23226999,57.614,0,394013704192,0.23,18.52740214534736,19.165,-3.231125,14.585067108524385,32.20806189600201,17.4,30.099999999999998,Overvalued by 77.74%. Strong technical uptrend (RSI/MACD bullish). High Financial Strength (F-Score 7/9).
IPCALAB.NS,IPCALAB.NS,Healthcare,Drug Manufacturers - Specialty & Generic,1517.0,0.5549999999999999,0.8,0.5714285714285714,0.5,0.5549999999999999,0,489.22,-67.73,46.261826,0.10054,14.425,0,385290600448,0.26,14.732580619746308,17.273001,-97.1550016,15.368316267855576,-5.856108172093155,8.6,36.5,Overvalued by 67.73%. Strong technical uptrend (RSI/MACD bullish). High Financial Strength (F-Score 7/9).
NAVINFLUOR.NS,NAVINFLUOR.NS,Basic Materials,Chemicals,6032.0,0.5549999999999999,0.8,0.5714285714285714,0.5,0.5549999999999999,0,1186.23,-80.29,67.85835,0.14631,32.677,0,308322959360,0.22,11.26100543110803,27.634999999999998,-297.4712576,17.175776898961438,3.1331544645851084,46.300000000000004,144.9,Overvalued by 80.29%. Strong technical uptrend (RSI/MACD bullish). High Financial Strength (F-Score 7/9).
TIMKEN.NS,TIMKEN.NS,Industrials,Tools & Accessories,3051.2,0.5549999999999999,0.8,0.5714285714285714,0.5,0.5549999999999999,0,707.1,-76.86,50.59096,0.16996999,0.55,0,230319816704,1.18,19.579769163035856,14.466000000000001,-133.9016192,12.832700563098332,11.002238167811296,2.7,-0.6,Overvalued by 76.86%. Strong technical uptrend (RSI/MACD bullish). High Financial Strength (F-Score 9/9).
GENCON.NS,GENCON.NS,Industrials,Engineering & Construction,44.99,0.5549999999999999,0.8,0.5714285714285714,0.5,0.5549999999999999,0,42.68,-4.33,28.056604,0.043119997,23.407,0,2542155264,0,0,7.892,11.1496376,5.071046359596254,-4.479296052679615,19.900000000000002,2.7,Strong technical uptrend (RSI/MACD bullish). High Financial Strength (F-Score 7/9).
CANTABIL.NS,CANTABIL.NS,Consumer Cyclical,Apparel Manufacturing,294.85,0.5549999999999999,0.8,0.5714285714285714,0.5,0.5549999999999999,0,101.65,-65.43,31.44385,0.20895,126.45,0,24589584384,0.34,33.89584309559461,10.321999,59.7548096,23.45350706874281,25.299836765272744,16.400000000000002,3.8,Overvalued by 65.43%. Strong technical uptrend (RSI/MACD bullish). High Financial Strength (F-Score 7/9).
CEATLTD.NS,CEATLTD.NS,Consumer Cyclical,Auto Parts,3829.2,0.5549999999999999,0.8,0.5714285714285714,0.5,0.5549999999999999,0,1765.47,-53.8,31.185831,0.11236,67.986,0,154338623488,0.78,14.539740315838955,8.7349996,148.2899968,12.505756991853412,87.93896320206773,14.2,52.6,Overvalued by 53.8%. Strong technical uptrend (RSI/MACD bullish).
BEL.NS,BEL.NS,Industrials,Aerospace & Defense,417.6,0.5526195,0.8,0.5714285714285714,0.48413,0.5526195,0,71.97,-82.76,53.46351,0.29009,0.273,0,3052198166528,0.57,35.58841067012985,27.204,97.7750016,15.29215580517147,30.4189858729913,25.8,17.299999999999997,Overvalued by 82.76%. Strong technical uptrend (RSI/MACD bullish). High Financial Strength (F-Score 9/9).
IMFA.NS,IMFA.NS,Basic Materials,Other Industrial Metals & Mining,1268.5,0.5519725,0.6,0.7142857142857143,0.61315,0.5519725,0,800.93,-36.88,20.711605,0.13628,17.281,0,68492996608,1.97,19.740971870015507,17.135,94.4574976,-0.3952043131037919,-9.280304836078168,3.9,-22.0,Overvalued by 36.88%. High Financial Strength (F-Score 7/9). Positive Market Sentiment.
SHANKARA.NS,SHANKARA.NS,Consumer Cyclical,Home Improvement Retail,112.67,0.55192,0.4,1.0,0.4128,0.55192,0,348.98,210.76,3.758367,0.11495,14.499,0,2724612864,2.66,15.667048161093755,-0.9400000000000001,419.8224896,33.14098055924206,31.138806606678425,-78.9,0,DCF Undervalued by 210.76%. Undervalued by ~209% (Graham). High Financial Strength (F-Score 7/9).
SUPRAJIT.NS,SUPRAJIT.NS,Consumer Cyclical,Auto Parts,463.85,0.5514193749999999,0.6,0.7142857142857143,0.6094625,0.5514193749999999,0,161.29,-65.1,39.69931,0.12116,67.961,0,63382102016,0.65,13.282448894897156,6.654999999999999,-41.5763744,21.31645152546986,-16.915706857239453,12.9,12266.7,Overvalued by 65.1%. High Financial Strength (F-Score 7/9). Positive Market Sentiment.
BSE.NS,BSE.NS,Financial Services,Financial Data & Stock Exchanges,2836.8,0.5508044999999999,0.8,0.5714285714285714,0.47203,0.5508044999999999,0,390.35,-86.23,64.866104,0.31448,0.0,0,1150969839616,0.21,39.492022760488545,77.264,186.7162496,58.468005464121674,73.39502578021046,39.4,61.1,Overvalued by 86.23%. Strong technical uptrend (RSI/MACD bullish). High Financial Strength (F-Score 7/9).
ECLERX.NS,ECLERX.NS,Technology,Information Technology Services,4602.6,0.5506074999999999,0.6,0.7142857142857143,0.60405,0.5506074999999999,0,1268.19,-72.26,35.7288,0.26288998,15.04,0,211749355520,0.02,32.67557536293859,22.745001000000002,442.3021056,15.928760821799548,9.036660709032907,20.8,30.7,Overvalued by 72.26%. High Financial Strength (F-Score 7/9). Positive Market Sentiment.
ZEEL.NS,ZEEL.NS,Communication Services,Broadcasting,90.29,0.5505469999999999,0.4,0.8571428571428571,0.73698,0.5505469999999999,0,126.66,40.09,15.169463,0.05012,2.465,0,86840565760,2.69,8.19935691318328,4.535,405.087488,0.382941894480604,-11.022390332932952,-1.6,-63.800000000000004,DCF Undervalued by 40.09%. Undervalued by ~40% (Graham). High Financial Strength (F-Score 7/9). Positive Market Sentiment.
WIPRO.NS,WIPRO.NS,Technology,Information Technology Services,260.2,0.5503089999999999,0.6,0.7142857142857143,0.60206,0.5503089999999999,0,154.16,-40.93,20.307394,0.16108999,18.738,0,2733554008064,4.23,18.604096852319806,16.420999,12616.3623936,4.046379193841654,2.439636282496571,1.7999999999999998,1.0,Overvalued by 40.93%. High Financial Strength (F-Score 7/9). Positive Market Sentiment.
UFO.NS,UFO.NS,Communication Services,Entertainment,79.21,0.5501025,0.6,0.8571428571428571,0.26735,0.5501025,0,115.96,46.23,10.730718,0.09613,29.853,0,3078010624,0,7.819990561627016,10.424,-1.4668375,40.52901607880728,-52.0551087549994,15.0,0,DCF Undervalued by 46.23%. Undervalued by ~46% (Graham). High Financial Strength (F-Score 7/9).
CROWN.NS,CROWN.NS,Industrials,Rental & Leasing Services,114.3,0.54941,0.4,0.8571428571428571,0.7294,0.54941,0,116.18,1.04,12.498913,0.17774999,66.801,0,1290572416,0,26.20316000590587,31.480999999999998,70.3614976,20.6996318707243,127.93434299532387,26.1,-8.9,Undervalued by ~1% (Graham). Positive Market Sentiment.
SBILIFE.NS,SBILIFE.NS,Financial Services,Insurance - Life,2068.8,0.548909,0.8,0.5,0.6260600000000001,0.548909,0,316.49,-84.69,84.69479,0.14199,0,0,2073250234368,0.13,14.754538469916723,2.305,3236.4961792,11.655406358211739,17.020603833001367,-42.8,-6.6000000000000005,Overvalued by 84.69%. Strong technical uptrend (RSI/MACD bullish). High Financial Strength (F-Score 7/9). Positive Market Sentiment.
PRECWIRE.NS,PRECWIRE.NS,Industrials,Electrical Equipment & Parts,227.19,0.548545,0.6,0.7142857142857143,0.5903,0.548545,0,71.62,-68.48,36.65323,0.1852,19.307,0,41560678400,0.66,24.810402157854412,4.256,1.7225876,15.392130996458642,12.635076505061683,18.099999999999998,83.3,Overvalued by 68.48%. High Financial Strength (F-Score 7/9).
DSSL.NS,DSSL.NS,Technology,Information Technology Services,1007.5,0.5483425,0.6,0.7142857142857143,0.58895,0.5483425,0,546.48,-45.89,16.30084,0.33928,63.929,0,12859309056,0.05,38.26029500043484,9.8050006,-12.6785128,24.670394812186846,63.946289178546344,15.0,24.3,Overvalued by 45.89%. High Financial Strength (F-Score 7/9).
ACC.NS,ACC.NS,Basic Materials,Building Materials,1728.1,0.5482009999999999,0.4,0.8571428571428571,0.72134,0.5482009999999999,0,2057.78,19.16,9.739988,0.18207,2.435,0,324289822720,0.43,17.434804072684003,9.561,-3040.5763072,9.339640780691916,8.8415518183528,28.599999999999998,465.09999999999997,Undervalued by ~19% (Graham). Positive Market Sentiment.
SOUTHWEST.NS,SOUTHWEST.NS,Energy,Oil & Gas Equipment & Services,186.66,0.5477529999999999,0.6,0.7142857142857143,0.58502,0.5477529999999999,0,108.15,-42.2,21.883041,0.16344,51.856,0,5638258688,0.88,12.732082316057557,18.404,-35.6626112,15.221833859922395,14.57626334661768,128.2,1857.1000000000001,Overvalued by 42.2%. High Financial Strength (F-Score 7/9).
GRANULES.NS,GRANULES.NS,Healthcare,Drug Manufacturers - Specialty & Generic,599.35,0.5472024999999999,0.6,0.7142857142857143,0.58135,0.5472024999999999,0,279.48,-53.25,28.25378,0.13843,45.369,0,145079484416,0.25,14.41278819138139,15.899,248.5997568,6.133952865484771,6.707606603319882,34.2,34.2,Overvalued by 53.25%. High Financial Strength (F-Score 7/9).
LUMAXIND.NS,LUMAXIND.NS,Consumer Cyclical,Auto Parts,5555.5,0.546805,0.8,0.42857142857142855,0.7787,0.546805,0,1769.25,-68.13,34.815605,0.19748,121.301,0,51889258496,0.63,16.17076162857363,5.1339999999999995,-85.4200512,24.258318089424648,50.89063139668515,24.2,26.1,Overvalued by 68.13%. Strong technical uptrend (RSI/MACD bullish). Positive Market Sentiment.
INFY.NS,INFY.NS,Technology,Information Technology Services,1599.8,0.5463595,0.6,0.7142857142857143,0.57573,0.5463595,0,567.32,-64.74,23.17298,0.32683,10.531,0,6508939051008,2.81,40.12494422132976,18.375999,305.5937536,5.727091841700993,2.14728425629529,3.2,-5.3,Overvalued by 64.74%. High Financial Strength (F-Score 7/9).
DABUR.NS,DABUR.NS,Consumer Defensive,Household & Personal Products,513.75,0.5456295,0.8,0.5714285714285714,0.43753000000000003,0.5456295,0,118.87,-76.84,50.47689,0.16096,11.464,0,910523760640,1.56,20.85578100554008,14.811,973.406208,4.686777470049863,0.5415588046318254,5.4,6.7,Overvalued by 76.84%. Strong technical uptrend (RSI/MACD bullish). High Financial Strength (F-Score 7/9).
INDUSTOWER.NS,INDUSTOWER.NS,Communication Services,Telecom Services,438.4,0.5448774999999999,0.6,0.7142857142857143,0.56585,0.5448774999999999,0,330.3,-24.75,12.392717,0.29018998,58.026,0,1157570494464,0,43.10154858791682,34.341,8016.2496512,2.813148956768785,15.937594834817315,9.700000000000001,-16.0,Overvalued by 24.75%. High Financial Strength (F-Score 7/9).
TCS.NS,TCS.NS,Technology,Information Technology Services,3200.1,0.5438799999999999,0.6,0.7142857142857143,0.5592,0.5438799999999999,0,965.28,-69.84,24.243183,0.42635,9.444,0,11578241974272,1.99,69.78660981890329,25.179002,36118.0004352,10.014282114946793,8.2024466052522,4.9,-13.900000000000002,Overvalued by 69.84%. High Financial Strength (F-Score 7/9).
TMB.NS,TMB.NS,Financial Services,Banks - Regional,564.5,0.5405333333333333,0.6,0.6666666666666666,0.648,0.5405333333333333,0,1014.6,79.64,7.361835,0.1359,0,0,89456959488,1.95,12.437116749362579,55.071999999999996,0,6.242483145487077,12.894377637880483,3.5000000000000004,4.7,DCF Undervalued by 79.64%. Undervalued by ~79% (Graham). Positive Market Sentiment.
ADANIPOWER.NS,ADANIPOWER.NS,Utilities,Utilities - Independent Power Producers,142.77,0.539098,0.6,0.7142857142857143,0.52732,0.539098,0,64.53,-54.75,23.338789,0.19976999,81.251,0,2750189666304,0,20.55365266678083,29.404000000000003,-2916.7724544,26.613207370179094,38.10961784328391,0.8999999999999999,-6.800000000000001,Overvalued by 54.75%. High Financial Strength (F-Score 7/9).
GANDHAR.NS,GANDHAR.NS,Energy,Oil & Gas Refining & Marketing,153.99,0.5384337499999999,0.4,0.8571428571428571,0.6562250000000001,0.5384337499999999,0,166.78,8.65,16.347178,0.07572,24.674,0,15024507904,0.32,10.830200896809112,5.505,-97.6659968,4.7552855675324635,-21.911231709033927,13.3,92.7,Undervalued by ~8% (Graham). High Financial Strength (F-Score 7/9). Positive Market Sentiment.
SHAREINDIA.NS,SHAREINDIA.NS,Financial Services,Capital Markets,149.53,0.537471,0.2,1.0,0.78314,0.537471,0,177.93,19.18,12.1778145,0.1161,22.746,0,32598151168,0.77,17.54966921463316,41.592,0,15.389205653515003,17.654056059142142,-28.9,-27.700000000000003,Undervalued by ~18% (Graham). High Financial Strength (F-Score 7/9). Positive Market Sentiment.
NMDC.NS,NMDC.NS,Basic Materials,Steel,83.85,0.5372515,0.6,0.7142857142857143,0.51501,0.5372515,0,81.47,-2.67,10.4755945,0.23085,11.21,0,736260587520,3.94,27.853668564899177,29.528,-2252.8536576,-2.723242345247001,-11.470982464927504,29.7,39.900000000000006,High Financial Strength (F-Score 7/9).
SBIN.NS,SBIN.NS,Financial Services,Banks - Regional,1028.35,0.5355683333333333,0.6,0.6666666666666666,0.6149,0.5355683333333333,0,1116.82,8.43,11.459724,0.15675999,0,0,9507536109568,1.55,7.018095370820078,28.038999999999998,0,13.972192450603792,29.913474259585037,8.1,2.9000000000000004,Undervalued by ~8% (Graham). Positive Market Sentiment.
DATAMATICS.NS,DATAMATICS.NS,Technology,Information Technology Services,710.8,0.5349999999999999,0.6,0.7142857142857143,0.5,0.5349999999999999,0,466.96,-33.54,17.841543,0.17094,12.851,0,41629749248,0.7,16.99346405228758,14.059,333.882496,12.790271050655665,9.191862621347614,20.5,49.0,Overvalued by 33.54%. High Financial Strength (F-Score 7/9).
VEEDOL.NS,VEEDOL.NS,Basic Materials,Specialty Chemicals,1541.6,0.5349999999999999,0.6,0.7142857142857143,0.5,0.5349999999999999,0,1195.06,-22.64,13.99529,0.203,2.144,0,26253660160,4.93,22.445161643236148,8.821,48.7062496,8.645602050751577,11.143871589866471,6.9,18.3,Overvalued by 22.64%. High Financial Strength (F-Score 7/9).
JKTYRE.NS,JKTYRE.NS,Consumer Cyclical,Auto Parts,506.15,0.5349999999999999,0.6,0.7142857142857143,0.5,0.5349999999999999,0,289.96,-42.83,25.95701,0.10606,89.667,0,146220433408,0.59,12.276415091404445,10.094,44.4787488,7.055626154290295,33.084214604772754,10.8,64.2,Overvalued by 42.83%. High Financial Strength (F-Score 7/9).
NATIONALUM.NS,NATIONALUM.NS,Basic Materials,Aluminum,373.55,0.5349999999999999,0.6,0.7142857142857143,0.5,0.5349999999999999,0,284.46,-23.89,11.230469,0.34459,0.282,0,686697873408,3.88,39.42971434773315,40.653,4887.9239168,5.438531862598772,21.30268812450602,7.3,36.7,Overvalued by 23.89%. High Financial Strength (F-Score 9/9).
INDOBORAX.NS,INDOBORAX.NS,Basic Materials,Chemicals,256.9,0.5349999999999999,0.6,0.7142857142857143,0.5,0.5349999999999999,0,190.01,-26.07,18.02244,0.13535,0.009,0,8247130112,0.39,17.54156044826822,16.657,34.0632,-0.08691877478289589,5.33207131815856,52.7,77.3,Overvalued by 26.07%. High Financial Strength (F-Score 9/9).
GALLANTT.NS,GALLANTT.NS,Basic Materials,Steel,557.0,0.5349999999999999,0.6,0.7142857142857143,0.5,0.5349999999999999,0,240.46,-57.31,27.70782,0.17205,21.152,0,135977967616,0.22,18.284875071924326,11.068,-67.0508864,11.137300307931653,31.598124700298126,7.3999999999999995,78.3,Overvalued by 57.31%. High Financial Strength (F-Score 7/9).
HBLENGINE.NS,HBLENGINE.NS,Industrials,Electrical Equipment & Parts,878.25,0.5349999999999999,0.6,0.7142857142857143,0.5,0.5349999999999999,0,192.85,-78.1,38.11472,0.38127,4.396,0,244056293376,0.11,24.7953487037987,43.493998,-9.0761624,17.23261281095676,43.40328774389823,134.7,346.0,Overvalued by 78.1%. High Financial Strength (F-Score 7/9).
RBZJEWEL.NS,RBZJEWEL.NS,Consumer Cyclical,Luxury Goods,142.39,0.5349999999999999,0.6,0.7142857142857143,0.5,0.5349999999999999,0,134.21,-7.53,12.269653,0.19124001,55.481,0,5805999616,0,18.539717894295332,18.85,-33.333312,28.113616134330698,39.13194499984542,24.4,129.7,High Financial Strength (F-Score 7/9).
AUTOAXLES.NS,AUTOAXLES.NS,Consumer Cyclical,Auto Parts,1900.8,0.5349999999999999,0.6,0.7142857142857143,0.5,0.5349999999999999,0,1248.19,-34.65,18.370684,0.16517,1.472,0,28880582656,1.6,21.712417075898085,8.575000000000001,128.4528768,11.922959150334478,27.88908431071393,-6.7,0,Overvalued by 34.65%. High Financial Strength (F-Score 7/9).
AIAENG.NS,AIAENG.NS,Industrials,Specialty Industrial Machinery,3935.4,0.5349999999999999,0.6,0.7142857142857143,0.5,0.5349999999999999,0,1464.93,-63.05,32.817413,0.16348,13.852,0,370015272960,0.41,18.746921208185903,25.667,591.8672384,6.34825540483912,19.622552748886733,0.3,8.9,Overvalued by 63.05%. High Financial Strength (F-Score 7/9).
INDORAMA.NS,INDORAMA.NS,Consumer Cyclical,Textile Manufacturing,43.46,0.5349999999999999,0.6,0.7142857142857143,0.5,0.5349999999999999,0,45.65,3.78,8.10129,0.37839,245.505,0,11486367744,0,9.865942053234992,5.4640003,62.7275008,1.23817195019027,-82.67155338958003,28.4,0,Undervalued by ~5% (Graham).
HAPPYFORGE.NS,HAPPYFORGE.NS,Industrials,Metal Fabrication,1094.7,0.5349999999999999,0.6,0.7142857142857143,0.5,0.5349999999999999,0,366.93,-66.24,37.756165,0.14789,9.832,0,102534447104,0.27,17.643423012316223,24.972999,-164.2547456,17.76810753041311,23.409807812693195,4.5,2.8000000000000003,Overvalued by 66.24%. High Financial Strength (F-Score 7/9).
INDSWFTLAB.NS,INDSWFTLAB.NS,Healthcare,Drug Manufacturers - Specialty & Generic,100.72,0.5349999999999999,0.6,0.7142857142857143,0.5,0.5349999999999999,0,345.33,247.73,3.0660698,0.20142001,1.687,0,8123567104,0,21.35617135470466,-3.605,-315.7855488,-18.52895200876137,388.4763944336882,1176.7,1271.4,DCF Undervalued by 247.73%. Undervalued by ~242% (Graham).
SJS.NS,SJS.NS,Consumer Cyclical,Auto Parts,1684.6,0.5349999999999999,0.6,0.7142857142857143,0.5,0.5349999999999999,0,482.87,-71.55,39.34616,0.20193,4.444,0,54263746560,0.15,22.87156829076133,22.555,105.6380032,26.16843001227518,28.89304153749579,25.4,49.2,Overvalued by 71.55%. High Financial Strength (F-Score 7/9).
SUPRIYA.NS,SUPRIYA.NS,Healthcare,Biotechnology,744.1,0.5349999999999999,0.6,0.7142857142857143,0.5,0.5349999999999999,0,262.11,-64.77,32.770924,0.18351,0.484,0,59871158272,0.13,24.977727838195754,33.032000000000004,-24.2706256,9.374660929720324,7.379195284859352,20.3,9.8,Overvalued by 64.77%. High Financial Strength (F-Score 9/9).
SHRIPISTON.NS,SHRIPISTON.NS,Consumer Cyclical,Auto Parts,2989.9,0.5349999999999999,0.6,0.7142857142857143,0.5,0.5349999999999999,0,1285.1,-56.97,24.359247,0.22016001,19.519,0,131541581824,0.33,24.9207662431813,17.186001,240.2727424,20.012654493837623,45.774642525330655,16.0,12.1,Overvalued by 56.97%. High Financial Strength (F-Score 7/9).
AJANTPHARM.NS,AJANTPHARM.NS,Healthcare,Drug Manufacturers - Specialty & Generic,2706.4,0.5349999999999999,0.6,0.7142857142857143,0.5,0.5349999999999999,0,778.33,-71.22,34.698483,0.24365999,5.698,0,338040619008,2.07,31.898979139862053,24.068001,207.0749952,11.7855225519361,8.899471821491357,14.099999999999998,20.599999999999998,Overvalued by 71.22%. High Financial Strength (F-Score 7/9).
RATEGAIN.NS,RATEGAIN.NS,Technology,Software - Application,664.65,0.5349999999999999,0.6,0.7142857142857143,0.5,0.5349999999999999,0,247.88,-62.47,37.21127,0.124060005,0.823,0,77961723904,0,16.254076132982224,15.009,119.0671232,43.20788732559153,191.68408842440843,6.4,-1.6,Overvalued by 62.47%. High Financial Strength (F-Score 9/9).
GPIL.NS,GPIL.NS,Basic Materials,Steel,265.15,0.5349999999999999,0.6,0.7142857142857143,0.5,0.5349999999999999,0,151.98,-42.38,21.906147,0.15154,3.643,0,171086151680,0.38,21.335324419025095,16.733999999999998,-87.1671616,0.13881353023690313,-17.89889597192209,3.1,0.4,Overvalued by 42.38%. High Financial Strength (F-Score 7/9).
SANDUMA.NS,SANDUMA.NS,Basic Materials,Steel,232.41,0.5349999999999999,0.6,0.7142857142857143,0.5,0.5349999999999999,0,128.64,-44.6,18.847403,0.22918,63.561,0,112901431296,0.18,15.965347085337475,17.804001,96.9462528,11.541151994166675,-11.360857183463157,373.5,331.8,Overvalued by 44.6%. High Financial Strength (F-Score 7/9).
INDRAMEDCO.NS,INDRAMEDCO.NS,Healthcare,Medical Care Facilities,407.8,0.5349999999999999,0.6,0.7142857142857143,0.5,0.5349999999999999,0,175.48,-57.0,21.433823,0.29547,4.76,0,37428576256,1.1,36.7617483408192,15.865000000000002,143.5487488,14.875406000096891,40.03965389979904,8.9,16.6,Overvalued by 57.0%. High Financial Strength (F-Score 7/9).
CENTEXT.NS,CENTEXT.NS,Basic Materials,Aluminum,22.62,0.5349999999999999,0.6,0.7142857142857143,0.5,0.5349999999999999,0,17.92,-20.52,17.617188,0.12344,63.677,0,1837363328,0,16.541808550889144,5.982,-0.86125,10.175345090311794,17.22864363581136,3.0,16.7,Overvalued by 20.52%. High Financial Strength (F-Score 7/9).
ONWARDTEC.NS,ONWARDTEC.NS,Technology,Information Technology Services,311.8,0.5349999999999999,0.6,0.7142857142857143,0.5,0.5349999999999999,0,203.47,-34.58,17.287382,0.18664,16.959,0,7092604928,1.6,17.17437728766256,11.271,56.7840128,16.935817890195448,4.564814968285624,12.9,239.6,Overvalued by 34.58%. High Financial Strength (F-Score 7/9).
REPCOHOME.NS,REPCOHOME.NS,Financial Services,Mortgage Finance,407.3,0.5349999999999999,0.6,0.7142857142857143,0.5,0.5349999999999999,0,975.47,138.21,5.5889177,0.13479,318.337,0,25618876416,1.6,4.0285923577504805,69.68699699999999,0,40.49928319790019,33.4652870298203,3.8,-4.7,DCF Undervalued by 138.21%. Undervalued by ~139% (Graham).
SHARDACROP.NS,SHARDACROP.NS,Basic Materials,Agricultural Inputs,829.0,0.5349999999999999,0.6,0.7142857142857143,0.5,0.5349999999999999,0,578.1,-30.05,16.506891,0.18185,0.148,0,74669727744,1.09,15.214321828924609,6.755,117.3339648,6.483339471151073,-4.480734700807565,19.6,75.3,Overvalued by 30.05%. High Financial Strength (F-Score 9/9).
JAMNAAUTO.NS,JAMNAAUTO.NS,Consumer Cyclical,Auto Parts,126.68,0.5349999999999999,0.6,0.7142857142857143,0.5,0.5349999999999999,0,51.37,-59.44,28.144445,0.18214001,14.586,0,50666385408,1.66,23.231010602616372,10.504,172.9814656,9.749623844826584,8.59479963539711,3.5000000000000004,1.0,Overvalued by 59.44%. High Financial Strength (F-Score 7/9).
CARRARO.NS,CARRARO.NS,Consumer Cyclical,Auto Parts,528.25,0.5349999999999999,0.6,0.7142857142857143,0.5,0.5349999999999999,0,184.42,-64.87,30.120481,0.21754,37.201,0,29847058432,0.86,22.19994347865214,6.978,21.4567504,6.492782250012397,57.83830511318353,33.1,44.6,Overvalued by 64.87%. High Financial Strength (F-Score 7/9).
RATNAVEER.NS,RATNAVEER.NS,Basic Materials,Steel,150.37,0.5349999999999999,0.6,0.7142857142857143,0.5,0.5349999999999999,0,140.41,-6.33,14.385796,0.13578,50.633,0,10173782016,0,12.500353992325447,7.672,-136.3267456,27.83736960278769,70.31516719899042,24.3,25.8,High Financial Strength (F-Score 7/9).
SIGMA.NS,SIGMA.NS,Technology,Information Technology Services,58.78,0.5349999999999999,0.6,0.7142857142857143,0.5,0.5349999999999999,0,18.36,-68.88,23.886639,0.45837003,5.498,0,6072167424,0.09,49.161579621674576,28.994999999999997,18.6473744,22.84162128462166,28.673002894476006,50.0,62.5,Overvalued by 68.88%. High Financial Strength (F-Score 7/9).
COROMANDEL.NS,COROMANDEL.NS,Basic Materials,Agricultural Inputs,2320.5,0.5349999999999999,0.6,0.7142857142857143,0.5,0.5349999999999999,0,870.46,-62.48,28.483734,0.20782,11.599,0,685237862400,0.78,26.318941772393433,10.8219996,795.1925248,9.039740309219635,10.575176644608453,29.9,21.2,Overvalued by 62.48%. High Financial Strength (F-Score 7/9).
COMSYN.NS,COMSYN.NS,Consumer Cyclical,Packaging & Containers,149.6,0.5349999999999999,0.6,0.7142857142857143,0.5,0.5349999999999999,0,75.58,-48.25,23.40545,0.17233999,67.103,0,5835018752,0.27,11.734365201916185,10.4949996,3.82485,2.5416800116866423,-2.2102168609248185,13.600000000000001,123.30000000000001,Overvalued by 48.25%. High Financial Strength (F-Score 7/9).
MCLOUD.NS,MCLOUD.NS,Technology,Information Technology Services,23.53,0.5349999999999999,0.6,0.7142857142857143,0.5,0.5349999999999999,0,20.24,-13.85,12.766304,0.20707001,46.793,0,13852162048,0.13,21.99018194682042,25.452,-4.8026376,33.20681239687042,51.62593607245909,4.5,13.900000000000002,High Financial Strength (F-Score 7/9).
EICHERMOT.NS,EICHERMOT.NS,Consumer Cyclical,Auto Manufacturers,7358.0,0.5349999999999999,0.6,0.7142857142857143,0.5,0.5349999999999999,0,1836.54,-75.08,39.5896,0.24874,2.018,0,2021585321984,0.95,27.767106185792674,21.264,3344.7524352,22.328597116146163,41.344761842853586,44.800000000000004,24.4,Overvalued by 75.08%. High Financial Strength (F-Score 7/9).
MBAPL.NS,MBAPL.NS,Basic Materials,Agricultural Inputs,398.5,0.5349999999999999,0.6,0.7142857142857143,0.5,0.5349999999999999,0,110.46,-72.25,38.41699,0.21884,68.15,0,34875523072,0.13,16.821089500212622,12.055001,-99.7067904,34.57829930677478,0.2653986060088709,61.8,120.30000000000001,Overvalued by 72.25%. High Financial Strength (F-Score 7/9).
VASWANI.NS,VASWANI.NS,Basic Materials,Steel,56.37,0.5349999999999999,0.6,0.7142857142857143,0.5,0.5349999999999999,0,59.69,5.47,16.993994,0.0759,174.83,0,1867392128,0,6.66049789982767,5.653,-206.4314496,3.209054065867911,24.8368172338864,-16.8,-46.2,Undervalued by ~5% (Graham). High Financial Strength (F-Score 7/9).
RACLGEAR.NS,RACLGEAR.NS,Consumer Cyclical,Auto Parts,1052.2,0.5349999999999999,0.6,0.7142857142857143,0.5,0.5349999999999999,0,435.31,-58.7,35.39288,0.123789996,72.348,0,12424636416,0,11.837501325376028,13.374,-9.3530248,17.258621520439664,-0.23450382066465547,13.4,72.7,Overvalued by 58.7%. High Financial Strength (F-Score 7/9).
NAGREEKCAP.NS,NAGREEKCAP.NS,Financial Services,Asset Management,27.01,0.5349999999999999,0.6,0.7142857142857143,0.5,0.5349999999999999,0,80.45,197.87,2.0508733,0.86134005,329.865,0,346027904,0,30.02275612618871,116.446,-17.1855744,52.40852176487123,72.92607490565575,-65.9,-28.999999999999996,DCF Undervalued by 197.87%. Undervalued by ~197% (Graham).
DOLPHIN.NS,DOLPHIN.NS,Energy,Oil & Gas Equipment & Services,449.8,0.5349999999999999,0.6,0.7142857142857143,0.5,0.5349999999999999,0,149.87,-66.62,33.96369,0.19451,64.104,0,17962055680,0,11.15767966305942,74.066,-310.8859648,inf,48.19005922228572,47.099999999999994,20.7,Overvalued by 66.62%. High Financial Strength (F-Score 7/9).
AVTNPL.NS,AVTNPL.NS,Basic Materials,Specialty Chemicals,66.05,0.5349999999999999,0.6,0.7142857142857143,0.5,0.5349999999999999,0,55.73,-15.44,16.352356,0.122959994,19.139,0,10120409088,1.06,11.503785387609163,7.625,-9.5775752,0.12096590444568012,-12.846205360493478,31.6,112.20000000000002,High Financial Strength (F-Score 7/9).
PRIMESECU.NS,PRIMESECU.NS,Financial Services,Capital Markets,276.5,0.5349999999999999,0.6,0.7142857142857143,0.5,0.5349999999999999,0,124.26,-54.98,27.963526,0.15892,0.723,0,9369644032,0.54,21.76233684312679,17.101,0,24.31173648033582,31.14559143751503,4.2,-18.5,Overvalued by 54.98%. High Financial Strength (F-Score 7/9).
SHREERAMA.NS,SHREERAMA.NS,Consumer Cyclical,Packaging & Containers,62.16,0.5349999999999999,0.6,0.7142857142857143,0.5,0.5349999999999999,0,33.1,-46.69,15.180928,0.40311,13.028,0,8287028736,0,12.084325622596959,12.991,2.522775,11.311994095623202,118.49692698192156,17.5,27.500000000000004,Overvalued by 46.69%. High Financial Strength (F-Score 7/9).
VPRPL.NS,VPRPL.NS,Industrials,Engineering & Construction,49.27,0.5349999999999999,0.6,0.7142857142857143,0.5,0.5349999999999999,0,81.92,65.16,20.162601,0.039690003,90.698,0,6186053120,0,9.219762736834317,6.4380005,-180.7054976,16.36283280990034,9.322995883378793,-11.700000000000001,-70.5,DCF Undervalued by 65.16%. Undervalued by ~66% (Graham).
PRICOLLTD.NS,PRICOLLTD.NS,Consumer Cyclical,Auto Parts,610.5,0.5349999999999999,0.6,0.7142857142857143,0.5,0.5349999999999999,0,180.82,-70.28,38.93154,0.18375,10.545,0,74164887552,0.66,21.01998059676563,8.737001,27.789088,20.442682718744543,48.41425708367435,50.5,41.9,Overvalued by 70.28%. High Financial Strength (F-Score 7/9).
BLACKBUCK.NS,BLACKBUCK.NS,Technology,Software - Application,641.7,0.5349999999999999,0.6,0.7142857142857143,0.5,0.5349999999999999,0,164.09,-74.37,38.519855,0.35064,3.633,0,116056645632,0,-22.0044253793295,15.982,193.8635008,52.28240049775359,nan,53.0,0,Overvalued by 74.37%. High Financial Strength (F-Score 7/9).
DAVANGERE.NS,DAVANGERE.NS,Consumer Defensive,Confectioners,5.04,0.5349999999999999,0.6,0.7142857142857143,0.5,0.5349999999999999,0,10.78,113.02,33.73333,0.029930001,46.8,0,7235753472,0,6.378017593531098,25.304001999999997,-20.0487632,22.933439229427055,24.4081218610833,22.5,1185.6999999999998,DCF Undervalued by 113.02%. Undervalued by ~113% (Graham).
INFOBEAN.NS,INFOBEAN.NS,Technology,Software - Application,815.8,0.5349999999999999,0.6,0.7142857142857143,0.5,0.5349999999999999,0,297.39,-63.72,31.506533,0.18615,4.124,0,19871836160,0.12,16.627035487463505,19.858,36.34,13.303440930628941,-11.60820489129113,27.6,79.3,Overvalued by 63.72%. High Financial Strength (F-Score 7/9).
CARYSIL.NS,CARYSIL.NS,Consumer Cyclical,"Furnishings, Fixtures & Appliances",771.85,0.5349999999999999,0.6,0.7142857142857143,0.5,0.5349999999999999,0,357.07,-53.75,27.106743,0.15262,42.1,0,21957693440,0.31,14.047426637708977,15.195,-13.9687504,19.39287117017563,-0.5287178200480858,16.2,71.3,Overvalued by 53.75%. High Financial Strength (F-Score 7/9).
MINDTECK.NS,MINDTECK.NS,Technology,Information Technology Services,224.54,0.5349999999999999,0.6,0.7142857142857143,0.5,0.5349999999999999,0,138.35,-37.45,22.7572,0.11833999,2.04,0,7141519872,0.45,14.002077802147062,5.963,30.3575008,12.412543039423518,-4.866201388493208,-6.1,0,Overvalued by 37.45%. High Financial Strength (F-Score 7/9).
VISHNU.NS,VISHNU.NS,Basic Materials,Specialty Chemicals,507.35,0.5349999999999999,0.6,0.7142857142857143,0.5,0.5349999999999999,0,264.72,-47.82,24.182556,0.1573,41.813,0,34152407040,0.06,15.25677507166076,11.956,-67.0641344,10.584202418954568,15.877264742319852,16.7,39.800000000000004,Overvalued by 47.82%. High Financial Strength (F-Score 7/9).
NIITMTS.NS,NIITMTS.NS,Consumer Defensive,Education & Training Services,381.15,0.5349999999999999,0.6,0.7142857142857143,0.5,0.5349999999999999,0,179.61,-52.88,25.928572,0.17095,19.46,0,52281368576,0.79,24.701683969686204,17.372,137.9966208,0,0,19.7,-15.1,Overvalued by 52.88%. High Financial Strength (F-Score 7/9).
MSUMI.NS,MSUMI.NS,Consumer Cyclical,Auto Parts,46.07,0.5344774999999999,0.6,0.5714285714285714,0.82985,0.5344774999999999,0,7.68,-83.28,48.82979,0.35456002,13.718,0,304393289728,2.39,48.588827731584495,8.2270004,400.1237504,18.39140004654498,13.83926503645414,18.5,10.299999999999999,Overvalued by 83.28%. High Financial Strength (F-Score 7/9). Positive Market Sentiment.
RAMKY.NS,RAMKY.NS,Industrials,Engineering & Construction,497.8,0.5342075,0.6,0.5714285714285714,0.82805,0.5342075,0,440.81,-11.13,17.062263,0.09883001,27.608,0,34322104320,0,17.3401276150374,14.411001,-82.4677504,11.91306664534082,102.9648074735774,-10.6,-3.8,High Financial Strength (F-Score 7/9). Positive Market Sentiment.
PCJEWELLER.NS,PCJEWELLER.NS,Consumer Cyclical,Luxury Goods,10.49,0.53291,0.4,0.8571428571428571,0.6194,0.53291,0,12.78,21.79,14.985714,0.11517,22.029,0,77595000832,0,6.101644422538724,20.924999,-625.38752,11.802819210502413,13.896016964119262,63.4,-45.300000000000004,Undervalued by ~21% (Graham). Positive Market Sentiment.
ASTRAL.NS,ASTRAL.NS,Industrials,Building Products & Equipment,1462.6,0.5327999999999999,0.8,0.5714285714285714,0.352,0.5327999999999999,0,245.25,-83.26,77.064705,0.13975,6.769,0,393572515840,0.26,19.431519051290913,11.6960004,284.9250048,9.902066074007298,2.6833140112257237,15.1,22.400000000000002,Overvalued by 83.26%. Strong technical uptrend (RSI/MACD bullish). High Financial Strength (F-Score 7/9).
PNB.NS,PNB.NS,Financial Services,Banks - Regional,124.5,0.5316908333333333,0.6,0.6666666666666666,0.58905,0.5316908333333333,0,212.51,70.69,8.037443,0.12706,0,0,1431103078400,2.36,9.008753807150274,44.085,0,13.240705876914127,68.53084912842546,-2.3,15.6,DCF Undervalued by 70.69%. Undervalued by ~70% (Graham).
TECHM.NS,TECHM.NS,Technology,Information Technology Services,1588.5,0.5315995,0.6,0.7142857142857143,0.47733,0.5315995,0,593.92,-62.7,31.52247,0.16267,6.992,0,1410319777792,2.83,21.46704080422809,12.142,5508.6751744,5.876394590085199,-8.589294749476462,5.1,-4.5,Overvalued by 62.7%. High Financial Strength (F-Score 7/9).
SATIN.NS,SATIN.NS,Financial Services,Credit Services,151.38,0.53145,0.4,0.7142857142857143,0.9430000000000001,0.53145,0,255.91,68.36,12.438625,0.05207,367.777,0,16718178304,0,2.103139014125503,37.657002,0,21.47916436577082,107.94728726543661,49.4,19.0,DCF Undervalued by 68.36%. Undervalued by ~69% (Graham). High Financial Strength (F-Score 7/9). Positive Market Sentiment.
INTENTECH.NS,INTENTECH.NS,Technology,Software - Infrastructure,116.86,0.5299999999999999,0.8,0.5,0.5,0.5299999999999999,0,76.12,-34.18,27.211765,0.071830004,0,0,2703828224,0.86,14.427091507287809,25.807999999999996,-0.0857625,21.751579020534017,-5.0550571821456725,10.0,10.299999999999999,Overvalued by 34.18%. Strong technical uptrend (RSI/MACD bullish). High Financial Strength (F-Score 7/9).
IDBI.NS,IDBI.NS,Financial Services,Banks - Regional,104.85,0.5299178333333333,0.6,0.6666666666666666,0.57723,0.5299178333333333,0,110.91,5.64,12.15162,0.15128,0,0,1129004269568,2.0,9.356825613020765,62.272000000000006,0,11.553940847189681,44.412444695159124,29.799999999999997,73.4,Undervalued by ~5% (Graham).
DRREDDY.NS,DRREDDY.NS,Healthcare,Drug Manufacturers - Specialty & Generic,1186.5,0.5298775,0.6,0.7142857142857143,0.46585,0.5298775,0,824.95,-30.76,16.96327,0.1736,16.167,0,991991889920,0.67,21.21695053473442,18.445998,1356.287488,14.938020396677064,33.87143933281283,9.8,14.6,Overvalued by 30.76%. High Financial Strength (F-Score 7/9).
MEDPLUS.NS,MEDPLUS.NS,Healthcare,Pharmaceutical Retailers,834.3,0.5289425,0.6,0.5714285714285714,0.79295,0.5289425,0,237.37,-71.6,51.37369,0.11209,64.689,0,100107829248,0,16.424302279552396,4.7810003,335.9774976,17.470197350410576,16.202638664364354,6.5,43.0,Overvalued by 71.6%. High Financial Strength (F-Score 7/9). Positive Market Sentiment.
SOBHA.NS,SOBHA.NS,Real Estate,Real Estate - Development,1549.4,0.5286924999999999,0.8,0.42857142857142855,0.65795,0.5286924999999999,0,369.79,-76.14,109.92908,0.03664,23.042,0,165712887808,0.19,5.620093678477389,4.933,135.322496,16.269250782866163,-18.231194659266727,50.8,161.8,Overvalued by 76.14%. Strong technical uptrend (RSI/MACD bullish). High Financial Strength (F-Score 7/9). Positive Market Sentiment.
MAHABANK.NS,MAHABANK.NS,Financial Services,Banks - Regional,65.9,0.5282288333333333,0.6,0.6666666666666666,0.56597,0.5282288333333333,0,90.71,37.98,7.8076005,0.21174999,0,0,505642811392,3.79,10.543616897611587,55.34799700000001,0,18.87647762217739,68.74050723770011,25.5,27.200000000000003,DCF Undervalued by 37.98%. Undervalued by ~37% (Graham).
NCC.NS,NCC.NS,Industrials,Engineering & Construction,148.16,0.5273855,0.4,0.8571428571428571,0.58257,0.5273855,0,184.66,24.64,11.712254,0.11417,37.893,0,93021757440,1.56,18.23906141888399,7.405,-1074.707456,25.734827679466644,19.33779162917293,-12.6,-5.4,Undervalued by ~24% (Graham).
BSOFT.NS,BSOFT.NS,Technology,Information Technology Services,419.6,0.527220625,0.6,0.7142857142857143,0.4481375,0.527220625,0,222.08,-47.0,25.34785,0.1328,4.089,0,116762804224,1.55,20.64032484772763,14.530000000000001,562.3991296,9.178462679996091,3.681981513939414,-2.9000000000000004,-8.6,Overvalued by 47.0%. High Financial Strength (F-Score 7/9).
TATVA.NS,TATVA.NS,Basic Materials,Specialty Chemicals,1360.0,0.5271999999999999,0.8,0.42857142857142855,0.648,0.5271999999999999,0,235.16,-82.79,179.29134,0.02377,11.004,0,32068761600,0.07,1.0932493305057198,10.656,-72.079872,-4.141048200624264,-60.94099950688804,47.9,0,Overvalued by 82.79%. Strong technical uptrend (RSI/MACD bullish). High Financial Strength (F-Score 7/9). Positive Market Sentiment.
MTARTECH.NS,MTARTECH.NS,Industrials,Specialty Industrial Machinery,2637.6,0.5271999999999999,0.8,0.42857142857142855,0.648,0.5271999999999999,0,281.01,-89.38,182.28807,0.06199,25.061,0,81359118336,0,9.806262801045271,6.0539998,-0.95625,28.134897476999665,-4.5800837943401955,-28.7,-77.4,Overvalued by 89.38%. Strong technical uptrend (RSI/MACD bullish). High Financial Strength (F-Score 7/9). Positive Market Sentiment.
STALLION.NS,STALLION.NS,Basic Materials,Specialty Chemicals,216.09,0.526805,0.6,0.5714285714285714,0.7787,0.526805,0,66.49,-69.23,43.478874,0.19826001,0.366,0,17141394432,0,15.609014285874439,14.63,1.112025,26.690459348681816,15.266103440623112,55.60000000000001,914.3000000000001,Overvalued by 69.23%. High Financial Strength (F-Score 9/9). Positive Market Sentiment.
TATASTEEL.NS,TATASTEEL.NS,Basic Materials,Steel,189.25,0.5247565,0.8,0.42857142857142855,0.63171,0.5247565,0,96.68,-48.94,34.743122,0.071729995,99.699,0,2361544409088,1.9,8.74563878866689,10.2290004,9407.4462208,-3.636438598660241,-55.99983866003788,8.9,271.6,Overvalued by 48.94%. Strong technical uptrend (RSI/MACD bullish). Positive Market Sentiment.
THANGAMAYL.NS,THANGAMAYL.NS,Consumer Cyclical,Luxury Goods,3832.1,0.5241475,0.8,0.42857142857142855,0.62765,0.5241475,0,719.68,-81.22,62.51835,0.21837,96.321,0,119137386496,0.33,10.56886858179815,5.1799998,-726.9725184,30.82561112049507,45.48592317700386,44.7,0,Overvalued by 81.22%. Strong technical uptrend (RSI/MACD bullish). Positive Market Sentiment.
FORTIS.NS,FORTIS.NS,Healthcare,Medical Care Facilities,909.95,0.5241399999999999,0.8,0.42857142857142855,0.6275999999999999,0.5241399999999999,0,194.46,-78.64,67.59465,0.112679996,32.958,0,687389409280,0.11,10.456183790599214,19.322,-1786.6006528,11.059001117707057,11.727135463424855,17.299999999999997,82.1,Overvalued by 78.64%. Strong technical uptrend (RSI/MACD bullish). Positive Market Sentiment.
ORIENTCER.NS,ORIENTCER.NS,Basic Materials,Specialty Chemicals,46.66,0.5228625,0.6,0.5714285714285714,0.7524166666666667,0.5228625,0,28.01,-40.27,33.02817,0.05959,16.058,0,5611078656,0.54,5.527140335579501,8.116999,6.6846,6.88699284156522,13.099536571894156,62.1,320.0,Overvalued by 40.27%. High Financial Strength (F-Score 7/9). Positive Market Sentiment.
PERSISTENT.NS,PERSISTENT.NS,Technology,Information Technology Services,6274.0,0.5225974999999999,0.6,0.5714285714285714,0.75065,0.5225974999999999,0,1050.06,-83.33,59.06619,0.26198998,5.651,0,980909883392,0.56,29.90057864573319,16.273001,1818.6725376,27.865958290495186,26.579099067954594,23.599999999999998,43.7,Overvalued by 83.33%. High Financial Strength (F-Score 7/9). Positive Market Sentiment.
SAIL.NS,SAIL.NS,Basic Materials,Steel,152.44,0.522535,0.8,0.42857142857142855,0.6169,0.522535,0,139.92,-7.98,24.563812,0.044120003,57.763,0,629073838080,1.05,6.775475155587903,4.025,9305.542656,-0.31781950060094655,-42.13813844781722,8.200000000000001,-53.5,Strong technical uptrend (RSI/MACD bullish). Positive Market Sentiment.
NRL.NS,NRL.NS,Industrials,Waste Management,54.45,0.5218425,0.4,0.7142857142857143,0.87895,0.5218425,0,27.68,-48.94,29.456522,0.10967,11.462,0,3743539456,0,17.897011522488427,5.789,-5.3634376,-0.15436344054720053,-8.507646674541869,-4.7,-18.8,Overvalued by 48.94%. High Financial Strength (F-Score 7/9). Positive Market Sentiment.
NAM-INDIA.NS,NAM-INDIA.NS,Financial Services,Asset Management,864.05,0.520265,0.6,0.5714285714285714,0.7351,0.520265,0,179.36,-79.29,41.755062,0.31588,1.938,0,552301953024,2.08,40.37722055011726,65.827006,678.1262336,19.51677479422511,20.0155140813995,0.4,-5.0,Overvalued by 79.29%. High Financial Strength (F-Score 7/9). Positive Market Sentiment.
BAJAJ-AUTO.NS,BAJAJ-AUTO.NS,Consumer Cyclical,Auto Manufacturers,9579.5,0.5200389999999999,0.8,0.42857142857142855,0.60026,0.5200389999999999,0,2864.13,-70.07,32.122715,0.25572002,57.257,0,2672157523968,2.19,23.888278875576642,24.033001000000002,2896.4837376,15.306744181930565,5.9088906222743764,19.5,52.7,Overvalued by 70.07%. Strong technical uptrend (RSI/MACD bullish). Positive Market Sentiment.
JAYNECOIND.NS,JAYNECOIND.NS,Basic Materials,Steel,87.39,0.51998375,0.6,0.5714285714285714,0.733225,0.51998375,0,48.1,-44.88,22.48969,0.158,90.804,0,84729315328,0,12.84767700919008,14.107999,652.0972288,0.1671074410873441,-63.1253654855136,44.800000000000004,0,Overvalued by 44.88%. Positive Market Sentiment.
AVANTEL.NS,AVANTEL.NS,Technology,Communication Equipment,152.15,0.51853625,0.6,0.5714285714285714,0.7235750000000001,0.51853625,0,22.0,-85.56,80.62963,0.12936,9.483,0,40454504448,0.13,31.383345816133197,11.8389994,-71.5599488,33.350525026059486,46.43168519166314,-28.4,-83.89999999999999,Overvalued by 85.56%. High Financial Strength (F-Score 7/9). Positive Market Sentiment.
ZUARI.NS,ZUARI.NS,Basic Materials,Agricultural Inputs,291.25,0.5183333333333333,0.6,0.6666666666666666,0.5,0.5183333333333333,0,1521.1,421.1,1.2532737,0,28.492,0,12286473216,0,18.4416776056808,9.328,0,7.28065213196798,8.099982331616351,13.600000000000001,984.8000000000001,DCF Undervalued by 421.1%. Undervalued by ~422% (Graham).
RPGLIFE.NS,RPGLIFE.NS,Healthcare,Drug Manufacturers - Specialty & Generic,2314.1,0.5183333333333333,0.6,0.6666666666666666,0.5,0.5183333333333333,0,990.84,-57.2,17.768652,0.46161997,0,0,38286163968,0.86,44.0125911824025,18.61,-14.62,13.992268010810305,52.68413568002512,5.5,777.2,Overvalued by 57.2%. High Financial Strength (F-Score 7/9).
STYLAMIND.NS,STYLAMIND.NS,Consumer Cyclical,"Furnishings, Fixtures & Appliances",2224.2,0.5183333333333333,0.6,0.6666666666666666,0.5,0.5183333333333333,0,847.12,-61.88,29.909813,0.18911,0,0,37658591232,0,23.910395735201316,17.704000999999998,-34.2662368,15.846422691630568,26.026825309556155,11.3,12.8,Overvalued by 61.88%. High Financial Strength (F-Score 7/9).
FORCEMOT.NS,FORCEMOT.NS,Consumer Cyclical,Auto Manufacturers,18895.0,0.5183333333333333,0.6,0.6666666666666666,0.5,0.5183333333333333,0,6994.76,-62.98,23.123049,0.35486,0,0,248965464064,0.21,41.42930190175885,15.197,-8.2425,35.19316283343619,106.39040372840087,7.199999999999999,159.8,Overvalued by 62.98%. High Financial Strength (F-Score 7/9).
CRAFTSMAN.NS,CRAFTSMAN.NS,Consumer Cyclical,Auto Parts,7850.0,0.518315,0.8,0.2857142857142857,0.9220999999999999,0.518315,0,1694.58,-78.41,78.129974,0.082609996,109.273,0,187278262272,0.06,9.688861738953369,9.6370004,-987.848704,37.02992342019997,6.059485350464611,64.9,39.800000000000004,Overvalued by 78.41%. Strong technical uptrend (RSI/MACD bullish). High Financial Strength (F-Score 7/9). Positive Market Sentiment.
POWERMECH.NS,POWERMECH.NS,Industrials,Engineering & Construction,2259.9,0.51822,0.4,0.7142857142857143,0.8548,0.51822,0,1295.9,-42.68,21.890976,0.17432,41.065,0,71481270272,0.06,19.75895972090073,10.4729995,-16.9837504,24.435545989764563,32.930409395193585,19.5,11.700000000000001,Overvalued by 42.68%. High Financial Strength (F-Score 7/9). Positive Market Sentiment.
GPPL.NS,GPPL.NS,Industrials,Marine Shipping,184.78,0.5180275,0.6,0.7142857142857143,0.38685,0.5180275,0,104.89,-43.23,18.721378,0.20214,2.111,0,89330024448,5.84,23.889322218604406,48.835,146.7657472,9.923649511938294,26.2298120768077,31.900000000000002,112.79999999999998,Overvalued by 43.23%. High Financial Strength (F-Score 7/9).
UNIONBANK.NS,UNIONBANK.NS,Financial Services,Banks - Regional,181.93,0.5156648333333334,0.6,0.6666666666666666,0.48221,0.5156648333333334,0,309.67,70.21,7.33293,0.15561,0,0,1389143130112,2.71,12.765166123041084,46.386,0,12.590306814207652,50.71824225479882,15.8,9.700000000000001,DCF Undervalued by 70.21%. Undervalued by ~70% (Graham).
LAURUSLABS.NS,LAURUSLABS.NS,Healthcare,Drug Manufacturers - Specialty & Generic,1090.5,0.5151425,0.6,0.5714285714285714,0.70095,0.5151425,0,159.14,-85.41,86.19763,0.15022999,44.831,0,588659621888,0.15,9.641567257076828,17.101999,234.084992,4.056186719978538,-24.346182024252016,35.099999999999994,875.6999999999999,Overvalued by 85.41%. High Financial Strength (F-Score 7/9). Positive Market Sentiment.
NDL.NS,NDL.NS,Consumer Cyclical,Textile Manufacturing,2.97,0.5149999999999999,0.4,0.8571428571428571,0.5,0.5149999999999999,0,15.83,431.19,1.2680851,0.06101,34.572,0,4310147072,0,9.075151045777801,1.706,75.1589632,17.975667836881225,-20.9162977359055,-7.7,16.7,DCF Undervalued by 431.19%. Undervalued by ~432% (Graham). High Financial Strength (F-Score 7/9).
JPOLYINVST.NS,JPOLYINVST.NS,Financial Services,Asset Management,950.4,0.5149999999999999,0.4,0.8571428571428571,0.5,0.5149999999999999,0,2710.18,187.1,4.5025277,0.100600004,1.433,0,9923261440,0,17.499924586988072,99.477,25.2901248,-92.9213799711593,-28.084032801306513,141.70000000000002,-58.8,DCF Undervalued by 187.1%. Undervalued by ~185% (Graham).
VASCONEQ.NS,VASCONEQ.NS,Industrials,Engineering & Construction,44.79,0.5149999999999999,0.4,0.8571428571428571,0.5,0.5149999999999999,0,84.12,87.76,7.021943,0.13448,24.443,0,10248681472,0,12.559599834307067,6.471,28.613664,18.165292400695797,54.51684821327984,12.9,8.7,DCF Undervalued by 87.76%. Undervalued by ~87% (Graham).
EKC.NS,EKC.NS,Industrials,Specialty Industrial Machinery,108.26,0.5149999999999999,0.4,0.8571428571428571,0.5,0.5149999999999999,0,149.27,37.57,12.5870075,0.07875,15.317,0,12192927744,0.65,10.136927431425143,8.7519996,-36.9462496,-4.448632143394016,-28.25631286929515,-1.9,-64.4,DCF Undervalued by 37.57%. Undervalued by ~37% (Graham). High Financial Strength (F-Score 7/9).
AHLADA.NS,AHLADA.NS,Industrials,Building Products & Equipment,52.6,0.5149999999999999,0.4,0.8571428571428571,0.5,0.5149999999999999,0,65.88,24.95,29.132597,0.01694,26.993,0,681324352,3.04,5.934587294127333,6.308999999999999,4.1922624,0.18569438732221055,-10.579529838689904,-9.4,-15.0,Undervalued by ~25% (Graham). High Financial Strength (F-Score 7/9).
DBEIL.NS,DBEIL.NS,Industrials,Engineering & Construction,105.25,0.5149999999999999,0.4,0.8571428571428571,0.5,0.5149999999999999,0,145.02,39.18,10.235756,0.15385,35.454,0,4853725696,0.95,19.155720837836192,24.451999999999998,-121.6269056,17.021793993196965,47.556527551238716,-63.0,-74.2,DCF Undervalued by 39.18%. Undervalued by ~37% (Graham).
INSECTICID.NS,INSECTICID.NS,Basic Materials,Agricultural Inputs,641.55,0.5149999999999999,0.4,0.8571428571428571,0.5,0.5149999999999999,0,690.52,6.56,12.641437,0.12791,20.483,0,18855397376,0.59,16.689719885656036,12.567999999999998,-175.073088,10.003207187492924,9.751123830957376,1.7000000000000002,-2.3,Undervalued by ~7% (Graham).
PRITIKAUTO.NS,PRITIKAUTO.NS,Industrials,Specialty Industrial Machinery,13.21,0.5149999999999999,0.4,0.8571428571428571,0.5,0.5149999999999999,0,16.74,25.57,16.060242,0.08326,65.121,0,2219613952,0,10.933033403768851,11.587,-31.0852,9.58053439690698,5.517177282809693,35.8,-20.0,Undervalued by ~26% (Graham). High Financial Strength (F-Score 7/9).
DIGIDRIVE.NS,DIGIDRIVE.NS,Consumer Cyclical,Internet Retail,26.13,0.5149999999999999,0.4,0.8571428571428571,0.5,0.5149999999999999,0,58.41,120.82,12.839807,0.024920002,0.391,0,1019591360,0,3.5740029094700483,6.138999800000001,-4.4497248,0,0,36.6,650.0,DCF Undervalued by 120.82%. Undervalued by ~123% (Graham). High Financial Strength (F-Score 7/9).
SCHAND.NS,SCHAND.NS,Communication Services,Publishing,157.66,0.5149999999999999,0.4,0.8571428571428571,0.5,0.5149999999999999,0,291.14,84.27,10.844201,0.0541,15.164,0,5573006336,2.54,9.916712485367194,-143.451,25.8477504,14.56115049437965,78.42635981822504,31.8,0,DCF Undervalued by 84.27%. Undervalued by ~84% (Graham). High Financial Strength (F-Score 7/9).
MGEL.NS,MGEL.NS,Consumer Defensive,Farm Products,12.06,0.5149999999999999,0.4,0.8571428571428571,0.5,0.5149999999999999,0,12.97,8.98,10.917431,0.17134,103.412,0,3921711360,0.08,13.912014959383207,1.5369999,-45.2879744,21.136805074573072,75.10224824609284,25.4,217.60000000000002,Undervalued by ~7% (Graham). High Financial Strength (F-Score 7/9).
ALANKIT.NS,ALANKIT.NS,Technology,Information Technology Services,10.13,0.5149999999999999,0.4,0.8571428571428571,0.5,0.5149999999999999,0,13.28,30.47,14.753624,0.06554,7.408,0,2764642816,0,11.28179290937705,-0.166,13.5888496,32.92925127957922,103.49196826271819,35.6,33.300000000000004,DCF Undervalued by 30.47%. Undervalued by ~31% (Graham). High Financial Strength (F-Score 7/9).
IVP.NS,IVP.NS,Basic Materials,Specialty Chemicals,146.78,0.5149999999999999,0.4,0.8571428571428571,0.5,0.5149999999999999,0,182.05,22.43,14.067172,0.07849,69.423,0,1565317632,0.68,9.456410256410257,4.491000199999999,-4.98375,-1.05002908570756,-13.75443647238751,20.4,85.2,Undervalued by ~24% (Graham). High Financial Strength (F-Score 7/9).
NCLIND.NS,NCLIND.NS,Basic Materials,Building Materials,205.15,0.5149999999999999,0.4,0.8571428571428571,0.5,0.5149999999999999,0,220.23,7.43,18.70438,0.05748,35.688,0,9272722432,1.46,5.674696772117821,12.570999999999998,6.7458248,-4.76555809141701,-35.602294467277915,4.3999999999999995,685.7,Undervalued by ~7% (Graham). High Financial Strength (F-Score 7/9).
LAMBODHARA.NS,LAMBODHARA.NS,Consumer Cyclical,Textile Manufacturing,111.22,0.5149999999999999,0.4,0.8571428571428571,0.5,0.5149999999999999,0,135.8,21.96,16.044668,0.06062,32.269,0,1155737088,0.45,8.957316276616847,10.1239994,14.309688,8.36414077708747,-24.456535940482603,2.7,4.6,Undervalued by ~22% (Graham). High Financial Strength (F-Score 7/9).
EMBDL.NS,EMBDL.NS,Real Estate,Real Estate - Diversified,69.24,0.5149999999999999,0.4,0.8571428571428571,0.5,0.5149999999999999,0,78.9,14.4,18.741848,-0.028570002,45.923,0,95885901824,0,3.4445350479730283,-12.328,-4712.3693568,14.692421852318716,13.44335539920214,100.49999999999999,0,Undervalued by ~13% (Graham). High Financial Strength (F-Score 7/9).
MASTERTR.NS,MASTERTR.NS,Financial Services,Capital Markets,106.19,0.5149999999999999,0.4,0.8571428571428571,0.5,0.5149999999999999,0,121.42,13.85,10.548962,0.17457001,21.546,0,13130567680,0,26.11039883417189,38.641998,0,17.332396979131957,33.48567895847394,-19.6,-15.6,Undervalued by ~14% (Graham).
FIBERWEB.NS,FIBERWEB.NS,Consumer Cyclical,Textile Manufacturing,32.5,0.5149999999999999,0.4,0.8571428571428571,0.5,0.5149999999999999,0,90.01,176.96,5.7932262,0.09196,3.545,0,935730560,0,9.552791322821234,10.533,-2.2734364,2.0010713219939413,9.799408651355401,-19.0,-27.6,DCF Undervalued by 176.96%. Undervalued by ~176% (Graham). High Financial Strength (F-Score 7/9).
SHRIRAMPPS.NS,SHRIRAMPPS.NS,Real Estate,Real Estate - Development,79.3,0.5149999999999999,0.4,0.8571428571428571,0.5,0.5149999999999999,0,97.97,23.19,15.091082,0.06695,50.86,0,13617094656,0,8.885410799467653,-3.6340002000000005,-109.4749952,30.401072927605476,99.10309625977875,46.1,0,Undervalued by ~23% (Graham). High Financial Strength (F-Score 7/9).
GHCLTEXTIL.NS,GHCLTEXTIL.NS,Consumer Cyclical,Textile Manufacturing,73.89,0.5149999999999999,0.4,0.8571428571428571,0.5,0.5149999999999999,0,138.55,87.61,13.282374,0.03692,3.879,0,7059931136,0.68,4.342611164049017,6.493,-141.2300032,0,0,11.0,-21.9,DCF Undervalued by 87.61%. Undervalued by ~87% (Graham). High Financial Strength (F-Score 7/9).
NOVAAGRI.NS,NOVAAGRI.NS,Basic Materials,Agricultural Inputs,36.11,0.5149999999999999,0.4,0.8571428571428571,0.5,0.5149999999999999,0,39.61,7.78,13.078292,0.12157,23.31,0,3308228352,0,15.728746067831704,11.455,-49.239088,16.594957058593973,26.05864321781013,11.700000000000001,-2.7,Undervalued by ~9% (Graham).
BIRLACORPN.NS,BIRLACORPN.NS,Basic Materials,Building Materials,1080.8,0.5149999999999999,0.4,0.8571428571428571,0.5,0.5149999999999999,0,1161.78,7.17,16.772398,0.070700005,44.718,0,83494338560,0.93,6.792074323451932,7.7299999999999995,609.3675008,7.620071993728095,-9.521645018121127,13.0,0,Undervalued by ~7% (Graham). High Financial Strength (F-Score 7/9).
WSTCSTPAPR.NS,WSTCSTPAPR.NS,Basic Materials,Paper & Paper Products,414.75,0.5149999999999999,0.4,0.8571428571428571,0.5,0.5149999999999999,0,573.37,37.9,15.258715,0.04578,11.26,0,27463135232,1.21,12.131466604563824,0.5950000000000001,-428.2838528,6.346098128771183,0.4442266159905506,-0.2,-80.4,DCF Undervalued by 37.9%. Undervalued by ~38% (Graham). High Financial Strength (F-Score 7/9).
AFSL.NS,AFSL.NS,Financial Services,Capital Markets,201.64,0.5149999999999999,0.4,0.8571428571428571,0.5,0.5149999999999999,0,386.97,92.52,7.727797,0.11112001,57.54,0,10182426624,0,10.243484872321975,0.712,152.5879296,77.4654376074309,20.614621488899697,964.5,53.1,DCF Undervalued by 92.52%. Undervalued by ~91% (Graham).
DOLATALGO.NS,DOLATALGO.NS,Financial Services,Capital Markets,87.62,0.5149999999999999,0.4,0.8571428571428571,0.5,0.5149999999999999,0,96.36,9.51,12.864035,0.12205,18.689,0,15486239744,0.5,30.72412628593292,23.878999,0,16.99084373724835,8.768818790524623,-64.8,-93.10000000000001,Undervalued by ~9% (Graham).
VRAJ.NS,VRAJ.NS,Basic Materials,Steel,134.35,0.5149999999999999,0.4,0.8571428571428571,0.5,0.5149999999999999,0,167.7,24.89,13.45491,0.08489,6.498,0,4428905984,0,15.18304199013683,6.146,-35.1076256,4.686858749258249,15.377920871765461,51.9,-34.2,Undervalued by ~24% (Graham). High Financial Strength (F-Score 7/9).
FOODSIN.NS,FOODSIN.NS,Consumer Defensive,Packaged Foods,64.4,0.5149999999999999,0.4,0.8571428571428571,0.5,0.5149999999999999,0,78.56,21.14,15.330969,0.059510004,88.516,0,4785529856,0.47,11.16799222564985,5.7800002,-25.4454,14.9120230418752,39.961778870374374,14.099999999999998,-94.69999999999999,Undervalued by ~21% (Graham). High Financial Strength (F-Score 7/9).
JISLDVREQS.NS,JISLDVREQS.NS,Industrials,Conglomerates,27.0,0.5149999999999999,0.4,0.8571428571428571,0.5,0.5149999999999999,0,38.66,43.17,32.53012,0.0091699995,68.821,0,34804744192,0,4.757673031171399,10.227,-14.8638752,6.867280766065931,-53.09117296761643,20.200000000000003,0,DCF Undervalued by 43.17%. Undervalued by ~43% (Graham). High Financial Strength (F-Score 7/9).
RHL.NS,RHL.NS,Consumer Cyclical,Lodging,200.02,0.5149999999999999,0.4,0.8571428571428571,0.5,0.5149999999999999,0,352.3,77.66,15.137404,0.03168,20.707,0,3448759808,0,4.390842281389481,21.062,-19.2102368,49.18639722856113,-22.237799697763716,5.800000000000001,156.1,DCF Undervalued by 77.66%. Undervalued by ~76% (Graham). High Financial Strength (F-Score 7/9).
ISFT.NS,ISFT.NS,Consumer Cyclical,Internet Retail,91.25,0.5149999999999999,0.4,0.8571428571428571,0.5,0.5149999999999999,0,161.19,77.04,11.809339,0.05427,4.664,0,1485178368,0,7.42990712305263,2.9240001,-26.5094368,6.34990696811093,-0.35950699824722765,5.5,-12.9,DCF Undervalued by 77.04%. Undervalued by ~76% (Graham). High Financial Strength (F-Score 7/9).
DCMSRIND.NS,DCMSRIND.NS,Consumer Defensive,Confectioners,45.37,0.5149999999999999,0.4,0.8571428571428571,0.5,0.5149999999999999,0,128.77,182.46,6.512857,0.068390004,33.1,0,3965973760,8.82,13.434846343253252,-0.133,31.8422112,-0.9901503758413588,15.275071487015746,-1.2,0,DCF Undervalued by 182.46%. Undervalued by ~183% (Graham). High Financial Strength (F-Score 7/9).
HARRMALAYA.NS,HARRMALAYA.NS,Consumer Defensive,Farm Products,163.33,0.5149999999999999,0.4,0.8571428571428571,0.5,0.5149999999999999,0,177.09,8.08,10.516688,0.18898001,68.843,0,3023918080,0,10.816423146041815,-1.756,-30.6611136,2.7156206289697282,-13.608691014010965,-2.1,56.10000000000001,Undervalued by ~8% (Graham).
AVADHSUGAR.NS,AVADHSUGAR.NS,Consumer Defensive,Confectioners,332.1,0.5149999999999999,0.4,0.8571428571428571,0.5,0.5149999999999999,0,615.08,85.77,10.451389,0.059720002,56.04,0,6628099072,3.01,8.971616846406379,0.44299997,111.940864,-1.1431425634968684,-10.922133831359748,5.7,0,DCF Undervalued by 85.77%. Undervalued by ~85% (Graham). High Financial Strength (F-Score 7/9).
EXCELINDUS.NS,EXCELINDUS.NS,Basic Materials,Specialty Chemicals,915.45,0.5149999999999999,0.4,0.8571428571428571,0.5,0.5149999999999999,0,1375.58,51.13,15.558974,0.04329,0.621,0,11441844224,1.5,7.23859528406976,7.692,-18.1827008,-6.049954031859217,-19.112423077267472,0.5,-40.6,DCF Undervalued by 51.13%. Undervalued by ~50% (Graham). High Financial Strength (F-Score 9/9).
ORIENTALTL.NS,ORIENTALTL.NS,Industrials,Building Products & Equipment,7.26,0.5149999999999999,0.4,0.8571428571428571,0.5,0.5149999999999999,0,26.31,262.38,4.0110497,0.14477,2.914,0,535719264,0,12.165132052593687,-77.82,-50.4164864,4.28852602406169,13.449514385911687,15.0,0,DCF Undervalued by 262.38%. Undervalued by ~262% (Graham).
RANASUG.NS,RANASUG.NS,Consumer Defensive,Confectioners,10.87,0.5149999999999999,0.4,0.8571428571428571,0.5,0.5149999999999999,0,39.33,261.79,5.4623113,0.056350004,43.163,0,1669282176,0,7.795806478851872,-5.422,-48.6171136,7.508920417829823,-26.106060852359114,-10.4,0,DCF Undervalued by 261.79%. Undervalued by ~261% (Graham). High Financial Strength (F-Score 7/9).
INVENTURE.NS,INVENTURE.NS,Financial Services,Capital Markets,1.13,0.5149999999999999,0.4,0.8571428571428571,0.5,0.5149999999999999,0,1.54,36.0,37.666668,0.01392,10.445,0,1186499968,0,3.4174657593675315,7.670000000000001,0,5.624411159989595,-47.06527701693416,22.7,0,DCF Undervalued by 36.0%. Undervalued by ~36% (Graham). High Financial Strength (F-Score 7/9).
INFIBEAM.NS,INFIBEAM.NS,Technology,Software - Infrastructure,15.66,0.514667,0.4,0.8571428571428571,0.49778,0.514667,0,15.7,0.26,20.605263,0.0612,1.811,0,54704410624,0.29,8.13979866358712,3.943,-199.429376,45.584188185885274,37.606248490539684,93.30000000000001,35.3,Undervalued by ~0% (Graham). High Financial Strength (F-Score 7/9).
ESCORTS.NS,ESCORTS.NS,Industrials,Farm & Heavy Construction Machinery,3690.0,0.5140975,0.6,0.7142857142857143,0.36065,0.5140975,0,1659.39,-55.08,32.609463,0.11486,0.871,0,406432317440,1.25,13.294564111466334,10.659,1440.2750464,12.592722207539286,19.758115988876423,12.2,-1.9,Overvalued by 55.08%. High Financial Strength (F-Score 9/9).
APEX.NS,APEX.NS,Consumer Defensive,Farm Products,273.05,0.513795,0.6,0.5714285714285714,0.6919666666666666,0.513795,0,163.17,-40.53,37.789257,0.04533,7.972,0,8595951616,0.73,2.4954701871664353,3.279,75.5732352,-5.040081494860993,-54.47088928924908,19.5,0,Overvalued by 40.53%. High Financial Strength (F-Score 7/9). Positive Market Sentiment.
KERNEX.NS,KERNEX.NS,Technology,Software - Application,1256.7,0.5129075,0.6,0.5714285714285714,0.68605,0.5129075,0,271.57,-78.61,39.622467,0.37028998,51.362,0,21337395200,0,18.3102023273599,28.229,-76.8507776,205.56642215963657,42.94778178485386,14.299999999999999,-5.6000000000000005,Overvalued by 78.61%. Positive Market Sentiment.
GLENMARK.NS,GLENMARK.NS,Healthcare,Drug Manufacturers - Specialty & Generic,2011.3,0.512393,0.6,0.5714285714285714,0.68262,0.512393,0,522.99,-74.05,56.284916,0.11203,12.776,0,568830197760,0.25,14.544793037365592,36.686,2056.8834048,2.5925795568370047,3.5992052968180532,76.1,72.3,Overvalued by 74.05%. High Financial Strength (F-Score 7/9). Positive Market Sentiment.
METROPOLIS.NS,METROPOLIS.NS,Healthcare,Diagnostics & Research,1884.5,0.51161,0.6,0.5714285714285714,0.6774,0.51161,0,435.9,-76.77,61.47068,0.12077,13.916,0,97273004032,0.21,15.568903763550374,17.665,149.1487872,2.717414643213689,-12.199573697500178,22.7,12.2,Overvalued by 76.77%. High Financial Strength (F-Score 7/9). Positive Market Sentiment.
HONASA.NS,HONASA.NS,Consumer Defensive,Household & Personal Products,287.85,0.511502,0.6,0.5714285714285714,0.67668,0.511502,0,59.4,-79.29,71.6875,0.10981,11.184,0,93299785728,0,8.60344286888789,6.672000000000001,103.5420032,29.877719933184423,66.61500855988453,16.5,0,Overvalued by 79.29%. High Financial Strength (F-Score 7/9). Positive Market Sentiment.
INDBANK.NS,INDBANK.NS,Financial Services,Capital Markets,38.25,0.510724,0.8,0.42857142857142855,0.53816,0.510724,0,25.69,-30.95,26.197184,0.068169996,3.198,0,1664622336,0,12.678776188413657,40.066,0,5.922937478036006,6.717417334046383,-22.6,-43.2,Overvalued by 30.95%. Strong technical uptrend (RSI/MACD bullish).
ASTERDM.NS,ASTERDM.NS,Healthcare,Medical Care Facilities,608.05,0.51055,0.8,0.42857142857142855,0.537,0.51055,0,113.39,-81.32,93.22581,0.087139994,43.791,0,313718112256,0.82,14.21608009336036,15.346000000000002,-142.0225024,-26.51084858159214,117.04170578391225,10.2,9.8,Overvalued by 81.32%. Strong technical uptrend (RSI/MACD bullish). High Financial Strength (F-Score 7/9).
ANGELONE.NS,ANGELONE.NS,Financial Services,Capital Markets,2525.4,0.509126,0.6,0.5714285714285714,0.66084,0.509126,0,1098.72,-56.38,30.135185,0.14078,76.349,0,228967350272,4.12,20.444595583319302,26.301000000000002,0,28.584045850123374,23.330656468964484,-23.0,-50.8,Overvalued by 56.38%. Positive Market Sentiment.
CANBK.NS,CANBK.NS,Financial Services,Banks - Regional,153.89,0.5079713333333333,0.6,0.6666666666666666,0.43091999999999997,0.5079713333333333,0,259.82,68.61,6.5268955,0.17573999,0,0,1397787459584,2.6,9.297224070597508,36.82,0,12.60564524288299,42.00673623195157,12.5,15.8,DCF Undervalued by 68.61%. Undervalued by ~68% (Graham).
RRKABEL.NS,RRKABEL.NS,Industrials,Electrical Equipment & Parts,1500.1,0.507836,0.6,0.5714285714285714,0.6522399999999999,0.507836,0,407.67,-72.82,42.016808,0.18472,16.78,0,169633792000,0.53,19.523602175306383,7.115,-180.9257856,20.289132523039367,13.355420639561256,19.5,134.5,Overvalued by 72.82%. High Financial Strength (F-Score 7/9). Positive Market Sentiment.
SATIA.NS,SATIA.NS,Basic Materials,Paper & Paper Products,67.48,0.5066666666666666,0.4,0.8333333333333334,0.5,0.5066666666666666,0,121.46,79.91,10.836276,0.06086,0,0,6751000064,0.44,10.195607389621209,17.371,50.4927264,19.280133347896445,5.6211533713195205,50.2,88.8,DCF Undervalued by 79.91%. Undervalued by ~79% (Graham). High Financial Strength (F-Score 7/9).
PONNIERODE.NS,PONNIERODE.NS,Consumer Defensive,Confectioners,262.95,0.5066666666666666,0.4,0.8333333333333334,0.5,0.5066666666666666,0,554.04,110.7,12.017825,0.03329,0,0,2260954112,1.14,5.2693890590645145,12.810999,4.89125,7.624266537516422,-12.97172279794565,20.3,26.200000000000003,DCF Undervalued by 110.7%. Undervalued by ~110% (Graham). High Financial Strength (F-Score 7/9).
SILINV.NS,SILINV.NS,Financial Services,Asset Management,472.45,0.5066666666666666,0.4,0.8333333333333334,0.5,0.5066666666666666,0,1491.15,216.46,12.952171,0.01298,0,0,4992769536,0.53,1.3321512308256607,88.652,0,6.029353109190594,-2.1453418920931666,15.8,19.7,DCF Undervalued by 216.46%. Undervalued by ~215% (Graham). High Financial Strength (F-Score 7/9).
IKS.NS,IKS.NS,Healthcare,Health Information Services,1702.4,0.505555,0.6,0.5714285714285714,0.6370333333333333,0.505555,0,331.46,-80.56,46.802086,0.33706,34.186,0,285335060480,0,27.31882964492921,30.934,397.3628672,51.66405447001197,27.780215975940937,21.5,58.099999999999994,Overvalued by 80.56%. High Financial Strength (F-Score 7/9). Positive Market Sentiment.
BAJAJINDEF.NS,BAJAJINDEF.NS,Industrials,Farm & Heavy Construction Machinery,350.1,0.505405,0.6,0.5,0.8027,0.505405,0,128.34,-63.54,38.80926,0,1.565,0,11282631680,0.57,16.755659873026516,9.809,0,0,0,21.9,-21.2,Overvalued by 63.54%. Positive Market Sentiment.
CGCL.NS,CGCL.NS,Financial Services,Credit Services,180.6,0.5049999999999999,0.8,0.42857142857142855,0.5,0.5049999999999999,0,113.05,-37.57,22.085367,0.13415,251.55,0,174246084608,0.11,2.5214995210480327,48.247,0,49.05811596371876,32.64485023362227,59.0,108.5,Overvalued by 37.57%. Strong technical uptrend (RSI/MACD bullish).
AGIIL.NS,AGIIL.NS,Real Estate,Real Estate - Development,285.1,0.5049999999999999,0.8,0.42857142857142855,0.5,0.5049999999999999,0,62.51,-78.01,45.119045,0.25873,42.327,0,34780303360,0.04,20.084513572655805,35.668,-109.5759232,18.054368809697973,22.32476691495542,10.0,26.200000000000003,Overvalued by 78.01%. Strong technical uptrend (RSI/MACD bullish).
SAMBHAAV.NS,SAMBHAAV.NS,Communication Services,Publishing,8.37,0.5049999999999999,0.8,0.42857142857142855,0.5,0.5049999999999999,0,0,0,0,-0.00219,10.641,0,1640229504,0,1.7348922671720743,3.832,-0.207575,7.215256141802495,nan,-5.6000000000000005,0,Strong technical uptrend (RSI/MACD bullish). High Financial Strength (F-Score 7/9).
PROZONER.NS,PROZONER.NS,Real Estate,Real Estate - Diversified,56.0,0.5049999999999999,0.8,0.42857142857142855,0.5,0.5049999999999999,0,0,0,0,-0.051599998,53.946,0,8545761280,0,3.9127676518624837,25.049,52.3564992,24.160117043394358,nan,-5.5,0,Strong technical uptrend (RSI/MACD bullish). High Financial Strength (F-Score 7/9).
BALAJITELE.NS,BALAJITELE.NS,Communication Services,Entertainment,103.57,0.5049999999999999,0.8,0.42857142857142855,0.5,0.5049999999999999,0,91.83,-11.03,14.786532,0.13135,3.918,0,12383636480,0,-1.0457562968357899,-17.764999,-21.1564128,10.39586270929358,-13.021679493037453,-66.2,0,Strong technical uptrend (RSI/MACD bullish).
HITECHGEAR.NS,HITECHGEAR.NS,Consumer Cyclical,Auto Parts,743.5,0.5049999999999999,0.8,0.42857142857142855,0.5,0.5049999999999999,0,300.97,-59.41,48.879368,0.05788,36.226,0,14029711360,0.67,14.90113081902468,4.482,72.2465024,-1.3635371959108245,232.09878073353684,-2.3,-37.1,Overvalued by 59.41%. Strong technical uptrend (RSI/MACD bullish). High Financial Strength (F-Score 7/9).
APOLLOTYRE.NS,APOLLOTYRE.NS,Consumer Cyclical,Auto Parts,527.95,0.5049999999999999,0.8,0.42857142857142855,0.5,0.5049999999999999,0,262.6,-50.14,42.098324,0.05313,29.09,0,333784186880,0.95,10.912358724158532,9.33,1226.6497024,7.7983844202131225,20.642469391449335,6.1,-13.0,Overvalued by 50.14%. Strong technical uptrend (RSI/MACD bullish). High Financial Strength (F-Score 7/9).
CENTUM.NS,CENTUM.NS,Technology,Electronic Components,2328.7,0.5049999999999999,0.8,0.42857142857142855,0.5,0.5049999999999999,0,269.45,-88.51,205.46889,0.03774,53.972,0,34575077376,0.26,7.186330100488211,5.143,-61.121376,15.529943736625974,-56.837602822913425,11.799999999999999,0,Overvalued by 88.51%. Strong technical uptrend (RSI/MACD bullish). High Financial Strength (F-Score 7/9).
LATTEYS.NS,LATTEYS.NS,Industrials,Specialty Industrial Machinery,25.16,0.5049999999999999,0.8,0.42857142857142855,0.5,0.5049999999999999,0,5.05,-79.91,81.161285,0.09562001,36.75,0,1446594944,0,13.189770732853331,4.5840003,1.9421376,25.219378507564283,20.41832056459898,9.4,-17.9,Overvalued by 79.91%. Strong technical uptrend (RSI/MACD bullish). High Financial Strength (F-Score 7/9).
SUNTECK.NS,SUNTECK.NS,Real Estate,Real Estate - Development,423.75,0.5049999999999999,0.8,0.42857142857142855,0.5,0.5049999999999999,0,247.31,-41.39,35.31381,0.053979997,15.744,0,61871837184,0.35,6.1401787083328125,29.413998000000003,-388.5220352,19.137488262876445,81.6243400572362,49.3,41.5,Overvalued by 41.39%. Strong technical uptrend (RSI/MACD bullish).
NGLFINE.NS,NGLFINE.NS,Healthcare,Drug Manufacturers - General,1469.4,0.5049999999999999,0.8,0.42857142857142855,0.5,0.5049999999999999,0,607.9,-58.93,43.786983,0.07221,29.381,0,9229029376,0.12,8.357619548535066,10.037,-146.933824,5.086210186148832,-24.9123648184042,28.599999999999998,-1.9,Overvalued by 58.93%. Strong technical uptrend (RSI/MACD bullish). High Financial Strength (F-Score 7/9).
NESTLEIND.NS,NESTLEIND.NS,Consumer Defensive,Packaged Foods,1307.1,0.5049999999999999,0.8,0.42857142857142855,0.5,0.5049999999999999,0,88.94,-93.19,85.480705,0.70792,10.753,0,2520306941952,1.53,93.46243872741967,19.017999999999997,1807.5625472,0,0,10.6,-17.299999999999997,Overvalued by 93.19%. Strong technical uptrend (RSI/MACD bullish).
ABINFRA.NS,ABINFRA.NS,Industrials,Engineering & Construction,19.41,0.5049999999999999,0.8,0.42857142857142855,0.5,0.5049999999999999,0,4.44,-76.77,53.083332,0.15856,58.087,0,12207265792,0.03,13.883564760903477,11.422,-55.6608384,47.92203718646881,165.19337179082137,-21.0,-59.3,Overvalued by 76.77%. Strong technical uptrend (RSI/MACD bullish).
TVSHLTD.NS,TVSHLTD.NS,Consumer Cyclical,Auto Parts,14146.0,0.5049999999999999,0.8,0.42857142857142855,0.5,0.5049999999999999,0,6585.21,-53.42,19.98869,0.30378,315.772,0,286041473024,0.66,15.616878033926717,0.014999999,-676.1237504,19.261643161059073,38.23326169628709,25.0,59.099999999999994,Overvalued by 53.42%. Strong technical uptrend (RSI/MACD bullish).
BESTAGRO.NS,BESTAGRO.NS,Basic Materials,Agricultural Inputs,434.2,0.5049999999999999,0.8,0.42857142857142855,0.5,0.5049999999999999,0,52.65,-87.78,1197.2222,0.01637,53.825,0,10190882816,0.69,12.781303861265632,12.992999999999999,75.2790016,14.323050567949869,-12.621639562112074,-30.8,-58.9,Overvalued by 87.78%. Strong technical uptrend (RSI/MACD bullish). High Financial Strength (F-Score 7/9).
BHARATGEAR.NS,BHARATGEAR.NS,Consumer Cyclical,Auto Parts,111.56,0.5049999999999999,0.8,0.42857142857142855,0.5,0.5049999999999999,0,18.42,-83.49,587.1579,0.00235,64.485,0,1715315328,0,10.59291486821563,5.495,26.6419744,-3.8183873740464724,-50.21682283400231,24.4,-46.800000000000004,Overvalued by 83.49%. Strong technical uptrend (RSI/MACD bullish). High Financial Strength (F-Score 7/9).
LEMERITE.NS,LEMERITE.NS,Consumer Cyclical,Textile Manufacturing,462.05,0.5049999999999999,0.8,0.42857142857142855,0.5,0.5049999999999999,0,75.1,-83.75,97.27368,0.109510005,65.949,0,11255537664,0.05,7.693595851403787,5.9169997,-19.1031872,-0.7400438517711327,-33.84072723285924,-28.4,167.70000000000002,Overvalued by 83.75%. Strong technical uptrend (RSI/MACD bullish).
MANOMAY.NS,MANOMAY.NS,Consumer Cyclical,Textile Manufacturing,219.99,0.5049999999999999,0.8,0.42857142857142855,0.5,0.5049999999999999,0,145.62,-33.81,20.464186,0.13046,234.249,0,3970541568,0,12.099226280208155,9.196,-72.5805632,5.676762242929456,35.6908165152162,-5.8999999999999995,16.6,Overvalued by 33.81%. Strong technical uptrend (RSI/MACD bullish).
VIYASH.NS,VIYASH.NS,Healthcare,Drug Manufacturers - Specialty & Generic,203.85,0.5049999999999999,0.8,0.42857142857142855,0.5,0.5049999999999999,0,34.46,-83.11,125.14724,0.066360004,55.307,0,88882978816,0,8.711995481600555,9.663,-1.48975,3.13446726851061,-18.860269185306123,15.0,480.0,Overvalued by 83.11%. Strong technical uptrend (RSI/MACD bullish). High Financial Strength (F-Score 7/9).
SBCL.NS,SBCL.NS,Industrials,Metal Fabrication,437.45,0.5045025,0.4,0.7142857142857143,0.76335,0.5045025,0,161.01,-63.18,28.976143,0.21263,12.873,0,25189955584,0.69,23.94733371393471,20.167999000000002,32.7828992,16.20127622752232,11.81968279743002,8.5,25.2,Overvalued by 63.18%. High Financial Strength (F-Score 7/9). Positive Market Sentiment.
GREENPOWER.NS,GREENPOWER.NS,Utilities,Utilities - Independent Power Producers,10.81,0.5030675,0.4,0.8571428571428571,0.42045,0.5030675,0,11.61,7.25,18.355932,0.06626,41.218,0,12703933440,0,6.655906636041964,59.758997,56.7699968,-0.3291123525790196,3.524056044710111,5.6000000000000005,15.0,Undervalued by ~7% (Graham). High Financial Strength (F-Score 7/9).
ADOR.NS,ADOR.NS,Industrials,Specialty Industrial Machinery,1003.0,0.501264,0.4,0.7142857142857143,0.74176,0.501264,0,415.24,-58.85,37.25997,0.112959996,0.4,0,17559441408,1.99,17.930654492502658,10.666,78.2137472,19.382859549057628,10.078501030905995,4.3999999999999995,273.20000000000005,Overvalued by 58.85%. High Financial Strength (F-Score 9/9). Positive Market Sentiment.
POLYCAB.NS,POLYCAB.NS,Industrials,Electrical Equipment & Parts,7323.5,0.5012344999999999,0.6,0.5714285714285714,0.6082299999999999,0.5012344999999999,0,1608.09,-78.03,44.810482,0.25748,2.087,0,1101623328768,0.48,25.273547796822605,14.357000000000001,838.2611456,22.43248573048293,30.515381424668895,17.8,56.00000000000001,Overvalued by 78.03%. High Financial Strength (F-Score 7/9). Positive Market Sentiment.
NEWGEN.NS,NEWGEN.NS,Technology,Software - Infrastructure,770.15,0.50118375,0.4,0.7142857142857143,0.741225,0.50118375,0,186.52,-75.8,33.70354,0.22743,3.254,0,108442230784,0.65,26.815206562825995,25.728,209.5383296,24.047085314392056,24.2827529614307,14.6,-30.599999999999998,Overvalued by 75.8%. High Financial Strength (F-Score 7/9). Positive Market Sentiment.
PREMIERENE.NS,PREMIERENE.NS,Technology,Solar,728.4,0.5007525,0.4,0.7142857142857143,0.7383500000000001,0.5007525,0,207.89,-71.39,29.164993,0.41425,46.964,0,326805487616,0.1,28.66410891183592,22.604,-272.6713856,106.17641440913799,302.6077302863639,20.3,38.2,Overvalued by 71.39%. High Financial Strength (F-Score 7/9). Positive Market Sentiment.
SANSTAR.NS,SANSTAR.NS,Basic Materials,Chemicals,95.08,0.499935,0.6,0.42857142857142855,0.9329000000000001,0.499935,0,27.49,-71.24,89.34579,0.030079998,3.402,0,17422551040,0,9.094552274585297,-0.529,-73.518048,23.127583191087343,40.1192973716138,0.6,-93.10000000000001,Overvalued by 71.24%. High Financial Strength (F-Score 7/9). Positive Market Sentiment.
NUCLEUS.NS,NUCLEUS.NS,Technology,Software - Application,910.05,0.49946250000000003,0.4,0.7142857142857143,0.72975,0.49946250000000003,0,666.19,-26.71,14.862656,0.20602,0.93,0,23984979968,1.37,26.942349733487266,9.1709994,8.8212496,18.734557917787598,58.53288935523446,5.6000000000000005,-19.1,Overvalued by 26.71%. High Financial Strength (F-Score 9/9). Positive Market Sentiment.
HGINFRA.NS,HGINFRA.NS,Industrials,Engineering & Construction,694.55,0.49941,0.4,0.7142857142857143,0.7294,0.49941,0,819.18,17.7,10.976187,0.14265001,182.684,0,45359095808,0.29,13.008921783890969,18.372999,-2017.1331584,9.63637142756031,9.97375902141091,0.2,-35.8,Undervalued by ~17% (Graham). Positive Market Sentiment.
MCX.NS,MCX.NS,Financial Services,Financial Data & Stock Exchanges,2417.0,0.49887349999999997,0.6,0.5714285714285714,0.59249,0.49887349999999997,0,274.25,-88.64,88.429146,0.25017,0.024,0,614651527168,0.25,37.139142432604544,62.487,675.1750144,44.5478675597218,57.46093699568819,28.9,28.599999999999998,Overvalued by 88.64%. High Financial Strength (F-Score 9/9).
PTC.NS,PTC.NS,Utilities,Utilities - Independent Power Producers,160.77,0.49842149999999996,0.2,1.0,0.52281,0.49842149999999996,0,363.95,126.2,5.3975177,0.15334,32.871,0,47650619392,12.13,16.745174671740546,4.997999999999999,3293.8412032,-1.3914764398035517,21.159768874496578,6.5,-12.0,DCF Undervalued by 126.2%. Undervalued by ~126% (Graham). High Financial Strength (F-Score 7/9).
HINDCOPPER.NS,HINDCOPPER.NS,Basic Materials,Copper,572.8,0.4982045,0.6,0.5714285714285714,0.58803,0.4982045,0,63.8,-88.79,96.440674,0.21079999,4.776,0,550448988160,0.25,22.44112232261698,34.505,-40.2865888,4.507445417211686,7.5547666883611475,38.2,80.0,Overvalued by 88.79%. High Financial Strength (F-Score 7/9).
JSL.NS,JSL.NS,Basic Materials,Steel,794.1,0.49670499999999995,0.6,0.7142857142857143,0.24469999999999997,0.49670499999999995,0,407.36,-48.76,23.667759,0.16474001,37.899,0,654979891200,0.38,16.86150545100491,10.3369996,900.1775104,6.570654560350064,-6.641750203385277,11.4,32.0,Overvalued by 48.76%. High Financial Strength (F-Score 7/9).
RECLTD.NS,RECLTD.NS,Financial Services,Credit Services,369.9,0.4966125,0.4,0.7142857142857143,0.71075,0.4966125,0,683.46,84.72,5.6514435,0.21997,666.088,0,974815494144,6.41,2.76430811982869,96.516,0,10.19064459209127,16.539414593606327,10.4,9.4,DCF Undervalued by 84.72%. Undervalued by ~84% (Graham). Positive Market Sentiment.
TARACHAND.NS,TARACHAND.NS,Industrials,Farm & Heavy Construction Machinery,73.25,0.495535,0.6,0.5,0.7369,0.495535,0,36.43,-50.18,21.317785,0,96.243,0,5763676672,0.55,17.083493437136283,16.5,0,24.573533036550742,118.79595514929461,16.900000000000002,2.4,Overvalued by 50.18%. Positive Market Sentiment.
3MINDIA.NS,3MINDIA.NS,Industrials,Conglomerates,35435.0,0.495197,0.6,0.5714285714285714,0.56798,0.495197,0,3980.33,-88.79,72.06375,0.33832002,6.416,0,399853649920,0.45,42.470090255770266,19.014,509.6061952,10.044498901364584,20.517069205092287,14.000000000000002,43.0,Overvalued by 88.79%. High Financial Strength (F-Score 7/9).
JAICORPLTD.NS,JAICORPLTD.NS,Basic Materials,Specialty Chemicals,119.34,0.495,0.2,1.0,0.5,0.495,0,133.57,12.14,12.511554,0.11658,0.063,0,20920260608,0.42,5.909558437090086,20.474,56.4599232,-10.416131151780172,8.170446705960345,15.7,59.4,Undervalued by ~11% (Graham). High Financial Strength (F-Score 9/9).
RUCHIRA.NS,RUCHIRA.NS,Basic Materials,Paper & Paper Products,119.34,0.495,0.2,1.0,0.5,0.495,0,291.59,147.09,5.219372,0.14513999,38.02,0,3522006528,4.19,17.09299650160245,12.318999999999999,-52.3526368,2.430604565518557,26.710970091799947,0.7000000000000001,-11.700000000000001,DCF Undervalued by 147.09%. Undervalued by ~144% (Graham). High Financial Strength (F-Score 7/9).
SHREYANIND.NS,SHREYANIND.NS,Basic Materials,Paper & Paper Products,168.43,0.495,0.2,1.0,0.5,0.495,0,493.69,190.41,4.9941244,0.11228,13.049,0,2356398336,1.78,15.23945158111191,1.224,18.6515872,1.825057323861845,71.9313760046847,7.3999999999999995,-75.3,DCF Undervalued by 190.41%. Undervalued by ~193% (Graham). High Financial Strength (F-Score 7/9).
MAWANASUG.NS,MAWANASUG.NS,Consumer Defensive,Confectioners,83.6,0.495,0.2,1.0,0.5,0.495,0,265.25,212.98,3.172969,0.25238,1.911,0,3340531200,9.57,17.462584884513106,-4.089,94.3437504,-0.39529364973133196,61.14184769779558,12.1,0,DCF Undervalued by 212.98%. Undervalued by ~217% (Graham). High Financial Strength (F-Score 7/9).
HINDOILEXP.NS,HINDOILEXP.NS,Energy,Oil & Gas E&P,152.82,0.495,0.2,1.0,0.5,0.495,0,156.15,1.93,14.357076,0.10882,5.622,0,20258349056,0,11.886308350460709,0.942,165.5779712,39.29311689031285,94.54158592368893,232.29999999999998,-74.4,Undervalued by ~2% (Graham). High Financial Strength (F-Score 7/9).
PFS.NS,PFS.NS,Financial Services,Credit Services,33.03,0.495,0.2,1.0,0.5,0.495,0,75.34,127.62,6.0733943,0.12484,75.993,0,21272270848,0,5.000776906412247,89.669,0,-15.788043122626583,18.637614793598555,77.0,85.1,DCF Undervalued by 127.62%. Undervalued by ~128% (Graham). High Financial Strength (F-Score 7/9).
JINDRILL.NS,JINDRILL.NS,Energy,Oil & Gas Equipment & Services,525.45,0.495,0.2,1.0,0.5,0.495,0,1271.31,141.92,4.529392,0.20813,6.544,0,15261501440,0.19,11.856158534990833,22.975998999999998,510.9099008,25.40102035368028,49.615077083967954,38.0,284.3,DCF Undervalued by 141.92%. Undervalued by ~141% (Graham). High Financial Strength (F-Score 7/9).
PASUPTAC.NS,PASUPTAC.NS,Consumer Cyclical,Textile Manufacturing,47.78,0.495,0.2,1.0,0.5,0.495,0,65.26,36.16,10.868482,0.10859,28.845,0,4282365184,0,10.642310708003984,8.578,-1.399425,-7.08923419684746,-8.309198006628126,125.2,487.1,DCF Undervalued by 36.16%. Undervalued by ~36% (Graham). High Financial Strength (F-Score 7/9).
KMSUGAR.NS,KMSUGAR.NS,Consumer Defensive,Confectioners,27.09,0.495,0.2,1.0,0.5,0.495,0,67.51,148.55,5.294347,0.13962,18.481,0,2520861696,0,10.70935723355224,7.4310005,85.898048,6.382077961163568,-5.00233962158505,2.7,115.10000000000001,DCF Undervalued by 148.55%. Undervalued by ~149% (Graham). High Financial Strength (F-Score 7/9).
RVHL.NS,RVHL.NS,Real Estate,Real Estate - Development,50.37,0.495,0.2,1.0,0.5,0.495,0,79.14,57.65,8.243021,0.14247,0.386,0,3142548736,0,-1.32117073791212,94.269997,9.0581752,157.39796845481706,nan,38234.6,0,DCF Undervalued by 57.65%. Undervalued by ~57% (Graham). High Financial Strength (F-Score 9/9).
ORBTEXP.NS,ORBTEXP.NS,Consumer Cyclical,Textile Manufacturing,174.15,0.495,0.2,1.0,0.5,0.495,0,191.41,10.2,12.029086,0.13694,3.749,0,4604986880,0,19.038815770032322,14.331000999999999,28.6374624,19.695345471417447,29.900156798899282,-3.2,-37.0,Undervalued by ~9% (Graham). High Financial Strength (F-Score 7/9).
WORTHPERI.NS,WORTHPERI.NS,Consumer Cyclical,Packaging & Containers,135.82,0.495,0.2,1.0,0.5,0.495,0,168.1,23.6,12.534562,0.104540005,9.589,0,2142136064,0.74,13.422045682297604,9.032,-9.3734496,-1.8046336771539884,-6.924971267679203,10.299999999999999,50.3,Undervalued by ~23% (Graham). High Financial Strength (F-Score 7/9).
RUBFILA.NS,RUBFILA.NS,Basic Materials,Specialty Chemicals,71.9,0.495,0.2,1.0,0.5,0.495,0,83.78,16.45,12.621054,0.107659996,0.355,0,3904006144,2.78,13.566515146104255,5.4580003,19.9760752,5.07749285480168,-12.959751934909768,11.5,32.4,Undervalued by ~16% (Graham). High Financial Strength (F-Score 9/9).
PANAMAPET.NS,PANAMAPET.NS,Energy,Oil & Gas Refining & Marketing,286.8,0.495,0.2,1.0,0.5,0.495,0,393.95,37.36,9.212977,0.14985,2.327,0,17380315136,1.75,19.27872763419483,8.816,100.501248,9.412039478948863,-6.707377002833647,10.6,20.200000000000003,DCF Undervalued by 37.36%. Undervalued by ~37% (Graham). High Financial Strength (F-Score 7/9).
YESBANK.NS,YESBANK.NS,Financial Services,Banks - Regional,22.95,0.4943931666666666,0.8,0.3333333333333333,0.65151,0.4943931666666666,0,17.76,-22.62,25.500002,0.05928,0,0,720462872576,0,2.0610744934052705,24.740000000000002,0,22.67019797807408,31.985684038260096,6.4,16.7,Overvalued by 22.62%. Strong technical uptrend (RSI/MACD bullish). Positive Market Sentiment.
MARICO.NS,MARICO.NS,Consumer Defensive,Household & Personal Products,749.8,0.49385,0.6,0.5714285714285714,0.559,0.49385,0,94.95,-87.32,58.42434,0.37022,13.671,0,969737437184,1.4,49.402847955902615,14.732999999999999,1337.3750272,4.327581265639413,9.966819699620011,30.7,-0.6,Overvalued by 87.32%. High Financial Strength (F-Score 7/9).
GLOBE.NS,GLOBE.NS,Consumer Cyclical,Textile Manufacturing,2.86,0.4935785,0.6,0.5714285714285714,0.55719,0.4935785,0,3.99,39.04,13.666667,0.0664,107.624,0,1292701824,0,9.573444815803164,5.2410003,-40.4158624,13.100974179755864,22.755903086210026,5.800000000000001,-23.799999999999997,DCF Undervalued by 39.04%. Undervalued by ~39% (Graham).
KHAITANLTD.NS,KHAITANLTD.NS,Industrials,Industrial Distribution,92.87,0.4927675,0.2,0.8571428571428571,0.81845,0.4927675,0,133.98,44.27,7.2216177,0.23367001,38.132,0,466292672,0,25.411909657595317,3.311,-5.7018336,14.089138616644759,28.549857345118944,31.4,-50.3,DCF Undervalued by 44.27%. Undervalued by ~44% (Graham). Positive Market Sentiment.
COFORGE.NS,COFORGE.NS,Technology,Information Technology Services,1681.6,0.49268599999999996,0.6,0.5714285714285714,0.55124,0.49268599999999996,0,387.51,-77.01,51.938366,0.15033,10.888,0,564679475200,0.95,20.133621481136206,14.064999,-324.0,23.278898809924755,7.065477591623881,30.2,83.6,Overvalued by 77.01%. High Financial Strength (F-Score 7/9).
RELIABLE.NS,RELIABLE.NS,Technology,Information Technology Services,150.83,0.492251,0.6,0.5714285714285714,0.54834,0.492251,0,122.36,-19.5,13.380282,0.16700001,66.061,0,1568640000,0.03,17.027558200453274,5.822,-19.7990256,34.73350142757114,37.35038162845223,191.6,64.4,Balanced moderate growth candidate.
RELINFRA.NS,RELINFRA.NS,Utilities,Utilities - Independent Power Producers,127.34,0.49201466666666666,0.4,0.8333333333333334,0.40232,0.49201466666666666,0,758.81,495.89,1.8147357,0.35316002,0,0,52059922432,0,48.761051228091176,16.033001,5450.2674432,7.796453032291861,70.3459646927413,9.6,0,DCF Undervalued by 495.89%. Undervalued by ~495% (Graham).
TOTAL.NS,TOTAL.NS,Industrials,Integrated Freight & Logistics,71.33,0.4916055,0.2,1.0,0.47737,0.4916055,0,103.3,44.7,8.25318,0.17184,43.322,0,1151304704,0.7,11.3219379150965,2.3570001,13.2060248,4.483421257428999,-1.139973768870839,-13.0,0,DCF Undervalued by 44.7%. Undervalued by ~44% (Graham). High Financial Strength (F-Score 7/9).
CYIENT.NS,CYIENT.NS,Industrials,Conglomerates,1175.9,0.490405,0.4,0.7142857142857143,0.6693666666666667,0.490405,0,766.02,-34.7,22.67298,0.10576,7.224,0,129486274560,2.72,17.52213350714247,8.231,653.312512,17.524170895763657,5.637077057430906,-3.6999999999999997,-28.9,Overvalued by 34.7%. High Financial Strength (F-Score 7/9). Positive Market Sentiment.
ASAHIINDIA.NS,ASAHIINDIA.NS,Consumer Cyclical,Auto Parts,951.5,0.490214,0.6,0.5714285714285714,0.53476,0.490214,0,202.62,-78.51,75.07961,0.100439996,77.144,0,240396353536,0.21,12.106018294137106,10.360999999999999,-851.2837632,12.986132927465155,2.498127358567559,-0.6,-43.5,Overvalued by 78.51%. High Financial Strength (F-Score 7/9).
DBL.NS,DBL.NS,Industrials,Engineering & Construction,473.1,0.4899195,0.4,0.7142857142857143,0.66613,0.4899195,0,792.41,68.06,7.8661995,0.16944,170.648,0,76592734208,0.21,12.413784821695328,20.447999,-4011.3446912,4.298544738891508,5.299095271135301,-21.8,-10.6,DCF Undervalued by 68.06%. Undervalued by ~67% (Graham). Positive Market Sentiment.
SAGILITY.NS,SAGILITY.NS,Healthcare,Health Information Services,51.35,0.48944,0.6,0.5714285714285714,0.5296,0.48944,0,26.81,-47.89,30.264706,0.09561,13.851,0,240854368256,0.19,9.694450240958986,17.705000000000002,768.740608,0,0,25.2,112.00000000000001,Overvalued by 47.89%. High Financial Strength (F-Score 7/9).
TREL.NS,TREL.NS,Real Estate,Real Estate Services,25.55,0.48847666666666667,0.2,0.8333333333333334,0.8453999999999999,0.48847666666666667,0,53.17,108.1,10.471311,0.04883,0,0,6277520384,3.0,6.261016539901002,21.648,-97.0737472,inf,1639.4466906746907,0.6,33.300000000000004,DCF Undervalued by 108.1%. Undervalued by ~108% (Graham). High Financial Strength (F-Score 7/9). Positive Market Sentiment.
ASIANTILES.NS,ASIANTILES.NS,Industrials,Building Products & Equipment,73.07,0.48789499999999997,0.6,0.5714285714285714,0.5193,0.48789499999999997,0,65.53,-9.86,23.68078,0.03264,20.089,0,16895758336,0,1.9691396160322678,5.752,-144.9426048,-0.1251791830576554,-33.09180019518051,6.1,37.3,High Financial Strength (F-Score 7/9).
KIRLOSBROS.NS,KIRLOSBROS.NS,Industrials,Specialty Industrial Machinery,1612.1,0.4872,0.4,0.7142857142857143,0.648,0.4872,0,555.44,-65.54,32.677883,0.1943,9.871,0,128149807104,0.43,25.750146465951616,8.222,140.553536,13.885281276799555,63.884072326085885,-0.8,-25.900000000000002,Overvalued by 65.54%. High Financial Strength (F-Score 7/9). Positive Market Sentiment.
NAVA.NS,NAVA.NS,Industrials,Conglomerates,569.2,0.4872,0.4,0.7142857142857143,0.648,0.4872,0,455.29,-20.09,17.683115,0.13036,15.987,0,161239973888,1.58,19.176149860208085,22.930999,490.1970944,6.153897937584385,28.226535694029465,7.000000000000001,-47.199999999999996,Overvalued by 20.09%. High Financial Strength (F-Score 7/9). Positive Market Sentiment.
GTPL.NS,GTPL.NS,Communication Services,Entertainment,86.11,0.4866658333333333,0.4,0.6666666666666666,0.7555499999999999,0.4866658333333333,0,92.23,7.18,23.319784,0,29.458,0,9677445120,2.32,6.713518754601116,2.0969998,0,14.162674559425326,-37.86697202677595,4.1000000000000005,8.9,Undervalued by ~7% (Graham). Positive Market Sentiment.
SPLPETRO.NS,SPLPETRO.NS,Basic Materials,Specialty Chemicals,543.85,0.48658500000000005,0.4,0.7142857142857143,0.6439,0.48658500000000005,0,208.89,-61.57,33.099876,0.14277,6.558,0,102200467456,1.84,24.10451737211559,5.376,-213.1060736,6.119455994346246,-16.185234446960372,-25.8,-46.5,Overvalued by 61.57%. High Financial Strength (F-Score 7/9). Positive Market Sentiment.
PETRONET.NS,PETRONET.NS,Energy,Oil & Gas Refining & Marketing,286.25,0.48647250000000003,0.4,0.7142857142857143,0.64315,0.48647250000000003,0,278.3,-2.86,11.717791,0.18330999,11.871,0,430058307584,3.49,27.57601170769205,9.656,2454.8112384,5.889401101739589,4.935117001523648,-15.5,-4.5,High Financial Strength (F-Score 7/9). Positive Market Sentiment.
GULFOILLUB.NS,GULFOILLUB.NS,Basic Materials,Specialty Chemicals,1123.4,0.48644625,0.4,0.7142857142857143,0.642975,0.48644625,0,749.06,-33.29,15.054297,0.23413,29.566,0,55417614336,4.27,26.94718753796577,10.456,203.8241152,18.363469738122195,19.46521702714479,11.899999999999999,1.4000000000000001,Overvalued by 33.29%. High Financial Strength (F-Score 7/9). Positive Market Sentiment.
AXISBANK.NS,AXISBANK.NS,Financial Services,Banks - Regional,1298.8,0.4856736666666666,0.8,0.3333333333333333,0.59338,0.4856736666666666,0,1099.4,-15.37,15.555023,0.14004,0,0,4033795325952,0.08,6.8775632336202115,41.287,0,18.35963837108192,25.718649134392457,-6.0,-25.5,Strong technical uptrend (RSI/MACD bullish).
CREST.NS,CREST.NS,Financial Services,Financial Conglomerates,384.6,0.48549000000000003,0.4,0.7142857142857143,0.6366,0.48549000000000003,0,425.12,11.33,21.308594,0.04168,15.576,0,10766939136,0.26,8.209853890507727,39.338002,-262.1839104,41.10371334867011,94.12311176239854,-16.7,-78.2,Undervalued by ~10% (Graham). Positive Market Sentiment.
WEALTH.NS,WEALTH.NS,Financial Services,Capital Markets,833.35,0.4852273333333333,0.4,0.6666666666666666,0.74596,0.4852273333333333,0,308.98,-62.51,27.473333,0.21679,0,0,8781850624,1.92,35.160453682008246,73.519,0,9.767796583942868,21.899237185122633,-11.799999999999999,-27.0,Overvalued by 62.51%. High Financial Strength (F-Score 7/9). Positive Market Sentiment.
ZFCVINDIA.NS,ZFCVINDIA.NS,Consumer Cyclical,Auto Parts,14028.0,0.48508437499999996,0.6,0.5714285714285714,0.5005625,0.48508437499999996,0,3205.34,-77.1,55.12977,0.15148,1.806,0,265508241408,0.14,19.132532912014423,11.185,290.86848,14.578809984534825,48.016530586244755,0.3,-0.8,Overvalued by 77.1%. High Financial Strength (F-Score 7/9).
TDPOWERSYS.NS,TDPOWERSYS.NS,Industrials,Specialty Industrial Machinery,678.1,0.485,0.6,0.5714285714285714,0.5,0.485,0,135.96,-79.93,50.69985,0.24018,3.717,0,105812115456,0.29,26.900710465954674,17.108999,-91.1136512,17.008822702665437,35.29202503649766,47.699999999999996,45.800000000000004,Overvalued by 79.93%. High Financial Strength (F-Score 7/9).
HINDZINC.NS,HINDZINC.NS,Basic Materials,Other Industrial Metals & Mining,654.2,0.485,0.6,0.5714285714285714,0.5,0.485,0,135.01,-79.39,26.210484,0.99113,88.173,0,2767583969280,4.43,59.207202802900674,43.021,5980.8751616,4.697707592397182,2.4460007181289933,3.5000000000000004,13.8,Overvalued by 79.39%. Balanced moderate growth candidate.
SIRCA.NS,SIRCA.NS,Basic Materials,Specialty Chemicals,485.15,0.485,0.6,0.5714285714285714,0.5,0.485,0,136.41,-71.78,46.337486,0.15093,10.211,0,27450839040,0.31,16.42470474288417,18.892999,-77.5759872,23.195257259865997,20.953322297608,24.3,33.900000000000006,Overvalued by 71.78%. High Financial Strength (F-Score 7/9).
DATAPATTNS.NS,DATAPATTNS.NS,Industrials,Aerospace & Defense,2578.5,0.485,0.6,0.5714285714285714,0.5,0.485,0,508.2,-80.3,61.76682,0.16169001,0.378,0,144438640640,0.31,19.620479770855713,20.435,-259.06624,31.592864946738143,33.14676885940291,237.8,62.5,Overvalued by 80.3%. High Financial Strength (F-Score 7/9).
MEGASOFT.NS,MEGASOFT.NS,Industrials,Aerospace & Defense,198.26,0.485,0.6,0.5714285714285714,0.5,0.485,0,146.85,-26.11,8.319381,0.64134,1.385,0,14661795840,0,9.500182786955925,-1366.81795,16.5061872,-100.0,nan,0,0,Overvalued by 26.11%. Balanced moderate growth candidate.
REDINGTON.NS,REDINGTON.NS,Technology,Information Technology Services,273.65,0.485,0.6,0.5714285714285714,0.5,0.485,0,239.45,-12.19,12.333786,0.22066,27.764,0,213189885952,2.48,23.393726047642815,1.8350000000000002,-1560.1149952,16.614046953039164,7.832771966160568,16.8,31.900000000000002,Balanced moderate growth candidate.
SANSERA.NS,SANSERA.NS,Consumer Cyclical,Auto Parts,1778.2,0.485,0.6,0.5714285714285714,0.5,0.485,0,647.49,-63.52,44.16522,0.11417,15.176,0,110471127040,0.18,11.842785161403702,11.2390004,-275.503488,14.96066127813438,18.151604176920678,8.1,22.900000000000002,Overvalued by 63.52%. High Financial Strength (F-Score 7/9).
PIDILITIND.NS,PIDILITIND.NS,Basic Materials,Specialty Chemicals,1495.3,0.485,0.6,0.5714285714285714,0.5,0.485,0,214.7,-85.62,68.40587,0.24080999,4.539,0,1519752445952,0.67,29.01590039629799,21.122,1694.9149696,9.84254292033555,19.79985111773257,9.9,8.3,Overvalued by 85.62%. High Financial Strength (F-Score 7/9).
ARTEMISMED.NS,ARTEMISMED.NS,,,260.15,0.485,0.6,0.5714285714285714,0.5,0.485,0,53.7,-79.42,113.95197,0.11229,31.431,0,0,0,0,14.163,-6.5830124,0,0,13.8,34.0,Overvalued by 79.42%. High Financial Strength (F-Score 7/9).
MANAKSTEEL.NS,MANAKSTEEL.NS,Basic Materials,Steel,63.45,0.485,0.6,0.5714285714285714,0.5,0.485,0,53.7,-14.75,22.90909,0.059660003,66.71,0,4128645120,0,3.944351264741217,3.608,13.9941248,1.2463570812876412,-34.88662239002145,151.5,305.90000000000003,High Financial Strength (F-Score 7/9).
BHARATFORG.NS,BHARATFORG.NS,Consumer Cyclical,Auto Parts,1447.2,0.485,0.6,0.5714285714285714,0.5,0.485,0,316.41,-78.14,63.71039,0.13017,71.382,0,692033290240,0.59,11.90566990618349,12.023,609.8163712,13.650733532974701,-4.535118148522255,9.3,19.7,Overvalued by 78.14%. High Financial Strength (F-Score 7/9).
SAILIFE.NS,SAILIFE.NS,Healthcare,Diagnostics & Research,905.3,0.485,0.6,0.5714285714285714,0.5,0.485,0,184.19,-79.62,64.84936,0.17278999,18.397,0,190953013248,0,13.463367820252717,19.736,-311.732992,24.0822413837672,201.20277150543524,35.9,77.8,Overvalued by 79.62%. High Financial Strength (F-Score 7/9).
TEGA.NS,TEGA.NS,Industrials,Specialty Industrial Machinery,1875.2,0.485,0.6,0.5714285714285714,0.5,0.485,0,420.41,-77.73,53.27596,0.17339,20.696,0,141848608768,0.11,17.127300329611163,11.4379995,13.4035,20.011164385294954,19.626271267348795,14.7,525.0,Overvalued by 77.73%. High Financial Strength (F-Score 7/9).
SWELECTES.NS,SWELECTES.NS,Technology,Solar,578.15,0.485,0.6,0.5714285714285714,0.5,0.485,0,568.7,-0.84,24.550512,0.03945,72.499,0,8910032896,0.52,6.506251840962463,20.136000000000003,-49.8200384,21.299455833171855,-27.014762269423354,-29.7,76.2,High Financial Strength (F-Score 7/9).
KIRLOSENG.NS,KIRLOSENG.NS,Industrials,Specialty Industrial Machinery,1166.7,0.485,0.6,0.5714285714285714,0.5,0.485,0,424.68,-63.76,33.93571,0.15653,165.651,0,170310664192,0.56,12.360339220985313,17.437,359.3700096,16.523356704702795,40.993454437391684,29.9,27.800000000000004,Overvalued by 63.76%. High Financial Strength (F-Score 7/9).
ABDL.NS,ABDL.NS,Consumer Defensive,Beverages - Wineries & Distilleries,475.15,0.485,0.6,0.5714285714285714,0.5,0.485,0,105.87,-77.67,51.43167,0.17039,66.738,0,132638556160,0.76,16.011339156830896,10.975999999999999,-99.327072,9.328080261349214,409.1922111803842,14.399999999999999,31.2,Overvalued by 77.67%. High Financial Strength (F-Score 7/9).
SEAMECLTD.NS,SEAMECLTD.NS,Industrials,Marine Shipping,1072.2,0.485,0.6,0.5714285714285714,0.5,0.485,0,573.02,-46.25,30.883545,0.086,37.579,0,27105591296,0,10.030632441854936,-31.019999999999996,-12.7189376,22.742107477814933,2.5026192109880885,10.9,0,Overvalued by 46.25%. High Financial Strength (F-Score 7/9).
DALBHARAT.NS,DALBHARAT.NS,Basic Materials,Building Materials,2177.3,0.485,0.6,0.5714285714285714,0.5,0.485,0,1127.24,-48.17,36.320972,0.06427,39.764,0,407937155072,0.41,5.359667727112054,10.945,8.625,7.050056943926553,-5.7582124745032885,10.7,413.90000000000003,Overvalued by 48.17%. High Financial Strength (F-Score 7/9).
LORDSCHLO.NS,LORDSCHLO.NS,Basic Materials,Chemicals,155.57,0.485,0.6,0.5714285714285714,0.5,0.485,0,125.39,-19.38,17.795195,0.123339996,72.87,0,3912179712,0,4.381679835543301,14.724,0,4.020780124774648,-42.36563029304447,62.2,1609.5,Balanced moderate growth candidate.
KRISHNADEF.NS,KRISHNADEF.NS,Industrials,Specialty Industrial Machinery,888.45,0.485,0.6,0.5714285714285714,0.5,0.485,0,232.62,-73.99,43.58918,0.20571,0.451,0,12575095808,0.11,21.65306193411681,27.563998,9.2365376,59.167631470496154,108.10202025676202,28.1,69.5,Overvalued by 73.99%. High Financial Strength (F-Score 9/9).
OSWALSEEDS.NS,OSWALSEEDS.NS,Basic Materials,Agricultural Inputs,14.99,0.485,0.6,0.5714285714285714,0.5,0.485,0,6.77,-54.85,38.46154,0.23365,97.461,0,1372050048,0,10.69388793932771,-9.373,-17.6922752,0.7422823053670369,-13.410754796738,-41.699999999999996,0,Overvalued by 54.85%. Balanced moderate growth candidate.
ORIENTTECH.NS,ORIENTTECH.NS,Technology,Information Technology Services,368.5,0.485,0.6,0.5714285714285714,0.5,0.485,0,137.84,-62.48,33.799446,0.15151,6.129,0,16829092864,1.0,20.683802917509983,6.7909999999999995,-84.1933376,21.55400982388951,14.620851558553527,22.3,-18.099999999999998,Overvalued by 62.48%. Balanced moderate growth candidate.
UNITEDPOLY.NS,UNITEDPOLY.NS,Consumer Cyclical,Textile Manufacturing,26.88,0.485,0.6,0.5714285714285714,0.5,0.485,0,0,0,0,0.21374,89.939,0,6169376768,0,14.270448395296622,5.0029997,-12.0175504,-2.7254738627042308,23.43977917410529,16.7,52.800000000000004,High Financial Strength (F-Score 7/9).
APLAPOLLO.NS,APLAPOLLO.NS,Basic Materials,Steel,1934.7,0.485,0.6,0.5714285714285714,0.5,0.485,0,375.25,-80.68,51.470978,0.2481,15.534,0,539295940608,0.3,22.38123373863648,7.470000000000001,734.3750144,16.565418913477426,6.942720515196488,9.1,459.8,Overvalued by 80.68%. High Financial Strength (F-Score 7/9).
AXISCADES.NS,AXISCADES.NS,Industrials,Engineering & Construction,1309.4,0.485,0.6,0.5714285714285714,0.5,0.485,0,276.43,-78.85,62.776176,0.13741,37.084,0,55570227200,0,14.027311259586,12.33,-61.6204096,19.15609149188253,49.93316989536769,13.100000000000001,87.4,Overvalued by 78.85%. High Financial Strength (F-Score 7/9).
WELENT.NS,WELENT.NS,Industrials,Engineering & Construction,456.95,0.485,0.6,0.5714285714285714,0.5,0.485,0,342.79,-24.54,17.053303,0.14705,67.637,0,62109081600,0.66,16.34620632849211,20.288,55.498752,38.44486623615815,37.27180753432498,-0.6,54.400000000000006,Overvalued by 24.54%. Balanced moderate growth candidate.
ARKADE.NS,ARKADE.NS,Real Estate,Real Estate - Development,126.59,0.485,0.6,0.5714285714285714,0.5,0.485,0,99.15,-21.58,14.891638,0.17731,18.386,0,23473451008,1.58,21.278990161112596,22.988,-481.1552768,44.20581167252591,45.95461528454226,30.8,-12.4,Overvalued by 21.58%. Balanced moderate growth candidate.
MODISONLTD.NS,MODISONLTD.NS,Industrials,Electrical Equipment & Parts,155.45,0.485,0.6,0.5714285714285714,0.5,0.485,0,124.07,-20.03,15.815493,0.14708,37.68,0,5034617344,3.22,13.443102567053264,11.057,-36.0494112,13.031346809982413,19.0425299872075,18.5,41.9,Overvalued by 20.03%. Balanced moderate growth candidate.
MWL.NS,MWL.NS,Basic Materials,Steel,276.85,0.485,0.6,0.5714285714285714,0.5,0.485,0,162.49,-40.81,21.83771,0.15061,78.694,0,8152835072,0.07,11.65436708014213,5.743,-104.8136384,26.550767180599433,33.50562020915155,33.4,40.9,Overvalued by 40.81%. Balanced moderate growth candidate.
ALICON.NS,ALICON.NS,Industrials,Metal Fabrication,757.0,0.485,0.6,0.5714285714285714,0.5,0.485,0,415.52,-45.46,37.4165,0.055409998,57.003,0,12445404160,0.73,10.94679871448781,6.737,31.429776,16.385320730632348,23.96187442665143,-7.7,-17.4,Overvalued by 45.46%. High Financial Strength (F-Score 7/9).
POCL.NS,POCL.NS,Basic Materials,Specialty Chemicals,1443.6,0.485,0.6,0.5714285714285714,0.5,0.485,0,400.63,-72.27,47.22222,0.16444,5.327,0,44138889216,0.24,12.834480946630592,7.287000000000001,-4.7988,11.97589533056098,6.3621173034202005,10.6,102.60000000000001,Overvalued by 72.27%. High Financial Strength (F-Score 7/9).
IFBIND.NS,IFBIND.NS,Consumer Cyclical,"Furnishings, Fixtures & Appliances",1395.0,0.485,0.6,0.5714285714285714,0.5,0.485,0,401.1,-71.35,44.60338,0.14816,18.143,0,56785829888,0,19.842206556296322,5.1,22.8975008,14.224353559300651,35.15868786745424,12.4,61.5,Overvalued by 71.35%. High Financial Strength (F-Score 7/9).
GOYALALUM.NS,GOYALALUM.NS,Basic Materials,Aluminum,8.41,0.485,0.6,0.5714285714285714,0.5,0.485,0,3.05,-63.81,36.69565,0.08773,5.731,0,1208043776,0,10.431419101900682,5.564,3.5662396,-2.4508055110548987,30.65428671620678,-44.0,0,Overvalued by 63.81%. High Financial Strength (F-Score 7/9).
VINCOFE.NS,VINCOFE.NS,Consumer Defensive,Beverages - Non-Alcoholic,157.95,0.485,0.6,0.5714285714285714,0.5,0.485,0,60.06,-61.99,35.746605,0.15111,16.989,0,23044186112,0.06,9.916683277809387,14.728,-71.4731392,103.53740847166594,48.455075042250925,89.5,101.6,Overvalued by 61.99%. Balanced moderate growth candidate.
JUBLPHARMA.NS,JUBLPHARMA.NS,Healthcare,Drug Manufacturers - Specialty & Generic,1066.3,0.485,0.6,0.5714285714285714,0.5,0.485,0,530.44,-50.19,35.41736,0.07591,43.867,0,168561491968,0.47,13.823373754573275,12.031999,-660.1249792,5.880092662326564,26.57421873057235,12.2,17.2,Overvalued by 50.19%. High Financial Strength (F-Score 7/9).
DIVISLAB.NS,DIVISLAB.NS,Healthcare,Drug Manufacturers - Specialty & Generic,6355.5,0.485,0.6,0.5714285714285714,0.5,0.485,0,1105.11,-82.6,67.97602,0.17061001,0.584,0,1685990932480,0.47,19.491015964197448,28.544999999999998,-622.625024,1.9533241263611112,-9.545908575211005,16.1,35.3,Overvalued by 82.6%. High Financial Strength (F-Score 9/9).
CANFINHOME.NS,CANFINHOME.NS,Financial Services,Mortgage Finance,917.45,0.485,0.6,0.5714285714285714,0.5,0.485,0,799.08,-12.86,13.255276,0.18129998,658.72,0,122135158784,1.53,2.1465970121744586,81.308997,0,18.848565744123704,22.081242894279775,22.400000000000002,18.9,High Financial Strength (F-Score 7/9).
LUMAXTECH.NS,LUMAXTECH.NS,Consumer Cyclical,Auto Parts,1531.6,0.485,0.6,0.5714285714285714,0.5,0.485,0,329.11,-78.57,49.39852,0.22785999,87.422,0,104676605952,0.36,22.7340594201491,9.793000000000001,12.0305376,32.465265344011755,36.819105680663064,37.3,56.00000000000001,Overvalued by 78.57%. High Financial Strength (F-Score 7/9).
NRAIL.NS,NRAIL.NS,Basic Materials,Paper & Paper Products,444.2,0.485,0.6,0.5714285714285714,0.5,0.485,0,359.11,-19.6,36.16599,0.027,92.625,0,7601581056,0.45,5.1628705057888915,5.1269997,-61.2960512,0.7750645790044253,-33.86538769462805,22.5,0,High Financial Strength (F-Score 7/9).
SHAILY.NS,SHAILY.NS,Basic Materials,Specialty Chemicals,1836.0,0.485,0.6,0.5714285714285714,0.5,0.485,0,313.85,-82.91,57.991158,0.25863,29.807,0,84441104384,0.11,18.524348330066474,26.233,-24.6335744,11.465629170517854,38.56021711177395,33.7,133.1,Overvalued by 82.91%. High Financial Strength (F-Score 7/9).
NILASPACES.NS,NILASPACES.NS,Real Estate,Real Estate - Development,14.51,0.485,0.6,0.5714285714285714,0.5,0.485,0,6.66,-54.13,29.02,0.13663,62.622,0,5718665216,0,23.731332429841668,20.187001,-31.722864,194.30915528187768,394.71776994167857,32.2,55.60000000000001,Overvalued by 54.13%. Balanced moderate growth candidate.
CNL.NS,CNL.NS,Technology,Electronics & Computer Distribution,691.85,0.485,0.6,0.5714285714285714,0.5,0.485,0,415.28,-40.18,19.599098,0.20156999,36.852,0,10424576000,0.07,18.99123525187546,3.4389999999999996,-109.8031744,23.28208583826288,42.44978675264821,58.699999999999996,41.099999999999994,Overvalued by 40.18%. Balanced moderate growth candidate.
TATATECH.NS,TATATECH.NS,Technology,Information Technology Services,646.65,0.484941,0.4,0.7142857142857143,0.6329400000000001,0.484941,0,183.76,-71.62,37.9379,0.20447001,6.918,0,262813253632,1.29,26.29001346586877,13.370000000000001,462.9174784,13.538861702787997,15.707461748591523,2.1,5.4,Overvalued by 71.62%. High Financial Strength (F-Score 7/9). Positive Market Sentiment.
GRINFRA.NS,GRINFRA.NS,Industrials,Engineering & Construction,927.25,0.48485749999999994,0.4,0.8571428571428571,0.29905000000000004,0.48485749999999994,0,1538.05,66.22,8.125933,0.13016,62.543,0,89643163648,2.7,13.095111906175275,20.979,591.5172352,-7.976653398305055,6.831952403177843,14.899999999999999,-0.4,DCF Undervalued by 66.22%. Undervalued by ~65% (Graham).
M&M.NS,M&M.NS,Consumer Cyclical,Auto Manufacturers,3649.5,0.4846895,0.6,0.5714285714285714,0.49793,0.4846895,0,1451.92,-60.18,28.878593,0.17235,132.29,0,4375969005568,0.69,14.092707190353593,16.986999,6288.1312768,20.73365126502591,25.267893462834866,21.2,14.799999999999999,Overvalued by 60.18%. High Financial Strength (F-Score 7/9).
TORNTPOWER.NS,TORNTPOWER.NS,Utilities,Utilities - Independent Power Producers,1345.1,0.484425,0.4,0.7142857142857143,0.6295,0.484425,0,709.02,-47.4,22.51921,0.18314,53.715,0,679261962240,1.41,16.200787872187263,14.182,-1106.0137984,27.07411489071234,87.41550315681788,9.8,43.5,Overvalued by 47.4%. High Financial Strength (F-Score 7/9). Positive Market Sentiment.
HAL.NS,HAL.NS,Industrials,Aerospace & Defense,4461.4,0.484401,0.4,0.7142857142857143,0.62934,0.484401,0,1257.87,-71.82,35.22494,0.24792999,0.031,0,2984742748160,0.9,31.090450096493555,15.054,-8889.1047936,7.3108305779336025,18.0822303192808,10.9,10.5,Overvalued by 71.82%. High Financial Strength (F-Score 9/9). Positive Market Sentiment.
ADANIPORTS.NS,ADANIPORTS.NS,Industrials,Marine Shipping,1430.0,0.483549,0.4,0.7142857142857143,0.62366,0.483549,0,621.75,-56.49,25.82219,0.18591999,81.556,0,3292357459968,0.49,14.539200510953037,46.760000000000005,581.6937472,21.52848599466102,31.428219096473576,29.7,27.1,Overvalued by 56.49%. High Financial Strength (F-Score 7/9). Positive Market Sentiment.
BETA.NS,BETA.NS,Healthcare,Drug Manufacturers - Specialty & Generic,1585.0,0.48216000000000003,0.4,0.7142857142857143,0.6144000000000001,0.48216000000000003,0,794.22,-49.95,24.785257,0.20852,65.95,0,16020057088,0,19.009271787487144,16.232,-45.961744,25.381583470778544,19.547622972703472,12.9,95.7,Overvalued by 49.95%. High Financial Strength (F-Score 7/9). Positive Market Sentiment.
DHANUKA.NS,DHANUKA.NS,Basic Materials,Agricultural Inputs,1087.7,0.4819725,0.4,0.7142857142857143,0.61315,0.4819725,0,691.75,-36.01,17.404604,0.19896,2.063,0,48729669632,0.18,27.493389165539945,20.138,10.0189,11.199402912817579,12.440712261829079,-8.6,-19.3,Overvalued by 36.01%. High Financial Strength (F-Score 7/9). Positive Market Sentiment.
UPL.NS,UPL.NS,Basic Materials,Agricultural Inputs,780.4,0.48130549999999994,0.6,0.5714285714285714,0.47537,0.48130549999999994,0,476.4,-38.99,30.138943,0.06831,79.613,0,659418251264,0.77,7.263069411407007,11.931,3605.250048,0.21055892680046373,-37.22478418802345,8.4,0,Overvalued by 38.99%. High Financial Strength (F-Score 7/9).
IRCTC.NS,IRCTC.NS,Consumer Cyclical,Travel Services,627.45,0.48055950000000003,0.4,0.7142857142857143,0.60373,0.48055950000000003,0,143.35,-77.16,36.64332,0.35252997,1.836,0,502159998976,1.43,48.430277857387345,34.277,810.0959744,35.51509832904218,25.858132575297343,7.7,11.200000000000001,Overvalued by 77.16%. High Financial Strength (F-Score 7/9). Positive Market Sentiment.
HPL.NS,HPL.NS,Industrials,Electrical Equipment & Parts,354.4,0.4801725,0.4,0.7142857142857143,0.60115,0.4801725,0,223.22,-37.1,23.786863,0.10538,77.475,0,22820243456,0.28,13.01963713421053,12.252,-66.9911104,18.80395522427907,129.34475176397743,2.9000000000000004,3.3000000000000003,Overvalued by 37.1%. High Financial Strength (F-Score 7/9). Positive Market Sentiment.
KEI.NS,KEI.NS,Industrials,Electrical Equipment & Parts,4384.6,0.479766875,0.6,0.5714285714285714,0.4651125,0.479766875,0,1104.73,-74.81,52.358208,0.16393,3.799,0,419373711360,0.09,16.453850764787497,9.137998999999999,-752.8833536,19.141622430269777,22.805682865708764,19.6,24.2,Overvalued by 74.81%. High Financial Strength (F-Score 7/9).
AWL.NS,AWL.NS,Consumer Defensive,Packaged Foods,217.91,0.4792215,0.4,0.7142857142857143,0.59481,0.4792215,0,120.03,-44.87,26.009558,0.115059994,11.063,0,282220756992,0,12.814962893929637,3.3010002,104.258752,5.543259898971109,15.107686935998599,21.7,-20.9,Overvalued by 44.87%. High Financial Strength (F-Score 7/9).
SUNPHARMA.NS,SUNPHARMA.NS,Healthcare,Drug Manufacturers - Specialty & Generic,1700.7,0.4788075,0.4,0.7142857142857143,0.59205,0.4788075,0,563.79,-66.96,39.18925,0.14216,6.675,0,4093985161216,0.94,18.874252321405795,23.256001,4162.6075136,10.638411419641546,49.47111675709046,8.9,2.4,Overvalued by 66.96%. High Financial Strength (F-Score 7/9).
TBZ.NS,TBZ.NS,Consumer Cyclical,Luxury Goods,164.84,0.47862,0.4,0.7142857142857143,0.5908,0.47862,0,181.28,9.74,11.80772,0.14214,118.113,0,11037153280,1.36,11.19024132324158,8.218,-87.5678016,12.425396206134632,50.19983466059384,21.3,164.2,Undervalued by ~9% (Graham).
KMEW.NS,KMEW.NS,Industrials,Marine Shipping,1707.2,0.478394,0.6,0.5714285714285714,0.45596,0.478394,0,238.84,-86.01,74.746056,0.22511,60.049,0,41826766848,0,20.101791974157912,32.454,-21.4287504,48.647848431566665,34.74822217276525,-4.3999999999999995,-10.9,Overvalued by 86.01%. High Financial Strength (F-Score 7/9).
ITC.NS,ITC.NS,Consumer Defensive,Tobacco,334.75,0.47819100000000003,0.4,0.7142857142857143,0.58794,0.47819100000000003,0,143.33,-57.2,20.798136,0.27811,0.507,0,4195322167296,4.69,38.4646045634149,32.099,13394.3238656,7.506929271480134,31.6085110433352,-6.0,2.5,Overvalued by 57.2%. High Financial Strength (F-Score 9/9).
SUNDRMFAST.NS,SUNDRMFAST.NS,Consumer Cyclical,Auto Parts,936.9,0.4775325,0.4,0.7142857142857143,0.58355,0.4775325,0,337.97,-64.05,35.70072,0.14374,18.193,0,197520670720,0.8,16.23925686486064,12.641,163.0262528,6.605804527391124,5.683316576611608,2.4,5.8999999999999995,Overvalued by 64.05%. High Financial Strength (F-Score 7/9).
PFC.NS,PFC.NS,Financial Services,Credit Services,371.85,0.477159,0.4,0.7142857142857143,0.58106,0.477159,0,805.82,116.04,4.9733334,0.21113001,603.342,0,1230937915392,3.93,2.055436320409758,94.902,0,11.289684335215,17.93857948229998,12.0,8.3,DCF Undervalued by 116.04%. Undervalued by ~116% (Graham).
MUKKA.NS,MUKKA.NS,Consumer Defensive,Packaged Foods,22.09,0.4761,0.4,0.7142857142857143,0.574,0.4761,0,23.19,4.25,14.075949,0.11249,131.932,0,6672000000,0,9.751320726340564,6.766,-174.5862528,8.553283506534237,24.271149531136405,63.9,185.7,Undervalued by ~4% (Graham).
SRM.NS,SRM.NS,Industrials,Engineering & Construction,490.65,0.4761,0.4,0.7142857142857143,0.574,0.4761,0,304.94,-38.02,15.520504,0.27193,19.915,0,11288546304,0,25.888875657904386,12.617999999999999,49.8734752,26.06427337036319,46.292916239428706,116.5,0,Overvalued by 38.02%. High Financial Strength (F-Score 7/9).
EIDPARRY.NS,EIDPARRY.NS,Basic Materials,Agricultural Inputs,943.0,0.47601000000000004,0.4,0.7142857142857143,0.5734,0.47601000000000004,0,841.28,-10.69,14.561755,0.16527,18.388,0,167556104192,0,27.761779662196695,8.944,689.4237696,12.035994230665793,-1.05802492124909,24.6,38.800000000000004,High Financial Strength (F-Score 7/9).
DHRUV.NS,DHRUV.NS,Industrials,Engineering & Construction,39.01,0.474545,0.4,0.7142857142857143,0.5636333333333333,0.474545,0,67.28,72.47,10.402666,0.06598,22.271,0,743141568,1.03,9.455296020509353,4.5479998,-10.6003504,10.74849623339389,6.485193690197555,-41.099999999999994,-56.39999999999999,DCF Undervalued by 72.47%. Undervalued by ~72% (Graham).
PARAGMILK.NS,PARAGMILK.NS,Consumer Defensive,Packaged Foods,274.45,0.47454,0.4,0.7142857142857143,0.5636,0.47454,0,156.56,-42.84,25.384615,0.12513,45.112,0,32650201088,0.36,13.772126256185588,6.9959999999999996,-50.7462496,17.65426201973952,-39.351306544062645,15.7,52.6,Overvalued by 42.84%. High Financial Strength (F-Score 7/9).
JYOTHYLAB.NS,JYOTHYLAB.NS,Consumer Defensive,Household & Personal Products,256.65,0.47454,0.4,0.7142857142857143,0.5636,0.47454,0,91.49,-64.39,27.047369,0.20938,3.737,0,94355767296,1.36,24.139428448751165,14.002999999999998,167.381248,9.030067621833005,31.751042897946967,0.3,-16.400000000000002,Overvalued by 64.39%. High Financial Strength (F-Score 7/9).
JSWSTEEL.NS,JSWSTEEL.NS,Basic Materials,Steel,1181.8,0.47186449999999996,0.8,0.2857142857142857,0.61243,0.47186449999999996,0,433.83,-63.41,48.238403,0.07279,118.74,0,2896128114688,0.24,6.604635494556535,10.1009995,5058.7500544,5.015753701726111,-44.651027551942825,13.8,268.9,Overvalued by 63.41%. Strong technical uptrend (RSI/MACD bullish). High Financial Strength (F-Score 7/9). Positive Market Sentiment.
PNBHOUSING.NS,PNBHOUSING.NS,Financial Services,Mortgage Finance,975.0,0.4717515,0.4,0.7142857142857143,0.54501,0.4717515,0,1131.21,15.81,11.855807,0.127,261.907,0,254464753664,0.51,3.1465993100409726,77.766997,0,11.703835986923949,32.27986163075083,21.099999999999998,23.7,Undervalued by ~16% (Graham).
ABSLAMC.NS,ABSLAMC.NS,Financial Services,Asset Management,810.4,0.471375,0.4,0.7142857142857143,0.5425,0.471375,0,305.3,-62.17,24.056631,0.28410998,1.929,0,233159098368,2.96,33.545575778065775,62.566,842.8212736,9.224279989747464,11.420496570488359,-2.6,-0.6,Overvalued by 62.17%. High Financial Strength (F-Score 7/9).
GLOBAL.NS,GLOBAL.NS,Consumer Defensive,Education & Training Services,80.85,0.4709458333333333,0.4,0.6666666666666666,0.6507499999999999,0.4709458333333333,0,47.68,-41.02,18.715277,0.19633,0,0,4115386112,1.24,33.605675280173784,28.777,35.655376,22.415006853113574,37.47003416078818,5.2,-30.9,Overvalued by 41.02%. High Financial Strength (F-Score 7/9). Positive Market Sentiment.
CROMPTON.NS,CROMPTON.NS,Consumer Cyclical,"Furnishings, Fixtures & Appliances",254.7,0.4706575,0.4,0.7142857142857143,0.5377166666666666,0.4706575,0,93.56,-63.21,34.645775,0.13014,4.826,0,163747561472,1.18,21.788972178409406,5.968,498.7987456,13.351202575408916,-1.3097711882303797,1.0,-42.8,Overvalued by 63.21%. High Financial Strength (F-Score 7/9).
BALUFORGE.NS,BALUFORGE.NS,Industrials,Metal Fabrication,457.55,0.4705333333333333,0.4,0.6666666666666666,0.648,0.4705333333333333,0,236.44,-48.26,21.475563,0.22686,0,0,52256624640,0.03,24.32216886864191,27.615000000000002,-389.8133504,48.65322464322659,89.73768950076526,0,0,Overvalued by 48.26%. High Financial Strength (F-Score 7/9). Positive Market Sentiment.
DLF.NS,DLF.NS,Real Estate,Real Estate - Development,651.05,0.4701,0.4,0.7142857142857143,0.534,0.4701,0,260.26,-59.96,37.52887,0.10293999,4.133,0,1609403990016,0.92,5.6790417166608345,15.459999999999999,4279.973888,11.653944576387065,42.769506450361064,-16.8,-14.499999999999998,Overvalued by 59.96%. High Financial Strength (F-Score 7/9).
IEX.NS,IEX.NS,Financial Services,Capital Markets,139.37,0.469152,0.4,0.7142857142857143,0.52768,0.469152,0,40.87,-70.6,26.335226,0.40870997,0.299,0,123657207808,2.15,49.91210531767448,85.725,339.6483584,7.606577918316182,11.541634547341362,9.2,13.900000000000002,Overvalued by 70.6%. High Financial Strength (F-Score 9/9).
AYE.NS,AYE.NS,Financial Services,Credit Services,133.98,0.46875,0.4,0.6,0.7916666666666667,0.46875,0,137.69,2.77,13.956249,0,0,0,32757958656,0,5.662394011395514,23.291999,0,41.337400640612046,69.3419582438352,41.699999999999996,87.2,Undervalued by ~2% (Graham). Positive Market Sentiment.
CHALET.NS,CHALET.NS,Consumer Cyclical,Lodging,881.85,0.46821999999999997,0.4,0.5714285714285714,0.8548,0.46821999999999997,0,304.9,-65.35,33.257748,0.18569,72.88,0,192679428096,0.23,10.594506533651018,32.887,-398.1267456,50.11591758006204,20.475924499319518,95.0,0,Overvalued by 65.35%. Positive Market Sentiment.
AVALON.NS,AVALON.NS,Technology,Electronic Components,904.6,0.46802999999999995,0.6,0.42857142857142855,0.7202,0.46802999999999995,0,169.15,-81.21,69.07905,0.14425999,25.091,0,60147851264,0,13.46127482717854,7.777000000000001,-92.3477504,9.298754945653886,-2.3661488669378894,39.1,42.9,Overvalued by 81.21%. Positive Market Sentiment.
PAGEIND.NS,PAGEIND.NS,Consumer Cyclical,Apparel Manufacturing,34320.0,0.46680999999999995,0.4,0.5714285714285714,0.8453999999999999,0.46680999999999995,0,4417.17,-87.13,50.007282,0.5272,19.029,0,382876286976,1.46,72.8368329642779,19.683999999999997,642.5676288,9.6645757816749,10.765819525911358,3.5999999999999996,-0.3,Overvalued by 87.13%. High Financial Strength (F-Score 7/9). Positive Market Sentiment.
PNCINFRA.NS,PNCINFRA.NS,Industrials,Engineering & Construction,240.5,0.46608874999999994,0.0,1.0,0.773925,0.46608874999999994,0,426.65,78.52,7.626037,0.1291,76.537,0,61312860160,0.25,13.16593441069884,20.169,-228.8268544,-5.177504775971009,12.017451162044136,-21.0,158.8,DCF Undervalued by 78.52%. Undervalued by ~77% (Graham). High Financial Strength (F-Score 7/9). Positive Market Sentiment.
MACPOWER.NS,MACPOWER.NS,Industrials,Specialty Industrial Machinery,934.5,0.465,0.4,0.7142857142857143,0.5,0.465,0,307.11,-66.84,34.2836,0.18879,0.841,0,9263852544,0.16,24.378285794183448,14.457999999999998,-7.0006248,11.231294588367202,25.601174689492588,20.599999999999998,12.9,Overvalued by 66.84%. High Financial Strength (F-Score 9/9).
MANAKSIA.NS,MANAKSIA.NS,Industrials,Metal Fabrication,66.2,0.465,0.4,0.7142857142857143,0.5,0.465,0,129.3,95.74,8.6015625,0.08396,5.797,0,4339144704,0,15.846681243070648,2.96,-92.9763904,-14.606915863723957,-32.63013381503293,12.1,-24.7,DCF Undervalued by 95.74%. Undervalued by ~95% (Graham).
BUTTERFLY.NS,BUTTERFLY.NS,Consumer Cyclical,"Furnishings, Fixtures & Appliances",606.35,0.465,0.4,0.7142857142857143,0.5,0.465,0,316.43,-47.53,26.451754,0.1243,3.141,0,10783157248,0,15.046427807249895,7.455,47.4140864,-3.8389990002754115,26.354995333226782,13.700000000000001,34.1,Overvalued by 47.53%. High Financial Strength (F-Score 7/9).
APLLTD.NS,APLLTD.NS,Healthcare,Drug Manufacturers - Specialty & Generic,789.9,0.465,0.4,0.7142857142857143,0.5,0.465,0,443.61,-43.99,24.512533,0.12380999,28.004,0,156055158784,1.39,12.306408351353086,12.545,-313.0174976,7.7215835092008245,3.8479359556006454,15.9,20.7,Overvalued by 43.99%. High Financial Strength (F-Score 7/9).
NAHARSPING.NS,NAHARSPING.NS,Consumer Cyclical,Textile Manufacturing,183.07,0.465,0.4,0.7142857142857143,0.5,0.465,0,297.56,63.49,19.719393,0.02279,49.532,0,6614494208,0.55,3.582658760435649,0.561,-51.702224,-2.87519161125136,-70.91764328537953,-1.6,0,DCF Undervalued by 63.49%. Undervalued by ~62% (Graham).
GARFIBRES.NS,GARFIBRES.NS,Consumer Cyclical,Textile Manufacturing,635.0,0.465,0.4,0.7142857142857143,0.5,0.465,0,245.6,-61.63,31.20429,0.16843,10.153,0,63718191104,1.5,24.846970750726292,11.440999999999999,67.5555968,9.110531798111744,12.0068728311715,-17.299999999999997,-51.4,Overvalued by 61.63%. High Financial Strength (F-Score 7/9).
SKMEGGPROD.NS,SKMEGGPROD.NS,Consumer Defensive,Packaged Foods,169.25,0.465,0.4,0.7142857142857143,0.5,0.465,0,122.88,-27.68,16.289549,0.17358999,50.68,0,8946933760,0.44,13.198537348148395,16.595,2.7076876,18.068597120085684,67.09737928588804,58.4,186.60000000000002,Overvalued by 27.68%. High Financial Strength (F-Score 7/9).
SHARDAMOTR.NS,SHARDAMOTR.NS,Consumer Cyclical,Auto Parts,869.2,0.465,0.4,0.7142857142857143,0.5,0.465,0,510.37,-41.34,14.961307,0.32656,4.414,0,49944702976,1.87,39.920586211368224,10.8430006,95.6376512,7.950873332852537,28.270670045239356,10.7,-5.0,Overvalued by 41.34%. High Financial Strength (F-Score 7/9).
RGL.NS,RGL.NS,Consumer Cyclical,Luxury Goods,120.15,0.465,0.4,0.7142857142857143,0.5,0.465,0,148.43,24.93,16.365013,0.05527,48.158,0,12778969088,0,7.198982020731017,7.992000000000001,-181.0039296,-1.6572827042988902,-10.374903829263681,32.7,56.49999999999999,Undervalued by ~23% (Graham).
RAJOOENG.NS,RAJOOENG.NS,Industrials,Specialty Industrial Machinery,64.98,0.465,0.4,0.7142857142857143,0.5,0.465,0,36.97,-43.02,20.089783,0.22431,5.21,0,11594240000,0.23,28.921254468120566,18.626,16.3111504,10.89652215175092,36.14714852815075,62.4,68.8,Overvalued by 43.02%. High Financial Strength (F-Score 7/9).
HEXATRADEX.NS,HEXATRADEX.NS,Financial Services,Credit Services,163.51,0.465,0.4,0.7142857142857143,0.5,0.465,0,275.23,68.03,42.216496,0.00435,0.412,0,9175625728,0,-0.2103067366172213,78.885,24.8141248,121.57687444721236,nan,1.6,0,DCF Undervalued by 68.03%. Undervalued by ~68% (Graham). High Financial Strength (F-Score 7/9).
NDRAUTO.NS,NDRAUTO.NS,Consumer Cyclical,Auto Parts,738.95,0.465,0.4,0.7142857142857143,0.5,0.465,0,277.62,-62.23,30.04906,0.19224001,15.671,0,17482199040,0.37,23.51928386046367,8.382000000000001,-8.7218,45.56733447517733,52.94296533426981,14.799999999999999,24.3,Overvalued by 62.23%. High Financial Strength (F-Score 7/9).
KKCL.NS,KKCL.NS,Consumer Cyclical,Apparel Manufacturing,493.65,0.465,0.4,0.7142857142857143,0.5,0.465,0,260.92,-47.26,23.467743,0.13618,16.664,0,30815746048,0.41,22.2998323337083,16.959,-62.7649856,18.13354748621039,20.96337507012589,14.899999999999999,-31.5,Overvalued by 47.26%. High Financial Strength (F-Score 7/9).
MENONBE.NS,MENONBE.NS,Consumer Cyclical,Auto Parts,126.91,0.465,0.4,0.7142857142857143,0.5,0.465,0,55.85,-56.28,26.124744,0.17853001,33.356,0,7159110144,1.58,18.750227490188628,11.913,-5.8155624,6.957420362333933,0.541481675852884,5.3,0.8,Overvalued by 56.28%. High Financial Strength (F-Score 7/9).
CELLO.NS,CELLO.NS,Consumer Cyclical,"Furnishings, Fixtures & Appliances",501.0,0.465,0.4,0.7142857142857143,0.5,0.465,0,187.49,-62.58,33.222813,0.1514,0.221,0,110663401472,0.3,22.72891570933398,20.257998999999998,152.7065472,16.529026216920517,18.425037175194458,22.6,4.9,Overvalued by 62.58%. High Financial Strength (F-Score 9/9).
RADHIKAJWE.NS,RADHIKAJWE.NS,Consumer Cyclical,Luxury Goods,74.63,0.465,0.4,0.7142857142857143,0.5,0.465,0,65.07,-12.11,11.978965,0.22557,11.904,0,8735540224,0.22,24.657712334287073,18.982,22.0778128,36.17287023514737,30.48392486925582,1.2,74.0,High Financial Strength (F-Score 7/9).
ASALCBR.NS,ASALCBR.NS,Consumer Defensive,Beverages - Wineries & Distilleries,865.55,0.465,0.4,0.7142857142857143,0.5,0.465,0,569.1,-34.4,19.424541,0.16563,12.748,0,16494683136,0.23,18.554389698771214,7.231,-42.84,27.47309124415689,10.2189084424406,-0.3,-11.0,Overvalued by 34.4%. High Financial Strength (F-Score 7/9).
ROSSARI.NS,ROSSARI.NS,Basic Materials,Specialty Chemicals,539.8,0.465,0.4,0.7142857142857143,0.5,0.465,0,354.21,-34.41,21.888933,0.11533,28.178,0,29905938432,0.09,14.780307873326626,9.161,-190.5294976,11.980919206892837,11.76910703560845,17.599999999999998,4.2,Overvalued by 34.41%. High Financial Strength (F-Score 7/9).
DEEPAKFERT.NS,DEEPAKFERT.NS,Basic Materials,Chemicals,1216.8,0.465,0.4,0.7142857142857143,0.5,0.465,0,951.71,-22.12,15.666667,0.15364,62.046,0,154380746752,0.82,15.68402244788988,11.887,-696.3487744,8.774386668526745,11.237493449914005,9.4,1.5,Overvalued by 22.12%. High Financial Strength (F-Score 7/9).
LINC.NS,LINC.NS,Industrials,Business Equipment & Supplies,112.5,0.465,0.4,0.7142857142857143,0.5,0.465,0,74.5,-33.19,18.250408,0.15765001,11.183,0,6638036480,1.33,22.414000640875575,8.552,17.5958624,15.375451453304546,67.24152331143671,1.3,-3.9,Overvalued by 33.19%. High Financial Strength (F-Score 7/9).
TIGERLOGS.NS,TIGERLOGS.NS,Industrials,Integrated Freight & Logistics,31.43,0.465,0.4,0.7142857142857143,0.5,0.465,0,29.65,-5.86,11.797752,0.20456,32.359,0,3340955136,0,22.567271344661822,6.4619995999999995,-2.7581876,-4.466926738863264,-7.051892658826276,5.3,14.799999999999999,High Financial Strength (F-Score 7/9).
THEJO.NS,THEJO.NS,Industrials,Specialty Industrial Machinery,1858.8,0.465,0.4,0.7142857142857143,0.5,0.465,0,570.99,-69.45,38.377823,0.16969,11.289,0,20271015936,0.27,23.896802920251005,12.325999999999999,24.6087504,9.147641934852068,9.85909327667629,14.7,26.8,Overvalued by 69.45%. High Financial Strength (F-Score 7/9).
HESTERBIO.NS,HESTERBIO.NS,Healthcare,Drug Manufacturers - Specialty & Generic,1486.6,0.465,0.4,0.7142857142857143,0.5,0.465,0,671.39,-54.64,29.110937,0.13401,60.852,0,12590159872,0.47,9.17782502921288,21.179001,46.6888736,9.801418540574014,-11.248327833055194,-5.7,70.89999999999999,Overvalued by 54.64%. High Financial Strength (F-Score 7/9).
TINNARUBR.NS,TINNARUBR.NS,Basic Materials,Specialty Chemicals,691.45,0.465,0.4,0.7142857142857143,0.5,0.465,0,300.22,-56.61,27.412838,0.20377001,38.443,0,12465101824,0.58,23.547658241010655,15.554000000000002,-42.4947616,30.345323764613163,41.97470555731457,1.6,-3.0,Overvalued by 56.61%. High Financial Strength (F-Score 7/9).
AARTIPHARM.NS,AARTIPHARM.NS,Healthcare,Drug Manufacturers - Specialty & Generic,791.85,0.465,0.4,0.7142857142857143,0.5,0.465,0,366.5,-53.61,29.867674,0.12287,32.974,0,71611367424,0.63,16.190148262206733,11.939999499999999,-193.6575616,20.506021386673257,30.613277315594246,-8.7,-48.8,Overvalued by 53.61%. High Financial Strength (F-Score 7/9).
MANYAVAR.NS,MANYAVAR.NS,Consumer Cyclical,Apparel Manufacturing,540.15,0.465,0.4,0.7142857142857143,0.5,0.465,0,159.15,-70.46,33.92947,0.23729,26.948,0,131025944576,1.48,32.17269119021894,26.256,335.2563712,10.02994336357592,7.248352668988134,-1.7999999999999998,-16.0,Overvalued by 70.46%. High Financial Strength (F-Score 7/9).
DAMODARIND.NS,DAMODARIND.NS,Consumer Cyclical,Textile Manufacturing,29.01,0.465,0.4,0.7142857142857143,0.5,0.465,0,76.61,164.16,7.0048313,0.06753,122.316,0,675699968,0,6.826038253998844,3.1659998000000003,-8.4946496,-22.592032684412132,-33.48339274262735,26.0,53.1,DCF Undervalued by 164.16%. Undervalued by ~164% (Graham). High Financial Strength (F-Score 7/9).
PGIL.NS,PGIL.NS,Consumer Cyclical,Apparel Manufacturing,1455.4,0.465,0.4,0.7142857142857143,0.5,0.465,0,595.79,-58.91,25.745739,0.21385999,58.681,0,66828279808,0.86,18.835219360274735,7.513,105.9890368,18.854526970386075,53.88504451143567,9.2,24.0,Overvalued by 58.91%. High Financial Strength (F-Score 7/9).
SUBROS.NS,SUBROS.NS,Consumer Cyclical,Auto Parts,832.7,0.465,0.4,0.7142857142857143,0.5,0.465,0,311.18,-62.54,33.701824,0.14789,6.954,0,54234546176,0.31,18.710336866389305,4.2140003,-101.9514624,14.644203293756641,66.70812771087826,6.2,10.0,Overvalued by 62.54%. High Financial Strength (F-Score 7/9).
HSCL.NS,HSCL.NS,Basic Materials,Specialty Chemicals,470.35,0.465,0.4,0.7142857142857143,0.5,0.465,0,156.2,-66.79,35.71754,0.17351,21.091,0,237325713408,0.13,21.015321698807735,20.583999,-213.815168,18.119642718140838,138.51950808102168,-5.800000000000001,30.5,Overvalued by 66.79%. High Financial Strength (F-Score 7/9).
SAREGAMA.NS,SAREGAMA.NS,Communication Services,Entertainment,346.8,0.465,0.4,0.7142857142857143,0.5,0.465,0,143.26,-58.72,32.922203,0.12576,0.185,0,66680487936,2.6,17.777564169890102,21.632,-51.4518016,27.164476189697396,10.20482240401206,-4.9,-2.1,Overvalued by 58.72%. High Financial Strength (F-Score 9/9).
KPIL.NS,KPIL.NS,Industrials,Engineering & Construction,1136.8,0.465,0.4,0.7142857142857143,0.5,0.465,0,668.17,-41.4,23.431976,0.13382,69.688,0,194714845184,0.79,12.502674746191115,6.665,-344.2112512,14.779832023070561,2.725930894797468,32.4,81.89999999999999,Overvalued by 41.4%. High Financial Strength (F-Score 7/9).
PIXTRANS.NS,PIXTRANS.NS,Industrials,Specialty Industrial Machinery,1316.9,0.465,0.4,0.7142857142857143,0.5,0.465,0,863.26,-34.6,18.665157,0.16187,4.661,0,18017036288,0.68,24.668844729046285,20.442,72.9371776,9.077503387976105,17.917977907008975,-12.7,-41.9,Overvalued by 34.6%. High Financial Strength (F-Score 7/9).
HECPROJECT.NS,HECPROJECT.NS,Industrials,Engineering & Construction,107.3,0.465,0.4,0.7142857142857143,0.5,0.465,0,103.41,-3.0,11.740088,0.22955999,73.815,0,1155347840,0,14.546293498860171,8.8970006,-7.3723872,36.86469419781335,161.90895965986041,102.1,70.19999999999999,High Financial Strength (F-Score 7/9).
ECOSMOBLTY.NS,ECOSMOBLTY.NS,Industrials,Rental & Leasing Services,184.9,0.465,0.4,0.7142857142857143,0.5,0.465,0,92.75,-50.02,18.977507,0.27581,3.246,0,11136000000,1.3,35.653321964556284,8.247,-9.1323752,64.48041000265165,82.59203381457571,34.2,-7.3,Overvalued by 50.02%. High Financial Strength (F-Score 7/9).
PENIND.NS,PENIND.NS,Industrials,Specialty Industrial Machinery,183.31,0.465,0.4,0.7142857142857143,0.5,0.465,0,131.07,-28.32,18.967842,0.13031,92.847,0,24753889280,0,12.95015138957019,6.84,-239.4337536,12.089875624317337,41.801595769774,21.3,20.1,Overvalued by 28.32%. High Financial Strength (F-Score 7/9).
SARDAEN.NS,SARDAEN.NS,Basic Materials,Steel,486.8,0.465,0.4,0.7142857142857143,0.5,0.465,0,367.22,-24.52,16.119947,0.16198999,37.709,0,171433492480,0.31,12.322446573420585,27.926000000000002,230.8037376,5.836637452712057,-4.52684063225356,31.900000000000002,65.2,Overvalued by 24.52%. High Financial Strength (F-Score 7/9).
TIIL.NS,TIIL.NS,Industrials,Tools & Accessories,2043.6,0.465,0.4,0.7142857142857143,0.5,0.465,0,1459.97,-28.78,17.977726,0.14816,43.315,0,46479237120,0.98,15.438910273926506,12.497,-84.9471872,10.881292013327283,-1.4172283113178086,19.6,12.1,Overvalued by 28.78%. High Financial Strength (F-Score 7/9).
FINEORG.NS,FINEORG.NS,Basic Materials,Specialty Chemicals,4211.9,0.465,0.4,0.7142857142857143,0.5,0.465,0,1550.48,-62.98,31.667297,0.17639999,0.661,0,128403980288,0.26,24.199114136825397,20.483999,123.0230912,6.541610636722894,16.50092339477891,0.2,-7.6,Overvalued by 62.98%. High Financial Strength (F-Score 9/9).
SWARAJENG.NS,SWARAJENG.NS,Consumer Cyclical,Auto Parts,3593.7,0.465,0.4,0.7142857142857143,0.5,0.465,0,1027.91,-71.57,24.838533,0.48243,0.574,0,43921760256,2.91,53.28618170576011,12.347999,100.7477376,13.899421408931634,14.881762055041015,8.6,9.4,Overvalued by 71.57%. High Financial Strength (F-Score 9/9).
BALKRISIND.NS,BALKRISIND.NS,Consumer Cyclical,Auto Parts,2426.5,0.465,0.4,0.7142857142857143,0.5,0.465,0,930.98,-61.59,33.978134,0.13908,35.269,0,468600848384,0.66,16.827141093687615,13.313,-826.3112704,8.056722444179032,4.859279731904365,-1.0999999999999999,-21.3,Overvalued by 61.59%. High Financial Strength (F-Score 7/9).
JAIPURKURT.NS,JAIPURKURT.NS,Consumer Cyclical,Apparel Manufacturing,37.23,0.465,0.4,0.7142857142857143,0.5,0.465,0,43.57,17.13,15.435684,0.04044,44.319,0,642131776,0,10.913750805202636,5.1119997999999995,-24.0400256,3.5735190189510435,95.34761787172543,54.0,-81.0,Undervalued by ~17% (Graham).
KAMOPAINTS.NS,KAMOPAINTS.NS,Basic Materials,Steel,6.48,0.465,0.4,0.7142857142857143,0.5,0.465,0,11.06,70.97,6.3431373,0.034930002,19.23,0,2041029888,0,6.440789191212056,4.077,-13.2548872,inf,888.3429009306515,3.5999999999999996,-21.099999999999998,DCF Undervalued by 70.97%. Undervalued by ~70% (Graham).
VINDHYATEL.NS,VINDHYATEL.NS,Industrials,Engineering & Construction,1294.0,0.465,0.4,0.7142857142857143,0.5,0.465,0,4261.83,229.61,5.742583,0.06363,32.942,0,15358575616,1.24,6.9078249806286856,7.022,-460.2125312,45.28950325421193,1.6228577184909554,0.8,142.79999999999998,DCF Undervalued by 229.61%. Undervalued by ~229% (Graham).
DHARMAJ.NS,DHARMAJ.NS,Basic Materials,Agricultural Inputs,242.04,0.465,0.4,0.7142857142857143,0.5,0.465,0,206.41,-15.4,16.94375,0.11586001,31.256,0,8247570944,0,11.13076387595227,7.7780000000000005,-13.0682496,34.3170139058806,6.6727584409632,11.5,-17.5,High Financial Strength (F-Score 7/9).
WAAREERTL.NS,WAAREERTL.NS,Utilities,Utilities - Renewable,972.7,0.465,0.4,0.7142857142857143,0.5,0.465,0,198.24,-79.61,24.312157,0.71734,12.31,0,101508038656,0,63.36111018477879,20.102999999999998,84.9374528,114.69802886057656,198.63801241808355,47.699999999999996,117.39999999999999,Overvalued by 79.61%. High Financial Strength (F-Score 7/9).
HIMATSEIDE.NS,HIMATSEIDE.NS,Consumer Cyclical,Textile Manufacturing,103.15,0.465,0.4,0.7142857142857143,0.5,0.465,0,159.68,55.03,15.21418,0.04676,121.696,0,12951455744,0.24,6.1405291217307205,9.809,-238.6983936,-3.9346043667008224,-18.567650700768056,-9.3,50.7,DCF Undervalued by 55.03%. Undervalued by ~54% (Graham). High Financial Strength (F-Score 7/9).
CRIZAC.NS,CRIZAC.NS,Consumer Defensive,Education & Training Services,252.35,0.465,0.4,0.7142857142857143,0.5,0.465,0,90.39,-64.05,23.71698,0.37052,0.014,0,43990597632,0,40.069708479219074,32.589,-245.5859712,47.720292885452785,31.16986091572138,24.9,137.9,Overvalued by 64.05%. High Financial Strength (F-Score 9/9).
NECCLTD.NS,NECCLTD.NS,Industrials,Trucking,17.16,0.465,0.4,0.7142857142857143,0.5,0.465,0,19.69,14.28,23.283783,0.033350002,55.5,0,1722999936,0,6.136562359237964,2.928,-27.1144992,9.492235865309674,34.03710539663163,-13.700000000000001,-34.5,Undervalued by ~14% (Graham).
TANLA.NS,TANLA.NS,Technology,Software - Application,483.4,0.465,0.4,0.7142857142857143,0.5,0.465,0,370.01,-23.35,13.532381,0.21937999,2.572,0,63792066560,2.48,27.918953370334414,13.703999999999999,607.139072,7.902915015678236,-2.018176879247069,7.8,-3.0,Overvalued by 23.35%. High Financial Strength (F-Score 7/9).
KUANTUM.NS,KUANTUM.NS,Basic Materials,Paper & Paper Products,93.22,0.465,0.4,0.7142857142857143,0.5,0.465,0,151.86,62.66,12.548388,0.054780003,56.267,0,8146932736,3.22,10.33722841182643,6.446000000000001,-112.4336384,10.018186657344884,104.72984021592198,0.3,-80.80000000000001,DCF Undervalued by 62.66%. Undervalued by ~62% (Graham).
ORIENTELEC.NS,ORIENTELEC.NS,Consumer Cyclical,"Furnishings, Fixtures & Appliances",164.7,0.465,0.4,0.7142857142857143,0.5,0.465,0,55.8,-65.78,39.476994,0.12949,17.073,0,34787176448,0.91,18.394601813453292,2.6800001,-28.4849984,8.225182676205534,-13.06362246446745,6.4,16.3,Overvalued by 65.78%. High Financial Strength (F-Score 7/9).
NSIL.NS,NSIL.NS,Financial Services,Asset Management,6159.5,0.465,0.4,0.7142857142857143,0.5,0.465,0,6316.82,2.71,124.79708,0.00151,0.003,0,31609640960,0,0.389800388991187,98.633003,75.7978624,13.018494655913448,-10.911403720514723,-58.599999999999994,-49.0,Undervalued by ~2% (Graham). High Financial Strength (F-Score 9/9).
NAGREEKEXP.NS,NAGREEKEXP.NS,Consumer Cyclical,Textile Manufacturing,25.9,0.465,0.4,0.7142857142857143,0.5,0.465,0,30.9,20.7,30.117647,0.017280001,110.687,0,799980800,0,4.984335224622671,3.273,-9.1619752,-0.5102319615839956,-20.05405059993072,-10.2,-2.8000000000000003,Undervalued by ~19% (Graham). High Financial Strength (F-Score 7/9).
SALZERELEC.NS,SALZERELEC.NS,Industrials,Electrical Equipment & Parts,604.05,0.465,0.4,0.7142857142857143,0.5,0.465,0,485.19,-19.67,18.61899,0.102790006,82.807,0,10683491328,0.41,10.817667435553165,7.020999999999999,-125.6982016,20.984371959276828,31.044823894164896,21.7,-52.400000000000006,High Financial Strength (F-Score 7/9).
TCIEXP.NS,TCIEXP.NS,Industrials,Integrated Freight & Logistics,527.35,0.465,0.4,0.7142857142857143,0.5,0.465,0,317.41,-39.21,24.514086,0.10544,1.735,0,20085049344,1.9,15.196033542209022,9.104,48.61,3.764748707068999,-12.67021413163466,-1.0,-3.9,Overvalued by 39.21%. High Financial Strength (F-Score 7/9).
AMRUTANJAN.NS,AMRUTANJAN.NS,Healthcare,Drug Manufacturers - Specialty & Generic,611.35,0.465,0.4,0.7142857142857143,0.5,0.465,0,228.56,-62.53,31.090723,0.17722,0.565,0,17630312448,0.92,21.23395586112807,12.717,-9.1276872,3.651922873946356,-8.878489293896575,7.1,18.4,Overvalued by 62.53%. High Financial Strength (F-Score 9/9).
VMSTMT.NS,VMSTMT.NS,Basic Materials,Steel,47.84,0.465,0.4,0.7142857142857143,0.5,0.465,0,67.03,39.8,15.467743,0.25761,128.794,0,2379816448,0,11.318133042289949,5.3150002,-111.9104128,15.582824825425078,28.90924639196337,0,0,DCF Undervalued by 39.8%. Undervalued by ~40% (Graham).
KAJARIACER.NS,KAJARIACER.NS,Industrials,Building Products & Equipment,995.55,0.465,0.4,0.7142857142857143,0.5,0.465,0,322.92,-67.62,39.591106,0.14096,9.676,0,158842257408,1.21,17.194584080978537,14.465,332.4462592,7.779576204814087,-7.916480495339496,0.6,57.8,Overvalued by 67.62%. High Financial Strength (F-Score 7/9).
ZENSARTECH.NS,ZENSARTECH.NS,Technology,Information Technology Services,709.8,0.465,0.4,0.7142857142857143,0.5,0.465,0,360.05,-49.01,23.082706,0.17543,2.741,0,160588595200,1.83,21.456126987247217,13.706,492.9625088,7.558017224971314,15.999940208946416,8.7,16.3,Overvalued by 49.01%. High Financial Strength (F-Score 7/9).
KOTHARIPRO.NS,KOTHARIPRO.NS,Industrials,Conglomerates,68.63,0.465,0.4,0.7142857142857143,0.5,0.465,0,334.7,388.9,2.5961318,0.04098,21.976,0,4086221824,0,-6.154457310165228,-6.8730004,42.5724992,-34.424457919109976,nan,6.4,0,DCF Undervalued by 388.9%. Undervalued by ~387% (Graham).
TPLPLASTEH.NS,TPLPLASTEH.NS,Consumer Cyclical,Packaging & Containers,68.08,0.465,0.4,0.7142857142857143,0.5,0.465,0,38.33,-44.44,20.65569,0.18235001,14.357,0,5394370048,1.47,18.61888331373427,9.783999999999999,-0.605775,15.26884182072321,21.049639691208412,20.1,27.500000000000004,Overvalued by 44.44%. High Financial Strength (F-Score 7/9).
AEGISLOG.NS,AEGISLOG.NS,Energy,Oil & Gas Refining & Marketing,721.75,0.465,0.4,0.7142857142857143,0.5,0.465,0,279.01,-61.29,35.279,0.13468,28.45,0,253148430336,1.11,15.265110051978587,10.3970006,72.5007104,12.413505597258268,22.88127576573753,31.1,42.6,Overvalued by 61.29%. High Financial Strength (F-Score 7/9).
EIHOTEL.NS,EIHOTEL.NS,Consumer Cyclical,Lodging,344.85,0.465,0.4,0.7142857142857143,0.5,0.465,0,134.12,-61.1,32.46704,0.15303001,5.176,0,215625547776,0.43,22.719814292159032,19.927,318.2393856,40.68020235678096,96.5021245592171,-4.0,-12.5,Overvalued by 61.1%. High Financial Strength (F-Score 7/9).
NAVNETEDUL.NS,NAVNETEDUL.NS,Communication Services,Publishing,143.62,0.465,0.4,0.7142857142857143,0.5,0.465,0,124.41,-13.37,18.10845,0.10706,5.146,0,31766214656,2.09,48.96206046438032,-6.883,158.0262528,17.460492730741063,115.71020944149568,-9.1,0,High Financial Strength (F-Score 7/9).
KIRLPNU.NS,KIRLPNU.NS,Industrials,Specialty Industrial Machinery,1069.6,0.465,0.4,0.7142857142857143,0.5,0.465,0,336.96,-68.42,37.359943,0.17128,0.756,0,69290541056,0.93,25.42449200655715,13.120999999999999,191.824,17.049676902898515,35.4813759088993,-10.299999999999999,-35.199999999999996,Overvalued by 68.42%. High Financial Strength (F-Score 9/9).
WINDLAS.NS,WINDLAS.NS,Healthcare,Drug Manufacturers - Specialty & Generic,805.7,0.465,0.4,0.7142857142857143,0.5,0.465,0,426.27,-48.27,25.960934,0.13393,5.843,0,17373396992,0.72,15.789404547663771,9.423999499999999,19.7372496,17.67825860479344,16.99371047193694,18.9,13.100000000000001,Overvalued by 48.27%. High Financial Strength (F-Score 7/9).
TEMBO.NS,TEMBO.NS,Industrials,Metal Fabrication,572.7,0.465,0.4,0.7142857142857143,0.5,0.465,0,392.34,-31.4,13.569395,0.43355,98.882,0,8846434304,0.35,18.65567284063381,14.509,-117.295872,60.00997020052139,152.8313877379189,49.8,14.2,Overvalued by 31.4%. High Financial Strength (F-Score 7/9).
GOCOLORS.NS,GOCOLORS.NS,Consumer Cyclical,Apparel Retail,401.4,0.465,0.4,0.7142857142857143,0.5,0.465,0,224.74,-44.16,24.632803,0.12657,72.092,0,21738616832,0,24.300899000852052,15.104000000000001,95.59264,28.420633756334723,37.96913402221662,7.5,5.5,Overvalued by 44.16%. High Financial Strength (F-Score 7/9).
GINNIFILA.NS,GINNIFILA.NS,Consumer Cyclical,Textile Manufacturing,40.88,0.465,0.4,0.7142857142857143,0.5,0.465,0,40.73,-0.48,14.307693,0.11821,18.852,0,3504800512,0,5.4329549834838105,15.329,30.8828512,-29.571983083823817,-55.73270713773759,1.7999999999999998,11900.0,High Financial Strength (F-Score 7/9).
INDNIPPON.NS,INDNIPPON.NS,Consumer Cyclical,Auto Parts,784.55,0.465,0.4,0.7142857142857143,0.5,0.465,0,555.65,-29.22,19.853313,0.12327,0.212,0,17781432320,1.59,14.509688123962992,9.268,-10.7825,14.28946056977718,17.865328868879192,29.9,9.700000000000001,Overvalued by 29.22%. High Financial Strength (F-Score 9/9).
SYNCOMF.NS,SYNCOMF.NS,Healthcare,Drug Manufacturers - Specialty & Generic,13.0,0.465,0.4,0.7142857142857143,0.5,0.465,0,7.75,-40.72,20.107693,0.18222,0.184,0,12294415360,0,19.098307325463487,14.008999999999999,49.1836384,28.052451644814646,35.68301457525889,19.0,12.5,Overvalued by 40.72%. High Financial Strength (F-Score 9/9).
SYSTMTXC.NS,SYSTMTXC.NS,Financial Services,Capital Markets,103.6,0.465,0.4,0.7142857142857143,0.5,0.465,0,42.85,-58.8,30.142029,0.1879,6.278,0,14198588416,0,19.750266606661363,35.402,0,15.48826761460218,37.77722285698775,53.400000000000006,-37.9,Overvalued by 58.8%. High Financial Strength (F-Score 7/9).
TRIGYN.NS,TRIGYN.NS,Technology,Information Technology Services,62.15,0.465,0.4,0.7142857142857143,0.5,0.465,0,82.0,32.24,51.247932,0.0050700004,0.885,0,1909023488,0,3.6740406967092283,0.5499999999999999,-21.5161872,-4.791698500846719,-30.79935962695356,16.400000000000002,1325.0,DCF Undervalued by 32.24%. Undervalued by ~31% (Graham). High Financial Strength (F-Score 7/9).
HARIOMPIPE.NS,HARIOMPIPE.NS,Basic Materials,Steel,434.5,0.465,0.4,0.7142857142857143,0.5,0.465,0,297.52,-31.57,21.56746,0.10823,69.094,0,13464576000,0.14,13.001926076336021,7.936999999999999,-59.752928,46.617252267411466,24.5374028729993,6.9,-34.0,Overvalued by 31.57%. High Financial Strength (F-Score 7/9).
BAFNAPH.NS,BAFNAPH.NS,Healthcare,Drug Manufacturers - Specialty & Generic,127.58,0.465,0.4,0.7142857142857143,0.5,0.465,0,56.72,-55.57,34.40701,0.100839995,35.519,0,3019731200,0,5.94185572155593,7.921,-21.3874624,19.65495842171494,-7.3207821087239004,-12.0,18.9,Overvalued by 55.57%. High Financial Strength (F-Score 7/9).
PRIVISCL.NS,PRIVISCL.NS,Basic Materials,Specialty Chemicals,2693.4,0.465,0.4,0.7142857142857143,0.5,0.465,0,698.97,-74.06,39.394825,0.22715999,86.003,0,105273991168,0.19,15.381282579359198,21.655001,7.6484248,14.256936035987056,24.295234915066178,27.400000000000002,110.3,Overvalued by 74.06%. High Financial Strength (F-Score 7/9).
VIDHIING.NS,VIDHIING.NS,Basic Materials,Specialty Chemicals,337.5,0.465,0.4,0.7142857142857143,0.5,0.465,0,115.49,-65.47,34.88008,0.16007,19.505,0,16810841088,2.07,16.90869114019019,20.349999999999998,18.89,-10.814751213638962,-9.510623231441862,-17.8,2.0,Overvalued by 65.47%. High Financial Strength (F-Score 7/9).
SCPL.NS,SCPL.NS,Consumer Defensive,Packaged Foods,304.85,0.465,0.4,0.7142857142857143,0.5,0.465,0,197.23,-35.3,23.200151,0.10539,63.458,0,3248587776,0,13.845980845636225,6.671,-31.8765504,-0.56035874824647,-3.3208627736713625,-11.4,-28.999999999999996,Overvalued by 35.3%. High Financial Strength (F-Score 7/9).
APCOTEXIND.NS,APCOTEXIND.NS,Basic Materials,Specialty Chemicals,352.05,0.465,0.4,0.7142857142857143,0.5,0.465,0,187.86,-46.64,25.110554,0.12952,23.281,0,18362413056,1.83,12.529201618271028,8.49,101.716864,13.13974164655518,-18.20820382134942,-4.1000000000000005,131.29999999999998,Overvalued by 46.64%. High Financial Strength (F-Score 7/9).
PIIND.NS,PIIND.NS,Basic Materials,Agricultural Inputs,3220.8,0.465,0.4,0.7142857142857143,0.5,0.465,0,1265.74,-60.7,32.28225,0.14849,2.237,0,488605777920,0.63,21.180870022495547,23.677,-362.6625024,14.250915480888771,25.30650860976631,-15.7,-19.5,Overvalued by 60.7%. High Financial Strength (F-Score 7/9).
AUROPHARMA.NS,AUROPHARMA.NS,Healthcare,Drug Manufacturers - Specialty & Generic,1139.9,0.465,0.4,0.7142857142857143,0.5,0.465,0,894.76,-21.51,19.330168,0.10379,22.248,0,662055747584,0.35,13.564921788397585,15.073,1838.4162816,10.325902220839666,9.59480049927599,6.3,4.3999999999999995,Overvalued by 21.51%. High Financial Strength (F-Score 7/9).
XCHANGING.NS,XCHANGING.NS,Technology,Information Technology Services,70.53,0.465,0.4,0.7142857142857143,0.5,0.465,0,62.74,-11.05,13.282486,0.16961001,24.199,0,7857303552,2.88,15.709010672310534,32.209998,22.4262496,1.9932490417065019,-1.9330093453005182,18.8,65.9,High Financial Strength (F-Score 7/9).
USHAMART.NS,USHAMART.NS,Basic Materials,Steel,415.2,0.465,0.4,0.7142857142857143,0.5,0.465,0,174.3,-58.02,30.0,0.15207,8.912,0,126540210176,0.73,17.91975244704542,16.014,282.4075008,8.843645749309225,11.833401934673859,1.7999999999999998,0.6,Overvalued by 58.02%. High Financial Strength (F-Score 7/9).
INDOTECH.NS,INDOTECH.NS,Industrials,Electrical Equipment & Parts,1211.5,0.465,0.4,0.7142857142857143,0.5,0.465,0,738.16,-39.07,15.288996,0.29797,3.617,0,12873552896,0,30.127205131817274,16.274999,-6.2898624,29.66637987290992,73.69872520848399,25.1,39.800000000000004,Overvalued by 39.07%. High Financial Strength (F-Score 7/9).
SKFINDIA.NS,SKFINDIA.NS,Industrials,Tools & Accessories,1861.6,0.464376,0.4,0.7142857142857143,0.49584,0.464376,0,1165.3,-37.8,17.261587,0.21259001,0.122,0,92617080832,0.78,29.403839935949744,10.904,-13.2237504,10.260640604010419,12.73655287734381,5.2,11.5,Overvalued by 37.8%. High Financial Strength (F-Score 9/9).
HAPPSTMNDS.NS,HAPPSTMNDS.NS,Technology,Information Technology Services,427.9,0.4640870833333333,0.4,0.6666666666666666,0.605025,0.4640870833333333,0,177.69,-58.42,32.945255,0.12388,0,0,64256032768,1.46,12.975784871393687,23.209,111.2062464,23.51584536154483,0.6324885725704554,35.8,-34.1,Overvalued by 58.42%. High Financial Strength (F-Score 7/9). Positive Market Sentiment.
GHCL.NS,GHCL.NS,Basic Materials,Chemicals,551.45,0.4633875,0.2,1.0,0.28925,0.4633875,0,713.89,30.6,9.1772995,0.16726999,2.663,0,50251206656,2.18,23.752296877919022,17.968999999999998,159.7275008,1.3390694980315976,-1.3461426554201794,-9.0,-31.3,DCF Undervalued by 30.6%. Undervalued by ~29% (Graham). High Financial Strength (F-Score 7/9).
ARE&M.NS,ARE&M.NS,Industrials,Electrical Equipment & Parts,874.1,0.4627515,0.4,0.7142857142857143,0.48501,0.4627515,0,684.23,-21.8,17.78094,0.12014,4.005,0,160147193856,1.24,17.28818508833641,6.460000000000001,-470.6587648,13.89119536822303,22.605225346411117,6.7,17.4,Overvalued by 21.8%. High Financial Strength (F-Score 7/9).
MUTHOOTFIN.NS,MUTHOOTFIN.NS,Financial Services,Credit Services,3938.1,0.462165,0.6,0.42857142857142855,0.6811,0.462165,0,1833.37,-53.44,21.550922,0.23806,367.438,0,1580982861824,0.66,4.160939026306874,73.460996,0,17.311609891235126,9.909237560024199,63.5,90.4,Overvalued by 53.44%. Positive Market Sentiment.
HDFCAMC.NS,HDFCAMC.NS,Financial Services,Asset Management,2554.1,0.4606333333333333,0.4,0.6666666666666666,0.582,0.4606333333333333,0,535.06,-79.04,38.150032,0.37780997,0,0,1094002147328,1.81,40.52888198986959,78.245,2269.6112128,18.25786861355414,20.871988846770904,6.2,24.2,Overvalued by 79.04%. High Financial Strength (F-Score 7/9).
CUPID.NS,CUPID.NS,Consumer Defensive,Household & Personal Products,464.85,0.4605975,0.6,0.42857142857142855,0.67065,0.4605975,0,27.01,-94.18,203.42105,0.17591,7.019,0,124515057664,0,16.006578988159287,32.101002,-25.7094752,10.813894473852926,33.25583576300666,103.2,138.6,Overvalued by 94.18%. Positive Market Sentiment.
EIFFL.NS,EIFFL.NS,Consumer Defensive,Packaged Foods,255.7,0.4605,0.6,0.42857142857142855,0.67,0.4605,0,38.39,-84.95,113.399994,0.05175,85.026,0,6327719936,0,9.49383687385261,0.062,-20.5987504,7.9508434698341235,59.11986766131028,-0.8,0,Overvalued by 84.95%. High Financial Strength (F-Score 7/9). Positive Market Sentiment.
SURYODAY.NS,SURYODAY.NS,Financial Services,Banks - Regional,140.5,0.46,0.6,0.5,0.5,0.46,0,160.71,14.79,22.8385,0.033299997,0,0,14880575488,0,2.6053958998565414,13.178999999999998,0,24.975999898466704,7.310921691141492,6.3,-32.5,Undervalued by ~14% (Graham).
AAATECH.NS,AAATECH.NS,Technology,Information Technology Services,117.39,0.46,0.6,0.5,0.5,0.46,0,38.54,-67.34,42.909092,0.11717,0,0,1513562368,1.28,15.249585565010332,14.102999999999998,3.217375,20.908535972260477,14.500788452667868,82.3,0,Overvalued by 67.34%. High Financial Strength (F-Score 7/9).
PNBGILTS.NS,PNBGILTS.NS,Financial Services,Capital Markets,79.99,0.459955,0.4,0.5714285714285714,0.7997000000000001,0.459955,0,143.13,80.73,7.9358716,0.11508001,1560.468,0,14256801792,1.25,6.784751042852674,87.644,0,22.662765905275272,12.03494939182994,-40.400000000000006,0,DCF Undervalued by 80.73%. Undervalued by ~78% (Graham). Positive Market Sentiment.
GNFC.NS,GNFC.NS,Basic Materials,Chemicals,482.45,0.45933,0.2,0.8571428571428571,0.5955333333333334,0.45933,0,757.34,56.83,11.147276,0.074829996,0.15,0,70957654016,3.73,9.361138008945451,5.2849997,-1183.0337536,-3.049320054105298,-29.561305832239626,2.7,70.6,DCF Undervalued by 56.83%. Undervalued by ~56% (Graham). High Financial Strength (F-Score 9/9).
GEECEE.NS,GEECEE.NS,Real Estate,Real Estate - Development,309.4,0.4588666666666667,0.2,0.8333333333333334,0.648,0.4588666666666667,0,398.07,28.66,17.5,0.04719,0,0,6470088704,0.65,7.566392590007761,66.762,202.3291008,12.106712014367416,34.20109952648234,-39.5,-18.3,Undervalued by ~28% (Graham). High Financial Strength (F-Score 7/9). Positive Market Sentiment.
RICOAUTO.NS,RICOAUTO.NS,Consumer Cyclical,Auto Parts,127.61,0.45886499999999997,0.6,0.42857142857142855,0.6591,0.45886499999999997,0,64.41,-49.26,39.1821,0.058930002,91.352,0,17180735488,0.39,6.954780030222678,5.6199998,14.8824992,6.0976423761079035,-3.359150293727342,9.0,178.7,Overvalued by 49.26%. Positive Market Sentiment.
BHAGERIA.NS,BHAGERIA.NS,Basic Materials,Specialty Chemicals,166.36,0.4584025,0.2,0.8571428571428571,0.58935,0.4584025,0,185.95,11.62,14.262842,0.088690005,12.876,0,7292118528,0.9,9.405230633703294,7.4250004999999994,-44.3087264,-0.5070927136827774,-16.973995518031902,58.3,80.0,Undervalued by ~11% (Graham). High Financial Strength (F-Score 7/9).
MIRZAINT.NS,MIRZAINT.NS,Consumer Cyclical,Footwear & Accessories,34.28,0.4572,0.6,0.42857142857142855,0.648,0.4572,0,26.56,-22.55,46.972603,0.01792,4.955,0,4738943488,0,1.1533497786417917,2.9040000999999998,-32.1909376,-26.299637426648125,nan,-18.4,-62.8,Overvalued by 22.55%. High Financial Strength (F-Score 7/9). Positive Market Sentiment.
MASFIN.NS,MASFIN.NS,Financial Services,Credit Services,311.15,0.4572,0.6,0.42857142857142855,0.648,0.4572,0,254.93,-18.14,16.706009,0.12874,347.367,0,56579186688,0.55,3.583076563462887,55.65,0,30.878708619322516,24.917402361195396,27.200000000000003,5.3,Positive Market Sentiment.
TATACONSUM.NS,TATACONSUM.NS,Consumer Defensive,Packaged Foods,1171.4,0.4572,0.6,0.42857142857142855,0.648,0.4572,0,251.73,-78.47,85.26623,0.064840004,11.869,0,1156785373184,0.7,9.45892695241543,10.441,1147.0062592,12.347040383916452,10.961485146171789,17.8,8.200000000000001,Overvalued by 78.47%. High Financial Strength (F-Score 7/9). Positive Market Sentiment.
STARHEALTH.NS,STARHEALTH.NS,Financial Services,Insurance - Diversified,445.15,0.457044,0.6,0.42857142857142855,0.64696,0.457044,0,161.72,-63.9,49.83315,0.07294,6.183,0,263519469568,0,12.219109644506695,93.61799400000001,4806.621184,15.858563843511476,-14.701423331680497,-41.199999999999996,-51.1,Overvalued by 63.9%. High Financial Strength (F-Score 7/9). Positive Market Sentiment.
HCC.NS,HCC.NS,Industrials,Engineering & Construction,20.11,0.4564,0.4,0.5714285714285714,0.776,0.4564,0,9.68,-52.22,28.928572,0.22076,147.434,0,53044228096,0,41.72028118120868,14.770000999999999,662.8174848,-19.124398479464556,-41.5054461830221,-31.7,-31.7,Overvalued by 52.22%. High Financial Strength (F-Score 7/9). Positive Market Sentiment.
TITAN.NS,TITAN.NS,Consumer Cyclical,Luxury Goods,4221.5,0.456045,0.6,0.42857142857142855,0.6403,0.456045,0,388.41,-90.79,90.762276,0.36639,223.018,0,3738895646720,0.26,18.465679676985193,9.004,-5932.3748352,28.02423737808113,15.371576412667975,28.799999999999997,59.099999999999994,Overvalued by 90.79%. High Financial Strength (F-Score 7/9). Positive Market Sentiment.
ICICIPRULI.NS,ICICIPRULI.NS,Financial Services,Insurance - Life,669.25,0.4560225,0.6,0.42857142857142855,0.64015,0.4560225,0,136.63,-79.52,70.656784,0.10762,22.675,0,965074419712,0.13,10.16631598937097,3.6519999999999997,-1625.8450432,4.131067668161292,16.01581106091603,-52.400000000000006,17.299999999999997,Overvalued by 79.52%. Positive Market Sentiment.
HINDPETRO.NS,HINDPETRO.NS,Energy,Oil & Gas Refining & Marketing,440.15,0.455931,0.4,0.7142857142857143,0.43954,0.455931,0,627.51,42.62,6.722689,0.27104,110.909,0,936241856512,3.52,10.369755276650276,5.223,11502.7902464,7.412549066198726,-2.6204505380532206,0.8999999999999999,2607.5,DCF Undervalued by 42.62%. Undervalued by ~42% (Graham).
CCCL.NS,CCCL.NS,Industrials,Engineering & Construction,16.53,0.45585125,0.0,1.0,0.705675,0.45585125,0,18.46,9.35,6.8897953,0.60971,0.108,0,7541299200,0,53.50733230187038,5.568999799999999,-72.1212096,11.544750324531927,-14.626721448739799,16.7,0,Undervalued by ~11% (Graham). High Financial Strength (F-Score 7/9). Positive Market Sentiment.
ABCAPITAL.NS,ABCAPITAL.NS,Financial Services,Financial Conglomerates,358.6,0.45533625,0.6,0.42857142857142855,0.635575,0.45533625,0,185.35,-48.36,28.924255,0.10341,459.779,0,939516624896,0,8.585885100827028,15.333,0,18.979655707226463,25.004343419009768,-3.1,-14.7,Overvalued by 48.36%. Positive Market Sentiment.
CALSOFT.NS,CALSOFT.NS,Technology,Software - Application,15.17,0.45499999999999996,0.8,0.2857142857142857,0.5,0.45499999999999996,0,3.01,-79.98,150.5,0.04764,2.377,0,930517824,0,3.9644099175380627,19.962,-2.946125,-20.54318509012526,-45.93449127175102,44.4,-25.3,Overvalued by 79.98%. Strong technical uptrend (RSI/MACD bullish).
NORTHARC.NS,NORTHARC.NS,Financial Services,Credit Services,264.76,0.45499999999999996,0.8,0.2857142857142857,0.5,0.45499999999999996,0,254.91,-4.35,20.934801,0.08036,281.813,0,43055210496,0,2.9279911131490852,37.505,0,41.43615225476203,18.734628465494254,8.1,-16.5,Strong technical uptrend (RSI/MACD bullish).
RAMCOSYS.NS,RAMCOSYS.NS,Technology,Software - Application,480.55,0.45499999999999996,0.8,0.2857142857142857,0.5,0.45499999999999996,0,68.45,-85.71,199.58333,0.026970001,14.863,0,17920311296,0,-6.820592882997286,8.1,21.8788752,3.646250645387994,nan,23.3,0,Overvalued by 85.71%. Strong technical uptrend (RSI/MACD bullish).
PANSARI.NS,PANSARI.NS,Real Estate,Real Estate - Development,313.8,0.45499999999999996,0.8,0.2857142857142857,0.5,0.45499999999999996,0,105.78,-66.29,51.27451,0.09664,47.606,0,5474805760,0,6.064319389358677,12.547,-8.4871376,-20.251797319513987,27.23396748570226,191.2,259.6,Overvalued by 66.29%. Strong technical uptrend (RSI/MACD bullish).
GUJAPOLLO.NS,GUJAPOLLO.NS,Industrials,Specialty Industrial Machinery,421.55,0.45499999999999996,0.8,0.2857142857142857,0.5,0.45499999999999996,0,0,0,0,-0.0083099995,9.248,0,5498549760,0.47,1.7569046942435969,-29.494,-20.3828128,-9.299276264226709,-43.559806608841,31.1,-51.5,Strong technical uptrend (RSI/MACD bullish).
MCL.NS,MCL.NS,Basic Materials,Copper,76.7,0.45499999999999996,0.8,0.2857142857142857,0.5,0.45499999999999996,0,26.43,-65.54,45.117645,0.07725,112.554,0,2081852672,0,7.419822317434314,3.5319999999999996,-26.8561984,0.6555574001918973,24.320036228216434,98.8,0,Overvalued by 65.54%. Strong technical uptrend (RSI/MACD bullish). High Financial Strength (F-Score 7/9).
DREDGECORP.NS,DREDGECORP.NS,Industrials,Engineering & Construction,1130.25,0.45499999999999996,0.8,0.2857142857142857,0.5,0.45499999999999996,0,0,0,0,-0.01708,91.479,0,31584000000,0,0.3479069599998396,-5.47,-381.0650624,13.218914162175711,nan,3.5999999999999996,0,Strong technical uptrend (RSI/MACD bullish).
SASTASUNDR.NS,SASTASUNDR.NS,Healthcare,Pharmaceutical Retailers,322.15,0.45499999999999996,0.8,0.2857142857142857,0.5,0.45499999999999996,0,0,0,0,-0.010249999,0.588,0,10179359744,0,-30.371190871078163,-6.008,-7.5535,20.045444456504246,nan,3.6999999999999997,0,Strong technical uptrend (RSI/MACD bullish).
SKYGOLD.NS,SKYGOLD.NS,Consumer Cyclical,Luxury Goods,324.7,0.45408,0.6,0.42857142857142855,0.6272,0.45408,0,0,0,0,0.26775,78.497,0,50021036032,0,16.820144898722837,6.567,-611.5515392,65.28852998065702,98.53696840024453,93.10000000000001,27.800000000000004,Positive Market Sentiment.
PRAKASH.NS,PRAKASH.NS,Basic Materials,Steel,121.99,0.45388,0.2,0.8571428571428571,0.5592,0.45388,0,280.7,130.1,6.6697645,0.09927,9.971,0,21861085184,1.34,10.700477537553276,9.1309994,-107.0075008,0.7213146417111682,28.19487127824587,-32.800000000000004,-31.900000000000002,DCF Undervalued by 130.1%. Undervalued by ~130% (Graham). High Financial Strength (F-Score 7/9).
IFCI.NS,IFCI.NS,Financial Services,Credit Services,56.1,0.4535535,0.6,0.42857142857142855,0.62369,0.4535535,0,32.63,-41.7,38.868053,0.048839998,22.625,0,150828679168,0,1.3788777914737562,59.762,0,18.485993170239823,-54.62922105244924,14.499999999999998,65.60000000000001,Overvalued by 41.7%. Positive Market Sentiment.
KAYNES.NS,KAYNES.NS,Technology,Electronic Components,3680.6,0.453225,0.6,0.42857142857142855,0.6215,0.453225,0,967.54,-73.66,63.16423,0.10389,18.899,0,246427762688,0,12.66312013505778,14.496999999999998,-1406.9577728,56.78225319221417,92.01498594098048,58.4,99.1,Overvalued by 73.66%. Positive Market Sentiment.
UNIPARTS.NS,UNIPARTS.NS,Industrials,Farm & Heavy Construction Machinery,431.95,0.452835,0.4,0.7142857142857143,0.41890000000000005,0.452835,0,342.61,-20.69,16.835543,0.12875,13.13,0,19494449152,3.82,12.51306652056194,16.982001,93.9830016,-7.474325473891341,-19.512739969577176,14.7,86.3,Overvalued by 20.69%. High Financial Strength (F-Score 7/9).
BRITANNIA.NS,BRITANNIA.NS,Consumer Defensive,Packaged Foods,5906.5,0.452028,0.6,0.42857142857142855,0.61352,0.452028,0,579.46,-90.19,61.352306,0.66230005,58.424,0,1423200878592,1.27,54.7106885883118,17.962,1732.882432,7.935922613169355,12.63195210933581,3.6999999999999997,23.200000000000003,Overvalued by 90.19%. Positive Market Sentiment.
BIOCON.NS,BIOCON.NS,Healthcare,Biotechnology,370.5,0.45147899999999996,0.6,0.42857142857142855,0.60986,0.45147899999999996,0,136.45,-63.17,93.090454,0.025510002,50.024,0,599962288128,0.14,7.041459917004023,9.435,-823.2500224,23.326172823508372,16.046401747424778,19.6,0,Overvalued by 63.17%. High Financial Strength (F-Score 7/9). Positive Market Sentiment.
NYKAA.NS,NYKAA.NS,Consumer Cyclical,Internet Retail,254.85,0.451221,0.6,0.42857142857142855,0.60814,0.451221,0,6.26,-97.53,703.88885,0.07422,97.748,0,725113831424,0,10.280026871265424,3.404,196.0662528,28.05414278035283,17.17388261778452,25.1,200.0,Overvalued by 97.53%. High Financial Strength (F-Score 7/9). Positive Market Sentiment.
JKCEMENT.NS,JKCEMENT.NS,Basic Materials,Building Materials,5712.0,0.45036812499999995,0.4,0.5714285714285714,0.7357875,0.45036812499999995,0,1588.43,-72.02,42.48092,0.17202999,99.562,0,438729113600,0.26,14.127402789100262,9.8400004,-131.736256,13.598655632667711,7.814500771071664,17.9,27.6,Overvalued by 72.02%. High Financial Strength (F-Score 7/9). Positive Market Sentiment.
MOTHERSON.NS,MOTHERSON.NS,Consumer Cyclical,Auto Parts,113.55,0.4502769999999999,0.4,0.5714285714285714,0.73518,0.4502769999999999,0,47.56,-58.13,39.574917,0.09554,49.937,0,1198773633024,0.97,13.83594587663734,4.662,1151.7325312,21.376805215047767,63.26627276618808,8.0,-9.3,Overvalued by 58.13%. High Financial Strength (F-Score 7/9). Positive Market Sentiment.
EMKAY.NS,EMKAY.NS,Financial Services,Capital Markets,271.5,0.4498,0.6,0.42857142857142855,0.5986666666666667,0.4498,0,149.59,-43.78,31.603327,0.07678,23.429,0,6980617216,0.55,18.715929704858237,0.44,0,7.314866402297393,18.90661086436547,-34.699999999999996,-98.2,Overvalued by 43.78%. Balanced moderate growth candidate.
SHANTIGEAR.NS,SHANTIGEAR.NS,Industrials,Specialty Industrial Machinery,415.05,0.4483333333333333,0.4,0.6666666666666666,0.5,0.4483333333333333,0,123.78,-69.99,34.0264,0.2299,0,0,31647705088,1.2,29.095014764634357,17.238999999999997,130.0712448,21.998635668295453,31.252692922103353,-14.899999999999999,-16.2,Overvalued by 69.99%. High Financial Strength (F-Score 7/9).
STEELCAS.NS,STEELCAS.NS,Basic Materials,Steel,203.94,0.4483333333333333,0.4,0.6666666666666666,0.5,0.4483333333333333,0,83.9,-58.87,23.155504,0.27554,0,0,20671830016,0.71,30.06125745774647,17.193002,-26.9452736,7.518431651298663,29.463990075195422,118.30000000000001,178.7,Overvalued by 58.87%. High Financial Strength (F-Score 7/9).
HUHTAMAKI.NS,HUHTAMAKI.NS,Consumer Cyclical,Packaging & Containers,190.41,0.4483333333333333,0.4,0.6666666666666666,0.5,0.4483333333333333,0,219.66,15.56,14.422609,0,12.134,0,14355964928,1.05,10.376673719324799,6.83,0,-1.5851732765008952,41.46026762459327,-4.3,214.2,Undervalued by ~15% (Graham).
VSTIND.NS,VSTIND.NS,Consumer Defensive,Tobacco,240.15,0.4483333333333333,0.4,0.6666666666666666,0.5,0.4483333333333333,0,173.71,-27.79,13.408584,0.25370002,0,0,40783728640,4.16,17.71521719309159,19.773,159.03936,5.82797394478789,-3.2073627050807962,-6.6000000000000005,24.6,Overvalued by 27.79%. High Financial Strength (F-Score 7/9).
VINATIORGA.NS,VINATIORGA.NS,Basic Materials,Specialty Chemicals,1596.3,0.4483333333333333,0.4,0.6666666666666666,0.5,0.4483333333333333,0,517.02,-67.68,38.10624,0.15816,0,0,165953912832,0.47,18.792609010788155,25.672,17.7175008,11.508223533210726,5.347375336532378,-0.6,10.100000000000001,Overvalued by 67.68%. High Financial Strength (F-Score 7/9).
JUSTDIAL.NS,JUSTDIAL.NS,Communication Services,Internet Content & Information,719.7,0.4483333333333333,0.4,0.6666666666666666,0.5,0.4483333333333333,0,935.38,30.34,10.597313,0,1.946,0,61032300544,0,14.645826549441008,27.502,0,20.85267150414356,102.04499821845228,6.4,5.8999999999999995,DCF Undervalued by 30.34%. Undervalued by ~29% (Graham).
CAPITALSFB.NS,CAPITALSFB.NS,Financial Services,Banks - Regional,263.45,0.4483333333333333,0.4,0.6666666666666666,0.5,0.4483333333333333,0,454.06,72.65,8.81072,0.10177,0,0,11945137152,1.52,7.92713790695263,35.537997,0,17.042640418570866,28.139828239135277,6.3,4.3999999999999995,DCF Undervalued by 72.65%. Undervalued by ~72% (Graham).
JSFB.NS,JSFB.NS,Financial Services,Banks - Regional,365.1,0.4483333333333333,0.4,0.6666666666666666,0.5,0.4483333333333333,0,600.72,64.53,9.332823,0.100559995,0,0,38435422208,0,6.689897382882731,11.328000000000001,0,22.272272701040595,206.16879219651852,18.4,-22.5,DCF Undervalued by 64.53%. Undervalued by ~64% (Graham).
WEBELSOLAR.NS,WEBELSOLAR.NS,Technology,Solar,83.09,0.44822,0.2,0.7142857142857143,0.8548,0.44822,0,31.44,-62.32,17.605486,0.70137,40.716,0,35221192704,0,49.64512155440896,36.44,-23.591288,39.228077701505406,151.9959358104755,17.2,9.3,Overvalued by 62.32%. High Financial Strength (F-Score 7/9). Positive Market Sentiment.
KROSS.NS,KROSS.NS,Consumer Cyclical,Auto Parts,192.82,0.44802999999999993,0.4,0.5714285714285714,0.7202,0.44802999999999993,0,109.11,-43.42,25.539074,0.11559,13.24,0,12438707200,0,16.854466525674066,9.564,-91.4145024,30.32399771734631,58.031449200249696,-5.800000000000001,-33.900000000000006,Overvalued by 43.42%. Positive Market Sentiment.
INGERRAND.NS,INGERRAND.NS,Industrials,Specialty Industrial Machinery,3218.5,0.4480275,0.4,0.7142857142857143,0.38685,0.4480275,0,622.7,-80.82,38.79183,0.4105,1.509,0,102472884224,2.49,59.36066944508038,22.451,145.7321216,13.691460208772565,34.420665613385616,-0.1,0,Overvalued by 80.82%. High Financial Strength (F-Score 7/9).
NTPC.NS,NTPC.NS,Utilities,Utilities - Regulated Electric,349.1,0.447885,0.6,0.42857142857142855,0.5859,0.447885,0,288.64,-17.3,18.683083,0.13104,127.753,0,3384136695808,3.18,9.519848057071174,17.863001,-13273.8203648,12.350572958606886,11.990471885936493,0.2,-3.9,Balanced moderate growth candidate.
CSBBANK.NS,CSBBANK.NS,Financial Services,Banks - Regional,521.1,0.4478016666666666,0.8,0.3333333333333333,0.3409,0.4478016666666666,0,467.11,-10.17,14.52514,0.14048,0,0,88055054336,0,6.093973332595513,30.410999999999998,0,20.493690226156946,9.002121697676424,28.199999999999996,15.8,Strong technical uptrend (RSI/MACD bullish).
IRB.NS,IRB.NS,Industrials,Infrastructure Operations,41.79,0.44761375,0.2,0.8571428571428571,0.517425,0.44761375,0,90.35,116.62,3.8266056,0.38373002,102.312,0,251947827200,0.67,21.181524555797832,24.805,288.917632,7.4200251526735705,161.74522493581125,-8.7,35.3,DCF Undervalued by 116.62%. Undervalued by ~116% (Graham). High Financial Strength (F-Score 7/9).
GRSE.NS,GRSE.NS,Industrials,Aerospace & Defense,2431.0,0.447376875,0.6,0.42857142857142855,0.5825125,0.447376875,0,492.32,-79.72,45.188908,0.29792,1.393,0,278231252992,0.44,34.32046383371334,8.602,-530.3916032,42.695080398485445,40.65576643449968,45.5,57.3,Overvalued by 79.72%. Balanced moderate growth candidate.
SPECIALITY.NS,SPECIALITY.NS,Consumer Cyclical,Restaurants,109.03,0.44661249999999997,0.4,0.5714285714285714,0.71075,0.44661249999999997,0,83.82,-22.96,24.231628,0.06343,42.426,0,5276783104,0.92,13.10344827586207,4.8449997,25.8549376,19.924978634512925,38.581571226415726,11.600000000000001,71.39999999999999,Overvalued by 22.96%. High Financial Strength (F-Score 7/9). Positive Market Sentiment.
GRAPHITE.NS,GRAPHITE.NS,Industrials,Electrical Equipment & Parts,632.9,0.4461945,0.6,0.42857142857142855,0.57463,0.4461945,0,288.02,-54.44,51.231766,0.04047,4.572,0,123516452864,1.74,9.96866626257407,2.606,2.77625,-5.714215360314034,-2.886967409022634,13.4,-60.9,Overvalued by 54.44%. High Financial Strength (F-Score 7/9).
ULTRACEMCO.NS,ULTRACEMCO.NS,Basic Materials,Building Materials,12255.0,0.4461285,0.6,0.42857142857142855,0.57419,0.4461285,0,3693.24,-69.83,49.452637,0.10519,33.192,0,3600793993216,0.63,9.765627000261153,9.928001,2605.9788288,13.165021856688973,-6.314154609206235,25.4,47.199999999999996,Overvalued by 69.83%. Balanced moderate growth candidate.
HARDWYN.NS,HARDWYN.NS,Industrials,Building Products & Equipment,17.81,0.4461,0.6,0.42857142857142855,0.574,0.4461,0,7.23,-59.27,63.392857,0.03462,1.527,0,8705678336,0,4.235348417566497,12.465,-0.4588625,29.726153793609946,48.82511282878066,-1.9,14.499999999999998,Overvalued by 59.27%. High Financial Strength (F-Score 7/9).
TVSMOTOR.NS,TVSMOTOR.NS,Consumer Cyclical,Auto Manufacturers,3690.4,0.446046,0.6,0.42857142857142855,0.57364,0.446046,0,459.69,-87.52,67.00673,0.31233,346.085,0,1749934276608,0.27,15.472433729042276,12.633,-711.1587328,20.048961597713898,43.48216132578968,23.799999999999997,41.9,Overvalued by 87.52%. High Financial Strength (F-Score 7/9).
INTERARCH.NS,INTERARCH.NS,Industrials,Engineering & Construction,2069.2,0.4452875,0.2,0.7142857142857143,0.83525,0.4452875,0,906.77,-56.41,27.168236,0.17273001,1.401,0,34885455872,0.6,18.762779376889423,7.779,-170.254912,20.77860674097196,84.62928449796128,51.9,42.8,Overvalued by 56.41%. High Financial Strength (F-Score 7/9). Positive Market Sentiment.
BBOX.NS,BBOX.NS,Technology,Software - Application,514.25,0.445245,0.6,0.42857142857142855,0.5683,0.445245,0,124.33,-75.7,39.63207,0.28500998,114.749,0,87321280512,0.19,19.334329266997543,7.2129995000000005,-415.6199936,3.8760689823422956,41.21404374737523,5.800000000000001,6.9,Overvalued by 75.7%. Balanced moderate growth candidate.
BAGFILMS.NS,BAGFILMS.NS,Communication Services,Broadcasting,6.22,0.445,0.2,0.8571428571428571,0.5,0.445,0,7.45,18.88,22.392857,0.04837,60.33,0,1240946432,0,7.426890308128263,6.9,-8.1100872,4.027804351966013,30.76942474324853,3.6999999999999997,-50.0,Undervalued by ~19% (Graham). High Financial Strength (F-Score 7/9).
GSFC.NS,GSFC.NS,Basic Materials,Agricultural Inputs,174.93,0.445,0.2,0.8571428571428571,0.5,0.445,0,343.4,97.27,10.386635,0.051609997,0.011,0,69395234816,2.86,6.295268084485883,8.976,-1501.0738176,-13.87675738878784,-13.033246734176885,21.0,8.5,DCF Undervalued by 97.27%. Undervalued by ~96% (Graham). High Financial Strength (F-Score 9/9).
SPIC.NS,SPIC.NS,Basic Materials,Agricultural Inputs,79.68,0.445,0.2,0.8571428571428571,0.5,0.445,0,114.52,44.05,8.717105,0.15179,34.524,0,16189406208,2.51,15.150692228552925,7.664,300.8,6.15803492068836,-1.6017624808324804,7.6,74.0,DCF Undervalued by 44.05%. Undervalued by ~43% (Graham).
HINDCOMPOS.NS,HINDCOMPOS.NS,Consumer Cyclical,Auto Parts,430.45,0.445,0.2,0.8571428571428571,0.5,0.445,0,591.83,36.4,21.490837,0.0269,0.307,0,6408268800,0.46,4.127049401390156,8.590999,18.0202624,11.847563838896512,17.449058614041114,15.1,-43.1,DCF Undervalued by 36.4%. Undervalued by ~37% (Graham). High Financial Strength (F-Score 9/9).
MURUDCERA.NS,MURUDCERA.NS,Industrials,Building Products & Equipment,33.73,0.445,0.2,0.8571428571428571,0.5,0.445,0,48.59,44.57,19.887573,0.027309999,34.717,0,2039460608,1.48,4.6867974793790665,7.973000399999999,-29.2374112,18.131006490272927,66.58046569677502,6.4,10.4,DCF Undervalued by 44.57%. Undervalued by ~44% (Graham). High Financial Strength (F-Score 7/9).
CHAMBLFERT.NS,CHAMBLFERT.NS,Basic Materials,Agricultural Inputs,446.1,0.445,0.2,0.8571428571428571,0.5,0.445,0,506.72,13.62,9.595525,0.20681,1.022,0,178690916352,2.24,28.202057807011073,11.774999999999999,-2179.4811904,1.1862662493948406,1.7473047803700403,47.5,20.9,Undervalued by ~13% (Graham).
SUNFLAG.NS,SUNFLAG.NS,Basic Materials,Steel,256.55,0.445,0.2,0.8571428571428571,0.5,0.445,0,345.69,35.3,22.832888,0.026029998,6.787,0,46046072832,0.29,2.889065249498497,7.6009996,118.12,9.50427993678744,-9.272550931486833,12.4,11.899999999999999,DCF Undervalued by 35.3%. Undervalued by ~34% (Graham). High Financial Strength (F-Score 7/9).
VTL.NS,VTL.NS,Consumer Cyclical,Textile Manufacturing,420.95,0.445,0.2,0.8571428571428571,0.5,0.445,0,487.35,15.81,14.22102,0.08565,14.465,0,121706840064,1.19,11.020747991079647,8.883000000000001,-1576.7737344,0.6949004879110987,-17.03822869800351,-0.8999999999999999,-5.1,Undervalued by ~15% (Graham). High Financial Strength (F-Score 7/9).
CORDSCABLE.NS,CORDSCABLE.NS,Industrials,Electrical Equipment & Parts,173.73,0.445,0.2,0.8571428571428571,0.5,0.445,0,204.76,17.01,13.650546,0.091129996,57.801,0,2265102336,0.58,14.733580584056385,5.026,-29.9489248,22.016720411364865,32.08776836159713,23.400000000000002,35.6,Undervalued by ~17% (Graham). High Financial Strength (F-Score 7/9).
LAGNAM.NS,LAGNAM.NS,Consumer Cyclical,Textile Manufacturing,70.52,0.445,0.2,0.8571428571428571,0.5,0.445,0,107.21,54.48,9.253333,0.113579996,289.472,0,1226228608,0,9.154714174819647,5.787,-9.5357128,21.151737055373744,-23.575836711501275,-1.4000000000000001,-4.5,DCF Undervalued by 54.48%. Undervalued by ~52% (Graham). High Financial Strength (F-Score 7/9).
MVGJL.NS,MVGJL.NS,Consumer Cyclical,Luxury Goods,179.45,0.445,0.2,0.8571428571428571,0.5,0.445,0,275.42,55.47,8.297423,0.1452,53.159,0,8653323264,0,15.46704234579841,6.987,-133.9401216,12.065600251925934,31.98278399037966,17.7,19.0,DCF Undervalued by 55.47%. Undervalued by ~53% (Graham).
RPPL.NS,RPPL.NS,Consumer Cyclical,Packaging & Containers,17.37,0.445,0.2,0.8571428571428571,0.5,0.445,0,28.36,63.2,11.285714,0.06886,69.557,0,1274718720,0,8.202351862934115,7.762,-2.379375,18.39537500831834,-5.9560809016935945,-2.1,51.2,DCF Undervalued by 63.2%. Undervalued by ~63% (Graham). High Financial Strength (F-Score 7/9).
PLASTIBLEN.NS,PLASTIBLEN.NS,Basic Materials,Specialty Chemicals,158.96,0.445,0.2,0.8571428571428571,0.5,0.445,0,215.62,33.18,12.890126,0.07614,5.399,0,4207651328,1.58,10.80223084236636,3.6609999999999996,-9.4673376,2.9883700436008187,-3.050017381793446,3.9,17.7,DCF Undervalued by 33.18%. Undervalued by ~35% (Graham). High Financial Strength (F-Score 7/9).
UMIYA-MRO.NS,UMIYA-MRO.NS,Real Estate,Real Estate - Development,83.72,0.445,0.2,0.8571428571428571,0.5,0.445,0,172.2,104.3,3.871842,0.41774,100.012,0,1618758912,0,9.202507404620523,51.763000000000005,-14.7612496,-26.53826097611279,-57.977046485266,59.199999999999996,245.2,DCF Undervalued by 104.3%. Undervalued by ~105% (Graham). High Financial Strength (F-Score 7/9).
NAHARPOLY.NS,NAHARPOLY.NS,Consumer Cyclical,Packaging & Containers,227.18,0.445,0.2,0.8571428571428571,0.5,0.445,0,438.75,93.07,9.211593,0.07085,11.21,0,5625991168,0.44,6.857438374615686,11.366,47.742624,10.83694849263206,-21.43793097178991,2.1999999999999997,19.5,DCF Undervalued by 93.07%. Undervalued by ~93% (Graham). High Financial Strength (F-Score 7/9).
JMFINANCIL.NS,JMFINANCIL.NS,Financial Services,Capital Markets,138.96,0.445,0.2,0.8571428571428571,0.5,0.445,0,169.45,22.64,11.640269,0.104899995,104.102,0,132136927232,3.02,3.883800450842599,43.168997999999995,0,0.6297381128090862,2.034234620425801,24.8,16.0,Undervalued by ~21% (Graham). High Financial Strength (F-Score 7/9).
TOLINS.NS,TOLINS.NS,Consumer Cyclical,Auto Parts,128.74,0.445,0.2,0.8571428571428571,0.5,0.445,0,139.27,7.96,12.4758215,0.11399999,4.609,0,5096639488,0,15.859295539747166,11.906,-73.3230016,37.14812915987902,294.29976700964346,-14.000000000000002,-46.9,Undervalued by ~8% (Graham).
ELECTCAST.NS,ELECTCAST.NS,Industrials,Building Products & Equipment,72.16,0.445,0.2,0.8571428571428571,0.5,0.445,0,131.43,82.42,8.972604,0.0875,37.702,0,44540198912,1.94,12.755219316612209,3.5770000000000004,45.6724992,11.473697575409147,26.892848861311514,-23.599999999999998,-49.4,DCF Undervalued by 82.42%. Undervalued by ~82% (Graham). High Financial Strength (F-Score 7/9).
OMAXAUTO.NS,OMAXAUTO.NS,Consumer Cyclical,Auto Parts,93.85,0.445,0.2,0.8571428571428571,0.5,0.445,0,131.46,40.29,18.517786,0.03446,22.535,0,2009040512,2.66,14.405583307747841,9.268,16.3555872,19.79272239900829,-2.8027653082553172,12.3,-97.8,DCF Undervalued by 40.29%. Undervalued by ~40% (Graham). High Financial Strength (F-Score 7/9).
RUPA.NS,RUPA.NS,Consumer Cyclical,Apparel Manufacturing,159.07,0.445,0.2,0.8571428571428571,0.5,0.445,0,163.62,3.0,16.989305,0.07438,24.808,0,12632476672,1.89,10.754828348493357,7.106999999999999,53.158,-5.642109471930013,-24.27821038704555,8.4,-21.6,Undervalued by ~2% (Graham). High Financial Strength (F-Score 7/9).
BODALCHEM.NS,BODALCHEM.NS,Basic Materials,Specialty Chemicals,51.2,0.445,0.2,0.8571428571428571,0.5,0.445,0,74.59,45.25,18.274021,0.03215,77.215,0,6478752256,0,4.8663231915338026,1.55299995,21.9558752,-5.586877457785233,-43.798907566648474,12.1,0,DCF Undervalued by 45.25%. Undervalued by ~45% (Graham). High Financial Strength (F-Score 7/9).
KEYFINSERV.NS,KEYFINSERV.NS,Financial Services,Capital Markets,281.55,0.445,0.2,0.8571428571428571,0.5,0.445,0,322.36,15.13,16.250727,0.06612,0.964,0,1568207744,0.36,8.496485038285616,1223.8509000000001,0,9.197738347699236,-3.2402577496771334,0,0,Undervalued by ~14% (Graham). High Financial Strength (F-Score 7/9).
CHEMBOND.NS,CHEMBOND.NS,Basic Materials,Specialty Chemicals,159.04,0.445,0.2,0.8571428571428571,0.5,0.445,0,170.24,6.6,14.925234,0.05311,3.705,0,2190971648,1.1,12.620669635801393,4.881,61.0738624,-16.97817533191276,8.053502830484494,-53.2,-72.39999999999999,Undervalued by ~7% (Graham). High Financial Strength (F-Score 7/9).
FILATFASH.NS,FILATFASH.NS,Consumer Cyclical,Apparel Manufacturing,0.31,0.445,0.2,0.8571428571428571,0.5,0.445,0,0.81,151.82,32.0,0.00343,2.572,0,2666903296,0,0.6326025117475353,8.674999999999999,-7.23812,17.234819057970576,47.9922928134126,-35.6,-56.699999999999996,DCF Undervalued by 151.82%. Undervalued by ~159% (Graham). High Financial Strength (F-Score 7/9).
CENTENKA.NS,CENTENKA.NS,Consumer Cyclical,Textile Manufacturing,435.8,0.445,0.2,0.8571428571428571,0.5,0.445,0,629.04,44.86,16.22758,0.04126,2.535,0,9488618496,2.29,6.632677667160427,4.4260003,19.8675008,-1.4889828615622713,-28.80052507930496,-23.799999999999997,4.3999999999999995,DCF Undervalued by 44.86%. Undervalued by ~44% (Graham). High Financial Strength (F-Score 7/9).
BALAXI.NS,BALAXI.NS,Healthcare,Biotechnology,25.84,0.445,0.2,0.8571428571428571,0.5,0.445,0,51.82,100.48,9.866413,-0.01242,9.636,0,1427113856,0,11.153381538089086,21.385,39.5724,1.547623370818818,-19.27491453046013,-25.8,32.1,DCF Undervalued by 100.48%. Undervalued by ~100% (Graham). High Financial Strength (F-Score 7/9).
SURYALAXMI.NS,SURYALAXMI.NS,Consumer Cyclical,Textile Manufacturing,56.33,0.445,0.2,0.8571428571428571,0.5,0.445,0,97.34,72.81,19.291096,0.020499999,96.321,0,1074072064,0,4.997476891346974,2.626,-11.3296752,0.44692183776406935,156.06134146480258,-0.5,0,DCF Undervalued by 72.81%. Undervalued by ~72% (Graham). High Financial Strength (F-Score 7/9).
STARPAPER.NS,STARPAPER.NS,Basic Materials,Paper & Paper Products,161.27,0.445,0.2,0.8571428571428571,0.5,0.445,0,499.85,210.18,6.5216513,0.05627,0.64,0,2531400448,2.17,7.9904374170863175,5.297000000000001,1.436125,10.342073195594459,3.9329003148237174,-5.8999999999999995,-10.299999999999999,DCF Undervalued by 210.18%. Undervalued by ~209% (Graham). High Financial Strength (F-Score 9/9).
MAITHANALL.NS,MAITHANALL.NS,Basic Materials,Steel,1041.4,0.445,0.2,0.8571428571428571,0.5,0.445,0,2207.51,111.98,6.810542,0.114659995,10.735,0,30316769280,2.19,20.219855973980007,5.3379997999999995,-460.2612736,-15.260328033267035,-8.330157325143883,5.7,0,DCF Undervalued by 111.98%. Undervalued by ~111% (Graham).
TRIDENT.NS,TRIDENT.NS,Consumer Cyclical,Textile Manufacturing,26.27,0.44474349999999996,0.4,0.5714285714285714,0.69829,0.44474349999999996,0,13.3,-49.37,30.546513,0.09979,34.742,0,134011215872,1.93,9.722968578791855,7.367,504.6987264,0.07451794075010731,-23.732121270160267,4.3,5.8999999999999995,Overvalued by 49.37%. High Financial Strength (F-Score 7/9). Positive Market Sentiment.
JINDALSTEL.NS,JINDALSTEL.NS,Basic Materials,Steel,1040.7,0.44454,0.6,0.42857142857142855,0.5636,0.44454,0,545.22,-47.58,38.433113,0.05647,38.018,0,1058187640832,0.19,8.794230197869064,11.395001,-569.8274816,-13.583937682578561,-25.371122334659756,4.2,-26.0,Overvalued by 47.58%. Balanced moderate growth candidate.
GOKEX.NS,GOKEX.NS,Consumer Cyclical,Apparel Manufacturing,598.95,0.44363499999999995,0.4,0.5714285714285714,0.6909,0.44363499999999995,0,367.67,-38.93,29.394531,0.074439995,46.068,0,44090408960,0,10.40773863540916,1.1199999999999999,-231.7444608,25.96181919367835,10.632975866677219,6.0,-72.0,Overvalued by 38.93%. High Financial Strength (F-Score 7/9). Positive Market Sentiment.
UEL.NS,UEL.NS,Technology,Solar,123.56,0.4434758333333333,0.8,0.16666666666666666,0.70095,0.4434758333333333,0,0,0,0,0,27.252,0,16904484864,0,10.353926529419287,-22.208999,0,-13.180994429784965,-56.79038374251788,-57.3,-94.5,Strong technical uptrend (RSI/MACD bullish). Positive Market Sentiment.
NUVAMA.NS,NUVAMA.NS,Financial Services,Asset Management,1435.0,0.44295599999999996,0.6,0.42857142857142855,0.55304,0.44295599999999996,0,511.4,-64.31,25.936651,0.29478002,237.583,0,260624187392,1.94,18.521687711675188,36.900002,0,0,0,5.5,-3.3000000000000003,Overvalued by 64.31%. Balanced moderate growth candidate.
VMM.NS,VMM.NS,Consumer Cyclical,Department Stores,130.11,0.44228499999999993,0.4,0.5714285714285714,0.6819,0.44228499999999993,0,22.9,-82.41,83.46154,0.115059994,27.12,0,608424951808,0,15.59812363172367,7.561,714.8588544,24.291419847271946,46.07085340134811,22.400000000000002,45.5,Overvalued by 82.41%. High Financial Strength (F-Score 7/9). Positive Market Sentiment.
RADICO.NS,RADICO.NS,Consumer Defensive,Beverages - Wineries & Distilleries,2907.4,0.442198,0.4,0.5714285714285714,0.6813199999999999,0.442198,0,412.73,-85.77,85.24397,0.16516,20.939,0,388370989056,0.14,14.398611499990338,13.404,324.5449728,18.806935676600855,9.501203268290293,33.800000000000004,73.1,Overvalued by 85.77%. High Financial Strength (F-Score 7/9). Positive Market Sentiment.
BROOKS.NS,BROOKS.NS,Healthcare,Drug Manufacturers - Specialty & Generic,69.23,0.4420725,0.4,0.7142857142857143,0.34714999999999996,0.4420725,0,64.26,-7.01,14.796574,0.15979,6.772,0,2038289664,0,-8.583955087762414,9.085,-1.51745,-3.0158156372295575,nan,12.8,0,High Financial Strength (F-Score 7/9).
RISHABH.NS,RISHABH.NS,Technology,Scientific & Technical Instruments,347.85,0.44203249999999994,0.4,0.5714285714285714,0.6802166666666667,0.44203249999999994,0,243.58,-29.98,23.647179,0.08728,14.997,0,13407083520,0,5.03980542711294,12.577,-45.8441248,14.848210351720414,-21.651523765130044,7.7,437.4,Overvalued by 29.98%. High Financial Strength (F-Score 7/9). Positive Market Sentiment.
CARTRADE.NS,CARTRADE.NS,Consumer Cyclical,Auto & Truck Dealerships,2706.6,0.44195249999999997,0.6,0.42857142857142855,0.54635,0.44195249999999997,0,639.67,-76.32,72.8425,0.086619996,5.247,0,129223770112,0,8.085466527522431,28.037,123.6317184,27.03573920667004,0.6390976725442865,25.4,120.0,Overvalued by 76.32%. High Financial Strength (F-Score 7/9).
BATAINDIA.NS,BATAINDIA.NS,Consumer Cyclical,Footwear & Accessories,905.7,0.44177049999999995,0.4,0.5714285714285714,0.67847,0.44177049999999995,0,188.39,-79.17,67.95642,0.113900006,90.391,0,116253155328,2.1,35.229526026960635,4.987,501.439232,13.474335832552642,47.5218102691646,-4.3,-73.3,Overvalued by 79.17%. High Financial Strength (F-Score 7/9). Positive Market Sentiment.
HINDUNILVR.NS,HINDUNILVR.NS,Consumer Defensive,Household & Personal Products,2353.5,0.44060049999999995,0.4,0.5714285714285714,0.67067,0.44060049999999995,0,465.1,-80.21,50.69025,0.21819,3.611,0,5521649172480,1.83,29.977936562556927,20.756,11114.25024,6.511750472186706,6.246571280477831,2.0,3.5999999999999996,Overvalued by 80.21%. High Financial Strength (F-Score 7/9). Positive Market Sentiment.
UNOMINDA.NS,UNOMINDA.NS,Consumer Cyclical,Auto Parts,1192.4,0.4405,0.4,0.5714285714285714,0.67,0.4405,0,214.82,-81.98,62.8903,0.19128,43.136,0,688076292096,0.19,18.329385658721453,7.859000600000001,-525.3499904,26.344252228504537,38.38666405595508,13.4,23.7,Overvalued by 81.98%. High Financial Strength (F-Score 7/9). Positive Market Sentiment.
GLOBECIVIL.NS,GLOBECIVIL.NS,Industrials,Engineering & Construction,51.51,0.4405,0.4,0.5714285714285714,0.67,0.4405,0,46.03,-10.94,20.034883,0.26150998,66.902,0,3086875136,0,20.2027247632899,12.968001000000001,17.1444992,0,0,0,0,Positive Market Sentiment.
VEDL.NS,VEDL.NS,Basic Materials,Other Industrial Metals & Mining,675.75,0.4400505,0.6,0.42857142857142855,0.53367,0.4400505,0,265.68,-60.7,22.178478,0.35051998,190.255,0,2639985901568,7.62,31.879341245285374,21.747999,4647.000064,4.735195223617894,-7.278621717931999,5.5,-59.199999999999996,Overvalued by 60.7%. Balanced moderate growth candidate.
BLUEDART.NS,BLUEDART.NS,Industrials,Integrated Freight & Logistics,5504.5,0.4395137499999999,0.4,0.5714285714285714,0.6634249999999999,0.4395137499999999,0,1316.37,-76.09,49.142933,0.17432,66.24,0,130610413568,0.47,24.416622148467248,7.837999599999999,315.3237504,9.05383713904464,-12.915558228511381,7.000000000000001,29.5,Overvalued by 76.09%. High Financial Strength (F-Score 7/9). Positive Market Sentiment.
VADILALIND.NS,VADILALIND.NS,Consumer Defensive,Packaged Foods,4574.9,0.4383225,0.4,0.7142857142857143,0.32215000000000005,0.4383225,0,2144.46,-53.13,24.450857,0.18611,25.978,0,32886769664,0.46,27.272493474095693,13.489999999999998,-60.7625024,21.093850530417278,49.82151917663098,15.9,-14.299999999999999,Overvalued by 53.13%. High Financial Strength (F-Score 7/9).
VOLTAS.NS,VOLTAS.NS,Consumer Cyclical,"Furnishings, Fixtures & Appliances",1439.9,0.43830349999999996,0.8,0.2857142857142857,0.38869,0.43830349999999996,0,266.99,-81.44,86.85991,0.08477,27.449,0,475944615936,0.49,16.98436260853651,1.959,-1465.942528,25.01594179418145,18.620471746130107,-10.4,-74.6,Overvalued by 81.44%. Strong technical uptrend (RSI/MACD bullish).
GATEWAY.NS,GATEWAY.NS,Industrials,Integrated Freight & Logistics,56.41,0.43810499999999997,0.0,1.0,0.5873666666666667,0.43810499999999997,0,89.19,58.11,7.241335,0.17419,28.437,0,28189632512,3.55,16.9638863431052,14.355999,215.851904,6.985270710162483,18.337644578732814,45.5,11.700000000000001,DCF Undervalued by 58.11%. Undervalued by ~58% (Graham). High Financial Strength (F-Score 7/9).
APOLLOHOSP.NS,APOLLOHOSP.NS,Healthcare,Medical Care Facilities,7272.5,0.43769499999999995,0.4,0.5714285714285714,0.6513,0.43769499999999995,0,1286.79,-82.29,62.435543,0.19795,83.606,0,1044595539968,0.28,22.292255306817356,11.4750005,382.1250048,14.0729678946091,11.057090633672306,12.8,26.0,Overvalued by 82.29%. High Financial Strength (F-Score 7/9). Positive Market Sentiment.
M&MFIN.NS,M&MFIN.NS,Financial Services,Credit Services,370.15,0.437559,0.6,0.42857142857142855,0.51706,0.437559,0,277.06,-25.15,19.512388,0.109919995,435.079,0,514315386880,1.79,1.75001332701683,35.671002,0,9.929080405735302,25.772476196939877,24.099999999999998,41.4,Overvalued by 25.15%. Balanced moderate growth candidate.
POLYPLEX.NS,POLYPLEX.NS,Basic Materials,Specialty Chemicals,840.45,0.4372,0.4,0.5714285714285714,0.648,0.4372,0,822.55,-1.55,35.766266,0.01086,14.462,0,26228402176,0.77,10.556965177106942,1.472,-143.049792,1.3053991977670432,-28.351344642470533,3.2,-71.89999999999999,High Financial Strength (F-Score 7/9). Positive Market Sentiment.
ADSL.NS,ADSL.NS,Technology,Information Technology Services,130.33,0.4372,0.4,0.5714285714285714,0.648,0.4372,0,120.63,-7.38,20.510237,0.0617,17.707,0,7360400384,2.3,10.02240721779519,7.065000400000001,-63.0625024,18.528199828766677,-23.04812499296025,15.1,41.9,High Financial Strength (F-Score 7/9). Positive Market Sentiment.
SANDESH.NS,SANDESH.NS,Communication Services,Publishing,1058.5,0.4366666666666667,0.2,0.8333333333333334,0.5,0.4366666666666667,0,1670.72,57.78,15.930495,0.036429998,0,0,8015260160,0.47,7.308475922083443,31.058002000000002,40.5527744,-1.5112757804041088,-4.955769615477346,-30.3,-89.9,DCF Undervalued by 57.78%. Undervalued by ~57% (Graham). High Financial Strength (F-Score 7/9).
PODDARMENT.NS,PODDARMENT.NS,Basic Materials,Specialty Chemicals,253.9,0.4366666666666667,0.2,0.8333333333333334,0.5,0.4366666666666667,0,361.93,43.17,15.020797,0.047870003,0,0,2682208000,1.58,8.186815366197974,4.6269998,-5.6310248,7.987512276951092,2.401154096534941,-0.7000000000000001,-29.7,DCF Undervalued by 43.17%. Undervalued by ~42% (Graham). High Financial Strength (F-Score 7/9).
MUNJALSHOW.NS,MUNJALSHOW.NS,Consumer Cyclical,Auto Parts,121.92,0.4366666666666667,0.2,0.8333333333333334,0.5,0.4366666666666667,0,155.59,28.03,18.783617,0.03903,0,0,4872093184,3.69,5.216187917863032,0.17099999999999999,20.6695872,5.680338657361594,33.44023030077512,4.7,33.300000000000004,Undervalued by ~27% (Graham). High Financial Strength (F-Score 7/9).
CLEAN.NS,CLEAN.NS,Basic Materials,Specialty Chemicals,860.85,0.4360955,0.2,0.7142857142857143,0.77397,0.4360955,0,281.64,-67.21,34.415066,0.18962999,0.142,0,91453038592,0.7,25.214838013690894,27.907,67.9096256,11.91412436189947,4.985902868537306,2.7,-5.800000000000001,Overvalued by 67.21%. High Financial Strength (F-Score 9/9). Positive Market Sentiment.
GLAND.NS,GLAND.NS,Healthcare,Drug Manufacturers - Specialty & Generic,1753.6,0.43590249999999997,0.4,0.5714285714285714,0.63935,0.43590249999999997,0,792.19,-54.78,36.46202,0.08614001,3.161,0,288653246464,1.03,11.677943259813874,13.961000000000002,374.6599936,8.395304689603211,-16.77251132075378,5.800000000000001,12.3,Overvalued by 54.78%. High Financial Strength (F-Score 7/9). Positive Market Sentiment.
SHRIRAMFIN.NS,SHRIRAMFIN.NS,Financial Services,Credit Services,981.1,0.435675,0.6,0.42857142857142855,0.5045,0.435675,0,615.61,-37.17,18.737808,0.17323999,279.083,0,1843482329088,1.5,4.0725455342742025,63.38700000000001,0,32.430921313458796,51.988542652539515,11.3,8.1,Overvalued by 37.17%. Balanced moderate growth candidate.
VERTOZ.NS,VERTOZ.NS,Technology,Software - Infrastructure,69.07,0.4356725,0.2,0.7142857142857143,0.77115,0.4356725,0,53.72,-21.87,15.380314,0.13396,8.016,0,5859562496,0,14.123731828967816,9.91,-50.5220512,83.05140060310165,62.12309859256895,13.5,6.3,Overvalued by 21.87%. High Financial Strength (F-Score 7/9). Positive Market Sentiment.
ENGINERSIN.NS,ENGINERSIN.NS,Industrials,Engineering & Construction,196.81,0.4356725,0.2,0.7142857142857143,0.77115,0.4356725,0,101.91,-48.09,20.535564,0.21128,0.731,0,110340161536,1.52,23.712495001931046,11.897001,240.0749056,1.8502749318017653,60.77075813659902,33.7,-15.8,Overvalued by 48.09%. High Financial Strength (F-Score 9/9). Positive Market Sentiment.
JINDALSAW.NS,JINDALSAW.NS,Basic Materials,Steel,159.97,0.435245,0.0,1.0,0.5683,0.435245,0,302.78,88.94,7.4465613,0.10207,43.953,0,102105784320,1.25,17.58515119960522,6.981999999999999,-467.0068736,16.444736385831238,61.62289695256678,-24.0,-69.5,DCF Undervalued by 88.94%. Undervalued by ~89% (Graham). High Financial Strength (F-Score 7/9).
INDIACEM.NS,INDIACEM.NS,Basic Materials,Building Materials,473.6,0.43521,0.8,0.14285714285714285,0.7014,0.43521,0,86.55,-81.77,456.44232,0.00415,13.307,0,220662595584,0,0.7053350741928586,0.597,391.182464,-5.1264428532164725,nan,8.3,0,Overvalued by 81.77%. Strong technical uptrend (RSI/MACD bullish). Positive Market Sentiment.
EMIL.NS,EMIL.NS,Consumer Cyclical,Specialty Retail,95.96,0.435,0.6,0.42857142857142855,0.5,0.435,0,47.99,-50.17,38.063244,0.06445,126.148,0,37051305984,0,13.09285893219982,2.7199999999999998,-272.784256,14.696789105558562,15.493473114641132,14.799999999999999,-34.4,Overvalued by 50.17%. High Financial Strength (F-Score 7/9).
BSL.NS,BSL.NS,Consumer Cyclical,Textile Manufacturing,139.27,0.435,0.6,0.42857142857142855,0.5,0.435,0,118.7,-15.21,26.119402,0.04664,366.394,0,1449504640,0.57,7.291950331517878,5.1820002,-21.860112,14.897353758320065,-10.76050985759014,3.5000000000000004,-31.8,High Financial Strength (F-Score 7/9).
DIVGIITTS.NS,DIVGIITTS.NS,Consumer Cyclical,Auto Parts,594.35,0.435,0.6,0.42857142857142855,0.5,0.435,0,210.63,-64.6,59.919434,0.05069,0.262,0,18196842496,0.44,5.592257338309291,11.396,-8.8533752,-1.7491554251528485,-19.14837273199501,53.800000000000004,37.1,Overvalued by 64.6%. High Financial Strength (F-Score 9/9).
BLUESTARCO.NS,BLUESTARCO.NS,Industrials,Building Products & Equipment,1812.1,0.435,0.6,0.42857142857142855,0.5,0.435,0,300.7,-83.37,67.86037,0.18671,33.084,0,371665240064,0.5,25.26605358444789,5.782,-447.7162496,25.477704624110054,52.19543156649043,6.4,2.8000000000000003,Overvalued by 83.37%. Balanced moderate growth candidate.
LANCORHOL.NS,LANCORHOL.NS,Real Estate,Real Estate - Development,24.58,0.435,0.6,0.42857142857142855,0.5,0.435,0,0,0,0,-0.0225,64.345,0,1765948928,0.81,8.534185833389726,4.504,14.3686368,22.654074425390913,-34.97860493929236,-41.199999999999996,0,High Financial Strength (F-Score 7/9).
VHLTD.NS,VHLTD.NS,Consumer Cyclical,Lodging,139.17,0.435,0.6,0.42857142857142855,0.5,0.435,0,46.97,-66.3,51.802975,0.08441,20.112,0,9433985024,0,8.556856163046437,14.054,-1.38625,33.45834642642742,43.65473935319051,-4.7,-93.10000000000001,Overvalued by 66.3%. High Financial Strength (F-Score 7/9).
CHOICEIN.NS,CHOICEIN.NS,Financial Services,Capital Markets,831.55,0.435,0.6,0.42857142857142855,0.5,0.435,0,110.78,-86.67,90.81968,0.16600999,35.606,0,185236029440,0,19.312763817852748,28.241,0,48.85502311251797,44.81625609545965,12.5,18.0,Overvalued by 86.67%. Balanced moderate growth candidate.
PANACHE.NS,PANACHE.NS,Technology,Communication Equipment,289.95,0.435,0.6,0.42857142857142855,0.5,0.435,0,67.09,-76.86,65.73696,0.100080006,40.16,0,4414597120,0,11.767207563830539,6.601,-17.88068,10.564142819450218,105.04679703291116,66.5,-40.0,Overvalued by 76.86%. Balanced moderate growth candidate.
DYNAMATECH.NS,DYNAMATECH.NS,Consumer Cyclical,Auto Parts,9105.5,0.435,0.6,0.42857142857142855,0.5,0.435,0,1126.13,-87.63,181.82907,0.04583,77.708,0,61936816128,0.04,9.657222251534497,6.909,-43.7775008,3.9438778325691315,40.64597767498612,8.6,-72.5,Overvalued by 87.63%. High Financial Strength (F-Score 7/9).
SILVERTUC.NS,SILVERTUC.NS,Technology,Information Technology Services,1529.4,0.435,0.6,0.42857142857142855,0.5,0.435,0,229.68,-85.1,75.20742,0.19631,33.247,0,19541420032,0.03,18.56910016671313,11.993,-14.0232368,27.417653279434127,51.10717913919689,13.5,69.69999999999999,Overvalued by 85.1%. Balanced moderate growth candidate.
FEDFINA.NS,FEDFINA.NS,Financial Services,Credit Services,176.39,0.435,0.6,0.42857142857142855,0.5,0.435,0,103.42,-40.9,26.75841,0.09607001,383.461,0,65465663488,0,2.4640254930938,36.978,0,32.203310567906506,29.594681741022843,9.700000000000001,23.1,Overvalued by 40.9%. High Financial Strength (F-Score 7/9).
ELDEHSG.NS,ELDEHSG.NS,Real Estate,Real Estate Services,928.3,0.435,0.6,0.42857142857142855,0.5,0.435,0,366.53,-61.01,62.5,0.03822,26.96,0,9296847872,0.97,6.976433732689003,8.9770004,39.3511488,2.811297397141166,-24.9099628785164,-1.0,-41.6,Overvalued by 61.01%. High Financial Strength (F-Score 7/9).
RMDRIP.NS,RMDRIP.NS,Industrials,Farm & Heavy Construction Machinery,93.43,0.435,0.6,0.42857142857142855,0.5,0.435,0,3.95,-95.77,4672.5,0.42513,40.967,0,23343808512,0.05,32.057180275134975,29.711,-24.0589504,94.18766997007546,194.13248292484226,80.0,0,Overvalued by 95.77%. Balanced moderate growth candidate.
VSTTILLERS.NS,VSTTILLERS.NS,Industrials,Farm & Heavy Construction Machinery,5685.5,0.435,0.6,0.42857142857142855,0.5,0.435,0,1737.22,-69.25,51.49002,0.093439996,0.173,0,48834973696,0.35,12.219461801050047,10.9280005,151.5478912,5.218695592182443,-2.1761737979210327,11.200000000000001,-44.4,Overvalued by 69.25%. High Financial Strength (F-Score 9/9).
ZYDUSWELL.NS,ZYDUSWELL.NS,Consumer Defensive,Packaged Foods,443.8,0.435,0.6,0.42857142857142855,0.5,0.435,0,179.02,-59.59,55.79345,0.045250002,53.314,0,141518782464,0.27,6.324488611139569,-0.569,-51.2375008,10.613900037988655,3.9464169963255413,32.0,0,Overvalued by 59.59%. High Financial Strength (F-Score 7/9).
OBCL.NS,OBCL.NS,Industrials,Trucking,55.9,0.435,0.6,0.42857142857142855,0.5,0.435,0,0,0,0,-0.00074,62.946,0,1170533120,0,4.616222195107719,-1.48599995,-11.0030624,3.7752737329280084,-33.417465146216166,8.1,0,High Financial Strength (F-Score 7/9).
PASHUPATI.NS,PASHUPATI.NS,Consumer Cyclical,Textile Manufacturing,814.0,0.435,0.6,0.42857142857142855,0.5,0.435,0,136.99,-83.17,99.026764,0.09034,56.803,0,12848176128,0.06,10.971209577472369,2.922,-22.942088,1.9387952925024488,5.003106259529866,27.1,33.6,Overvalued by 83.17%. High Financial Strength (F-Score 7/9).
AETHER.NS,AETHER.NS,Basic Materials,Specialty Chemicals,996.1,0.435,0.6,0.42857142857142855,0.5,0.435,0,240.51,-75.75,67.73224,0.08733,9.242,0,131592716288,0,9.237406857791061,25.985000000000003,-505.6710144,12.43582409459989,13.297502491631041,38.4,54.7,Overvalued by 75.75%. High Financial Strength (F-Score 7/9).
SAKAR.NS,SAKAR.NS,Healthcare,Drug Manufacturers - Specialty & Generic,404.6,0.435,0.6,0.42857142857142855,0.5,0.435,0,165.21,-59.89,46.2809,0.068119995,28.056,0,9041167360,0,7.912828431633565,9.851,-15.169088,11.465985510918308,4.715384549323431,34.599999999999994,-6.0,Overvalued by 59.89%. High Financial Strength (F-Score 7/9).
SHIVAUM.NS,SHIVAUM.NS,Basic Materials,Steel,295.9,0.435,0.6,0.42857142857142855,0.5,0.435,0,118.64,-59.99,41.24478,0.04346,63.231,0,4033198336,0,9.851370247415032,2.8619999,7.9820752,10.916969391016739,-7.867538352704906,-8.799999999999999,-64.8,Overvalued by 59.99%. High Financial Strength (F-Score 7/9).
SOMATEX.NS,SOMATEX.NS,Consumer Cyclical,Textile Manufacturing,117.62,0.435,0.6,0.42857142857142855,0.5,0.435,0,31.17,-73.5,132.1573,0.01819,0.187,0,3996042752,0,42.58960107329628,-434.24699999999996,6.3387376,-12.085232725769634,61.58866234865448,-79.9,0,Overvalued by 73.5%. High Financial Strength (F-Score 7/9).
ANURAS.NS,ANURAS.NS,Basic Materials,Specialty Chemicals,1321.3,0.435,0.6,0.42857142857142855,0.5,0.435,0,294.41,-77.74,97.16386,0.069409996,37.505,0,150672867328,0.11,7.193362785361507,14.181,90.603872,10.098081567379435,-15.032733245099084,148.8,160.3,Overvalued by 77.74%. High Financial Strength (F-Score 7/9).
SAMPANN.NS,SAMPANN.NS,Basic Materials,Specialty Chemicals,33.01,0.435,0.6,0.42857142857142855,0.5,0.435,0,21.66,-33.77,13.682008,0.4584,202.507,0,1596087040,0,5.613535567552765,7.081999999999999,-31.5175936,24.46971640333244,10.237908680144802,65.2,0,Overvalued by 33.77%. Balanced moderate growth candidate.
ISHANCH.NS,ISHANCH.NS,Basic Materials,Chemicals,62.85,0.435,0.6,0.42857142857142855,0.5,0.435,0,0,0,0,-0.036140002,62.878,0,1697979264,0,3.530084766737106,-33.92,-61.8466368,5.099356277915623,-52.479299062472606,-78.0,0,High Financial Strength (F-Score 7/9).
SUNDARMFIN.NS,SUNDARMFIN.NS,Financial Services,Credit Services,5051.5,0.435,0.6,0.42857142857142855,0.5,0.435,0,2350.16,-53.2,28.084106,0.14267999,377.039,0,553489858560,0.69,2.864855447080338,58.643,0,14.843253328828588,17.004221083414773,14.6,11.899999999999999,Overvalued by 53.2%. Balanced moderate growth candidate.
RELTD.NS,RELTD.NS,Technology,Solar,157.83,0.435,0.6,0.42857142857142855,0.5,0.435,0,43.44,-72.42,40.59278,0.24043,106.093,0,28131190784,0,6.903769646179679,27.849,-356.5367552,-31.081249776309573,-12.786201098578942,672.4,2314.3,Overvalued by 72.42%. High Financial Strength (F-Score 7/9).
AGARWALEYE.NS,AGARWALEYE.NS,Healthcare,Medical Instruments & Supplies,492.4,0.435,0.6,0.42857142857142855,0.5,0.435,0,70.76,-85.71,135.98901,0.08126,48.682,0,156819718144,0,12.666906399931865,13.691999999999998,-43.0255008,34.84190771013975,30.33729937538179,19.7,63.2,Overvalued by 85.71%. High Financial Strength (F-Score 7/9).
JAYBARMARU.NS,JAYBARMARU.NS,Consumer Cyclical,Auto Parts,93.87,0.435,0.6,0.42857142857142855,0.5,0.435,0,87.4,-6.92,15.3666115,0.11590999,102.277,0,10163592192,0.75,8.437498695800706,6.3990004,-71.4138752,3.10004157011583,5.354991106200657,4.9,507.09999999999997,Balanced moderate growth candidate.
CUBEXTUB.NS,CUBEXTUB.NS,Basic Materials,Copper,110.48,0.435,0.6,0.42857142857142855,0.5,0.435,0,80.26,-27.69,21.387283,0.09882,52.805,0,1602054144,0,9.659349255069507,4.04,-11.7583872,25.964398821603375,40.17551097780196,33.5,34.1,Overvalued by 27.69%. Balanced moderate growth candidate.
GODAVARIB.NS,GODAVARIB.NS,Basic Materials,Chemicals,280.0,0.435,0.6,0.42857142857142855,0.5,0.435,0,111.8,-59.97,71.24999,0.03571,67.931,0,14293449728,0,4.890512114374158,-4.9790002,-103.3427648,3.1855337069864875,nan,34.2,0,Overvalued by 59.97%. High Financial Strength (F-Score 7/9).
CHOLAFIN.NS,CHOLAFIN.NS,Financial Services,Credit Services,1689.5,0.435,0.6,0.42857142857142855,0.5,0.435,0,618.02,-63.49,30.729847,0.19619,724.311,0,1441500758016,0.12,2.145253843781946,50.852,0,31.751086242333425,25.55865011668912,19.6,19.7,Overvalued by 63.49%. Balanced moderate growth candidate.
MSPL.NS,MSPL.NS,Basic Materials,Steel,34.66,0.435,0.6,0.42857142857142855,0.5,0.435,0,0,0,0,-0.11058,30.822,0,19696185344,0,4.064774301629321,1.337,142.868672,7.546699563191761,nan,3.1,0,High Financial Strength (F-Score 7/9).
BAJFINANCE.NS,BAJFINANCE.NS,Financial Services,Credit Services,945.95,0.435,0.6,0.42857142857142855,0.5,0.435,0,331.67,-64.89,32.11421,0.1909,310.294,0,5872059154432,0.47,4.485411780380239,60.590999999999994,0,28.137316262209655,33.275448293682366,20.599999999999998,21.4,Overvalued by 64.89%. Balanced moderate growth candidate.
IXIGO.NS,IXIGO.NS,Consumer Cyclical,Travel Services,231.55,0.435,0.6,0.42857142857142855,0.5,0.435,0,21.85,-90.54,187.80487,0.0746,3.628,0,101080793088,0,12.620741121126262,-2.493,120.7103744,34.04581178303794,35.14472424954496,36.9,0,Overvalued by 90.54%. High Financial Strength (F-Score 7/9).
MOKSH.NS,MOKSH.NS,Consumer Cyclical,Luxury Goods,14.82,0.435,0.6,0.42857142857142855,0.5,0.435,0,14.25,-4.98,12.0,0.09616,31.143,0,1256234496,0,12.918514934756253,2.8989998999999997,-47.0259232,10.079884666245608,3.3713025751910264,-4.3,-64.4,Balanced moderate growth candidate.
MINDACORP.NS,MINDACORP.NS,Consumer Cyclical,Auto Parts,569.05,0.435,0.6,0.42857142857142855,0.5,0.435,0,161.34,-71.64,51.03139,0.11748999,62.969,0,133920358400,0.25,11.283947829032805,7.870000000000001,23.3875008,19.26253846397936,9.997286743096145,19.0,13.8,Overvalued by 71.64%. Balanced moderate growth candidate.
BHAGYANGR.NS,BHAGYANGR.NS,Basic Materials,Copper,175.65,0.435,0.6,0.42857142857142855,0.5,0.435,0,116.71,-33.55,20.495916,0.12896,162.99,0,5658017792,0,7.139862407994803,4.027,-135.7645312,1.1158196686154476,8.149939778729731,42.199999999999996,200.89999999999998,Overvalued by 33.55%. Balanced moderate growth candidate.
BBTCL.NS,BBTCL.NS,Consumer Cyclical,Packaging & Containers,188.01,0.435,0.6,0.42857142857142855,0.5,0.435,0,180.64,-3.92,29.842855,-0.022149999,199.068,0,3856318208,0.49,7.55823761093496,7.961,7.7678496,16.30195265655747,nan,21.7,0,High Financial Strength (F-Score 7/9).
HYBRIDFIN.NS,HYBRIDFIN.NS,Financial Services,Capital Markets,22.62,0.435,0.6,0.42857142857142855,0.5,0.435,0,19.1,-15.56,20.752295,0.07477,1.604,0,678210880,0,9.851813297001057,58.644,0,6.269833810916725,32.93464275643068,2.7,-2.6,Balanced moderate growth candidate.
NOCIL.NS,NOCIL.NS,Basic Materials,Specialty Chemicals,137.89,0.43485999999999997,0.4,0.5714285714285714,0.6324,0.43485999999999997,0,95.0,-31.23,36.74202,0.0356,0.527,0,23074492416,1.45,6.578559106591611,2.711,-59.1737472,-4.224408830822657,-16.410030332831205,-13.600000000000001,-71.0,Overvalued by 31.23%. High Financial Strength (F-Score 9/9). Positive Market Sentiment.
PARAS.NS,PARAS.NS,Industrials,Aerospace & Defense,671.5,0.43472199999999994,0.4,0.5714285714285714,0.63148,0.43472199999999994,0,127.93,-80.91,76.74686,0.1204,8.394,0,53993508864,0.07,13.222989423858737,24.120001,-26.4695376,25.941912489281126,32.89448948037508,21.4,44.2,Overvalued by 80.91%. High Financial Strength (F-Score 7/9). Positive Market Sentiment.
BANG.NS,BANG.NS,Consumer Cyclical,Apparel Manufacturing,46.91,0.4345025,0.2,0.7142857142857143,0.76335,0.4345025,0,76.89,63.6,11.868687,0.061329998,35.295,0,637320000,0,-2.1493981261702615,2.447,-6.2493752,31.70564228268491,nan,19.900000000000002,10901.1,DCF Undervalued by 63.6%. Undervalued by ~63% (Graham). Positive Market Sentiment.
SULA.NS,SULA.NS,Consumer Defensive,Beverages - Wineries & Distilleries,194.26,0.43418049999999997,0.4,0.5714285714285714,0.62787,0.43418049999999997,0,93.39,-51.73,33.30465,0.08846,70.713,0,16340539392,1.85,13.146097941995516,12.214,-7.7825,7.334206247026676,10.422643090393692,-1.2,-58.699999999999996,Overvalued by 51.73%. High Financial Strength (F-Score 7/9). Positive Market Sentiment.
TATACOMM.NS,TATACOMM.NS,Communication Services,Telecom Services,1753.6,0.4341,0.6,0.42857142857142855,0.494,0.4341,0,336.3,-80.82,34.83012,0.61891997,467.533,0,499605012480,1.43,20.13276532563329,8.112001000000001,1300.2324992,11.186360340076318,7.413776462475874,5.800000000000001,-19.400000000000002,Overvalued by 80.82%. Balanced moderate growth candidate.
SREEL.NS,SREEL.NS,Consumer Cyclical,Footwear & Accessories,215.27,0.434083,0.4,0.5714285714285714,0.62722,0.434083,0,216.71,-0.04,21.744232,0.049879998,0.495,0,5051457536,0,6.995317671036365,15.458,26.6988368,21.750363769972147,10.935598134514478,19.6,33.800000000000004,Undervalued by ~0% (Graham). High Financial Strength (F-Score 9/9). Positive Market Sentiment.
RELIANCE.NS,RELIANCE.NS,Energy,Oil & Gas Refining & Marketing,1458.8,0.43407999999999997,0.4,0.5714285714285714,0.6272,0.43407999999999997,0,946.4,-35.12,23.751223,0.09717,35.651,0,19741898964992,0.38,10.761297691332208,12.359,25173.6244224,11.498149236908084,4.687475912111139,10.0,9.6,Overvalued by 35.12%. High Financial Strength (F-Score 7/9). Positive Market Sentiment.
ASHIANA.NS,ASHIANA.NS,Real Estate,Real Estate - Development,290.35,0.43340999999999996,0.4,0.5714285714285714,0.6227333333333334,0.43340999999999996,0,115.46,-60.35,39.78142,0.0924,44.275,0,29272840192,0.86,0.2515280715527836,15.647,255.8743296,37.02642779527814,37.3256635137015,204.70000000000002,0,Overvalued by 60.35%. High Financial Strength (F-Score 7/9). Positive Market Sentiment.
COLPAL.NS,COLPAL.NS,Consumer Defensive,Household & Personal Products,2092.3,0.43278099999999997,0.4,0.5714285714285714,0.61854,0.43278099999999997,0,252.6,-87.96,43.031796,0.8197,3.791,0,570571489280,2.44,116.20275523139499,28.183000000000003,1202.2112256,5.794489549215598,10.040038858048472,-6.2,-17.1,Overvalued by 87.96%. High Financial Strength (F-Score 7/9). Positive Market Sentiment.
RAMCOCEM.NS,RAMCOCEM.NS,Basic Materials,Building Materials,1064.4,0.43186749999999996,0.6,0.2857142857142857,0.81245,0.43186749999999996,0,335.5,-68.5,68.05112,0.04995,62.153,0,251651391488,0.19,5.4790284237726095,9.142,-11.1475,12.461615863304676,-32.37130408332055,9.5,192.0,Overvalued by 68.5%. Positive Market Sentiment.
TBOTEK.NS,TBOTEK.NS,Consumer Cyclical,Travel Services,1553.6,0.43178049999999996,0.4,0.5714285714285714,0.61187,0.43178049999999996,0,254.62,-83.59,69.83348,0.19449,51.855,0,165134925824,0,22.370508233215865,12.671,64.922752,54.59798767161581,89.62300056038295,25.900000000000002,11.200000000000001,Overvalued by 83.59%. High Financial Strength (F-Score 7/9). Positive Market Sentiment.
INOXINDIA.NS,INOXINDIA.NS,Industrials,Specialty Industrial Machinery,1123.2,0.431374,0.4,0.5714285714285714,0.60916,0.431374,0,255.89,-77.07,41.39837,0.28408,10.139,0,101301141504,0.18,33.462260321354734,19.622,-25.3462256,19.074584725568023,20.09359522456997,16.900000000000002,22.8,Overvalued by 77.07%. High Financial Strength (F-Score 7/9). Positive Market Sentiment.
HARSHA.NS,HARSHA.NS,Industrials,Tools & Accessories,393.45,0.431152,0.4,0.5714285714285714,0.60768,0.431152,0,187.77,-52.57,36.45488,0.07755,24.121,0,36085260288,0.25,9.879874711733729,11.146,-85.3174976,2.2112966493907704,-0.966350115737391,7.3,25.8,Overvalued by 52.57%. High Financial Strength (F-Score 7/9). Positive Market Sentiment.
SIGIND.NS,SIGIND.NS,Industrials,Conglomerates,49.94,0.4310675,0.2,0.7142857142857143,0.74045,0.4310675,0,92.67,85.41,9.3771105,0.07017,173.841,0,1479831680,1.0,12.611250862551504,6.244000000000001,-60.9071616,10.358609877480717,23.79545267432055,19.0,8.200000000000001,DCF Undervalued by 85.41%. Undervalued by ~85% (Graham). High Financial Strength (F-Score 7/9). Positive Market Sentiment.
BHANDARI.NS,BHANDARI.NS,Consumer Cyclical,Apparel Manufacturing,4.04,0.43059000000000003,0.4,0.7142857142857143,0.2706,0.43059000000000003,0,7.06,74.31,11.911765,0.054180004,64.953,0,986899648,0.5,8.296218548692345,7.675,-12.0877248,-0.5594124124152944,7.149114240737764,0.2,23.9,DCF Undervalued by 74.31%. Undervalued by ~74% (Graham).
ANUP.NS,ANUP.NS,Industrials,Specialty Industrial Machinery,2001.9,0.429488125,0.4,0.5714285714285714,0.5965875,0.429488125,0,654.24,-67.32,33.441364,0.20268999,24.782,0,40088981504,0.85,0,19.272,-146.1422976,37.576038734612126,23.9959095352563,20.3,-1.9,Overvalued by 67.32%. Balanced moderate growth candidate.
MRF.NS,MRF.NS,Consumer Cyclical,Auto Parts,145665.0,0.42932049999999994,0.4,0.5714285714285714,0.5954699999999999,0.42932049999999994,0,67134.67,-53.86,33.29672,0.0999,18.678,0,617311830016,0.16,13.241631983007812,9.2259996,873.7236992,13.710005600860464,40.831000307438444,7.199999999999999,11.700000000000001,Overvalued by 53.86%. High Financial Strength (F-Score 7/9).
HAVELLS.NS,HAVELLS.NS,Industrials,Electrical Equipment & Parts,1437.1,0.42857949999999995,0.4,0.5714285714285714,0.59053,0.42857949999999995,0,269.2,-81.27,61.74828,0.17709999,3.292,0,902187974656,0.7,24.43274037427662,6.959999999999999,-786.5950208,16.00784434454794,7.158732095996312,5.3,18.7,Overvalued by 81.27%. High Financial Strength (F-Score 7/9).
BERGEPAINT.NS,BERGEPAINT.NS,Basic Materials,Specialty Chemicals,525.15,0.42834249999999996,0.4,0.5714285714285714,0.58895,0.42834249999999996,0,105.84,-79.84,56.818184,0.18165001,11.082,0,612094771200,0.72,25.899237184024987,9.026,732.4174848,9.798009416128073,12.329204919481128,1.9,-23.400000000000002,Overvalued by 79.84%. High Financial Strength (F-Score 7/9).
EDELWEISS.NS,EDELWEISS.NS,Financial Services,Financial Conglomerates,105.74,0.4283055,0.6,0.42857142857142855,0.45537,0.4283055,0,95.17,-10.18,16.844196,0.09842,350.698,0,100238262272,1.42,1.7885358898922363,-7.290000000000001,0,14.012625568975379,28.314049605402158,-38.9,22.5,High Financial Strength (F-Score 7/9).
SRF.NS,SRF.NS,Industrials,Conglomerates,3032.0,0.42811899999999997,0.4,0.5714285714285714,0.58746,0.42811899999999997,0,741.41,-75.5,55.452545,0.12807,34.719,0,897159397376,0.26,11.876977710650797,16.281000000000002,790.644992,5.2562293934314885,-12.838949795000643,6.3,92.9,Overvalued by 75.5%. High Financial Strength (F-Score 7/9).
CGPOWER.NS,CGPOWER.NS,Industrials,Electrical Equipment & Parts,576.9,0.42757187499999993,0.4,0.5714285714285714,0.5838125,0.42757187499999993,0,85.87,-85.13,83.42485,0.18687999,1.519,0,909176799232,0.23,35.24754123519604,11.108,-832.4612608,22.010338781571814,2.21740051851651,21.099999999999998,26.400000000000002,Overvalued by 85.13%. High Financial Strength (F-Score 7/9).
KPIGREEN.NS,KPIGREEN.NS,Utilities,Utilities - Renewable,432.95,0.4273985,0.2,0.7142857142857143,0.71599,0.4273985,0,243.18,-43.9,22.151253,0.1726,88.244,0,85649457152,0.23,14.455795946737563,30.574,-2059.2119808,96.15473330950022,94.78039594172564,76.4,50.0,Overvalued by 43.9%. High Financial Strength (F-Score 7/9). Positive Market Sentiment.
MANKIND.NS,MANKIND.NS,Healthcare,Drug Manufacturers - Specialty & Generic,2244.4,0.42678999999999995,0.4,0.5714285714285714,0.5786,0.42678999999999995,0,594.47,-73.52,52.923153,0.13463001,53.892,0,926747328512,0.09,12.873837080360564,18.92,1055.8162944,16.194633115419332,11.572578645523501,20.200000000000003,-24.0,Overvalued by 73.52%. High Financial Strength (F-Score 7/9).
LEXUS.NS,LEXUS.NS,Industrials,Building Products & Equipment,26.55,0.42648699999999995,0.4,0.5714285714285714,0.57658,0.42648699999999995,0,11.54,-57.27,34.177216,0.16018999,332.938,0,545149568,0,-1.9556102261547925,4.3839999999999995,-7.1443624,-18.59801905232674,nan,27.200000000000003,0,Overvalued by 57.27%. High Financial Strength (F-Score 7/9).
ESABINDIA.NS,ESABINDIA.NS,Industrials,Tools & Accessories,5680.5,0.42613749999999995,0.4,0.5714285714285714,0.57425,0.42613749999999995,0,907.48,-84.05,42.0858,0.54427,0.876,0,87718584320,2.02,65.71626297577855,17.869,70.1524992,15.336869602369996,27.66347814702521,12.7,83.5,Overvalued by 84.05%. High Financial Strength (F-Score 9/9).
MOTISONS.NS,MOTISONS.NS,Consumer Cyclical,Luxury Goods,12.91,0.4261,0.4,0.5714285714285714,0.574,0.4261,0,0,0,0,0.14199,12.395,0,12800557056,0,13.856913477183827,33.284000000000006,-9.7089128,13.70693030417678,43.05219131005449,-17.299999999999997,88.7,High Financial Strength (F-Score 7/9).
ZUARIIND.NS,ZUARIIND.NS,Industrials,Conglomerates,287.45,0.4251425,0.2,0.7142857142857143,0.70095,0.4251425,0,1190.01,315.22,7.1471324,0.024149999,50.399,0,8544724480,0.35,2.5443726804945053,1.444,-386.7633664,10.51786624379587,nan,1.6,0,DCF Undervalued by 315.22%. Undervalued by ~313% (Graham). Positive Market Sentiment.
SANGAMIND.NS,SANGAMIND.NS,Consumer Cyclical,Textile Manufacturing,451.0,0.4250075,0.6,0.2857142857142857,0.7667166666666667,0.4250075,0,183.83,-59.49,61.32432,0.03688,126.634,0,22420482048,0.44,6.111251202450664,8.456001,-50.3937504,5.1470342345876,-39.079639987451465,16.400000000000002,318.2,Overvalued by 59.49%. High Financial Strength (F-Score 7/9). Positive Market Sentiment.
REPL.NS,REPL.NS,Industrials,Consulting Services,104.27,0.425,0.4,0.6,0.5,0.425,0,118.66,14.1,13.793103,0,0,0,1884739968,0,13.23105339993795,8.939,0,12.054450526915916,-2.8543940552700042,6.7,0,Undervalued by ~13% (Graham).
ALEMBICLTD.NS,ALEMBICLTD.NS,Real Estate,Real Estate - Development,97.54,0.425,0.0,1.0,0.5,0.425,0,167.32,71.79,7.724029,0.13549,0.496,0,25010550784,2.46,6.713601449972272,36.556,16.1526752,43.56481223478275,11.844203536574271,5.6000000000000005,6.2,DCF Undervalued by 71.79%. Undervalued by ~71% (Graham). High Financial Strength (F-Score 9/9).
ARIES.NS,ARIES.NS,Basic Materials,Agricultural Inputs,312.05,0.425,0.0,1.0,0.5,0.425,0,401.56,28.73,10.701545,0.122980006,20.67,0,4056703744,0.38,18.497320205756434,15.581999999999999,-3.3491876,12.90053208109947,36.79771654770767,4.1000000000000005,6.1,Undervalued by ~28% (Graham). High Financial Strength (F-Score 7/9).
DALMIASUG.NS,DALMIASUG.NS,Consumer Defensive,Confectioners,282.35,0.425,0.0,1.0,0.5,0.425,0,615.22,118.16,6.676136,0.109239995,16.971,0,22860808192,2.13,9.619034263544151,2.202,358.5825024,8.853668048303387,9.402240029479847,6.7,-64.8,DCF Undervalued by 118.16%. Undervalued by ~117% (Graham). High Financial Strength (F-Score 7/9).
STEELCITY.NS,STEELCITY.NS,Financial Services,Capital Markets,89.33,0.425,0.0,1.0,0.5,0.425,0,149.57,67.58,7.9333334,0.11524,8.717,0,1348308224,5.6,17.211458892927528,28.236,0,0.8571209978406324,7.469198739725225,-19.3,-39.1,DCF Undervalued by 67.58%. Undervalued by ~67% (Graham). High Financial Strength (F-Score 7/9).
JKIL.NS,JKIL.NS,Industrials,Engineering & Construction,551.7,0.425,0.0,1.0,0.5,0.425,0,712.95,28.67,10.268718,0.13688,24.572,0,42008993792,0.73,16.596281368639655,11.337,328.3445504,17.304886287861244,23.86064984921554,3.9,0.4,Undervalued by ~29% (Graham). High Financial Strength (F-Score 7/9).
KSL.NS,KSL.NS,Basic Materials,Steel,697.85,0.425,0.0,1.0,0.5,0.425,0,779.18,11.31,11.717442,0.14001,21.693,0,30559150080,1.43,15.630138880182459,15.476999999999999,228.8593664,5.309995228946618,1.7955057146948228,-7.3,-7.199999999999999,Undervalued by ~11% (Graham). High Financial Strength (F-Score 7/9).
BLBLIMITED.NS,BLBLIMITED.NS,Financial Services,Capital Markets,12.99,0.425,0.0,1.0,0.5,0.425,0,34.34,164.14,5.508475,0.11095,0.17,0,687248320,0,5.741894789441672,3.37,0,14.879125717148156,-25.710417999871982,99.5,191.4,DCF Undervalued by 164.14%. Undervalued by ~164% (Graham). High Financial Strength (F-Score 7/9).
LIKHITHA.NS,LIKHITHA.NS,Energy,Oil & Gas Equipment & Services,170.33,0.425,0.0,1.0,0.5,0.425,0,186.19,9.65,11.12713,0.16284999,0.133,0,6728736768,0.6,25.1302131164728,14.637998999999999,-15.466112,26.45271195640204,14.660695039161098,-23.3,-33.800000000000004,Undervalued by ~9% (Graham). High Financial Strength (F-Score 9/9).
MAHSEAMLES.NS,MAHSEAMLES.NS,Basic Materials,Steel,528.5,0.425,0.0,1.0,0.5,0.425,0,803.04,52.09,9.025641,0.12532,0.151,0,70751600640,1.89,15.78254210849236,8.4130004,547.1337472,7.949916453635053,3.9730493981657844,-10.299999999999999,-43.1,DCF Undervalued by 52.09%. Undervalued by ~51% (Graham). High Financial Strength (F-Score 9/9).
GATECHDVR.NS,GATECHDVR.NS,Financial Services,Asset Management,0.47,0.425,0.0,1.0,0.5,0.425,0,1.47,206.03,4.7999997,0.11946,0,0,825689792,0,8.684991359058982,46.997002,0,29.403715240193474,-19.942846867283414,75.2,155.6,DCF Undervalued by 206.03%. Undervalued by ~212% (Graham). High Financial Strength (F-Score 7/9).
SHIVATEX.NS,SHIVATEX.NS,Consumer Cyclical,Textile Manufacturing,171.47,0.425,0.0,1.0,0.5,0.425,0,176.41,3.01,13.678913,0.12003,72.496,0,2352967168,0.35,8.743402222780675,9.177,9.3849376,-12.092848725636607,-15.526841242366462,10.4,110.80000000000001,Undervalued by ~2% (Graham). High Financial Strength (F-Score 7/9).
SARLAPOLY.NS,SARLAPOLY.NS,Consumer Cyclical,Textile Manufacturing,83.94,0.425,0.0,1.0,0.5,0.425,0,106.14,26.36,10.332103,0.13838,32.655,0,7083108352,3.57,13.447695713690615,15.285000000000002,33.8663616,-0.6647611707037981,10.453626323798115,-6.0,-1.3,Undervalued by ~26% (Graham). High Financial Strength (F-Score 7/9).
KNAGRI.NS,KNAGRI.NS,Consumer Defensive,Farm Products,185.95,0.425,0.0,1.0,0.5,0.425,0,219.51,19.04,12.56987,0.10582,13.118,0,4609799168,0,14.888806062864951,2.6770001000000003,-70.9324992,-2.847799923637062,-7.747230760846591,8.799999999999999,-1.4000000000000001,Undervalued by ~18% (Graham). High Financial Strength (F-Score 7/9).
MUFTI.NS,MUFTI.NS,Consumer Cyclical,Apparel Retail,93.91,0.425,0.0,1.0,0.5,0.425,0,112.06,19.59,10.697488,0.14463,58.118,0,6125832192,3.19,27.923633483481296,18.168,91.3753728,21.9122059193948,24.13830026165118,-11.799999999999999,-29.5,Undervalued by ~19% (Graham). High Financial Strength (F-Score 7/9).
20MICRONS.NS,20MICRONS.NS,Basic Materials,Other Industrial Metals & Mining,190.47,0.425,0.0,1.0,0.5,0.425,0,226.28,19.09,10.746606,0.14787,35.637,0,6725148160,0.66,16.198213268946006,11.436,6.9552752,14.241931525942464,21.723828183511973,-3.9,5.800000000000001,Undervalued by ~18% (Graham). High Financial Strength (F-Score 7/9).
JMA.NS,JMA.NS,Consumer Cyclical,Auto Parts,74.24,0.425,0.0,1.0,0.5,0.425,0,175.84,135.08,6.121113,0.114989996,0,0,1708510848,2.69,11.523418182110591,4.2859998,-19.7472624,8.353064742307502,2.033584499937824,11.799999999999999,41.199999999999996,DCF Undervalued by 135.08%. Undervalued by ~136% (Graham). High Financial Strength (F-Score 7/9).
GATECH.NS,GATECH.NS,Financial Services,Asset Management,0.51,0.425,0.0,1.0,0.5,0.425,0,1.47,182.49,5.2,0.11946,0,0,694236672,0,8.684991359058982,46.997002,0,29.403715240193474,-19.942846867283414,75.2,155.6,DCF Undervalued by 182.49%. Undervalued by ~188% (Graham). High Financial Strength (F-Score 7/9).
SPORTKING.NS,SPORTKING.NS,Consumer Cyclical,Textile Manufacturing,85.36,0.425,0.0,1.0,0.5,0.425,0,128.23,47.41,9.874006,0.11181,48.486,0,11064143872,1.17,11.912160233575468,6.643000000000001,-25.3280256,5.353989963439454,-35.61042258311786,-3.6999999999999997,12.7,DCF Undervalued by 47.41%. Undervalued by ~50% (Graham). High Financial Strength (F-Score 7/9).
UTTAMSUGAR.NS,UTTAMSUGAR.NS,Consumer Defensive,Confectioners,230.1,0.425,0.0,1.0,0.5,0.425,0,371.62,62.28,7.7574525,0.14299,34.457,0,8757641216,1.09,10.600882295310301,1.854,83.193312,-3.068397889268548,-13.174737294785732,45.1,0,DCF Undervalued by 62.28%. Undervalued by ~61% (Graham). High Financial Strength (F-Score 7/9).
DEVIT.NS,DEVIT.NS,Technology,Information Technology Services,33.6,0.425,0.0,1.0,0.5,0.425,0,83.8,146.63,2.4893773,0.79074997,18.23,0,3828542208,0.6,22.763852834258046,4.745,1.5093,19.46586058613551,380.57770581683263,35.0,754.6,DCF Undervalued by 146.63%. Undervalued by ~149% (Graham). High Financial Strength (F-Score 7/9).
WEWIN.NS,WEWIN.NS,Technology,Information Technology Services,43.43,0.425,0.0,1.0,0.5,0.425,0,46.17,5.17,14.070514,0.11007,30.051,0,446067904,0,9.854417440072448,1.127,-2.2816588,23.524234192768144,-8.369997909841953,1.7999999999999998,742.9,Undervalued by ~6% (Graham). High Financial Strength (F-Score 7/9).
UDS.NS,UDS.NS,Industrials,Specialty Business Services,169.09,0.425,0.0,1.0,0.5,0.425,0,239.9,41.12,9.982384,0.11913,4.984,0,11427096576,0,15.393563820381434,3.012,139.0887552,22.63311876899494,29.03890388738386,7.3,-29.4,DCF Undervalued by 41.12%. Undervalued by ~41% (Graham). High Financial Strength (F-Score 7/9).
BALMLAWRIE.NS,BALMLAWRIE.NS,Industrials,Conglomerates,173.89,0.425,0.0,1.0,0.5,0.425,0,199.11,14.43,11.233054,0.13673,12.098,0,29754669056,4.89,14.333625335839567,8.166,-47.6192736,5.611347348630824,24.57055454517496,-0.5,-9.6,Undervalued by ~14% (Graham). High Financial Strength (F-Score 7/9).
WELCORP.NS,WELCORP.NS,Basic Materials,Steel,738.65,0.425,0.0,1.0,0.5,0.425,0,756.72,2.5,8.996467,0.29615998,18.258,0,194867838976,0.68,30.755686144658245,11.59,-993.2437504,28.155929468870045,63.221703636810055,32.5,52.5,Undervalued by ~2% (Graham). High Financial Strength (F-Score 7/9).
GEEKAYWIRE.NS,GEEKAYWIRE.NS,Industrials,Electrical Equipment & Parts,31.17,0.425,0.0,1.0,0.5,0.425,0,46.37,48.87,10.016077,0.22599001,74.965,0,3255798016,1.04,21.61423205753219,10.298,-22.3884992,21.12913148270643,59.10046989595153,0.3,81.8,DCF Undervalued by 48.87%. Undervalued by ~48% (Graham). High Financial Strength (F-Score 7/9).
LINCOLN.NS,LINCOLN.NS,Healthcare,Drug Manufacturers - Specialty & Generic,449.05,0.425,0.0,1.0,0.5,0.425,0,566.7,26.2,11.24593,0.11808,0.009,0,8994349056,0.4,16.53663726426991,13.350001,54.1120384,10.003492600164886,5.890162267478827,1.3,-24.099999999999998,Undervalued by ~26% (Graham). High Financial Strength (F-Score 9/9).
KOTHARIPET.NS,KOTHARIPET.NS,Basic Materials,Specialty Chemicals,116.11,0.425,0.0,1.0,0.5,0.425,0,120.11,3.44,10.339271,0.21608,0.781,0,6832655360,1.75,27.040094069997224,15.995000000000001,-13.7481504,14.73720726308918,26.022492500267447,-20.8,13.0,Undervalued by ~3% (Graham). High Financial Strength (F-Score 9/9).
PDMJEPAPER.NS,PDMJEPAPER.NS,Basic Materials,Paper & Paper Products,84.17,0.425,0.0,1.0,0.5,0.425,0,91.49,8.69,15.030357,0.15555,1.877,0,7991941120,0.73,22.071361384035683,11.968,-70.3162624,13.363300509916275,40.49267497440889,-6.9,-43.1,Undervalued by ~8% (Graham). High Financial Strength (F-Score 7/9).
MARKOLINES.NS,MARKOLINES.NS,Industrials,Infrastructure Operations,134.93,0.425,0.0,1.0,0.5,0.425,0,140.68,4.26,11.651985,0.15425,33.27,0,2980122112,0,16.04346375239843,9.202,67.7956992,27.540413523703066,30.685003924644818,40.0,73.5,Undervalued by ~4% (Graham). High Financial Strength (F-Score 7/9).
AHLWEST.NS,AHLWEST.NS,Consumer Cyclical,Lodging,579.85,0.425,0.6,0.4,0.5,0.425,0,0,0,10.395303,0,0,0,6755953664,0,23.660946829789104,41.693999999999996,73.6662528,7.865845891539536,26.056417386644483,5.8999999999999995,0,Balanced moderate growth candidate.
CONCOR.NS,CONCOR.NS,Industrials,Railroads,519.5,0.42497,0.2,0.7142857142857143,0.6998,0.42497,0,255.36,-50.97,30.279068,0.104329996,7.016,0,396764676096,1.77,14.478533851257533,18.195999,52.05,2.4545332821292343,6.85238158176531,2.9000000000000004,4.0,Overvalued by 50.97%. High Financial Strength (F-Score 7/9). Positive Market Sentiment.
JKLAKSHMI.NS,JKLAKSHMI.NS,Basic Materials,Building Materials,775.3,0.4241375,0.2,0.7142857142857143,0.69425,0.4241375,0,510.55,-34.12,19.953655,0.13453001,72.145,0,96211927040,0.84,9.433540270525839,8.523,194.1750016,4.3523099351624905,-15.788953158044839,24.099999999999998,0,Overvalued by 34.12%. High Financial Strength (F-Score 7/9). Positive Market Sentiment.
APOLSINHOT.NS,APOLSINHOT.NS,Industrials,Specialty Business Services,1308.5,0.42409299999999994,0.4,0.5714285714285714,0.56062,0.42409299999999994,0,749.36,-42.67,30.731249,0.07571,53.838,0,3398722816,0.34,10.153175191385179,2.5,-19.2412752,37.60478872293875,-19.49528683799716,10.8,39.300000000000004,Overvalued by 42.67%. High Financial Strength (F-Score 7/9).
WHEELS.NS,WHEELS.NS,Consumer Cyclical,Auto Parts,796.8,0.42390249999999996,0.4,0.5714285714285714,0.55935,0.42390249999999996,0,671.5,-15.75,15.676633,0.13633001,75.506,0,19473111040,1.45,16.40796745005162,5.151,29.79,6.80259017225493,13.191414028548888,7.3999999999999995,26.8,Balanced moderate growth candidate.
VENTIVE.NS,VENTIVE.NS,Consumer Cyclical,Lodging,770.95,0.42386666666666667,0.6,0.3333333333333333,0.648,0.42386666666666667,0,217.53,-71.89,78.41946,0,42.178,0,180761198592,0,7.791182638279396,22.625,0,11.15707113698836,-8.48128862842399,89.7,0,Overvalued by 71.89%. Positive Market Sentiment.
RITES.NS,RITES.NS,Industrials,Engineering & Construction,231.79,0.42361625,0.2,0.7142857142857143,0.690775,0.42361625,0,102.59,-55.68,27.076023,0.16570999,0.285,0,111259770880,3.45,21.53960366038422,20.511,339.7362432,-6.048856209787767,-9.33812702262271,1.5,34.2,Overvalued by 55.68%. High Financial Strength (F-Score 9/9). Positive Market Sentiment.
MEDIASSIST.NS,MEDIASSIST.NS,Healthcare,Healthcare Plans,403.1,0.42331149999999995,0.4,0.5714285714285714,0.55541,0.42331149999999995,0,146.06,-63.77,35.02172,0.15099,51.568,0,30013917184,0.77,17.619337514297655,8.078000000000001,-34.408624,22.882202138919737,12.271343906629696,28.599999999999998,-62.3,Overvalued by 63.77%. Balanced moderate growth candidate.
JKPAPER.NS,JKPAPER.NS,Basic Materials,Paper & Paper Products,346.75,0.42276749999999996,0.0,0.8571428571428571,0.81845,0.42276749999999996,0,357.36,3.28,19.715101,0.05568,37.239,0,58658824192,1.44,9.629260141063902,7.595000000000001,-142.6925056,19.25210528402561,-8.930884227458069,3.9,-39.0,Undervalued by ~3% (Graham). High Financial Strength (F-Score 7/9). Positive Market Sentiment.
VSSL.NS,VSSL.NS,Basic Materials,Steel,270.75,0.4227025,0.4,0.5714285714285714,0.55135,0.4227025,0,177.28,-34.53,24.462511,0.09741,6.413,0,26159624192,1.11,15.658282829141415,11.196,-70.9533888,9.205310753593254,-2.602204087026705,-12.6,14.299999999999999,Overvalued by 34.53%. High Financial Strength (F-Score 7/9).
CUMMINSIND.NS,CUMMINSIND.NS,Industrials,Specialty Industrial Machinery,4029.2,0.4227025,0.4,0.5714285714285714,0.55135,0.4227025,0,731.05,-81.86,48.309353,0.31142,0.308,0,1116909993984,1.28,34.499695823524746,24.237000000000002,1274.8387328,19.04771355338566,28.903190758591336,26.400000000000002,38.5,Overvalued by 81.86%. High Financial Strength (F-Score 9/9).
EVEREADY.NS,EVEREADY.NS,Industrials,Electrical Equipment & Parts,328.25,0.4224,0.4,0.5714285714285714,0.5493333333333333,0.4224,0,96.1,-70.79,52.22222,0.100710005,75.46,0,23979577344,0.46,16.46019732050094,10.83,-43.7862112,3.6148358105979606,21.05899959799393,6.7,0,Overvalued by 70.79%. High Financial Strength (F-Score 7/9).
AUBANK.NS,AUBANK.NS,Financial Services,Banks - Regional,976.35,0.42176166666666665,0.6,0.3333333333333333,0.6339666666666667,0.42176166666666665,0,400.99,-59.12,33.704468,0.12654,0,0,731108802560,0.1,7.305603102701339,30.675,0,35.59391826180971,23.067346820688115,6.1,-2.1999999999999997,Overvalued by 59.12%. Positive Market Sentiment.
LTF.NS,LTF.NS,Financial Services,Credit Services,295.8,0.4216815,0.6,0.42857142857142855,0.41121,0.4216815,0,159.86,-45.99,27.479109,0.10622,370.75,0,740756029440,0.93,2.2439847701775792,45.031,0,20.03705401587994,35.184134800343614,9.9,5.4,Overvalued by 45.99%. Balanced moderate growth candidate.
SOLARWORLD.NS,SOLARWORLD.NS,Technology,Solar,275.45,0.42161249999999995,0.4,0.5,0.71075,0.42161249999999995,0,138.87,-49.53,32.106186,0,27.204,0,23847981056,0,26.431707662527735,10.01,0,169.6257582999933,227.42282285465257,-2.9000000000000004,-60.5,Overvalued by 49.53%. Positive Market Sentiment.
HDFCBANK.NS,HDFCBANK.NS,Financial Services,Banks - Regional,925.45,0.4208516666666667,0.6,0.3333333333333333,0.6279,0.4208516666666667,0,590.51,-36.16,21.133196,0.108430006,0,0,14230669492224,1.19,4.535694183682656,39.472,0,32.502698064489444,20.388517319859577,-7.199999999999999,9.1,Overvalued by 36.16%. Positive Market Sentiment.
RUDRA.NS,RUDRA.NS,Basic Materials,Steel,17.76,0.4201424999999999,0.4,0.5,0.70095,0.4201424999999999,0,19.9,17.62,12.626865,0,175.134,0,1697817472,0,10.815844291085378,8.5159995,0,17.145108740442993,10.483111264332369,6.9,362.5,Undervalued by ~12% (Graham). Positive Market Sentiment.
HEG.NS,HEG.NS,Industrials,Electrical Equipment & Parts,565.0,0.42001499999999997,0.6,0.42857142857142855,0.4001,0.42001499999999997,0,269.34,-52.21,42.276817,0.05661,13.812,0,108761014272,0.32,3.810247986712565,9.239,118.6625024,-0.4453563843104802,-35.613428209975886,23.200000000000003,74.4,Overvalued by 52.21%. High Financial Strength (F-Score 7/9).
BRIGADE.NS,BRIGADE.NS,Real Estate,Real Estate - Development,735.35,0.41962,0.4,0.5714285714285714,0.5308,0.41962,0,444.2,-39.59,22.24289,0.13221,75.557,0,179791806464,0.34,12.388629613915995,18.185000000000002,-2606.2125056,19.58246092955873,102.34837981610964,28.999999999999996,35.0,Overvalued by 39.59%. Balanced moderate growth candidate.
LTM.NS,LTM.NS,Technology,Information Technology Services,4312.0,0.419345,0.2,0.7142857142857143,0.6623,0.419345,0,1755.23,-59.29,25.523853,0.21285,9.582,0,1278340759552,1.74,29.416857440166496,15.139,5179.5001344,8.434524873546811,4.413356398705348,15.6,23.400000000000002,Overvalued by 59.29%. High Financial Strength (F-Score 7/9). Positive Market Sentiment.
ETERNAL.NS,ETERNAL.NS,Consumer Cyclical,Internet Retail,299.25,0.41766899999999996,0.8,0.14285714285714285,0.58446,0.41766899999999996,0,12.52,-95.81,1422.8572,0.00721,10.875,0,2722709110784,0,2.7971105320447274,-1.008,-3927.2501248,70.00953331895683,-24.171808587080633,183.20000000000002,-64.5,Overvalued by 95.81%. Strong technical uptrend (RSI/MACD bullish).
GOCLCORP.NS,GOCLCORP.NS,Basic Materials,Specialty Chemicals,281.95,0.4172,0.2,0.7142857142857143,0.648,0.4172,0,534.09,87.43,12.681354,0.052529998,5.952,0,14150022144,3.55,8.936365074450514,-353.058,-1320.9373696,3.6114670387280334,-3.710478208328971,-98.3,157.29999999999998,DCF Undervalued by 87.43%. Undervalued by ~89% (Graham). Positive Market Sentiment.
SURYAROSNI.NS,SURYAROSNI.NS,Basic Materials,Steel,265.95,0.4172,0.2,0.7142857142857143,0.648,0.4172,0,197.77,-25.57,17.619364,0.13726,4.928,0,57865334784,2.07,19.624437872219747,4.671,279.9987456,-1.4315392627484602,19.14653141687257,20.7,117.19999999999999,Overvalued by 25.57%. High Financial Strength (F-Score 7/9). Positive Market Sentiment.
INNOVANA.NS,INNOVANA.NS,Technology,Software - Application,395.1,0.4172,0.2,0.7142857142857143,0.648,0.4172,0,261.2,-34.04,16.569038,0.21527,18.74,0,8181360128,0,27.98351683032615,36.282003,21.2088256,21.57754954588278,28.533805059767236,43.2,14.099999999999998,Overvalued by 34.04%. High Financial Strength (F-Score 7/9). Positive Market Sentiment.
ICICIBANK.NS,ICICIBANK.NS,Financial Services,Banks - Regional,1418.4,0.41666216666666667,0.6,0.3333333333333333,0.59997,0.41666216666666667,0,883.69,-37.62,19.169147,0.17599002,0,0,10131779616768,0.78,9.859653763867355,35.821998,0,20.719441249783998,26.665045309196913,7.9,2.0,Overvalued by 37.62%. Balanced moderate growth candidate.
BANCOINDIA.NS,BANCOINDIA.NS,Consumer Cyclical,Auto Parts,640.85,0.41639799999999993,0.4,0.5714285714285714,0.50932,0.41639799999999993,0,201.29,-68.7,40.79949,0.29768,44.582,0,92050513920,2.18,34.429223462653425,11.982000600000001,-224.930048,18.263669243427437,36.98576876097219,16.0,0.2,Overvalued by 68.7%. High Financial Strength (F-Score 7/9).
JGCHEM.NS,JGCHEM.NS,Basic Materials,Other Industrial Metals & Mining,342.55,0.41635500000000003,0.4,0.7142857142857143,0.17570000000000002,0.41635500000000003,0,212.52,-37.86,21.428572,0.1372,1.013,0,13408186368,0.29,19.469148361870392,7.5600000000000005,-19.482,11.464746171471418,16.964973032675033,3.9,-12.8,Overvalued by 37.86%. High Financial Strength (F-Score 7/9).
RAILTEL.NS,RAILTEL.NS,Communication Services,Telecom Services,352.95,0.4159575,0.2,0.7142857142857143,0.6397166666666667,0.4159575,0,121.63,-65.49,35.285286,0.16031,3.341,0,113130782720,1.09,20.15182884748102,11.311,-46.6087488,30.963710824775713,12.791102387853904,12.8,4.9,Overvalued by 65.49%. High Financial Strength (F-Score 7/9). Positive Market Sentiment.
CONCORDBIO.NS,CONCORDBIO.NS,Healthcare,Biotechnology,1351.1,0.415,0.4,0.5714285714285714,0.5,0.415,0,347.35,-74.29,43.665157,0.1893,0.088,0,141366509568,0.79,27.305883971230244,28.374,104.4396736,18.53245785802009,28.55464554044762,-20.4,-34.1,Overvalued by 74.29%. High Financial Strength (F-Score 9/9).
DJML.NS,DJML.NS,Industrials,Specialty Business Services,71.95,0.415,0.4,0.5714285714285714,0.5,0.415,0,35.14,-49.81,28.11245,0.14199,37.044,0,2411757568,0.14,13.058534365908391,10.184,-24.9344256,20.135113842053244,30.7545860411377,69.89999999999999,61.5,Overvalued by 49.81%. Balanced moderate growth candidate.
GUJTHEM.NS,GUJTHEM.NS,Healthcare,Drug Manufacturers - Specialty & Generic,374.3,0.415,0.4,0.5714285714285714,0.5,0.415,0,49.31,-86.91,84.62922,0.19798,27.036,0,41275416576,0.18,23.635416883780533,42.468,-77.581728,9.712346826178898,3.7879194256151383,22.0,35.099999999999994,Overvalued by 86.91%. High Financial Strength (F-Score 7/9).
SANATHAN.NS,SANATHAN.NS,Consumer Cyclical,Textile Manufacturing,427.75,0.415,0.4,0.5714285714285714,0.5,0.415,0,283.94,-33.3,25.989014,0.0863,77.611,0,35930808320,0,8.104267369250877,5.466,-941.2637696,-2.0396908162645055,-23.28911511523207,10.2,-47.5,Overvalued by 33.3%. High Financial Strength (F-Score 7/9).
IRMENERGY.NS,IRMENERGY.NS,Utilities,Utilities - Regulated Gas,258.65,0.415,0.4,0.5714285714285714,0.5,0.415,0,230.45,-11.71,26.152306,0.04271,8.415,0,10716575744,0.58,8.368263234360331,6.280000500000001,-36.579376,24.280657831746755,-29.32096114462461,12.1,4.8,High Financial Strength (F-Score 7/9).
COMPUSOFT.NS,COMPUSOFT.NS,Consumer Defensive,Education & Training Services,14.64,0.415,0.4,0.5714285714285714,0.5,0.415,0,13.05,-10.84,35.707317,0.022920001,32.821,0,1159666432,1.37,3.55836600688716,1.391,38.8160992,4.332823364921867,-51.241318901781284,-1.2,-30.8,High Financial Strength (F-Score 7/9).
GRINDWELL.NS,GRINDWELL.NS,Industrials,Building Products & Equipment,1589.8,0.415,0.4,0.5714285714285714,0.5,0.415,0,398.97,-74.86,46.21433,0.17528999,3.481,0,175712632832,1.07,22.154230874511217,14.758,251.6496384,11.815271328643306,7.640498420886677,11.700000000000001,11.0,Overvalued by 74.86%. High Financial Strength (F-Score 7/9).
AARTISURF.NS,AARTISURF.NS,Basic Materials,Specialty Chemicals,380.05,0.415,0.4,0.5714285714285714,0.5,0.415,0,334.35,-11.77,21.349297,0.06545,49.926,0,3207810048,0.26,10.085590052922525,2.7560001,-8.3573,4.372634513996454,38.33039788030818,18.8,-13.600000000000001,High Financial Strength (F-Score 7/9).
GUJRAFFIA.NS,GUJRAFFIA.NS,,,44.95,0.415,0.4,0.5714285714285714,0.5,0.415,0,43.1,-2.38,21.328505,0.032899998,10.054,0,0,0,0,1.21,4.7256124,0,0,377.3,169.2,High Financial Strength (F-Score 7/9).
GANECOS.NS,GANECOS.NS,Consumer Cyclical,Textile Manufacturing,742.3,0.415,0.4,0.5714285714285714,0.5,0.415,0,624.27,-15.07,30.0,0.054050002,43.209,0,19678365696,0.61,10.079178563996226,1.8099998999999998,-195.3669632,12.148668129124985,18.50090947169507,-6.1,0,High Financial Strength (F-Score 7/9).
SUPREMEIND.NS,SUPREMEIND.NS,Industrials,Building Products & Equipment,3485.2,0.415,0.4,0.5714285714285714,0.5,0.415,0,823.54,-76.47,52.299763,0.15379,5.629,0,444773564416,1.0,21.99917320914982,8.064,-144.3987456,10.245150810657911,-0.26123565231073176,5.3,-20.200000000000003,Overvalued by 76.47%. High Financial Strength (F-Score 7/9).
CHEMCON.NS,CHEMCON.NS,Basic Materials,Specialty Chemicals,183.32,0.415,0.4,0.5714285714285714,0.5,0.415,0,146.39,-21.25,27.338234,0.04974,0.051,0,6809647104,0,6.9659092964003895,7.611999999999999,52.143936,-7.061464274852924,-26.961431590824027,2.1,-9.2,Overvalued by 21.25%. High Financial Strength (F-Score 9/9).
MODIRUBBER.NS,MODIRUBBER.NS,Real Estate,Real Estate Services,124.16,0.415,0.4,0.5714285714285714,0.5,0.415,0,204.41,63.63,18.561665,0.02411,2.81,0,3128063232,0,3.33696253840215,-67.17,-5.0531124,78.58486562600038,-7.235215099465286,20.1,-28.1,DCF Undervalued by 63.63%. Undervalued by ~64% (Graham).
NITIRAJ.NS,NITIRAJ.NS,Technology,Scientific & Technical Instruments,190.85,0.415,0.4,0.5714285714285714,0.5,0.415,0,118.38,-38.82,25.527704,0.09665,0.028,0,1983568512,0.79,8.103170117907327,11.011,-1.0524375,24.525563436130348,11.05227050935289,30.5,7850.0,Overvalued by 38.82%. High Financial Strength (F-Score 9/9).
ATAM.NS,ATAM.NS,Industrials,Specialty Industrial Machinery,81.07,0.415,0.4,0.5714285714285714,0.5,0.415,0,61.3,-24.79,15.949119,0.16608,33.533,0,934234496,1.05,19.33400517747653,12.636,-3.7780876,43.906678828970946,66.44116262556,-32.6,-46.2,Overvalued by 24.79%. Balanced moderate growth candidate.
ENRIN.NS,ENRIN.NS,Utilities,Utilities - Renewable,2363.5,0.415,0.4,0.5714285714285714,0.5,0.415,0,292.75,-87.63,76.45349,0.28957,3.369,0,842937270272,0.17,34.59475498139821,16.929,2979.8750208,0,0,27.3,31.3,Overvalued by 87.63%. High Financial Strength (F-Score 7/9).
RAINBOW.NS,RAINBOW.NS,Healthcare,Medical Care Facilities,1255.0,0.415,0.4,0.5714285714285714,0.5,0.415,0,289.09,-76.93,50.422535,0.17687,53.24,0,127290867712,0.24,27.41165500720954,25.41,58.3912512,15.362367270056264,20.748756003934645,6.5,-4.6,Overvalued by 76.93%. High Financial Strength (F-Score 7/9).
BHARATSE.NS,BHARATSE.NS,Consumer Cyclical,Auto Parts,159.7,0.415,0.4,0.5714285714285714,0.5,0.415,0,67.12,-58.0,26.326195,0.19917,63.95,0,10043805696,0.69,19.19407970236755,2.962,31.0983872,16.346106133071657,40.01417456442997,57.8,39.800000000000004,Overvalued by 58.0%. Balanced moderate growth candidate.
UNIECOM.NS,UNIECOM.NS,Technology,Software - Application,113.67,0.415,0.4,0.5714285714285714,0.5,0.415,0,24.3,-78.67,67.821434,0.15158,5.913,0,12688596992,0,34.9645199212498,13.88,78.0035008,31.680940188208684,43.28567940302281,75.3,25.0,Overvalued by 78.67%. High Financial Strength (F-Score 7/9).
MANINFRA.NS,MANINFRA.NS,Industrials,Engineering & Construction,116.05,0.415,0.4,0.5714285714285714,0.5,0.415,0,93.76,-19.54,16.296503,0.15558,1.424,0,47035219968,1.16,22.700086601454323,22.620001000000002,-220.4815104,8.040923910299313,9.327520522090449,-35.4,16.900000000000002,Balanced moderate growth candidate.
SUYOG.NS,SUYOG.NS,Communication Services,Telecom Services,543.5,0.415,0.4,0.5714285714285714,0.5,0.415,0,467.7,-13.23,21.56,0.09454001,62.308,0,6315527680,0.33,13.799103092714516,46.967998,-187.608448,15.085079831447178,-0.671696737489258,16.1,-30.8,High Financial Strength (F-Score 7/9).
DOMS.NS,DOMS.NS,Industrials,Business Equipment & Supplies,2517.2,0.415,0.4,0.5714285714285714,0.5,0.415,0,374.9,-85.18,73.35459,0.21075001,13.64,0,153582813184,0.13,26.044475081434292,13.645001,-118.2856704,40.89950693387099,141.52568739217847,24.099999999999998,8.4,Overvalued by 85.18%. High Financial Strength (F-Score 7/9).
DBSTOCKBRO.NS,DBSTOCKBRO.NS,Financial Services,Capital Markets,25.38,0.415,0.4,0.5714285714285714,0.5,0.415,0,24.22,-5.04,20.4,0.06589,3.583,0,893928000,0,11.483592939060031,16.825001,0,-15.856665810921921,-12.495024088416873,-35.0,-34.1,High Financial Strength (F-Score 7/9).
PIGL.NS,PIGL.NS,Industrials,Engineering & Construction,109.4,0.415,0.4,0.5714285714285714,0.5,0.415,0,104.21,-3.95,15.74746,0.11171,21.323,0,1955484672,0.18,14.364554994170229,9.2480004,-8.4953624,22.748834955724462,59.46661465595151,27.900000000000002,-1.0999999999999999,Balanced moderate growth candidate.
GRPLTD.NS,GRPLTD.NS,Consumer Cyclical,Auto Parts,1804.5,0.415,0.4,0.5714285714285714,0.5,0.415,0,627.86,-65.22,34.973843,0.15809,112.442,0,9631647744,0.8,15.448011272809085,4.593,-60.5366016,9.031145886365,74.67595963722576,0.5,-21.9,Overvalued by 65.22%. High Financial Strength (F-Score 7/9).
FINPIPE.NS,FINPIPE.NS,Industrials,Building Products & Equipment,175.51,0.415,0.4,0.5714285714285714,0.5,0.415,0,129.44,-26.16,22.532133,0.07564,0.359,0,108390432768,1.14,16.828586532952198,11.963,-45.3912512,-3.765813305040988,-8.703740468798015,3.6999999999999997,202.99999999999997,Overvalued by 26.16%. High Financial Strength (F-Score 9/9).
EUROBOND.NS,EUROBOND.NS,Industrials,Building Products & Equipment,181.23,0.415,0.4,0.5714285714285714,0.5,0.415,0,112.09,-39.0,19.5271,0.17198999,88.695,0,4501875200,0,14.55415562424581,9.75,-31.048288,25.09841131417716,12.080105657901274,30.599999999999998,45.9,Overvalued by 39.0%. Balanced moderate growth candidate.
HONDAPOWER.NS,HONDAPOWER.NS,Industrials,Specialty Industrial Machinery,2167.6,0.415,0.4,0.5714285714285714,0.5,0.415,0,1123.16,-47.97,28.86467,0.096099995,0.008,0,21893818368,6.07,12.525332067212489,3.2,22.27,-11.514833884756836,2.3633147597767357,-0.8999999999999999,30.8,Overvalued by 47.97%. High Financial Strength (F-Score 9/9).
RKSWAMY.NS,RKSWAMY.NS,Communication Services,Advertising Agencies,110.56,0.415,0.4,0.5714285714285714,0.5,0.415,0,66.02,-39.53,28.358442,0.08089,14.856,0,5511105024,1.36,10.768564292950666,1.7280001,6.9992624,7.877171022953844,-1.0404776484170375,12.2,10.0,Overvalued by 39.53%. High Financial Strength (F-Score 7/9).
CAMLINFINE.NS,CAMLINFINE.NS,Basic Materials,Specialty Chemicals,148.43,0.415,0.4,0.5714285714285714,0.5,0.415,0,91.12,-38.53,19.129032,0.019550001,78.095,0,28476839936,0,8.206695946573884,3.1719998,21.2188,5.210927865080106,nan,8.7,0,Overvalued by 38.53%. High Financial Strength (F-Score 7/9).
TIINDIA.NS,TIINDIA.NS,Industrials,Conglomerates,2354.8,0.415,0.4,0.5714285714285714,0.5,0.415,0,531.17,-77.4,72.86113,0.11186,27.724,0,454844481536,0.15,20.48165430721586,7.281,-1201.43872,16.43592875523543,-4.306841185802757,12.5,-9.700000000000001,Overvalued by 77.4%. High Financial Strength (F-Score 7/9).
BBL.NS,BBL.NS,Industrials,Electrical Equipment & Parts,2766.9,0.415,0.4,0.5714285714285714,0.5,0.415,0,2383.97,-13.78,21.26346,0.066750005,8.707,0,31268202496,1.26,9.391141720596094,6.254,-2.44,14.602452384152764,33.97373713883582,20.1,50.3,High Financial Strength (F-Score 7/9).
NEULANDLAB.NS,NEULANDLAB.NS,Healthcare,Drug Manufacturers - Specialty & Generic,14262.0,0.415,0.4,0.5714285714285714,0.5,0.415,0,2303.98,-83.89,76.53482,0.15928,16.327,0,183638949888,0.08,21.201524744095735,25.863000000000003,-159.3986816,15.816026471638933,59.732941396428174,65.4,194.9,Overvalued by 83.89%. High Financial Strength (F-Score 7/9).
IZMO.NS,IZMO.NS,Technology,Software - Application,708.45,0.415,0.4,0.5714285714285714,0.5,0.415,0,347.24,-51.08,33.738113,0.087139994,3.329,0,10635525120,0,15.053437818798526,15.156998999999999,-34.5849376,19.25584577780608,44.98712432970626,2.7,-60.099999999999994,Overvalued by 51.08%. High Financial Strength (F-Score 7/9).
SSWL.NS,SSWL.NS,Consumer Cyclical,Auto Parts,198.6,0.415,0.4,0.5714285714285714,0.5,0.415,0,172.26,-13.07,16.36251,0.117910005,52.775,0,31169419264,0.63,15.212103083028596,6.595,12.0838624,7.437133568758125,-1.679531044167304,9.6,-23.200000000000003,Balanced moderate growth candidate.
SOMANYCERA.NS,SOMANYCERA.NS,Industrials,Building Products & Equipment,397.8,0.415,0.4,0.5714285714285714,0.5,0.415,0,242.25,-39.26,29.241201,0.055970002,37.969,0,16425734144,0.75,12.987751296199196,3.9730000000000003,69.734336,8.270587678808706,-12.18003183333527,2.8000000000000003,-12.7,Overvalued by 39.26%. High Financial Strength (F-Score 7/9).
KRYSTAL.NS,KRYSTAL.NS,Industrials,Specialty Business Services,614.35,0.415,0.4,0.5714285714285714,0.5,0.415,0,510.75,-16.82,25.114517,0.14207,21.908,0,8579476992,0.24,16.14253150567179,5.222,-119.1778688,29.94840431864063,18.512547871666698,6.5,-13.0,Balanced moderate growth candidate.
UNICHEMLAB.NS,UNICHEMLAB.NS,Healthcare,Drug Manufacturers - Specialty & Generic,414.0,0.415,0.4,0.5714285714285714,0.5,0.415,0,311.99,-25.18,33.36,0.03659,20.616,0,29359198208,0,6.0852750854000615,5.9949997999999995,-156.322496,18.26805451906135,60.82253159210207,25.3,0,Overvalued by 25.18%. High Financial Strength (F-Score 7/9).
EMSLIMITED.NS,EMSLIMITED.NS,Industrials,Engineering & Construction,380.05,0.415,0.4,0.5714285714285714,0.5,0.415,0,351.79,-7.45,12.95501,0.16903,15.798,0,21107261440,0.39,23.731457164495723,19.531000000000002,-95.9837376,38.97177979420612,32.48502181212529,-26.1,-43.2,Balanced moderate growth candidate.
SAKUMA.NS,SAKUMA.NS,Consumer Defensive,Farm Products,2.05,0.415,0.4,0.5714285714285714,0.5,0.415,0,2.03,-0.83,29.285713,0.01444,6.194,0,3239951872,0.34,2.825868508059879,-1.237,-84.7424896,-7.0243610781054455,-18.613255949458285,-25.0,-66.5,High Financial Strength (F-Score 7/9).
DPABHUSHAN.NS,DPABHUSHAN.NS,Consumer Cyclical,Luxury Goods,1427.9,0.415,0.4,0.5714285714285714,0.5,0.415,0,575.63,-59.74,21.583397,0.35627,44.551,0,32641642496,0,28.97070108059544,7.553,-76.8853248,24.12051538130393,40.728354747079806,-3.6999999999999997,101.4,Overvalued by 59.74%. Balanced moderate growth candidate.
WELSPUNLIV.NS,WELSPUNLIV.NS,Consumer Cyclical,Textile Manufacturing,125.74,0.415,0.4,0.5714285714285714,0.5,0.415,0,63.52,-49.24,33.733154,0.07546,54.975,0,119599915008,1.35,14.394674136556873,2.368,438.2362624,4.332538303025091,2.0635717846671398,-15.0,-93.8,Overvalued by 49.24%. High Financial Strength (F-Score 7/9).
EQUIPPP.NS,EQUIPPP.NS,Technology,Information Technology Services,20.13,0.415,0.4,0.5714285714285714,0.5,0.415,0,1.15,-94.16,281.2857,0.17584999,71.587,0,2062424192,0,9.60968337112925,2.785,-3.37015,inf,nan,2096.5,0,Overvalued by 94.16%. High Financial Strength (F-Score 7/9).
KHAICHEM.NS,KHAICHEM.NS,Basic Materials,Agricultural Inputs,68.41,0.415,0.4,0.5714285714285714,0.5,0.415,0,63.71,-8.33,10.530303,0.27457002,106.925,0,6772481024,0,2.147953887626583,9.45,-1.798625,-4.4200094289274965,-73.98837631353301,33.800000000000004,0,High Financial Strength (F-Score 7/9).
INDOTHAI.NS,INDOTHAI.NS,Financial Services,Capital Markets,263.75,0.415,0.4,0.5714285714285714,0.5,0.415,0,24.15,-90.89,156.89348,0.13649,1.429,0,33944023040,0.06,6.320707881582827,83.34700000000001,0,43.424903793155664,-7.3707896554483066,158.20000000000002,157.7,Overvalued by 90.89%. High Financial Strength (F-Score 7/9).
IOLCP.NS,IOLCP.NS,Healthcare,Drug Manufacturers - Specialty & Generic,75.59,0.415,0.4,0.5714285714285714,0.5,0.415,0,72.78,-3.47,19.088608,0.067940004,9.078,0,22131976192,1.06,8.193051476699727,6.534999599999999,-14.5137504,-1.5643648375730845,-15.526147604788665,7.9,56.39999999999999,High Financial Strength (F-Score 7/9).
ASTRAMICRO.NS,ASTRAMICRO.NS,Technology,Communication Equipment,965.2,0.415,0.4,0.5714285714285714,0.5,0.415,0,216.46,-77.5,56.630375,0.15033,23.894,0,91351343104,0.23,16.458749281443378,17.601,56.4226752,11.98302478635853,59.444660956050946,-6.5,-6.0,Overvalued by 77.5%. High Financial Strength (F-Score 7/9).
RNBDENIMS.NS,RNBDENIMS.NS,Consumer Cyclical,Textile Manufacturing,132.74,0.415,0.4,0.5714285714285714,0.5,0.415,0,38.73,-70.52,42.524273,0.16215,40.53,0,11886270464,0,15.939075014096327,7.314,39.3031808,8.538785831921313,1.7465157855658608,20.7,0,Overvalued by 70.52%. High Financial Strength (F-Score 7/9).
HITECH.NS,HITECH.NS,Basic Materials,Steel,85.22,0.415,0.4,0.5714285714285714,0.5,0.415,0,74.7,-12.61,22.318539,0.07616,20.944,0,17335365632,0.03,9.499577878748223,4.388,-220.4666624,17.684353254678918,21.84588859216543,21.7,-8.200000000000001,High Financial Strength (F-Score 7/9).
JINDWORLD.NS,JINDWORLD.NS,Consumer Cyclical,Textile Manufacturing,27.17,0.415,0.4,0.5714285714285714,0.5,0.415,0,11.4,-58.23,39.0,0.08894,71.079,0,27386535936,0.11,10.022044146428216,4.6469998,112.4273408,-3.608649678555975,-11.430550303306465,0.4,-30.2,Overvalued by 58.23%. High Financial Strength (F-Score 7/9).
NILKAMAL.NS,NILKAMAL.NS,Consumer Cyclical,"Furnishings, Fixtures & Appliances",1403.2,0.415,0.4,0.5714285714285714,0.5,0.415,0,1261.36,-9.9,19.994287,0.071279995,35.718,0,21144676352,1.43,9.688984872847781,5.2199997,39.5294016,6.924756341591376,8.487912895524662,17.8,3.2,High Financial Strength (F-Score 7/9).
ELIN.NS,ELIN.NS,Industrials,Electrical Equipment & Parts,146.72,0.415,0.4,0.5714285714285714,0.5,0.415,0,142.19,-3.6,18.647282,0.07169,2.771,0,7331266048,0,8.227512183926184,3.8240000000000003,-27.0483744,2.6074218435636176,-9.209719521640524,23.0,111.00000000000001,High Financial Strength (F-Score 7/9).
LATENTVIEW.NS,LATENTVIEW.NS,Industrials,Consulting Services,429.8,0.415,0.4,0.5714285714285714,0.5,0.415,0,127.69,-70.39,46.869568,0.1225,1.517,0,89226051584,0,15.670443402622006,17.77,116.7087488,27.62919728423889,10.382083025253186,23.3,11.5,Overvalued by 70.39%. High Financial Strength (F-Score 7/9).
PREMEXPLN.NS,PREMEXPLN.NS,Basic Materials,Specialty Chemicals,511.85,0.415,0.4,0.5714285714285714,0.5,0.415,0,99.74,-80.53,59.569763,0.17950001,10.097,0,27593162752,0.1,15.503252193729647,4.713,38.8388736,27.973925008722865,75.59368860137275,-20.1,111.5,Overvalued by 80.53%. High Financial Strength (F-Score 7/9).
CCHHL.NS,CCHHL.NS,Consumer Cyclical,Lodging,14.09,0.415,0.4,0.5714285714285714,0.5,0.415,0,16.47,17.12,27.568628,0.02674,7.499,0,2298314240,0,1.9137282788344763,1.815,3.2136376,-6.8029254228180065,-53.556875815352335,98.1,0,Undervalued by ~16% (Graham).
VGUARD.NS,VGUARD.NS,Industrials,Electrical Equipment & Parts,302.85,0.415,0.4,0.5714285714285714,0.5,0.415,0,86.15,-71.56,45.901516,0.14097999,6.884,0,132190617600,0.5,20.79349723044237,6.138,112.6475008,16.518318711144776,11.27507367672611,3.5999999999999996,2.8000000000000003,Overvalued by 71.56%. High Financial Strength (F-Score 7/9).
PROTEAN.NS,PROTEAN.NS,Technology,Information Technology Services,701.25,0.415,0.4,0.5714285714285714,0.5,0.415,0,354.77,-49.46,31.479822,0.09259,6.583,0,28512946176,1.43,12.091751937363583,7.5649999999999995,-128.5087488,6.486023562927601,-13.717219844447825,14.000000000000002,-14.799999999999999,Overvalued by 49.46%. High Financial Strength (F-Score 7/9).
LIBERTSHOE.NS,LIBERTSHOE.NS,Consumer Cyclical,Footwear & Accessories,240.95,0.415,0.4,0.5714285714285714,0.5,0.415,0,153.12,-36.95,31.214653,0.06002,72.559,0,4154585600,0,11.146193170011474,4.0149998,-64.3763968,11.627031812407784,82.17850653948753,1.4000000000000001,114.8,Overvalued by 36.95%. High Financial Strength (F-Score 7/9).
CEIGALL.NS,CEIGALL.NS,Industrials,Engineering & Construction,277.75,0.415,0.4,0.5714285714285714,0.5,0.415,0,189.25,-31.92,18.783783,0.1375,69.07,0,48440045568,0.18,15.776881672148793,12.133,-134.29088,40.55365814518937,32.68720850931306,4.5,-20.3,Overvalued by 31.92%. Balanced moderate growth candidate.
MKPL.NS,MKPL.NS,Consumer Defensive,Packaged Foods,5.87,0.415,0.4,0.5714285714285714,0.5,0.415,0,3.13,-46.55,26.590908,0.12129,2.694,0,2195926272,0,11.710797142268671,3.282,-16.7608016,1.5163077376583844,-6.2288247196135345,-3.6999999999999997,-50.0,Overvalued by 46.55%. Balanced moderate growth candidate.
ZAGGLE.NS,ZAGGLE.NS,Technology,Software - Infrastructure,302.4,0.415,0.4,0.5714285714285714,0.5,0.415,0,136.79,-54.83,35.629414,0.11467,1.351,0,40718778368,0,10.028491615665613,35.247,-93.5196224,51.999250784414656,28.002082473245892,42.9,57.599999999999994,Overvalued by 54.83%. Balanced moderate growth candidate.
INDIAGLYCO.NS,INDIAGLYCO.NS,Basic Materials,Chemicals,959.4,0.415,0.4,0.5714285714285714,0.5,0.415,0,603.27,-36.97,22.880707,0.114420004,85.85,0,64151314432,0.52,10.610174540184875,10.91,-446.2594048,10.232446080856894,-12.085504830422611,13.600000000000001,30.9,Overvalued by 36.97%. Balanced moderate growth candidate.
BALAMINES.NS,BALAMINES.NS,Basic Materials,Specialty Chemicals,1264.5,0.415,0.4,0.5714285714285714,0.5,0.415,0,767.19,-39.21,28.031986,0.07259,1.53,0,40953348096,0.87,11.570385417792723,13.370000000000001,-138.52288,-15.612911273816987,-24.664635795858068,-1.7999999999999998,-15.7,Overvalued by 39.21%. High Financial Strength (F-Score 7/9).
RVTH.NS,RVTH.NS,Industrials,Farm & Heavy Construction Machinery,699.95,0.415,0.4,0.5714285714285714,0.5,0.415,0,563.91,-19.44,20.382936,0.086210005,41.692,0,2157189120,0,23.15183438476144,-8.366,23.4175008,20.642218773322018,21.292402762207164,15.8,-84.6,High Financial Strength (F-Score 7/9).
HALEOSLABS.NS,HALEOSLABS.NS,Healthcare,Biotechnology,1146.0,0.415,0.4,0.5714285714285714,0.5,0.415,0,974.79,-14.94,18.531694,0.08992,31.368,0,3464686848,0.13,12.348752507797384,11.901,22.1552624,-1.0200189241013735,-7.395892270851856,3.6999999999999997,30.599999999999998,High Financial Strength (F-Score 7/9).
EXIDEIND.NS,EXIDEIND.NS,Consumer Cyclical,Auto Parts,321.15,0.415,0.4,0.5714285714285714,0.5,0.415,0,190.05,-40.82,34.60668,0.05558,11.151,0,273052860416,0.62,8.58332821743949,5.483,1057.129984,10.482953273686357,-43.323815172034905,-1.9,-25.7,Overvalued by 40.82%. High Financial Strength (F-Score 7/9).
ZENTEC.NS,ZENTEC.NS,Industrials,Aerospace & Defense,1362.8,0.415,0.4,0.5714285714285714,0.5,0.415,0,351.77,-74.19,49.52035,0.15868,0.976,0,122545717248,0.16,24.117868730987265,34.012002,200.7036288,140.77607030279657,420.69654531497946,-28.199999999999996,-9.0,Overvalued by 74.19%. High Financial Strength (F-Score 9/9).
SOLARINDS.NS,SOLARINDS.NS,Basic Materials,Specialty Chemicals,13916.0,0.415,0.4,0.5714285714285714,0.5,0.415,0,1360.55,-90.22,95.622894,0.30285,16.425,0,1259259559936,0.08,32.43120404717037,23.637,-659.3212416,24.341811347147924,39.9447770243917,21.4,20.7,Overvalued by 90.22%. High Financial Strength (F-Score 7/9).
FAZE3Q.NS,FAZE3Q.NS,Consumer Cyclical,Textile Manufacturing,385.1,0.415,0.4,0.5714285714285714,0.5,0.415,0,234.37,-39.14,27.68512,0.08245,54.853,0,9346732032,0,11.1944027986007,-1.126,-116.8037504,13.07359389062146,-7.322958412451907,36.1,0,Overvalued by 39.14%. High Financial Strength (F-Score 7/9).
SANDHAR.NS,SANDHAR.NS,Consumer Cyclical,Auto Parts,502.1,0.415,0.4,0.5714285714285714,0.5,0.415,0,364.33,-27.44,17.385735,0.15142,77.629,0,30282186752,0.71,12.3222063604333,5.856,-370.1202176,18.759150772375975,36.470292233757974,29.099999999999998,83.3,Overvalued by 27.44%. Balanced moderate growth candidate.
MANALIPETC.NS,MANALIPETC.NS,Basic Materials,Specialty Chemicals,59.26,0.4145025,0.0,0.8571428571428571,0.76335,0.4145025,0,65.04,8.4,21.276596,0.043909997,13.6,0,10319953920,0.84,4.505816503781166,5.011,-96.4300032,-18.75355156635843,-57.47356702565287,7.7,8999.5,Undervalued by ~9% (Graham). High Financial Strength (F-Score 7/9). Positive Market Sentiment.
FOSECOIND.NS,FOSECOIND.NS,Basic Materials,Chemicals,4639.6,0.41389729166666667,0.6,0.3333333333333333,0.5815375,0.41389729166666667,0,1270.17,-72.67,37.513725,0,0.424,0,35200901120,0.54,28.680469568114287,16.611,0,15.82890151866172,30.750765064624595,7.1,-13.8,Overvalued by 72.67%. Balanced moderate growth candidate.
VIJAYA.NS,VIJAYA.NS,Healthcare,Diagnostics & Research,994.7,0.41350149999999997,0.4,0.5714285714285714,0.49001,0.41350149999999997,0,166.94,-83.39,68.27445,0.19088,42.224,0,103411212288,0.2,27.360295281973173,29.548999999999996,134.3132032,13.795154361391004,9.26429868101144,10.2,2.9000000000000004,Overvalued by 83.39%. High Financial Strength (F-Score 7/9).
SANGINITA.NS,SANGINITA.NS,Basic Materials,Chemicals,11.28,0.41333333333333333,0.8,0.16666666666666666,0.5,0.41333333333333333,0,0,0,0,0,47.453,0,297090784,0,3.913801126503863,-5.3060003,0,15.628959132670639,14.124966411591778,-29.4,0,Strong technical uptrend (RSI/MACD bullish).
UJJIVANSFB.NS,UJJIVANSFB.NS,Financial Services,Banks - Regional,58.99,0.41333333333333333,0.8,0.16666666666666666,0.5,0.41333333333333333,0,39.7,-32.72,27.570091,0.06832,0,0,114398609408,0,9.146292299012218,16.996,0,26.961446300261827,20.538657379738723,-5.7,-47.9,Overvalued by 32.72%. Strong technical uptrend (RSI/MACD bullish).
TCI.NS,TCI.NS,Industrials,Integrated Freight & Logistics,1045.8,0.4119725,0.2,0.7142857142857143,0.61315,0.4119725,0,629.5,-39.59,18.452274,0.19636999,10.416,0,79949529088,1.2,20.709801480347604,7.9840004,-166.7588736,11.25531041081076,12.502635827050135,7.5,7.3,Overvalued by 39.59%. High Financial Strength (F-Score 7/9). Positive Market Sentiment.
BHEL.NS,BHEL.NS,Industrials,Specialty Industrial Machinery,267.45,0.41159625,0.6,0.42857142857142855,0.34397500000000003,0.41159625,0,50.3,-81.18,167.03125,0.02299,44.956,0,930743320576,0.19,4.456968038480564,6.729,-2920.0924672,10.721129651570816,6.177366686256569,14.099999999999998,260.0,Overvalued by 81.18%. High Financial Strength (F-Score 7/9).
HDFCLIFE.NS,HDFCLIFE.NS,Financial Services,Insurance - Life,743.2,0.41153949999999995,0.4,0.5714285714285714,0.47693,0.41153949999999995,0,124.48,-83.27,84.82326,0.11649,13.88,0,1604648828928,0.28,10.572259484878527,2.5139999,2622.9950464,10.123321184533228,10.919716691151816,-27.500000000000004,3.5000000000000004,Overvalued by 83.27%. High Financial Strength (F-Score 7/9).
DIXON.NS,DIXON.NS,Technology,Consumer Electronics,11103.0,0.410902,0.4,0.5714285714285714,0.47268,0.410902,0,2084.56,-81.23,43.12279,0.47032002,29.663,0,672185778176,0.07,53.352238768801676,3.131,396.016256,53.50257275959724,79.2649609450878,28.799999999999997,80.2,Overvalued by 81.23%. High Financial Strength (F-Score 7/9).
MOTILALOFS.NS,MOTILALOFS.NS,Financial Services,Capital Markets,861.55,0.41036249999999996,0.6,0.42857142857142855,0.33575,0.41036249999999996,0,399.09,-53.64,26.086363,0.16871001,121.038,0,517632851968,0.99,17.355005280706553,33.111000000000004,0,20.654447848252566,24.072486520955017,-38.7,-67.60000000000001,Overvalued by 53.64%. Balanced moderate growth candidate.
WHIRLPOOL.NS,WHIRLPOOL.NS,Consumer Cyclical,"Furnishings, Fixtures & Appliances",802.6,0.408859,0.4,0.5714285714285714,0.45906,0.408859,0,632.24,-21.17,29.047445,0.088599995,6.334,0,101755985920,0.62,13.528601593000117,0.364,76.7324992,8.533471976288753,-14.099029765277516,-3.8,59.0,Overvalued by 21.17%. High Financial Strength (F-Score 7/9).
ARVIND.NS,ARVIND.NS,Consumer Cyclical,Textile Manufacturing,305.05,0.4085555,0.2,0.7142857142857143,0.59037,0.4085555,0,227.42,-25.44,19.45153,0.11231,39.143,0,80089669632,1.23,12.750529827239513,7.386000500000001,52.2662496,1.8211876694520068,14.071070057336454,8.4,72.8,Overvalued by 25.44%. High Financial Strength (F-Score 7/9).
EPL.NS,EPL.NS,Consumer Cyclical,Packaging & Containers,206.99,0.4083425,0.2,0.7142857142857143,0.58895,0.4083425,0,153.98,-26.01,16.194553,0.17245,32.296,0,66656657408,2.42,17.51940545004129,14.023,208.2875008,6.887282616451396,18.747157495940513,11.0,19.5,Overvalued by 26.01%. High Financial Strength (F-Score 7/9).
KAMDHENU.NS,KAMDHENU.NS,Basic Materials,Steel,22.46,0.4080275,0.0,1.0,0.38685,0.4080275,0,26.98,19.93,9.07258,0.21488,0.156,0,6342367744,1.11,25.480367559222284,11.651000400000001,62.298688,7.625894593149751,31.521099094376638,0.5,18.4,Undervalued by ~20% (Graham). High Financial Strength (F-Score 9/9).
SCHNEIDER.NS,SCHNEIDER.NS,Industrials,Electrical Equipment & Parts,622.15,0.40759999999999996,0.4,0.5714285714285714,0.45066666666666666,0.40759999999999996,0,81.94,-86.87,57.61773,0.48913,80.084,0,149200912384,0,40.38053472909888,11.806999999999999,66.1662528,20.356762528649043,113.25560788667133,8.4,-3.5000000000000004,Overvalued by 86.87%. High Financial Strength (F-Score 7/9).
STAR.NS,STAR.NS,Healthcare,Drug Manufacturers - Specialty & Generic,796.25,0.407399,0.2,0.7142857142857143,0.58266,0.407399,0,538.47,-32.37,18.478765,0.16453,65.787,0,73392521216,0.5,15.971499575382683,14.902000000000001,294.6476288,13.268580852365929,98.38937316486656,1.6,36.8,Overvalued by 32.37%. High Financial Strength (F-Score 7/9).
ORKLAINDIA.NS,ORKLAINDIA.NS,Consumer Defensive,Packaged Foods,609.35,0.40731749999999994,0.4,0.5,0.61545,0.40731749999999994,0,287.25,-52.75,31.680563,0,2.462,0,83282608128,0,0,14.423001,0,0,0,4.9,-6.7,Overvalued by 52.75%. Positive Market Sentiment.
PVSL.NS,PVSL.NS,Consumer Cyclical,Auto & Truck Dealerships,121.35,0.4072,0.6,0.2857142857142857,0.648,0.4072,0,0,0,0,-0.04901,176.217,0,8543783936,0.36,6.318943647249599,1.1670000999999999,75.4223744,17.345030058876198,nan,1.2,-92.5,High Financial Strength (F-Score 7/9). Positive Market Sentiment.
GVT&D.NS,GVT&D.NS,Industrials,Specialty Industrial Machinery,2796.0,0.406867,0.4,0.5714285714285714,0.44578,0.406867,0,257.19,-90.79,77.405045,0.53129,1.46,0,714881892352,0.18,47.03487093299344,25.014999999999997,795.4925056,11.848648661523553,130.58310948200887,38.9,107.1,Overvalued by 90.79%. High Financial Strength (F-Score 7/9).
AARON.NS,AARON.NS,Industrials,Specialty Industrial Machinery,166.88,0.4066875,0.2,0.5714285714285714,0.91125,0.4066875,0,39.96,-75.93,49.7006,0.16944,72.439,0,3477115392,0.36,17.47446799418853,14.096,2.367625,27.318300623778736,30.498402506202748,21.6,-22.1,Overvalued by 75.93%. High Financial Strength (F-Score 7/9). Positive Market Sentiment.
AKUMS.NS,AKUMS.NS,Healthcare,Drug Manufacturers - Specialty & Generic,444.45,0.4061,0.2,0.7142857142857143,0.574,0.4061,0,310.32,-30.14,21.31478,0.107489996,2.85,0,68052934656,0,12.27378720142557,5.564,265.055872,3.7365203088168375,10.223237201908141,-1.5,-39.1,Overvalued by 30.14%. High Financial Strength (F-Score 7/9).
SGIL.NS,SGIL.NS,Industrials,Metal Fabrication,522.25,0.40499999999999997,0.8,0.14285714285714285,0.5,0.40499999999999997,0,127.46,-76.04,53.04088,0.18739,179.329,0,8268875776,0.19,15.22126126354116,7.869,-89.4025472,8.903006202922526,127.82328599462333,-19.0,-48.3,Overvalued by 76.04%. Strong technical uptrend (RSI/MACD bullish).
ZOTA.NS,ZOTA.NS,Healthcare,Biotechnology,1337.4,0.40499999999999997,0.8,0.14285714285714285,0.5,0.40499999999999997,0,0,0,0,-0.25682,56.9,0,40909651968,0.07,-21.22660867873789,-9.4510004,-106.1767488,30.709280504455606,nan,91.7,0,Strong technical uptrend (RSI/MACD bullish).
MIRCELECTR.NS,MIRCELECTR.NS,Consumer Cyclical,"Furnishings, Fixtures & Appliances",32.72,0.40499999999999997,0.8,0.14285714285714285,0.5,0.40499999999999997,0,0,0,0,-0.12784,31.055,0,12155444224,0,4.702091795216842,-11.598,-54.961664,-14.575014354721638,nan,7.9,0,Strong technical uptrend (RSI/MACD bullish).
CREDITACC.NS,CREDITACC.NS,Financial Services,Credit Services,1284.1,0.40499999999999997,0.8,0.14285714285714285,0.5,0.40499999999999997,0,290.17,-77.45,154.11975,0.01889,280.714,0,205915062272,0.76,3.3090234415770676,33.575,0,29.559769172372953,14.600605123610478,-8.3,-32.6,Overvalued by 77.45%. Strong technical uptrend (RSI/MACD bullish).
KARURVYSYA.NS,KARURVYSYA.NS,Financial Services,Banks - Regional,266.85,0.40456916666666665,0.6,0.3333333333333333,0.51935,0.40456916666666665,0,254.69,-4.97,12.310519,0.17764,0,0,259053879296,0.81,14.769200424857504,49.563,0,16.669897601099603,42.339762321998585,10.9,21.2,Balanced moderate growth candidate.
DLINKINDIA.NS,DLINKINDIA.NS,Technology,Communication Equipment,409.25,0.4045535,0.2,0.7142857142857143,0.56369,0.4045535,0,295.78,-27.42,13.945928,0.2274,2.353,0,14468226048,5.13,29.534121172366063,8.279,112.5859456,14.660172362846623,35.09404592567924,11.799999999999999,-5.0,Overvalued by 27.42%. High Financial Strength (F-Score 7/9).
VITAL.NS,VITAL.NS,Basic Materials,Specialty Chemicals,39.9,0.40425,0.4,0.42857142857142855,0.7616666666666667,0.40425,0,34.05,-14.66,34.102566,0.03349,70.621,0,955648896,0.81,5.808978672445256,3.7639998,-55.584864,32.46058705807479,-19.92080403424954,-2.1,-34.0,Positive Market Sentiment.
HEADSUP.NS,HEADSUP.NS,Consumer Cyclical,Apparel Retail,8.62,0.4037091666666667,0.0,0.8333333333333334,0.74695,0.4037091666666667,0,20.92,142.38,3.7850878,0.30604,0,0,190572912,0,4.975023802381543,0.58099995,-2.3308876,13.414741182488399,-36.17388849305716,0,191.70000000000002,DCF Undervalued by 142.38%. Undervalued by ~142% (Graham). Positive Market Sentiment.
MARATHON.NS,MARATHON.NS,Real Estate,Real Estate - Development,500.35,0.4036875,0.0,0.8571428571428571,0.69125,0.4036875,0,553.39,12.02,11.838006,0.1396,2.665,0,33305749504,0.2,15.26162308208815,35.625,20.4897504,21.940041837171997,69.1879536839608,-20.0,3.5999999999999996,Undervalued by ~10% (Graham). Positive Market Sentiment.
MOIL.NS,MOIL.NS,Basic Materials,Other Industrial Metals & Mining,349.1,0.4033252083333333,0.2,0.6666666666666666,0.6666125,0.4033252083333333,0,210.24,-39.67,23.547297,0.113570005,0,0,70914596864,0.98,14.748176048023684,17.087999,42.7276256,3.205346868946468,0.40967098258535284,19.2,40.699999999999996,Overvalued by 39.67%. High Financial Strength (F-Score 7/9). Positive Market Sentiment.
LAXMIINDIA.NS,LAXMIINDIA.NS,Financial Services,Credit Services,108.45,0.40331999999999996,0.4,0.5,0.5888,0.40331999999999996,0,122.86,13.23,14.220183,0,256.533,0,5671064576,0,3.416738592471734,33.098,0,33.55815160008766,34.944535191488214,38.3,-10.8,Undervalued by ~13% (Graham).
SENCO.NS,SENCO.NS,Consumer Cyclical,Luxury Goods,332.95,0.40298449999999997,0.4,0.42857142857142855,0.7532300000000001,0.40298449999999997,0,211.05,-36.72,21.684006,0.14126,116.632,0,54600065024,0.3,9.13070500247907,5.6950003,-901.8450944,21.469265908268586,7.259503036818682,2.4,282.1,Overvalued by 36.72%. Positive Market Sentiment.
APOLLO.NS,APOLLO.NS,Industrials,Aerospace & Defense,247.8,0.40283349999999996,0.6,0.2857142857142857,0.6188899999999999,0.40283349999999996,0,42.18,-82.98,101.14285,0.09664,33.483,0,91565293568,0.1,11.031243831096914,24.168,-480.0963584,32.214992139222076,56.82546753642372,40.2,69.19999999999999,Overvalued by 82.98%. Positive Market Sentiment.
PAYTM.NS,PAYTM.NS,Technology,Software - Infrastructure,1313.3,0.4026955,0.6,0.2857142857142857,0.61797,0.4026955,0,0,0,0,-0.04086,1.045,0,836764368896,0,-4.183215247979244,0.19400001,3528.7875584,10.74827590976206,nan,24.2,-97.8,Positive Market Sentiment.
VENKEYS.NS,VENKEYS.NS,Consumer Defensive,Farm Products,1554.7,0.40263,0.6,0.42857142857142855,0.2842,0.40263,0,614.91,-60.46,95.28187,0.01588,13.056,0,21905807360,0.64,10.913208183799911,-5.045,-5.9175,-9.27371246972266,-10.884184583981993,3.4000000000000004,0,Overvalued by 60.46%. High Financial Strength (F-Score 7/9).
SUNTV.NS,SUNTV.NS,Communication Services,Broadcasting,553.5,0.40167125000000004,0.2,0.7142857142857143,0.544475,0.40167125000000004,0,538.34,-3.0,13.513514,0.13670999,1.183,0,218716962816,2.71,19.148934343469033,29.275000000000002,-391.2237568,3.8506717905002263,1.226024678162685,39.1,-13.4,High Financial Strength (F-Score 7/9).
GMBREW.NS,GMBREW.NS,Consumer Defensive,Beverages - Wineries & Distilleries,1033.6,0.40166666666666667,0.6,0.3333333333333333,0.5,0.40166666666666667,0,831.77,-19.64,14.491739,0,0.124,0,23646566400,0.73,16.14549954519323,6.354000399999999,0,11.573230965886028,11.39341418310147,25.5,91.4,Balanced moderate growth candidate.
XELPMOC.NS,XELPMOC.NS,Technology,Information Technology Services,129.18,0.40166666666666667,0.6,0.3333333333333333,0.5,0.40166666666666667,0,0,0,0,0,0.36,0,2090716800,0,-12.417759380387096,-283.129,0,-21.48616762718958,nan,-53.7,0,Balanced moderate growth candidate.
SENORES.NS,SENORES.NS,Healthcare,Drug Manufacturers - General,803.15,0.40166666666666667,0.6,0.3333333333333333,0.5,0.40166666666666667,0,286.38,-64.21,36.08931,0,28.895,0,36847472640,0,8.335854072138961,25.6,0,200.77831577917848,289.5015029973295,60.699999999999996,66.8,Overvalued by 64.21%. Balanced moderate growth candidate.
SILGO.NS,SILGO.NS,Consumer Cyclical,Luxury Goods,69.89,0.40166666666666667,0.6,0.3333333333333333,0.5,0.40166666666666667,0,52.07,-24.32,27.41036,0.062470004,0,0,1800272256,0,10.676570028471309,17.683001,-51.4778752,8.418054479916126,24.76249882241852,81.5,39.5,Overvalued by 24.32%. Balanced moderate growth candidate.
TATAINVEST.NS,TATAINVEST.NS,Financial Services,Capital Markets,663.8,0.40166666666666667,0.6,0.3333333333333333,0.5,0.40166666666666667,0,297.09,-55.28,106.458336,0.01026,0,0,336390291456,0.41,0,92.666,210.148736,14.603084802612143,13.359153113327714,8.200000000000001,19.8,Overvalued by 55.28%. High Financial Strength (F-Score 7/9).
CUB.NS,CUB.NS,Financial Services,Banks - Regional,276.5,0.40166666666666667,0.6,0.3333333333333333,0.5,0.40166666666666667,0,220.96,-19.94,17.037037,0.12852,0,0,204819136512,0.72,9.981554455158463,47.612,0,6.319802344911207,13.912484197682652,17.599999999999998,15.4,Balanced moderate growth candidate.
JBCHEPHARM.NS,JBCHEPHARM.NS,Healthcare,Drug Manufacturers - Specialty & Generic,1856.3,0.40166666666666667,0.6,0.3333333333333333,0.5,0.40166666666666667,0,510.01,-72.53,39.08,0,1.075,0,297815605248,0.83,26.053096108753316,23.524,0,16.79219063914681,19.619140278899884,10.5,21.6,Overvalued by 72.53%. Balanced moderate growth candidate.
RAJRATAN.NS,RAJRATAN.NS,Basic Materials,Steel,437.45,0.40166666666666667,0.6,0.3333333333333333,0.5,0.40166666666666667,0,191.76,-56.16,31.791426,0,61.82,0,22308343808,0.46,13.249714364633947,11.0769995,0,1.5734873436808128,-22.088697622812415,38.1,123.0,Overvalued by 56.16%. Balanced moderate growth candidate.
HEALTHX.NS,HEALTHX.NS,Healthcare,Pharmaceutical Retailers,311.6,0.40166666666666667,0.6,0.3333333333333333,0.5,0.40166666666666667,0,198.8,-36.61,38.243904,0,0.588,0,9975773184,0,-30.371190871078163,0.303,0,20.045444456504246,nan,33.4,0,Overvalued by 36.61%. Balanced moderate growth candidate.
BLS.NS,BLS.NS,Industrials,Specialty Business Services,306.55,0.401417,0.2,0.7142857142857143,0.54278,0.401417,0,130.38,-57.1,20.829334,0.31094,16.545,0,125112918016,0.33,32.71992850907368,25.826999999999998,387.7371136,37.16562381534765,65.91665794355718,48.8,26.5,Overvalued by 57.1%. High Financial Strength (F-Score 7/9).
LICI.NS,LICI.NS,Financial Services,Insurance - Life,822.15,0.401258,0.2,0.7142857142857143,0.54172,0.401258,0,591.59,-28.04,10.177644,0.44623002,-0.26,0,5200097050624,1.49,38.115724261295156,0.8630000000000001,41364.2391552,7.02871867862902,127.11486159327077,4.3,-81.69999999999999,Overvalued by 28.04%. High Financial Strength (F-Score 7/9).
360ONE.NS,360ONE.NS,Financial Services,Asset Management,1149.2,0.4012255,0.6,0.2857142857142857,0.60817,0.4012255,0,379.55,-67.25,41.833935,0.16991,147.235,0,469627305984,1.04,12.345781751566456,60.828996000000004,-2186.801152,20.80874415970475,20.675928684243882,24.4,16.8,Overvalued by 67.25%. Positive Market Sentiment.
RELIGARE.NS,RELIGARE.NS,Financial Services,Insurance - Life,243.51,0.4006225,0.6,0.2857142857142857,0.60415,0.4006225,0,79.02,-67.47,76.63406,0.03903,8.066,0,81039007744,0,10.494765486232513,2.3610001,686.8880384,44.02965095684874,-56.71626792285394,5.800000000000001,-25.3,Overvalued by 67.47%. Positive Market Sentiment.
PAR.NS,PAR.NS,Healthcare,Drug Manufacturers - Specialty & Generic,92.71,0.40031916666666667,0.0,0.8333333333333334,0.72435,0.40031916666666667,0,123.91,33.94,11.739848,0.095340006,0,0,1138301952,0,18.108530546633542,17.883,12.3170872,10.659007085363692,13.181208039444737,-17.299999999999997,-51.9,DCF Undervalued by 33.94%. Undervalued by ~33% (Graham). High Financial Strength (F-Score 7/9). Positive Market Sentiment.
GENSOL.NS,GENSOL.NS,Technology,Solar,25.38,0.40006349999999996,0.4,0.5,0.56709,0.40006349999999996,0,282.08,1011.43,1.1141351,0,228.07,0,976140736,0,10.624288733539263,15.968001000000001,0,139.45049438724843,165.27543024897548,56.39999999999999,27.800000000000004,DCF Undervalued by 1011.43%. Undervalued by ~1011% (Graham).
NARMADA.NS,NARMADA.NS,Basic Materials,Agricultural Inputs,27.33,0.39933,0.6,0.2857142857142857,0.5955333333333334,0.39933,0,11.71,-57.41,68.725,0.09915,18.194,0,1053086272,0,9.1788519202776,10.38,-18.7789632,23.373824320594426,88.7821086401438,16.2,-71.89999999999999,Overvalued by 57.41%. Balanced moderate growth candidate.
AKASH.NS,AKASH.NS,Industrials,Engineering & Construction,23.75,0.39885125,0.2,0.7142857142857143,0.525675,0.39885125,0,32.19,35.53,25.815216,0.018509999,102.888,0,400485216,0,2.850582341037637,-0.10800001000000001,-0.9277625,-7.204202015787975,-27.351147204259785,31.1,0,DCF Undervalued by 35.53%. Undervalued by ~35% (Graham). High Financial Strength (F-Score 7/9).
LTTS.NS,LTTS.NS,Technology,Information Technology Services,4243.8,0.3985075,0.2,0.7142857142857143,0.5233833333333333,0.3985075,0,1258.5,-70.32,35.180885,0.2152,10.149,0,449394704384,1.32,29.559210526315788,13.364999999999998,1159.8944256,17.54594463388319,9.79619190098897,15.8,2.8000000000000003,Overvalued by 70.32%. High Financial Strength (F-Score 7/9).
ENDURANCE.NS,ENDURANCE.NS,Consumer Cyclical,Auto Parts,2520.4,0.3980275,0.4,0.5714285714285714,0.38685,0.3980275,0,792.67,-68.73,40.39197,0.15271,19.638,0,356580327424,0.4,17.22768105260614,8.285,183.2948736,15.270251414365354,21.989085119435426,23.0,12.0,Overvalued by 68.73%. High Financial Strength (F-Score 7/9).
HATHWAY.NS,HATHWAY.NS,Communication Services,Entertainment,12.01,0.3980225,0.0,0.8571428571428571,0.6534833333333333,0.3980225,0,17.65,46.6,21.89091,0.02229,0.212,0,21312057344,0,2.88296630115492,0.8370000000000001,128.6462464,3.284546781123532,-10.718890408510651,4.7,-30.8,DCF Undervalued by 46.6%. Undervalued by ~46% (Graham). High Financial Strength (F-Score 9/9). Positive Market Sentiment.
SMCGLOBAL.NS,SMCGLOBAL.NS,Financial Services,Capital Markets,85.51,0.3979525,0.6,0.2857142857142857,0.58635,0.3979525,0,79.39,-7.69,18.415417,0.08094,162.127,0,18028087296,1.4,13.53418155999075,6.7140006,0,14.660730984018988,-5.814242931444014,-2.6,-54.50000000000001,Balanced moderate growth candidate.
EXCEL.NS,EXCEL.NS,Industrials,Conglomerates,1.2,0.396846875,0.4,0.42857142857142855,0.7123125,0.396846875,0,0.6,-49.89,120.00001,0.00087,0.492,0,1723427584,0,0.41137282654000845,-46.592,12.8783288,15.932018957881633,-44.04519867485459,-63.0,0,Overvalued by 49.89%. High Financial Strength (F-Score 7/9). Positive Market Sentiment.
LODHA.NS,LODHA.NS,Real Estate,Real Estate - Development,1058.8,0.3968175,0.2,0.7142857142857143,0.5121166666666667,0.3968175,0,399.88,-62.26,31.769117,0.16833,45.111,0,1058458238976,0.4,15.379959058191664,27.311000000000003,429.9500032,14.331504944552243,31.981198780118582,44.7,86.1,Overvalued by 62.26%. High Financial Strength (F-Score 7/9).
OPTIEMUS.NS,OPTIEMUS.NS,Technology,Electronics & Computer Distribution,399.8,0.39514249999999995,0.4,0.42857142857142855,0.70095,0.39514249999999995,0,119.38,-70.14,51.19078,0.11208,32.446,0,35457773568,0,13.428579446687769,6.601,-129.8453632,59.61891596928008,309.5813710412899,-12.2,17.5,Overvalued by 70.14%. Positive Market Sentiment.
MOLDTKPAC.NS,MOLDTKPAC.NS,Consumer Cyclical,Packaging & Containers,586.85,0.395,0.2,0.7142857142857143,0.5,0.395,0,303.95,-48.53,28.917728,0.10493,34.014,0,19621672960,0.68,11.684860064010701,11.736,-82.9779776,7.396481002763666,-1.6520394803426153,9.6,9.6,Overvalued by 48.53%. High Financial Strength (F-Score 7/9).
TAJGVK.NS,TAJGVK.NS,Consumer Cyclical,Lodging,414.05,0.395,0.2,0.7142857142857143,0.5,0.395,0,225.78,-45.54,20.145773,0.20389,11.957,0,25996040192,0.48,20.984256921567983,28.457,3.2510876,26.013538811037407,112.35682765336676,-0.2,13.700000000000001,Overvalued by 45.54%. High Financial Strength (F-Score 7/9).
MAYURUNIQ.NS,MAYURUNIQ.NS,Consumer Cyclical,Textile Manufacturing,484.8,0.395,0.2,0.7142857142857143,0.5,0.395,0,431.48,-10.69,13.670062,0.16171,0.735,0,21027147776,1.03,21.02452700878486,17.934998999999998,62.0109504,10.286625223830415,16.519591339268167,15.5,3.4000000000000004,High Financial Strength (F-Score 9/9).
LAOPALA.NS,LAOPALA.NS,Consumer Cyclical,"Furnishings, Fixtures & Appliances",200.44,0.395,0.2,0.7142857142857143,0.5,0.395,0,121.55,-39.28,21.999998,0.12482,1.046,0,22266214400,3.74,15.976456701460517,33.053002,-29.8695136,0.37623221677818286,3.3981500841064882,0.3,11.1,Overvalued by 39.28%. High Financial Strength (F-Score 7/9).
DCMSHRIRAM.NS,DCMSHRIRAM.NS,Industrials,Conglomerates,1181.1,0.395,0.2,0.7142857142857143,0.5,0.395,0,689.0,-41.68,25.845549,0.10277,30.055,0,183270375424,1.07,11.180984071939754,5.81,-311.9875072,7.809216193572599,-17.27412050578647,10.6,151.0,Overvalued by 41.68%. High Financial Strength (F-Score 7/9).
SAKSOFT.NS,SAKSOFT.NS,Technology,Information Technology Services,184.06,0.395,0.2,0.7142857142857143,0.5,0.395,0,107.28,-41.58,19.64171,0.19754,7.303,0,23474544640,0.49,22.293455226418484,18.311000999999997,81.750912,22.49311262587037,19.8098886956112,20.1,33.5,Overvalued by 41.58%. High Financial Strength (F-Score 7/9).
MEDICO.NS,MEDICO.NS,Healthcare,Drug Manufacturers - Specialty & Generic,46.96,0.395,0.2,0.7142857142857143,0.5,0.395,0,15.77,-66.79,34.664234,0.18546,18.737,0,3940910336,0,18.817634824046248,3.7699999999999996,-3.7587876,7.897753393398732,28.007206511861305,33.800000000000004,63.2,Overvalued by 66.79%. High Financial Strength (F-Score 7/9).
TIMETECHNO.NS,TIMETECHNO.NS,Consumer Cyclical,Packaging & Containers,182.32,0.395,0.2,0.7142857142857143,0.5,0.395,0,118.33,-35.12,19.654095,0.14594,21.955,0,90055475200,0.69,17.040250066155217,11.777999999999999,109.2458624,14.347795274307028,27.30891283678316,10.299999999999999,17.299999999999997,Overvalued by 35.12%. High Financial Strength (F-Score 7/9).
GALAPREC.NS,GALAPREC.NS,Industrials,Specialty Industrial Machinery,734.75,0.395,0.2,0.7142857142857143,0.5,0.395,0,334.72,-53.84,31.225237,0.1173,8.821,0,9244587008,0,13.210940293171255,12.309000000000001,-42.684624,18.103311102066822,59.37197258455551,39.4,30.3,Overvalued by 53.84%. High Financial Strength (F-Score 7/9).
LICHSGFIN.NS,LICHSGFIN.NS,Financial Services,Mortgage Finance,535.25,0.395,0.2,0.7142857142857143,0.5,0.395,0,1257.78,134.46,5.342595,0.1531,679.251,0,295081279488,1.87,1.8219346709022681,84.409,0,13.089152516073344,33.53313792195516,1.7999999999999998,1.6,DCF Undervalued by 134.46%. Undervalued by ~134% (Graham).
FMGOETZE.NS,FMGOETZE.NS,Consumer Cyclical,Auto Parts,446.95,0.395,0.2,0.7142857142857143,0.5,0.395,0,422.75,-5.21,13.7273,0.13992,0.143,0,24811929600,0,18.970670304262747,12.079000500000001,81.7686976,9.598156624894427,44.19844191643969,5.800000000000001,28.799999999999997,High Financial Strength (F-Score 9/9).
KSOLVES.NS,KSOLVES.NS,Technology,Software - Application,279.25,0.395,0.2,0.7142857142857143,0.5,0.395,0,64.22,-76.9,21.270084,0.94671,7.526,0,6591936000,6.27,155.07084666469498,28.445998,17.158288,42.928889886866806,29.252620283861532,13.900000000000002,-8.4,Overvalued by 76.9%. High Financial Strength (F-Score 7/9).
TALBROAUTO.NS,TALBROAUTO.NS,Consumer Cyclical,Auto Parts,275.9,0.395,0.2,0.7142857142857143,0.5,0.395,0,196.2,-29.42,17.92392,0.14993,12.625,0,17160426496,0.25,18.446186310490283,11.0319994,0.5862,15.11557350130146,28.135614396648133,-1.0,-1.3,Overvalued by 29.42%. High Financial Strength (F-Score 7/9).
ARIHANTCAP.NS,ARIHANTCAP.NS,Financial Services,Capital Markets,88.29,0.395,0.2,0.7142857142857143,0.5,0.395,0,61.28,-30.99,21.24402,0.11662,51.095,0,9689217024,0.57,20.244235735472106,33.916000000000004,0,12.848405322014544,5.2417732846082865,-28.000000000000004,-34.4,Overvalued by 30.99%. High Financial Strength (F-Score 7/9).
ALLDIGI.NS,ALLDIGI.NS,Industrials,Specialty Business Services,807.8,0.395,0.2,0.7142857142857143,0.5,0.395,0,414.89,-48.52,17.116161,0.27868,33.037,0,12282090496,7.43,44.15969786889668,14.374,64.6150016,19.867649841483527,32.709629084340094,12.2,45.0,Overvalued by 48.52%. High Financial Strength (F-Score 7/9).
BIOFILCHEM.NS,BIOFILCHEM.NS,Healthcare,Drug Manufacturers - Specialty & Generic,32.67,0.395,0.2,0.7142857142857143,0.5,0.395,0,22.4,-33.44,19.228573,0.144,0.094,0,550769728,0,4.014979561520602,0.822,-1.5812125,14.276462099082421,-7.219204232996779,460.1,400.0,Overvalued by 33.44%. High Financial Strength (F-Score 7/9).
INTELLECT.NS,INTELLECT.NS,Technology,Software - Application,915.05,0.395,0.2,0.7142857142857143,0.5,0.395,0,369.53,-59.64,32.270004,0.14473,3.007,0,126680547328,0.44,16.077608440713025,13.805,334.1318656,10.002030437040176,-1.5823236419165498,35.8,92.5,Overvalued by 59.64%. High Financial Strength (F-Score 7/9).
NATHBIOGEN.NS,NATHBIOGEN.NS,Basic Materials,Agricultural Inputs,148.31,0.395,0.2,0.7142857142857143,0.5,0.395,0,425.53,186.55,6.3788657,0.06691,22.774,0,2822094080,1.35,6.582970807463622,11.6689995,-49.968576,9.444011969979083,-16.950009385601106,36.199999999999996,164.2,DCF Undervalued by 186.55%. Undervalued by ~186% (Graham).
CPCAP.NS,CPCAP.NS,Financial Services,Credit Services,109.36,0.395,0.2,0.7142857142857143,0.5,0.395,0,378.62,244.98,5.223703,0.0687,14.352,0,2000035072,4.57,9.525790271541307,84.031,-227.5002624,3.851963972421224,18.855830343055825,-37.2,-21.4,DCF Undervalued by 244.98%. Undervalued by ~246% (Graham).
HMVL.NS,HMVL.NS,Communication Services,Publishing,69.08,0.395,0.2,0.7142857142857143,0.5,0.395,0,232.43,236.85,6.0686016,0.054920003,5.327,0,5072522752,0,5.634349102098336,-7.457,75.538752,3.4705391227842775,24.20801725874815,14.499999999999998,-27.1,DCF Undervalued by 236.85%. Undervalued by ~236% (Graham).
MFML.NS,MFML.NS,Consumer Cyclical,Textile Manufacturing,24.15,0.395,0.2,0.7142857142857143,0.5,0.395,0,101.9,321.26,4.809145,0.05667,65.601,0,256904464,0,8.873429087546473,6.022,-37.4675264,0,0,-33.900000000000006,0,DCF Undervalued by 321.26%. Undervalued by ~321% (Graham).
BELRISE.NS,BELRISE.NS,Consumer Cyclical,Auto Parts,173.0,0.395,0.2,0.7142857142857143,0.5,0.395,0,83.78,-51.57,33.789062,0.12213001,28.531,0,153949093888,0.32,13.252719691887973,8.908000000000001,-446.6829312,16.063983602667232,10.72375042570064,13.8,63.0,Overvalued by 51.57%. High Financial Strength (F-Score 7/9).
REMSONSIND.NS,REMSONSIND.NS,Consumer Cyclical,Auto Parts,115.72,0.395,0.2,0.7142857142857143,0.5,0.395,0,63.71,-45.12,24.914164,0.16326,71.804,0,4049426688,0.26,13.943899773447155,8.1590004,12.9353872,9.55148946686375,46.7934457687883,26.6,28.9,Overvalued by 45.12%. High Financial Strength (F-Score 7/9).
ABBOTINDIA.NS,ABBOTINDIA.NS,Healthcare,Drug Manufacturers - Specialty & Generic,27880.0,0.395,0.2,0.7142857142857143,0.5,0.395,0,5494.76,-80.28,39.187553,0.40068,4.549,0,592005562368,1.7,44.84556417797621,27.517998,1593.5850496,9.273508633980088,20.985581179348877,7.6,15.8,Overvalued by 80.28%. High Financial Strength (F-Score 7/9).
GPTINFRA.NS,GPTINFRA.NS,Industrials,Engineering & Construction,107.6,0.395,0.2,0.7142857142857143,0.5,0.395,0,83.79,-22.33,14.941829,0.17287001,33.327,0,13632212992,3.72,18.089216643725536,11.891,-37.6523136,20.73352697073416,48.72343805683887,-3.1,17.0,Overvalued by 22.33%. High Financial Strength (F-Score 7/9).
CSLFINANCE.NS,CSLFINANCE.NS,Financial Services,Credit Services,289.6,0.395,0.2,0.7142857142857143,0.5,0.395,0,450.84,54.4,8.236954,0.15006,137.222,0,6566345216,1.04,8.386395939283332,77.795,-196.453888,42.96656637641647,29.171782598666816,17.5,37.4,DCF Undervalued by 54.4%. Undervalued by ~55% (Graham).
GANDHITUBE.NS,GANDHITUBE.NS,Industrials,Metal Fabrication,754.55,0.395,0.2,0.7142857142857143,0.5,0.395,0,538.69,-28.22,13.737873,0.25287,0.04,0,9120075776,1.99,28.94809628944183,41.988,33.6058496,8.366214919382365,15.013291026456344,-1.2,2.6,Overvalued by 28.22%. High Financial Strength (F-Score 9/9).
HEXT.NS,HEXT.NS,Technology,Information Technology Services,712.75,0.395,0.2,0.7142857142857143,0.5,0.395,0,229.67,-67.78,31.44464,0.24176,10.008,0,434130616320,3.23,29.825085403871643,14.758,731.1000064,18.601310080651846,16.250918614164924,11.1,21.6,Overvalued by 67.78%. High Financial Strength (F-Score 7/9).
BBTC.NS,BBTC.NS,Consumer Defensive,Packaged Foods,1846.3,0.395,0.2,0.7142857142857143,0.5,0.395,0,1807.69,-2.21,11.416749,0.30644,30.298,0,129374281728,0.99,44.84475727523064,18.538,1693.2442112,7.716304854956668,160.63741539223298,3.9,-4.3999999999999995,High Financial Strength (F-Score 7/9).
KANPRPLA.NS,KANPRPLA.NS,Consumer Cyclical,Packaging & Containers,170.42,0.395,0.2,0.7142857142857143,0.5,0.395,0,159.55,-3.89,14.372294,0.1275,56.258,0,3986067968,0.53,9.304683644543399,7.484,-1.8035124,0.18428077940506604,-24.88074198451473,9.0,332.5,High Financial Strength (F-Score 7/9).
JAYSREETEA.NS,JAYSREETEA.NS,Consumer Defensive,Farm Products,85.57,0.395,0.2,0.7142857142857143,0.5,0.395,0,265.06,210.38,4.0627975,0.16311,91.73,0,2472479232,0.58,15.789277891143715,10.4729995,-134.8318336,7.590780988893431,74.9532897563005,-11.200000000000001,-35.699999999999996,DCF Undervalued by 210.38%. Undervalued by ~209% (Graham).
DODLA.NS,DODLA.NS,Consumer Defensive,Food Distribution,1218.8,0.395,0.2,0.7142857142857143,0.5,0.395,0,496.52,-59.15,28.171494,0.1844,3.614,0,73334480896,0.33,24.962919077158986,7.0879996,180.120128,18.36441124153856,25.085011654701784,2.1,3.3000000000000003,Overvalued by 59.15%. High Financial Strength (F-Score 7/9).
GSPL.NS,GSPL.NS,Utilities,Utilities - Regulated Gas,305.55,0.395,0.2,0.7142857142857143,0.5,0.395,0,294.65,-3.96,16.820175,0.10007,0.876,0,173545701376,1.64,19.505123888145086,10.8059995,1293.5806976,-1.2100730380176783,-12.140923545324512,0.4,-7.3999999999999995,High Financial Strength (F-Score 9/9).
PUNJABCHEM.NS,PUNJABCHEM.NS,Basic Materials,Chemicals,1078.0,0.395,0.2,0.7142857142857143,0.5,0.395,0,559.67,-48.18,25.298666,0.13915,31.02,0,13332840448,0.28,13.53423817191933,7.678,15.2912496,-1.2540380925053274,-22.446391887954643,5.4,49.9,Overvalued by 48.18%. High Financial Strength (F-Score 7/9).
ROLEXRINGS.NS,ROLEXRINGS.NS,Industrials,Metal Fabrication,120.53,0.395,0.2,0.7142857142857143,0.5,0.395,0,78.38,-34.95,18.88558,0.15564,0.01,0,32813416448,0,19.126490495444738,16.771,125.1996288,4.299351639858395,9.678635383266098,-9.6,-4.3999999999999995,Overvalued by 34.95%. High Financial Strength (F-Score 9/9).
SESHAPAPER.NS,SESHAPAPER.NS,Basic Materials,Paper & Paper Products,230.68,0.395,0.2,0.7142857142857143,0.5,0.395,0,319.3,38.74,16.997784,0.04097,3.807,0,14536757248,1.08,6.382290147131278,4.377000000000001,-191.303744,9.475591727009425,-0.2581950070001615,-13.100000000000001,-21.4,DCF Undervalued by 38.74%. Undervalued by ~38% (Graham).
DRCSYSTEMS.NS,DRCSYSTEMS.NS,Technology,Information Technology Services,16.75,0.395,0.2,0.7142857142857143,0.5,0.395,0,12.24,-26.09,13.57377,0.24643,4.245,0,2409258752,0,26.185064884798905,19.665001,-5.3345376,49.66566543727464,177.79549122283856,41.5,29.2,Overvalued by 26.09%. High Financial Strength (F-Score 7/9).
BALRAMCHIN.NS,BALRAMCHIN.NS,Consumer Defensive,Confectioners,425.25,0.395,0.2,0.7142857142857143,0.5,0.395,0,295.51,-30.45,21.255629,0.10847,19.761,0,85808734208,1.65,10.196082156489501,4.5539998,-239.7247488,4.296825720680952,-2.0291423952030763,28.7,-19.900000000000002,Overvalued by 30.45%. High Financial Strength (F-Score 7/9).
HERITGFOOD.NS,HERITGFOOD.NS,Consumer Defensive,Packaged Foods,443.05,0.395,0.2,0.7142857142857143,0.5,0.395,0,216.9,-50.99,23.782911,0.17846,21.029,0,41142894592,0.56,24.639510481308317,5.131,-103.0943744,15.547437178748403,24.926762456996055,9.1,5.0,Overvalued by 50.99%. High Financial Strength (F-Score 7/9).
CERA.NS,CERA.NS,Industrials,Building Products & Equipment,5096.5,0.395,0.2,0.7142857142857143,0.5,0.395,0,2085.75,-59.1,28.029678,0.1817,4.352,0,65764691968,1.28,23.185471627452742,11.746000500000001,87.4677888,9.272809816758265,17.718044440359428,-0.8999999999999999,-16.1,Overvalued by 59.1%. High Financial Strength (F-Score 7/9).
GUJGASLTD.NS,GUJGASLTD.NS,Utilities,Utilities - Regulated Gas,414.5,0.395,0.2,0.7142857142857143,0.5,0.395,0,215.08,-47.98,25.505863,0.1339,1.739,0,284974579712,1.4,18.633298938470887,8.279,-860.5049856,0.004700866187312691,-3.73837661098696,0,-8.9,Overvalued by 47.98%. High Financial Strength (F-Score 7/9).
BALAJEE.NS,BALAJEE.NS,Consumer Cyclical,Packaging & Containers,38.97,0.395,0.2,0.7142857142857143,0.5,0.395,0,43.93,11.93,17.139738,0.06781,63.12,0,3201655808,0,12.858376161216581,3.1879999999999997,-28.0900992,8.942382810828487,35.47861963777918,-8.3,-74.3,Undervalued by ~12% (Graham).
JAIBALAJI.NS,JAIBALAJI.NS,Basic Materials,Steel,65.87,0.395,0.2,0.7142857142857143,0.5,0.395,0,41.59,-36.69,20.791138,0.14116,20.642,0,60017479680,0,31.1685552407932,3.016,-273.01376,11.368501286098365,126.41356481703107,-13.100000000000001,-82.8,Overvalued by 36.69%. High Financial Strength (F-Score 7/9).
OBEROIRLTY.NS,OBEROIRLTY.NS,Real Estate,Real Estate - Development,1648.4,0.395,0.2,0.7142857142857143,0.5,0.395,0,798.12,-51.53,26.779963,0.1416,18.083,0,599065493504,0.49,16.851048652357324,55.471002999999996,169.5329792,25.064101587815337,28.5723571070881,34.8,28.999999999999996,Overvalued by 51.53%. High Financial Strength (F-Score 7/9).
RKEC.NS,RKEC.NS,Industrials,Engineering & Construction,51.43,0.395,0.2,0.7142857142857143,0.5,0.395,0,114.35,124.21,6.1077843,0.083129995,99.446,0,1223520640,0,11.753925512474238,13.555,-72.2647488,26.084625650570725,41.19208078546735,-59.599999999999994,-63.5,DCF Undervalued by 124.21%. Undervalued by ~122% (Graham).
STARTECK.NS,STARTECK.NS,Financial Services,Credit Services,270.35,0.395,0.2,0.7142857142857143,0.5,0.395,0,305.59,13.18,16.697588,0.06692,108.108,0,2701100032,0.09,2.5064241019427422,81.69899600000001,0,4.258672272312247,0.7609743433512062,102.89999999999999,105.2,Undervalued by ~13% (Graham). High Financial Strength (F-Score 7/9).
WAAREEINDO.NS,WAAREEINDO.NS,Technology,Solar,487.65,0.395,0.2,0.7142857142857143,0.5,0.395,0,237.66,-50.64,9.385965,2.2037601,1.522,0,20032178176,0,77.2905209964901,30.368000000000002,109.4843392,inf,-23.490421420759933,619.4,388.6,Overvalued by 50.64%. High Financial Strength (F-Score 7/9).
AHLUCONT.NS,AHLUCONT.NS,Industrials,Engineering & Construction,895.6,0.395,0.2,0.7142857142857143,0.5,0.395,0,503.56,-43.66,22.783585,0.14632,3.881,0,59882639360,0.07,17.284457742388607,9.031,148.8376576,15.34069912500502,9.193298926187143,16.400000000000002,103.3,Overvalued by 43.66%. High Financial Strength (F-Score 7/9).
SIYSIL.NS,SIYSIL.NS,Consumer Cyclical,Textile Manufacturing,606.1,0.395,0.2,0.7142857142857143,0.5,0.395,0,555.25,-8.5,13.19239,0.16375,30.58,0,27540488192,2.64,19.15730098355731,12.279,10.9501128,5.263740885473878,-3.0389264294674145,16.1,27.1,High Financial Strength (F-Score 7/9).
DDEVPLSTIK.NS,DDEVPLSTIK.NS,Basic Materials,Specialty Chemicals,289.45,0.395,0.2,0.7142857142857143,0.5,0.395,0,194.98,-32.73,15.175393,0.23913,5.001,0,30001567744,0.6,30.29183446809244,8.769,67.7779776,5.343797555404128,50.16515349921231,17.2,5.3,Overvalued by 32.73%. High Financial Strength (F-Score 7/9).
VIMTALABS.NS,VIMTALABS.NS,Healthcare,Diagnostics & Research,555.35,0.395,0.2,0.7142857142857143,0.5,0.395,0,186.6,-66.44,33.493977,0.19667,1.632,0,24827027456,0.18,23.334701559002795,23.555,-12.6536248,7.623217078837996,17.672108403854068,20.200000000000003,31.4,Overvalued by 66.44%. High Financial Strength (F-Score 7/9).
AVG.NS,AVG.NS,Industrials,Integrated Freight & Logistics,167.54,0.395,0.2,0.7142857142857143,0.5,0.395,0,231.05,38.35,11.979915,0.088149995,109.016,0,2514639360,0.72,14.664651823587452,8.7629996,-54.7208256,8.482845393640748,181.01929454120568,3.3000000000000003,-14.499999999999998,DCF Undervalued by 38.35%. Undervalued by ~37% (Graham). High Financial Strength (F-Score 7/9).
RUBYMILLS.NS,RUBYMILLS.NS,Consumer Cyclical,Textile Manufacturing,204.87,0.395,0.2,0.7142857142857143,0.5,0.395,0,265.96,29.95,12.744085,0.08533,60.619,0,6860027904,0.85,5.990798607222235,15.524,-3.81345,9.364708639782538,10.870944422247497,67.0,291.7,Undervalued by ~29% (Graham).
BOROLTD.NS,BOROLTD.NS,Consumer Cyclical,"Furnishings, Fixtures & Appliances",276.25,0.395,0.2,0.7142857142857143,0.5,0.395,0,108.33,-60.89,37.997257,0.10786,9.413,0,33169563648,0,13.105528793831587,7.7090000000000005,-44.6938368,9.031177524712097,-3.93300962924954,24.3,24.8,Overvalued by 60.89%. High Financial Strength (F-Score 7/9).
AJMERA.NS,AJMERA.NS,Real Estate,Real Estate - Development,nan,0.395,0.2,0.7142857142857143,0.5,0.395,0,97.65,-46.78,27.760967,0.10551,47.19,0,36268122112,0.49,12.892592287499074,26.077,-64.3145344,15.200885991861512,40.52400402578402,9.5,-21.0,Overvalued by 46.78%. High Financial Strength (F-Score 7/9).
GRWRHITECH.NS,GRWRHITECH.NS,Basic Materials,Specialty Chemicals,2913.0,0.395,0.2,0.7142857142857143,0.5,0.395,0,1807.5,-38.18,21.726854,0.13212,0.734,0,67931521024,0.41,18.900914499175727,19.068001000000002,121.9049984,17.66456762930808,25.596438394335095,-8.200000000000001,-12.5,Overvalued by 38.18%. High Financial Strength (F-Score 9/9).
MANORG.NS,MANORG.NS,Basic Materials,Specialty Chemicals,469.5,0.395,0.2,0.7142857142857143,0.5,0.395,0,477.52,2.56,16.475584,0.08166,114.035,0,4002216192,0,6.7859446409076165,-3.7089999999999996,-113.6568704,2.605550983456162,-38.34285529019973,14.299999999999999,50.4,Undervalued by ~1% (Graham). High Financial Strength (F-Score 7/9).
FINCABLES.NS,FINCABLES.NS,Industrials,Electrical Equipment & Parts,776.9,0.395,0.2,0.7142857142857143,0.5,0.395,0,603.5,-22.18,17.856321,0.12194,0.377,0,118604464128,1.03,16.81673593873971,9.527001,251.7212416,11.982865072380422,5.361609297364223,4.9,37.9,Overvalued by 22.18%. High Financial Strength (F-Score 9/9).
BAYERCROP.NS,BAYERCROP.NS,Basic Materials,Agricultural Inputs,4412.3,0.395,0.2,0.7142857142857143,0.5,0.395,0,1455.49,-67.13,32.689354,0.19624001,3.266,0,199125975040,2.83,25.413976985686222,12.2889996,174.5500032,5.105576588783967,-4.163953361837203,-10.6,12.0,Overvalued by 67.13%. High Financial Strength (F-Score 7/9).
EPIGRAL.NS,EPIGRAL.NS,Basic Materials,Chemicals,1173.9,0.395,0.2,0.7142857142857143,0.5,0.395,0,1012.43,-13.6,12.524584,0.22986999,25.565,0,50553020416,0.94,23.446533098175653,15.331,68.8025024,17.505756725685686,12.266659954267944,-6.2,-39.300000000000004,High Financial Strength (F-Score 7/9).
OSIAHYPER.NS,OSIAHYPER.NS,Consumer Cyclical,Department Stores,14.23,0.395,0.2,0.7142857142857143,0.5,0.395,0,27.51,94.66,10.3138685,0.07067,39.501,0,2325429248,0,9.624112480177766,3.212,-240.9599488,34.263440010103594,29.24158251023097,5.0,0,DCF Undervalued by 94.66%. Undervalued by ~93% (Graham).
SANGHVIMOV.NS,SANGHVIMOV.NS,Industrials,Rental & Leasing Services,315.25,0.395,0.2,0.7142857142857143,0.5,0.395,0,251.08,-20.32,15.739261,0.153,40.655,0,27280097280,0.63,15.222161392363617,23.581,-19.7321376,32.62637968336082,74.6034852715493,34.4,24.7,Overvalued by 20.32%. High Financial Strength (F-Score 7/9).
ASIANHOTNR.NS,ASIANHOTNR.NS,Consumer Cyclical,Lodging,317.4,0.395,0.2,0.7142857142857143,0.5,0.395,0,454.35,42.43,3.3115332,2.04882,338.495,0,6205579776,0,42.06683127336977,0.379,196.231808,34.585495108408935,14.480055047138872,-1.5,0,DCF Undervalued by 42.43%. Undervalued by ~43% (Graham).
YATHARTH.NS,YATHARTH.NS,Healthcare,Medical Care Facilities,634.1,0.395,0.2,0.7142857142857143,0.5,0.395,0,252.98,-60.23,39.195934,0.114980005,1.525,0,61295828992,0,11.136590830159069,16.316,-337.440128,29.981717321076395,43.517161544240146,28.299999999999997,19.2,Overvalued by 60.23%. High Financial Strength (F-Score 7/9).
ALIVUS.NS,ALIVUS.NS,Healthcare,Drug Manufacturers - Specialty & Generic,888.6,0.395,0.2,0.7142857142857143,0.5,0.395,0,488.75,-45.08,20.606623,0.191,2.005,0,109209903104,0.56,23.303454424903773,27.337,139.8073728,3.877906644858209,5.065062586732028,16.0,36.8,Overvalued by 45.08%. High Financial Strength (F-Score 7/9).
PTL.NS,PTL.NS,Real Estate,Real Estate Services,39.21,0.395,0.2,0.7142857142857143,0.5,0.395,0,68.79,74.51,12.716129,0.04575,1.036,0,5218300928,4.46,7.288515844388356,86.583,19.6184,0.5868547906386246,3.2350469880151334,0,6.7,DCF Undervalued by 74.51%. Undervalued by ~75% (Graham).
AWHCL.NS,AWHCL.NS,Industrials,Waste Management,467.05,0.395,0.2,0.7142857142857143,0.5,0.395,0,410.25,-12.11,15.190368,0.12913999,54.786,0,13243899904,0,14.265689772560972,11.0410005,-61.135712,12.898370810732596,7.930123864142913,16.5,12.9,High Financial Strength (F-Score 7/9).
BRNL.NS,BRNL.NS,Industrials,Infrastructure Operations,21.1,0.395,0.2,0.7142857142857143,0.5,0.395,0,250.97,1091.1,0.94230765,0.44214,77.326,0,1768826496,0,24.503943253126316,-317.274,-527.7391872,8.222599461629553,-27.888030363823567,-77.60000000000001,0,DCF Undervalued by 1091.1%. Undervalued by ~1089% (Graham).
MSTCLTD.NS,MSTCLTD.NS,Industrials,Conglomerates,484.3,0.395,0.2,0.7142857142857143,0.5,0.395,0,396.3,-18.09,8.181972,0.46194,17.456,0,34059520000,9.4,57.523755232388275,57.482,419.4396672,-13.09028352718532,26.9218556486678,18.2,-15.7,High Financial Strength (F-Score 7/9).
VIKASECO.NS,VIKASECO.NS,Basic Materials,Specialty Chemicals,1.63,0.395,0.2,0.7142857142857143,0.5,0.395,0,1.8,10.62,32.6,0.01664,9.468,0,2274507776,0,5.991054625117921,2.026,-52.8878496,18.152239654635196,130.19157887843753,-27.500000000000004,0,Undervalued by ~10% (Graham).
INDOAMIN.NS,INDOAMIN.NS,Basic Materials,Chemicals,126.2,0.395,0.2,0.7142857142857143,0.5,0.395,0,103.64,-17.75,13.124999,0.21325001,85.051,0,9155919872,0.4,16.182387630520807,9.652001,-60.1299008,11.455245131148395,33.83404491880286,2.9000000000000004,27.6,High Financial Strength (F-Score 7/9).
VAIBHAVGBL.NS,VAIBHAVGBL.NS,Consumer Cyclical,Luxury Goods,221.37,0.395,0.2,0.7142857142857143,0.5,0.395,0,145.61,-34.19,20.354185,0.13363,15.726,0,36942581760,2.71,14.528461512976671,6.0560003,125.8138112,6.975777060957911,-13.592028917328436,10.2,70.89999999999999,Overvalued by 34.19%. High Financial Strength (F-Score 7/9).
KILITCH.NS,KILITCH.NS,Healthcare,Drug Manufacturers - Specialty & Generic,337.75,0.395,0.2,0.7142857142857143,0.5,0.395,0,247.74,-26.51,19.923168,0.11717,31.651,0,5892771840,0,15.696132440871633,8.540000000000001,-83.6298368,20.418165611115334,53.6052950653396,3.1,-7.3,Overvalued by 26.51%. High Financial Strength (F-Score 7/9).
SHREEPUSHK.NS,SHREEPUSHK.NS,Basic Materials,Specialty Chemicals,330.9,0.395,0.2,0.7142857142857143,0.5,0.395,0,298.64,-9.78,14.930085,0.13209,26.764,0,10719434752,0.6,11.079214879349172,7.9750000000000005,-34.9695616,11.438953084918136,1.809763701389988,45.2,36.3,High Financial Strength (F-Score 7/9).
BHARATRAS.NS,BHARATRAS.NS,Basic Materials,Agricultural Inputs,2189.8,0.395,0.2,0.7142857142857143,0.5,0.395,0,1139.62,-48.08,27.38615,0.117819995,7.556,0,36483252224,0.02,15.612452872668815,9.302000000000001,58.2558272,-3.564087180688058,-7.1386751487324425,-12.8,-13.3,Overvalued by 48.08%. High Financial Strength (F-Score 7/9).
ALMONDZ.NS,ALMONDZ.NS,Financial Services,Capital Markets,17.24,0.395,0.2,0.7142857142857143,0.5,0.395,0,19.88,12.33,15.663717,0.07742,18.84,0,3080415744,0,7.806549780118191,8.89,0,31.436821701633665,-2.23808155789037,-1.7000000000000002,31.3,Undervalued by ~15% (Graham).
BLSE.NS,BLSE.NS,Industrials,Specialty Business Services,164.68,0.395,0.2,0.7142857142857143,0.5,0.395,0,88.22,-46.43,26.475883,0.13281,1.361,0,14928913408,0.61,16.537931597396945,6.853,39.3613376,75.12500815661056,113.78407092251778,249.6,7.6,Overvalued by 46.43%. High Financial Strength (F-Score 7/9).
IONEXCHANG.NS,IONEXCHANG.NS,Industrials,Pollution & Treatment Controls,362.55,0.395,0.2,0.7142857142857143,0.5,0.395,0,208.5,-42.49,20.459932,0.17655,32.485,0,44615274496,0.43,19.612941425953856,7.674,-334.7576832,20.17215645877315,8.483710933815992,13.900000000000002,-2.8000000000000003,Overvalued by 42.49%. High Financial Strength (F-Score 7/9).
TRANSRAILL.NS,TRANSRAILL.NS,Industrials,Engineering & Construction,485.75,0.395,0.2,0.7142857142857143,0.5,0.395,0,330.64,-31.93,15.425532,0.24808,39.105,0,65214869504,0.17,25.570304175430675,11.0190004,-346.2625024,31.653912012961815,71.54113078212522,41.0,51.6,Overvalued by 31.93%. High Financial Strength (F-Score 7/9).
DMCC.NS,DMCC.NS,Basic Materials,Chemicals,225.35,0.395,0.2,0.7142857142857143,0.5,0.395,0,153.79,-31.75,20.174576,0.12441,16.885,0,5629410816,1.19,13.804367689295322,7.8439996,13.0472248,9.517090230827874,0.2923342026251774,22.7,-0.8999999999999999,Overvalued by 31.75%. High Financial Strength (F-Score 7/9).
APARINDS.NS,APARINDS.NS,Industrials,Electrical Equipment & Parts,7411.5,0.395,0.2,0.7142857142857143,0.5,0.395,0,2519.58,-66.0,31.732746,0.20971,14.499,0,297718153216,0.71,27.532531244470892,7.367,-243.9350016,25.806495046531495,47.34714792942643,23.1,29.599999999999998,Overvalued by 66.0%. High Financial Strength (F-Score 7/9).
KANSAINER.NS,KANSAINER.NS,Basic Materials,Specialty Chemicals,226.19,0.395,0.2,0.7142857142857143,0.5,0.395,0,159.71,-29.39,15.98516,0.18399,4.284,0,182918201344,1.11,23.074218236411056,8.236,233.856256,7.419403043786099,47.129827703820595,0.1,9.9,Overvalued by 29.39%. High Financial Strength (F-Score 7/9).
RSL.NS,RSL.NS,Basic Materials,Steel,128.97,0.395,0.2,0.7142857142857143,0.5,0.395,0,91.7,-28.9,17.987448,0.19338,18.946,0,10777720832,0,20.08939339367252,8.282,3.6968752,2.1004140968563068,27.484506238554985,2.8000000000000003,56.699999999999996,Overvalued by 28.9%. High Financial Strength (F-Score 7/9).
SHAH.NS,SHAH.NS,Basic Materials,Steel,5.21,0.394213,0.6,0.2857142857142857,0.56142,0.394213,0,3.05,-41.39,47.363636,0.04282,20.738,0,4611948544,0,19.314814400233267,0.882,-115.6481408,106.50029267300299,79.54876170422283,37.6,-80.7,Overvalued by 41.39%. Balanced moderate growth candidate.
VISAKAIND.NS,VISAKAIND.NS,Industrials,Building Products & Equipment,65.45,0.39331125,0.0,0.8571428571428571,0.6220749999999999,0.39331125,0,105.46,62.21,11.950368,0.06159,53.394,0,5617173504,0.76,3.398109338608675,-1.37600005,57.8133248,2.952241417642587,nan,5.4,0,DCF Undervalued by 62.21%. Undervalued by ~61% (Graham). High Financial Strength (F-Score 7/9). Positive Market Sentiment.
DELHIVERY.NS,DELHIVERY.NS,Industrials,Integrated Freight & Logistics,403.65,0.3930375,0.6,0.2857142857142857,0.5535833333333333,0.3930375,0,72.58,-81.98,221.26373,0.0147,17.226,0,301337509888,0,2.9822462842410435,-4.295999999999999,442.5997312,9.077973676248252,-45.67252131698366,16.900000000000002,0,Overvalued by 81.98%. Balanced moderate growth candidate.
LINDEINDIA.NS,LINDEINDIA.NS,Basic Materials,Specialty Chemicals,6080.0,0.3928775,0.4,0.42857142857142855,0.68585,0.3928775,0,796.59,-86.94,101.329124,0.13529,1.687,0,520148484096,0.07,16.391130341177774,35.068,-703.4906112,5.57472789120752,-3.5676117684018793,1.5,60.699999999999996,Overvalued by 86.94%. Positive Market Sentiment.
STEL.NS,STEL.NS,Financial Services,Asset Management,437.0,0.39081033333333326,0.2,0.6666666666666666,0.58318,0.39081033333333326,0,457.65,6.57,46.37689,0.0086199995,0,0,7925673472,0,1.2099098124789522,97.926,-10.7811,3.1001550804858446,2.7964734384581247,19.1,16.1,Undervalued by ~4% (Graham). High Financial Strength (F-Score 7/9).
OSWALGREEN.NS,OSWALGREEN.NS,Financial Services,Asset Management,29.47,0.39049999999999996,0.4,0.42857142857142855,0.67,0.39049999999999996,0,27.1,-7.5,86.17647,0.00482,0.203,0,7524508160,0,0.4313889145444988,32.493,54.373664,-13.612678472297212,-42.99257654313454,12.0,31.3,High Financial Strength (F-Score 7/9). Positive Market Sentiment.
BMWVENTLTD.NS,BMWVENTLTD.NS,Basic Materials,Steel,51.77,0.38999999999999996,0.4,0.5,0.5,0.38999999999999996,0,64.89,25.15,13.716931,0,107.33,0,4496172544,0,12.908030389192977,3.6700000000000004,0,9.586991270289635,0.913357733048592,6.2,-18.0,Undervalued by ~25% (Graham).
DHANBANK.NS,DHANBANK.NS,Financial Services,Banks - Regional,25.26,0.38999999999999996,0.4,0.5,0.5,0.38999999999999996,0,45.83,80.72,9.791507,0.0681,0,0,10037907456,0,4.177384676140388,13.526,0,6.159586873240408,22.894757164576006,-0.3,-42.199999999999996,DCF Undervalued by 80.72%. Undervalued by ~81% (Graham).
STYL.NS,STYL.NS,Technology,Software - Infrastructure,275.05,0.38999999999999996,0.4,0.5,0.5,0.38999999999999996,0,157.8,-42.62,21.268368,0,26.355,0,44496601088,0,33.01786934160219,23.392001,0,29.565541159390495,81.22482204917752,-10.8,-12.7,Overvalued by 42.62%. Balanced moderate growth candidate.
AMANTA.NS,AMANTA.NS,Healthcare,Drug Manufacturers - Specialty & Generic,106.66,0.38999999999999996,0.4,0.5,0.5,0.38999999999999996,0,68.65,-36.08,31.311953,0,88.22,0,4170272512,0,14.880573617999834,14.088999999999999,0,6.6929256890666755,-42.0225663998524,6.2,-56.3,Overvalued by 36.08%. Balanced moderate growth candidate.
PACEDIGITK.NS,PACEDIGITK.NS,Technology,Communication Equipment,174.84,0.38999999999999996,0.4,0.5,0.5,0.38999999999999996,0,141.92,-18.9,14.112098,0,11.33,0,37771825152,0,36.54691062788499,17.244999999999997,0,82.16903177080903,190.03954612328684,-37.0,-42.5,Balanced moderate growth candidate.
JARO.NS,JARO.NS,Consumer Defensive,Education & Training Services,471.7,0.38999999999999996,0.4,0.5,0.5,0.38999999999999996,0,265.04,-43.85,26.894588,0,13.318,0,10457767936,0.85,33.45489658889313,29.953000000000003,0,43.92869103128443,15.848789292912823,8.200000000000001,-16.5,Overvalued by 43.85%. Balanced moderate growth candidate.
REGAAL.NS,REGAAL.NS,Consumer Defensive,Packaged Foods,68.82,0.38999999999999996,0.4,0.5,0.5,0.38999999999999996,0,75.58,10.15,13.779117,0,108.692,0,7048884224,0,13.60737906298797,9.774999,0,34.61324195746707,22.208443810123278,0,0,Undervalued by ~9% (Graham).
KTKBANK.NS,KTKBANK.NS,Financial Services,Banks - Regional,189.31,0.38999999999999996,0.4,0.5,0.5,0.38999999999999996,0,476.59,151.12,6.2575006,0.09513,0,0,71833051136,2.64,9.07532352138745,39.951,0,10.056257448182349,35.822906056440914,-1.9,-5.1,DCF Undervalued by 151.12%. Undervalued by ~151% (Graham).
SETL.NS,SETL.NS,Industrials,Specialty Industrial Machinery,112.21,0.38999999999999996,0.4,0.5,0.5,0.38999999999999996,0,54.83,-53.25,32.85154,0,18.173,0,23396382720,0,14.473494938071358,13.543999000000001,0,36.645272600223635,36.779371908898284,10.5,-5.6000000000000005,Overvalued by 53.25%. Balanced moderate growth candidate.
SKIL.NS,SKIL.NS,Industrials,Engineering & Construction,1.02,0.38999999999999996,0.4,0.5,0.5,0.38999999999999996,0,12.02,1078.05,1.3246753,0,1050.77,0,220902656,0,1.103194741799581,0,0,nan,-74.00063826649048,0,0,DCF Undervalued by 1078.05%. Undervalued by ~1078% (Graham).
IIFL.NS,IIFL.NS,Financial Services,Credit Services,635.35,0.38957949999999997,0.6,0.2857142857142857,0.53053,0.38957949999999997,0,370.22,-41.64,31.7995,0.07253,401.134,0,269684785152,0,0.5966740505940276,39.013999999999996,0,12.739071152351467,-31.682319033161555,19.8,0,Overvalued by 41.64%. Balanced moderate growth candidate.
JPPOWER.NS,JPPOWER.NS,Utilities,Utilities - Independent Power Producers,16.48,0.38818349999999996,0.2,0.5714285714285714,0.78789,0.38818349999999996,0,13.29,-19.25,20.574999,0.06003,27.62,0,112872644608,0,13.176715852659319,24.444,1207.4462208,5.7056771699352415,96.34455586137062,17.299999999999997,-4.8,High Financial Strength (F-Score 7/9). Positive Market Sentiment.
GREAVESCOT.NS,GREAVESCOT.NS,Industrials,Specialty Industrial Machinery,170.62,0.3872,0.4,0.42857142857142855,0.648,0.3872,0,77.01,-54.91,38.382027,0.02303,12.328,0,39769858048,1.17,6.085657097419868,3.0569999,-72.4512512,18.765961628935447,18.27130275398958,15.6,692.9,Overvalued by 54.91%. Positive Market Sentiment.
PAISALO.NS,PAISALO.NS,Financial Services,Credit Services,34.56,0.3872,0.4,0.42857142857142855,0.648,0.3872,0,30.88,-10.63,15.021739,0.13441,226.216,0,31423979520,0.29,5.267612795976859,60.778,0,54.67074552006215,36.17466079504539,13.100000000000001,1.7999999999999998,Positive Market Sentiment.
HIKAL.NS,HIKAL.NS,Healthcare,Drug Manufacturers - Specialty & Generic,196.05,0.3872,0.4,0.42857142857142855,0.648,0.3872,0,42.01,-78.57,242.03703,0.00842,57.213,0,24177915904,0.83,9.706579727326616,-10.6750004,121.2749952,-1.4492278156263194,-17.293843432293908,-29.7,0,Overvalued by 78.57%. High Financial Strength (F-Score 7/9). Positive Market Sentiment.
HUDCO.NS,HUDCO.NS,Financial Services,Credit Services,216.64,0.386504375,0.4,0.42857142857142855,0.6433625000000001,0.386504375,0,168.5,-22.19,15.478914,0.15944,705.764,0,433511464960,2.91,2.16258182801921,85.161,0,13.463837480825024,16.43140481038383,2.1999999999999997,3.2,Overvalued by 22.19%. Positive Market Sentiment.
SYRMA.NS,SYRMA.NS,Technology,Electronic Components,706.05,0.3859895,0.4,0.42857142857142855,0.63993,0.3859895,0,195.22,-72.24,62.61354,0.10467,11.483,0,135480188928,0.21,12.330320239511524,8.1499994,-368.4518656,54.21086847947467,45.15867736862571,37.6,69.0,Overvalued by 72.24%. Positive Market Sentiment.
BAJAJFINSV.NS,BAJAJFINSV.NS,Financial Services,Financial Conglomerates,2000.9,0.38533625,0.4,0.42857142857142855,0.635575,0.38533625,0,804.35,-59.83,33.4715,0.15100999,237.537,0,3197440360448,0.05,13.524409525223053,37.335,15741.6685568,25.36102318200497,24.870504525892258,11.1,6.9,Overvalued by 59.83%. Positive Market Sentiment.
ACUTAAS.NS,ACUTAAS.NS,Basic Materials,Specialty Chemicals,1710.0,0.38504999999999995,0.2,0.5714285714285714,0.767,0.38504999999999995,0,326.97,-81.08,62.767887,0.16902,0.58,0,141576847360,0.09,16.875034621755894,28.386998000000002,-102.35536,24.343522875896006,30.17741057713399,24.099999999999998,88.1,Overvalued by 81.08%. High Financial Strength (F-Score 9/9). Positive Market Sentiment.
PRAENG.NS,PRAENG.NS,Real Estate,Real Estate - Development,24.89,0.385,0.6,0.2857142857142857,0.5,0.385,0,0,0,0,-0.05709,34.324,0,1956229504,0,-4.323641343640299,-70.416,16.6936752,-14.845953227185992,nan,-66.7,0,Balanced moderate growth candidate.
BIGBLOC.NS,BIGBLOC.NS,Industrials,Building Products & Equipment,67.16,0.385,0.6,0.2857142857142857,0.5,0.385,0,0,0,0,-0.05691,140.107,0,9486991360,1.03,5.654238088936109,-0.11,-44.4936736,8.633737083521842,-15.57780038814961,30.3,0,High Financial Strength (F-Score 7/9).
PVP.NS,PVP.NS,Industrials,Conglomerates,32.56,0.385,0.6,0.2857142857142857,0.5,0.385,0,0,0,0,-0.02575,77.376,0,8493672448,0,-2.0073939577757467,5.6750003,-82.4268352,-17.678315051214966,nan,438.0,0,Balanced moderate growth candidate.
MANAKALUCO.NS,MANAKALUCO.NS,Basic Materials,Aluminum,53.97,0.385,0.6,0.2857142857142857,0.5,0.385,0,21.35,-60.52,56.34375,0.04684,193.509,0,3564669696,0.13,8.603517535420558,6.3379996,-48.688,5.16442525672085,-6.748652280393797,-12.9,-34.599999999999994,Overvalued by 60.52%. High Financial Strength (F-Score 7/9).
VCL.NS,VCL.NS,Consumer Cyclical,Textile Manufacturing,2.32,0.385,0.6,0.2857142857142857,0.5,0.385,0,1.12,-52.01,39.0,-0.03985,63.082,0,429980192,0,1.778442869940549,20.376,0,-56.05630760393032,-15.907865776747098,0,0,Overvalued by 52.01%. Balanced moderate growth candidate.
SWANCORP.NS,SWANCORP.NS,Industrials,Conglomerates,421.25,0.385,0.6,0.2857142857142857,0.5,0.385,0,341.5,-18.9,29.928928,0.06622,28.231,0,132011212800,0.02,16.15705430367001,-2.23,-2891.6430848,121.03843063049968,68.49468372618077,10.299999999999999,0,Balanced moderate growth candidate.
MAANALU.NS,MAANALU.NS,Basic Materials,Aluminum,153.34,0.385,0.6,0.2857142857142857,0.5,0.385,0,47.32,-69.19,53.51917,0.08637,44.279,0,8343695872,0,8.999216447147495,3.198,-44.0931616,12.524446907754005,-10.970493860692542,-7.000000000000001,12.6,Overvalued by 69.19%. Balanced moderate growth candidate.
POLICYBZR.NS,POLICYBZR.NS,Financial Services,Insurance Brokers,1648.5,0.385,0.6,0.2857142857142857,0.5,0.385,0,181.21,-88.98,166.27907,0.07165,4.859,0,758749986816,0,6.552109049979167,3.964,44.94,51.728861346105326,-24.88457608406258,38.2,165.1,Overvalued by 88.98%. Balanced moderate growth candidate.
SBC.NS,SBC.NS,Industrials,Conglomerates,28.75,0.385,0.6,0.2857142857142857,0.5,0.385,0,2.9,-89.91,114.8,0.27707002,281.519,0,13704827904,0.16,13.204538179651038,11.648,-123.9464832,21.123266639406957,56.93833531257289,28.4,111.80000000000001,Overvalued by 89.91%. Balanced moderate growth candidate.
MUKANDLTD.NS,MUKANDLTD.NS,Basic Materials,Steel,129.75,0.385,0.6,0.2857142857142857,0.5,0.385,0,81.59,-36.75,28.730515,0.068720005,189.15,0,18700204032,1.54,9.891821929628328,4.7080003,-229.0899968,1.8943882486664343,-24.496131700623113,-8.1,-61.8,Overvalued by 36.75%. Balanced moderate growth candidate.
DIGJAMLMTD.NS,DIGJAMLMTD.NS,Consumer Cyclical,Textile Manufacturing,50.55,0.385,0.6,0.2857142857142857,0.5,0.385,0,5.34,-89.53,92.72727,0.63910997,1263.899,0,1038168064,0,8.842677082999819,8.01,-60.8768128,-15.8867436837272,nan,150.7,0,Overvalued by 89.53%. Balanced moderate growth candidate.
MOLDTECH.NS,MOLDTECH.NS,Industrials,Engineering & Construction,136.57,0.385,0.6,0.2857142857142857,0.5,0.385,0,31.8,-76.62,136.01,0.02248,4.117,0,3921644288,0.73,14.45487222313313,7.259,1.69765,14.034963006731438,-2.9204487871041462,-6.6000000000000005,-59.699999999999996,Overvalued by 76.62%. Balanced moderate growth candidate.
ATALREAL.NS,ATALREAL.NS,Industrials,Engineering & Construction,26.89,0.385,0.6,0.2857142857142857,0.5,0.385,0,4.35,-83.86,192.57143,0.0478,23.862,0,3357978624,0,7.458065025134848,11.5430005,-19.9173168,33.28139627134226,18.02443248206249,-30.599999999999998,-69.0,Overvalued by 83.86%. Balanced moderate growth candidate.
HATSUN.NS,HATSUN.NS,Consumer Defensive,Packaged Foods,913.15,0.385,0.6,0.2857142857142857,0.5,0.385,0,165.34,-81.95,61.93374,0.19368,109.967,0,204037423104,1.31,14.623224010047009,7.448,838.4662528,10.975854187216871,8.561906241988959,17.2,70.19999999999999,Overvalued by 81.95%. Balanced moderate growth candidate.
ONMOBILE.NS,ONMOBILE.NS,Communication Services,Telecom Services,57.19,0.385,0.6,0.2857142857142857,0.5,0.385,0,33.54,-41.17,69.5122,0.01303,12.156,0,6060317184,0,-4.307559345818315,0.0040000003,-30.9467488,3.3197847557045135,nan,-0.8999999999999999,0,Overvalued by 41.17%. Balanced moderate growth candidate.
MEDICAMEQ.NS,MEDICAMEQ.NS,Healthcare,Drug Manufacturers - Specialty & Generic,385.65,0.385,0.6,0.2857142857142857,0.5,0.385,0,158.61,-59.3,56.15274,0.0346,14.033,0,5285429248,0.26,5.307225155956558,7.722999999999999,-19.414088,12.081623240349026,-21.858788881304893,6.3,79.0,Overvalued by 59.3%. Balanced moderate growth candidate.
CEREBRAINT.NS,CEREBRAINT.NS,Industrials,Waste Management,6.42,0.385,0.6,0.2857142857142857,0.5,0.385,0,0,0,0,-0.25035998,29.8,0,797328384,0,-24.63953182670213,-484.477,8.1387752,-46.38426499879854,nan,-81.89999999999999,0,Balanced moderate growth candidate.
COASTCORP.NS,COASTCORP.NS,Consumer Defensive,Packaged Foods,44.94,0.385,0.6,0.2857142857142857,0.5,0.385,0,27.22,-40.15,56.160496,0.03869,153.742,0,3084995840,0.49,3.969339303479628,5.0520000000000005,-167.8619008,7.985030571749263,-30.848535873408835,3.2,623.7,Overvalued by 40.15%. High Financial Strength (F-Score 7/9).
SILLYMONKS.NS,SILLYMONKS.NS,Communication Services,Entertainment,19.99,0.385,0.6,0.2857142857142857,0.5,0.385,0,0,0,0,-0.01007,2.097,0,204226000,0,2.62449263749688,2.844,14.4403376,-0.5543255030773242,-54.60213497408928,-4.3999999999999995,142.9,Balanced moderate growth candidate.
PTCIL.NS,PTCIL.NS,Industrials,Metal Fabrication,18065.0,0.385,0.6,0.2857142857142857,0.5,0.385,0,939.87,-94.81,435.61975,0.045,12.655,0,271365144576,0,6.06811370569656,13.339,-435.418624,19.82250580576195,68.24952577120366,72.2,2.1999999999999997,Overvalued by 94.81%. Balanced moderate growth candidate.
LOKESHMACH.NS,LOKESHMACH.NS,Industrials,Specialty Industrial Machinery,184.61,0.385,0.6,0.2857142857142857,0.5,0.385,0,0,0,0,-0.01359,71.143,0,3684537088,0,4.316583440052071,11.301,-49.4717376,4.195342981047845,-56.10273325716666,-33.0,-83.5,Balanced moderate growth candidate.
KIOCL.NS,KIOCL.NS,Basic Materials,Steel,379.35,0.385,0.6,0.2857142857142857,0.5,0.385,0,0,0,0,-0.08081,11.138,0,230337675264,0,-11.090832645633933,-22.049999,282.5749504,-41.87142527062814,nan,783.1,0,Balanced moderate growth candidate.
WSI.NS,WSI.NS,Industrials,Engineering & Construction,83.8,0.385,0.6,0.2857142857142857,0.5,0.385,0,0,0,0,-0.1102,43.646,0,5517966336,0,4.525526799604016,8.2329996,1.3245,inf,nan,-61.3,-93.10000000000001,Balanced moderate growth candidate.
VIPULLTD.NS,VIPULLTD.NS,Real Estate,Real Estate - Diversified,12.16,0.385,0.6,0.2857142857142857,0.5,0.385,0,0,0,0,-0.061979998,19.491,0,1714067328,0,-1.0897236060343731,-36.813998,-3.3027376,-14.279659585505867,nan,-49.4,426.6,Balanced moderate growth candidate.
IBULLSLTD.NS,IBULLSLTD.NS,Real Estate,Real Estate - Development,11.14,0.385,0.6,0.2857142857142857,0.5,0.385,0,0,0,0,0.08554,17.554,0,27128293376,0,0,45.992002,-1510.6899968,-100.0,nan,0,0,Balanced moderate growth candidate.
ASHOKLEY.NS,ASHOKLEY.NS,Industrials,Farm & Heavy Construction Machinery,186.89,0.384818,0.4,0.42857142857142855,0.63212,0.384818,0,51.7,-72.36,33.81555,0.23669,327.886,0,1098410754048,1.67,13.767319267746423,20.024,-655.1025152,22.79209822474526,105.3825934312997,12.8,7.5,Overvalued by 72.36%. Positive Market Sentiment.
PAVNAIND.NS,PAVNAIND.NS,Consumer Cyclical,Auto Parts,19.97,0.384715,0.6,0.2857142857142857,0.4981,0.384715,0,0,0,0,0.0168,36.865,0,2790599936,0,9.10705773651986,4.657,-65.9628608,-0.7850572369907605,-2.4919776606731503,-11.4,282.2,Balanced moderate growth candidate.
AZAD.NS,AZAD.NS,Industrials,Specialty Industrial Machinery,1562.4,0.3837755,0.4,0.42857142857142855,0.62517,0.3837755,0,302.35,-80.65,87.71477,0.10235,21.146,0,100889600000,0,8.242048844123389,28.078999999999997,-518.0865024,33.782048212236916,43.64982072454602,30.599999999999998,42.3,Overvalued by 80.65%. Positive Market Sentiment.
ELLEN.NS,ELLEN.NS,Basic Materials,Chemicals,274.8,0.38330499999999995,0.4,0.4,0.6887,0.38330499999999995,0,0,0,0,0,12.866,0,38757289984,0,0,31.854,0,0,0,-5.800000000000001,15.5,Positive Market Sentiment.
LANDMARK.NS,LANDMARK.NS,Consumer Cyclical,Auto & Truck Dealerships,450.0,0.38309499999999996,0.6,0.2857142857142857,0.4873,0.38309499999999996,0,124.8,-72.27,89.28571,0.04046,166.568,0,18677258240,0.11,8.273205911730349,1.313,36.3957504,9.78510073777603,-37.57215175706757,33.5,0,Overvalued by 72.27%. High Financial Strength (F-Score 7/9).
BHARTIARTL.NS,BHARTIARTL.NS,Communication Services,Telecom Services,2022.5,0.382975625,0.4,0.42857142857142855,0.6198375,0.382975625,0,542.38,-73.16,31.42102,0.33018002,129.719,0,12310072524800,0.79,21.380144298778323,31.410998,38154.551296,14.069465676409765,99.0493242072451,25.7,88.3,Overvalued by 73.16%. Positive Market Sentiment.
AMBUJACEM.NS,AMBUJACEM.NS,Basic Materials,Building Materials,549.55,0.3820475,0.2,0.7142857142857143,0.41365,0.3820475,0,342.56,-37.66,23.974695,0.11124,1.829,0,1358266892288,0.36,11.479898941594803,9.545,-2451.992576,0,0,22.1,286.5,Overvalued by 37.66%. High Financial Strength (F-Score 7/9).
GICRE.NS,GICRE.NS,Financial Services,Insurance - Reinsurance,364.5,0.3812597916666667,0.0,0.8333333333333334,0.5972875,0.3812597916666667,0,797.27,118.73,6.675824,0.10281,0,0,639478792192,2.74,14.919471151891797,23.400000000000002,9041.9552256,-0.5107637986719649,46.03555395314176,2.9000000000000004,54.900000000000006,DCF Undervalued by 118.73%. Undervalued by ~118% (Graham).
RBLBANK.NS,RBLBANK.NS,Financial Services,Banks - Regional,297.35,0.380803,0.6,0.2,0.6720200000000001,0.380803,0,264.78,-10.95,25.177814,0,0,0,183511482368,0.34,2.375596595049884,13.972001,0,15.49950678846448,62.81201962046683,40.8,367.9,Positive Market Sentiment.
SHIVALIK.NS,SHIVALIK.NS,Basic Materials,Agricultural Inputs,330.55,0.380425625,0.4,0.42857142857142855,0.6028375,0.380425625,0,272.65,-16.87,36.895386,0.03521,17.115,0,5167890944,0.15,6.297989686924069,7.7829999999999995,-58.5732736,14.361074154020347,-13.285677550381003,13.8,-25.2,Positive Market Sentiment.
COHANCE.NS,COHANCE.NS,Healthcare,Drug Manufacturers - Specialty & Generic,381.5,0.38007124999999997,0.4,0.42857142857142855,0.600475,0.38007124999999997,0,134.12,-64.84,47.332504,0.05508,11.486,0,145949360128,0,20.02580703326177,13.847000000000001,-543.2549888,-3.561437887500485,-16.114873151838783,115.6,-39.900000000000006,Overvalued by 64.84%. High Financial Strength (F-Score 7/9). Positive Market Sentiment.
SURANAT&P.NS,SURANAT&P.NS,Utilities,Utilities - Independent Power Producers,19.27,0.3797275,0.4,0.5714285714285714,0.26485000000000003,0.3797275,0,18.22,-5.09,11.636364,0.13567,3.738,0,2606591488,0,17.944763610411975,-15.370000000000001,15.6268496,-18.53287276308332,43.602612578096256,211.0,-70.0,Balanced moderate growth candidate.
JAGRAN.NS,JAGRAN.NS,Communication Services,Publishing,68.97,0.378345,0.0,0.8571428571428571,0.5223,0.378345,0,126.19,82.89,8.690176,0.06528,9.556,0,15024492544,8.7,8.076599587812861,9.828000000000001,47.3333504,4.71378023699216,-16.199271963664085,4.7,36.5,DCF Undervalued by 82.89%. Undervalued by ~82% (Graham). High Financial Strength (F-Score 7/9).
SECMARK.NS,SECMARK.NS,Industrials,Consulting Services,108.5,0.3783333333333333,0.2,0.6666666666666666,0.5,0.3783333333333333,0,40.95,-62.26,29.088472,0.20891,0,0,1226979072,0,22.406283364673808,9.771,9.7892624,34.15843934905012,17.645442907166675,6.2,305.0,Overvalued by 62.26%. High Financial Strength (F-Score 7/9).
PRITI.NS,PRITI.NS,Consumer Cyclical,"Furnishings, Fixtures & Appliances",56.06,0.3783333333333333,0.2,0.6666666666666666,0.5,0.3783333333333333,0,57.4,3.56,20.996212,0.03999,0,0,740175040,0,8.979835146206307,-3.024,-3.70055,10.41130424965977,2.8073097815831005,-59.8,-69.89999999999999,Undervalued by ~2% (Graham).
MAHAPEXLTD.NS,MAHAPEXLTD.NS,Financial Services,Credit Services,97.55,0.3783333333333333,0.2,0.6666666666666666,0.5,0.3783333333333333,0,213.66,121.34,15.494382,0.71444,0,0,1361799296,0,-0.3191891063971559,-59.339,0,-29.551851529685113,144.6850229179387,-49.4,0,DCF Undervalued by 121.34%. Undervalued by ~119% (Graham).
MAZDA.NS,MAZDA.NS,Industrials,Specialty Industrial Machinery,206.48,0.3783333333333333,0.2,0.6666666666666666,0.5,0.3783333333333333,0,183.46,-11.75,16.342768,0.11257,0,0,4165977600,1.74,14.588724555966218,18.551001,-6.6666876,5.69762443443611,5.371156771290875,-10.5,-15.5,High Financial Strength (F-Score 7/9).
TAINWALCHM.NS,TAINWALCHM.NS,Basic Materials,Specialty Chemicals,172.31,0.3783333333333333,0.2,0.6666666666666666,0.5,0.3783333333333333,0,180.72,4.88,21.811392,0.04611,0,0,1613487232,1.79,4.097049673773583,3.956,-0.816625,28.594308951329104,137.20392882861034,8.799999999999999,13.4,Undervalued by ~4% (Graham).
CCAVENUE.NS,CCAVENUE.NS,Technology,Software - Infrastructure,14.03,0.3783333333333333,0.2,0.6666666666666666,0.5,0.3783333333333333,0,15.91,11.62,18.269232,0,1.811,0,49604530176,0,8.13979866358712,3.235,0,45.584188185885274,37.606248490539684,122.50000000000001,13.0,Undervalued by ~13% (Graham).
KANANIIND.NS,KANANIIND.NS,Consumer Cyclical,Luxury Goods,1.61,0.376935,0.0,0.8571428571428571,0.5129,0.376935,0,2.79,70.9,16.3,0.032309998,0.485,0,324195936,0,1.2493605271105688,1.06,-4.4640876,-16.629114092938778,-24.44319282852565,2.9000000000000004,2233.2999999999997,DCF Undervalued by 70.9%. Undervalued by ~73% (Graham). High Financial Strength (F-Score 7/9).
AMDIND.NS,AMDIND.NS,Consumer Cyclical,Packaging & Containers,43.44,0.3769325,0.4,0.42857142857142855,0.57955,0.3769325,0,0,0,0,-0.0196,53.424,0,826059008,0,4.469610736608208,-4.157,-17.3827376,9.853328771944225,-50.42050325114899,9.4,0,High Financial Strength (F-Score 7/9).
JSLL.NS,JSLL.NS,Healthcare,Medical Care Facilities,729.6,0.37670499999999996,0.4,0.5714285714285714,0.24469999999999997,0.37670499999999996,0,90.44,-87.64,57.321846,0.54371,30.042,0,90988134400,0.15,43.19325036079486,42.997003,33.4195008,47.37150491575066,100.64316115288783,77.3,150.29999999999998,Overvalued by 87.64%. High Financial Strength (F-Score 7/9).
ICRA.NS,ICRA.NS,Financial Services,Financial Data & Stock Exchanges,6014.0,0.375803,0.2,0.7142857142857143,0.37202,0.375803,0,2225.67,-62.72,30.638952,0.18423,1.121,0,57452380160,1.0,22.64574278108781,32.454,107.2941888,13.497816840973842,14.826721023057976,8.3,30.099999999999998,Overvalued by 62.72%. High Financial Strength (F-Score 7/9).
JSWINFRA.NS,JSWINFRA.NS,Industrials,Marine Shipping,263.25,0.375275,0.0,0.7142857142857143,0.8351666666666666,0.375275,0,91.56,-65.16,34.670185,0.16318001,48.27,0,546991374336,0.3,14.59911826148862,36.437999999999995,-833.8950144,25.774182266427093,66.10903401708292,26.400000000000002,-3.4000000000000004,Overvalued by 65.16%. High Financial Strength (F-Score 7/9). Positive Market Sentiment.
PATELENG.NS,PATELENG.NS,Industrials,Engineering & Construction,27.41,0.375,0.0,0.8571428571428571,0.5,0.375,0,55.08,100.72,9.208054,0.07229,39.667,0,26239893504,0,10.863525468166115,10.962,818.8391424,10.059712827980572,50.92333848047532,2.9000000000000004,-8.0,DCF Undervalued by 100.72%. Undervalued by ~100% (Graham). High Financial Strength (F-Score 7/9).
AJOONI.NS,AJOONI.NS,Consumer Defensive,Packaged Foods,4.13,0.375,0.0,0.8571428571428571,0.5,0.375,0,5.89,42.59,20.65,0.045500003,9.879,0,711366080,0,5.141387603659248,4.409,-9.2401872,15.707030315486147,47.59272881946577,22.5,100.0,DCF Undervalued by 42.59%. Undervalued by ~42% (Graham). High Financial Strength (F-Score 7/9).
KCP.NS,KCP.NS,Basic Materials,Building Materials,170.15,0.375,0.0,0.8571428571428571,0.5,0.375,0,182.61,7.32,14.592624,0.12069,39.481,0,21938370560,0.15,13.569905133228463,9.9029996,-87.7900032,6.213926204852949,-7.872357109445427,-0.2,-46.2,Undervalued by ~7% (Graham).
GANESHBE.NS,GANESHBE.NS,Basic Materials,Specialty Chemicals,76.63,0.375,0.0,0.8571428571428571,0.5,0.375,0,108.89,41.69,11.750764,0.0836,8.888,0,5537367552,0,10.556423282662454,16.17,11.8607504,1.5425655523926052,5.225559260344115,1.4000000000000001,44.1,DCF Undervalued by 41.69%. Undervalued by ~42% (Graham). High Financial Strength (F-Score 7/9).
BASML.NS,BASML.NS,Consumer Cyclical,Textile Manufacturing,24.54,0.375,0.0,0.8571428571428571,0.5,0.375,0,52.69,115.95,11.509435,0.03419,95.855,0,1953846144,0,4.35446495310407,6.868,-53.432336,-17.155288721518414,-48.43244282668899,-2.0,283.3,DCF Undervalued by 115.95%. Undervalued by ~114% (Graham). High Financial Strength (F-Score 7/9).
CHEVIOT.NS,CHEVIOT.NS,Consumer Cyclical,Textile Manufacturing,1014.3,0.375,0.0,0.8571428571428571,0.5,0.375,0,1609.02,58.37,10.554748,0.08522,1.473,0,5935345152,0.49,11.488234970395917,13.877999999999998,36.9796128,-8.145936047727876,-10.05360713634682,44.1,-19.1,DCF Undervalued by 58.37%. Undervalued by ~58% (Graham). High Financial Strength (F-Score 7/9).
ASAHISONG.NS,ASAHISONG.NS,Basic Materials,Specialty Chemicals,239.3,0.375,0.0,0.8571428571428571,0.5,0.375,0,259.59,9.51,17.290298,0.04975,49.417,0,2794673920,0.63,9.637759248725374,3.972,59.4553344,10.889340451555697,0.6755366962865494,-14.6,-41.4,Undervalued by ~8% (Graham). High Financial Strength (F-Score 7/9).
DCMNVL.NS,DCMNVL.NS,Consumer Cyclical,Textile Manufacturing,125.79,0.375,0.0,0.8571428571428571,0.5,0.375,0,129.98,3.89,36.057636,0.00593,52.207,0,2351939840,0,5.008413936051669,0.737,34.8743616,5.0405742894708006,-58.268524673033895,-8.0,0,Undervalued by ~3% (Graham). High Financial Strength (F-Score 7/9).
KNRCON.NS,KNRCON.NS,Industrials,Engineering & Construction,141.84,0.375,0.0,0.8571428571428571,0.5,0.375,0,288.81,103.39,6.4840183,0.10775,48.727,0,39940218880,0.18,23.2664686937816,27.451999999999998,-355.8847744,9.646018211237827,37.92472525800494,-66.8,-76.3,DCF Undervalued by 103.39%. Undervalued by ~103% (Graham).
INCREDIBLE.NS,INCREDIBLE.NS,Basic Materials,Steel,36.32,0.375,0.0,0.8571428571428571,0.5,0.375,0,47.49,25.97,12.566667,0.098120004,11.937,0,1821731456,0,9.97531406733973,1.2189999999999999,27.668864,12.381054684158045,51.9242027838225,17.1,-23.3,Undervalued by ~30% (Graham). High Financial Strength (F-Score 7/9).
JAYAGROGN.NS,JAYAGROGN.NS,Basic Materials,Specialty Chemicals,193.32,0.375,0.0,0.8571428571428571,0.5,0.375,0,275.26,41.12,11.3731785,0.083780006,30.871,0,5851500032,1.29,13.141202566267541,3.4410000000000003,89.0747136,-0.6288559069829169,-14.733293332282848,-16.5,-29.7,DCF Undervalued by 41.12%. Undervalued by ~42% (Graham). High Financial Strength (F-Score 7/9).
LIBAS.NS,LIBAS.NS,Consumer Cyclical,Apparel Manufacturing,10.51,0.375,0.0,0.8571428571428571,0.5,0.375,0,71.52,584.45,3.0289855,-0.016,16.808,0,275300864,0,6.498654347411473,6.834999999999999,-6.9181,11.161183167515198,64.70741531780749,2.6,20.8,DCF Undervalued by 584.45%. Undervalued by ~580% (Graham). High Financial Strength (F-Score 7/9).
KELLTONTEC.NS,KELLTONTEC.NS,Technology,Software - Application,16.6,0.375,0.0,0.8571428571428571,0.5,0.375,0,22.07,32.37,9.863905,0.14411001,21.666,0,8798503936,0,15.38106745708957,10.962,-127.9458688,9.217227637950764,4.210681454263043,10.7,1.9,DCF Undervalued by 32.37%. Undervalued by ~32% (Graham).
NAHARINDUS.NS,NAHARINDUS.NS,Consumer Cyclical,Textile Manufacturing,101.57,0.375,0.0,0.8571428571428571,0.5,0.375,0,225.03,119.5,10.668055,0.04196,50.924,0,4441461248,0,4.1401121340217575,8.8999994,-78.6752896,-8.391701398717654,-50.98160948110662,-4.3999999999999995,0,DCF Undervalued by 119.5%. Undervalued by ~121% (Graham). High Financial Strength (F-Score 7/9).
VETO.NS,VETO.NS,Industrials,Electrical Equipment & Parts,105.74,0.375,0.0,0.8571428571428571,0.5,0.375,0,189.63,79.75,9.556159,0.07655,5.817,0,2016627840,0.95,10.870863892585882,9.238,0.6134,4.010844874960662,3.404405466506444,19.5,1.9,DCF Undervalued by 79.75%. Undervalued by ~79% (Graham). High Financial Strength (F-Score 7/9).
SURAJEST.NS,SURAJEST.NS,Real Estate,Real Estate - Development,236.5,0.375,0.0,0.8571428571428571,0.5,0.375,0,279.74,17.59,14.143876,0.12118,57.442,0,11379538944,0.33,14.71663848430397,44.396,-425.64224,25.50265603391373,56.017929104176936,33.300000000000004,-5.1,Undervalued by ~18% (Graham).
GIPCL.NS,GIPCL.NS,Utilities,Utilities - Regulated Electric,144.65,0.375,0.0,0.8571428571428571,0.5,0.375,0,250.6,73.43,11.7766905,0.054390002,79.265,0,22434430976,2.83,5.7053947154274365,13.547999999999998,-3135.932416,2.263725179164866,7.266310968881973,16.400000000000002,-40.400000000000006,DCF Undervalued by 73.43%. Undervalued by ~73% (Graham). High Financial Strength (F-Score 7/9).
SRHHYPOLTD.NS,SRHHYPOLTD.NS,Basic Materials,Chemicals,485.75,0.375,0.0,0.8571428571428571,0.5,0.375,0,842.54,71.6,9.114535,0.09421,1.283,0,8453138432,0.62,13.086261333440014,13.788,7.0556128,-20.488349917777736,-4.303546387764811,7.1,-7.9,DCF Undervalued by 71.6%. Undervalued by ~73% (Graham). High Financial Strength (F-Score 7/9).
EMMBI.NS,EMMBI.NS,Consumer Cyclical,Packaging & Containers,94.74,0.375,0.0,0.8571428571428571,0.5,0.375,0,97.1,2.21,23.170732,0.03957,84.014,0,1834867072,0.32,6.582837241323452,7.12,-25.4371248,-2.458113718716859,-29.712812101766993,19.1,81.69999999999999,Undervalued by ~2% (Graham). High Financial Strength (F-Score 7/9).
DEN.NS,DEN.NS,Communication Services,Entertainment,30.25,0.375,0.0,0.8571428571428571,0.5,0.375,0,82.87,173.76,7.529851,0.05217,0.575,0,14431705088,0,6.924920536031263,-1.7670000000000001,44.9470016,-5.267037228903904,4.374461204952995,-3.1,-32.1,DCF Undervalued by 173.76%. Undervalued by ~173% (Graham). High Financial Strength (F-Score 7/9).
BANSWRAS.NS,BANSWRAS.NS,Consumer Cyclical,Textile Manufacturing,103.94,0.375,0.0,0.8571428571428571,0.5,0.375,0,153.13,49.38,16.143307,0.03951,89.715,0,3511347200,0.96,6.559267093512646,4.797,-78.9912768,2.634798686525075,-21.396219210625787,0.6,40.8,DCF Undervalued by 49.38%. Undervalued by ~47% (Graham). High Financial Strength (F-Score 7/9).
SARVESHWAR.NS,SARVESHWAR.NS,Consumer Defensive,Packaged Foods,4.21,0.375,0.0,0.8571428571428571,0.5,0.375,0,4.87,15.4,15.629628,0.082550004,57.24,0,5185225728,0,12.813807433060026,5.1020004,-0.876275,23.39669962828721,100.25922589089902,23.400000000000002,0,Undervalued by ~15% (Graham). High Financial Strength (F-Score 7/9).
RAJESHEXPO.NS,RAJESHEXPO.NS,Consumer Cyclical,Luxury Goods,165.07,0.375,0.0,0.8571428571428571,0.5,0.375,0,237.53,43.26,37.091724,0.00818,5.254,0,48964898816,0,1.4409076445576177,0.093000004,7999.1095296,20.282511742006637,-54.530355263036746,161.8,128.6,DCF Undervalued by 43.26%. Undervalued by ~43% (Graham). High Financial Strength (F-Score 7/9).
PRECOT.NS,PRECOT.NS,Consumer Cyclical,Textile Manufacturing,339.45,0.375,0.0,0.8571428571428571,0.5,0.375,0,562.83,58.1,9.756097,0.09751,81.297,0,4272000000,0.88,12.247820210032232,8.545999,-2.9498,-4.517837251160451,-32.177994446148695,-15.8,-33.0,DCF Undervalued by 58.1%. Undervalued by ~65% (Graham). High Financial Strength (F-Score 7/9).
AEROENTER.NS,AEROENTER.NS,Basic Materials,Steel,79.66,0.375,0.0,0.8571428571428571,0.5,0.375,0,99.5,25.48,11.67894,0.09192,5.391,0,8993128448,0.38,15.675912946129705,12.675999,-7.6554624,19.664740594759333,14.331193370639973,25.1,-37.9,Undervalued by ~24% (Graham). High Financial Strength (F-Score 7/9).
UYFINCORP.NS,UYFINCORP.NS,Financial Services,Credit Services,13.57,0.375,0.0,0.8571428571428571,0.5,0.375,0,19.34,42.49,14.912087,0.05144,1.149,0,2581534208,0,4.477298434149452,40.69,27.6640384,9.803522169076917,53.964321437748254,-39.4,138.9,DCF Undervalued by 42.49%. Undervalued by ~42% (Graham). High Financial Strength (F-Score 7/9).
SUPERHOUSE.NS,SUPERHOUSE.NS,Consumer Cyclical,Footwear & Accessories,139.02,0.375,0.0,0.8571428571428571,0.5,0.375,0,223.79,60.97,26.786127,0.012,39.038,0,1534888320,0.58,4.889855339427063,4.074,12.2136248,0.8971834787679267,-35.95298161851218,4.3999999999999995,65.3,DCF Undervalued by 60.97%. Undervalued by ~60% (Graham). High Financial Strength (F-Score 7/9).
KIRLOSIND.NS,KIRLOSIND.NS,Industrials,Metal Fabrication,2998.6,0.375,0.0,0.8571428571428571,0.5,0.375,0,4834.63,59.82,19.069532,0.03917,14.61,0,31790850048,0.43,7.786730421229213,9.712,51.3387488,20.39530555894098,-8.339746519444425,4.9,4.2,DCF Undervalued by 59.82%. Undervalued by ~61% (Graham). High Financial Strength (F-Score 7/9).
DHAMPURSUG.NS,DHAMPURSUG.NS,Consumer Defensive,Confectioners,118.05,0.375,0.0,0.8571428571428571,0.5,0.375,0,185.44,55.84,13.678162,0.05175,44.818,0,7652474368,0,6.187756368608361,-0.791,105.5962496,1.1911728150624912,-28.69989104530989,19.7,0,DCF Undervalued by 55.84%. Undervalued by ~57% (Graham). High Financial Strength (F-Score 7/9).
TGBHOTELS.NS,TGBHOTELS.NS,Consumer Cyclical,Lodging,9.03,0.375,0.0,0.8571428571428571,0.5,0.375,0,19.78,119.03,13.477612,0.02633,24.265,0,264456192,0,4.221782197958581,2.563,-2.134275,12.433249349475627,-54.30753551787287,0,0,DCF Undervalued by 119.03%. Undervalued by ~119% (Graham). High Financial Strength (F-Score 7/9).
DYNPRO.NS,DYNPRO.NS,Basic Materials,Specialty Chemicals,218.35,0.375,0.0,0.8571428571428571,0.5,0.375,0,246.44,12.87,15.205433,0.07946,33.912,0,2713738496,0,9.954422247640371,9.0950005,11.3633504,14.148671634463849,1.6114632473891666,-8.7,12.6,Undervalued by ~12% (Graham). High Financial Strength (F-Score 7/9).
MITCON.NS,MITCON.NS,Industrials,Engineering & Construction,58.21,0.375,0.0,0.8571428571428571,0.5,0.375,0,58.48,0.46,35.066265,0.027929999,62.951,0,1029142400,0,8.965312091304906,11.343,9.7046248,2.1396135454668563,73.54378565438387,5.800000000000001,-45.6,Undervalued by ~0% (Graham). High Financial Strength (F-Score 7/9).
PATINTLOG.NS,PATINTLOG.NS,Industrials,Integrated Freight & Logistics,12.26,0.375,0.0,0.8571428571428571,0.5,0.375,0,20.98,71.14,10.754386,0.06554,10.698,0,853121216,2.53,6.563013060116915,2.053,15.8769504,13.492522946692652,49.536646099934956,11.799999999999999,10.299999999999999,DCF Undervalued by 71.14%. Undervalued by ~71% (Graham). High Financial Strength (F-Score 7/9).
NAHARCAP.NS,NAHARCAP.NS,Financial Services,Capital Markets,227.95,0.375,0.0,0.8571428571428571,0.5,0.375,0,887.65,289.41,6.4066887,0.03628,0.362,0,3817288704,0.67,3.7500773411196753,76.686996,4.6352,-1.2384920416578238,-39.6359277664709,-19.900000000000002,95.3,DCF Undervalued by 289.41%. Undervalued by ~289% (Graham). High Financial Strength (F-Score 7/9).
3IINFOLTD.NS,3IINFOLTD.NS,Technology,Information Technology Services,14.54,0.375,0.0,0.8571428571428571,0.5,0.375,0,40.22,165.69,3.8426397,0.23164,10.763,0,3145155328,0,5.334912336443199,-5.867,5.44,2.344847129609695,-23.886466345597192,-1.5,0,DCF Undervalued by 165.69%. Undervalued by ~176% (Graham).
GLOTTIS.NS,GLOTTIS.NS,Industrials,Integrated Freight & Logistics,55.34,0.3747833333333333,0.0,0.6666666666666666,0.9430000000000001,0.3747833333333333,0,57.98,4.75,9.103619,0,25.397,0,5114505728,0,64.80649705809232,8.336,0,0,0,-1.4000000000000001,-21.2,Undervalued by ~4% (Graham). Positive Market Sentiment.
AFFLE.NS,AFFLE.NS,Communication Services,Advertising Agencies,1734.2,0.37451399999999996,0.2,0.5714285714285714,0.69676,0.37451399999999996,0,394.75,-77.17,57.961784,0.14091,1.18,0,243151765504,0,15.774655526573145,17.662,-63.391872,27.945466971907074,21.31544526194331,19.1,20.0,Overvalued by 77.17%. High Financial Strength (F-Score 7/9). Positive Market Sentiment.
PYRAMID.NS,PYRAMID.NS,Consumer Cyclical,Packaging & Containers,162.23,0.37451,0.2,0.7142857142857143,0.3634,0.37451,0,109.16,-31.82,21.461126,0.110489994,53.667,0,5889246720,0.31,12.572744915840792,5.6649998,-121.4846464,13.878293767873572,0.666772477158406,20.8,7.1,Overvalued by 31.82%. High Financial Strength (F-Score 7/9).
COCHINSHIP.NS,COCHINSHIP.NS,Industrials,Aerospace & Defense,1622.9,0.37444099999999997,0.4,0.42857142857142855,0.56294,0.37444099999999997,0,375.64,-76.85,56.07809,0.13844,20.291,0,427072389120,0.9,20.699991623988875,3.823,-936.720896,14.050151157409196,13.62569476085136,-2.1999999999999997,-43.0,Overvalued by 76.85%. Balanced moderate growth candidate.
GLAXO.NS,GLAXO.NS,Healthcare,Drug Manufacturers - General,2394.8,0.3736035,0.2,0.5714285714285714,0.69069,0.3736035,0,357.29,-85.01,42.35963,0.56517,2.091,0,403863994368,1.75,64.63307457905088,32.481998000000004,618.2396416,4.510994486141873,-18.20031094033118,-3.1,1.9,Overvalued by 85.01%. High Financial Strength (F-Score 7/9). Positive Market Sentiment.
LANDSMILL.NS,LANDSMILL.NS,Industrials,Conglomerates,0.92,0.37302749999999996,0.4,0.5,0.38685,0.37302749999999996,0,0,0,0,0.0053899996,0.444,0,1311946368,0,0.41137282654000845,19.584998000000002,-3.8340568,15.932018957881633,-44.04519867485459,-59.5,0,High Financial Strength (F-Score 9/9).
SAFARI.NS,SAFARI.NS,Consumer Cyclical,Footwear & Accessories,2079.5,0.37275899999999995,0.2,0.5714285714285714,0.68506,0.37275899999999995,0,398.3,-80.85,62.91591,0.17159,10.828,0,101903941632,0.19,19.968354755519936,10.588000000000001,-40.4812512,35.96748494167797,85.51097441343425,16.5,58.099999999999994,Overvalued by 80.85%. High Financial Strength (F-Score 7/9). Positive Market Sentiment.
STYRENIX.NS,STYRENIX.NS,Basic Materials,Chemicals,1913.7,0.37209,0.2,0.5714285714285714,0.6806,0.37209,0,1348.34,-29.66,16.805191,0.19559999,44.082,0,33708124160,4.7,22.52965290267149,7.424,-638.6912256,11.105649914387028,-9.996700549046144,22.3,-36.199999999999996,Overvalued by 29.66%. Positive Market Sentiment.
SHAKTIPUMP.NS,SHAKTIPUMP.NS,Industrials,Specialty Industrial Machinery,710.75,0.37181499999999995,0.2,0.5714285714285714,0.6787666666666666,0.37181499999999995,0,313.76,-55.77,21.373909,0.31280002,37.999,0,87611047936,0.14,44.638920033410336,19.400999,-585.8424832,29.162533478634355,84.69587730104205,4.1000000000000005,-13.0,Overvalued by 55.77%. Positive Market Sentiment.
ALLTIME.NS,ALLTIME.NS,Consumer Defensive,Household & Personal Products,235.7,0.37146616666666665,0.4,0.3333333333333333,0.7653300000000001,0.37146616666666665,0,117.79,-50.3,40.237694,0,22.351,0,15525344256,0,16.793211924072846,6.0939997,0,11.684187457784612,24.453370132510276,12.5,-71.89999999999999,Overvalued by 50.3%. Positive Market Sentiment.
NBCC.NS,NBCC.NS,Industrials,Engineering & Construction,105.18,0.37116449999999995,0.2,0.5714285714285714,0.67443,0.37116449999999995,0,22.26,-78.85,47.396397,0.22934,0.011,0,284094005248,1.04,37.121806280444794,6.909999999999999,3.5175376,15.368861738779959,34.11492077356164,22.7,26.700000000000003,Overvalued by 78.85%. High Financial Strength (F-Score 7/9). Positive Market Sentiment.
KRSNAA.NS,KRSNAA.NS,Healthcare,Diagnostics & Research,708.7,0.37049999999999994,0.2,0.5714285714285714,0.67,0.37049999999999994,0,405.18,-42.93,27.680313,0.09588,30.959,0,23031457792,0.39,11.87098878959699,17.267,-105.1009984,16.33894398866167,4.305897148326476,10.5,22.5,Overvalued by 42.93%. High Financial Strength (F-Score 7/9). Positive Market Sentiment.
AWFIS.NS,AWFIS.NS,Industrials,Rental & Leasing Services,451.0,0.3701325,0.4,0.2857142857142857,0.86755,0.3701325,0,107.26,-76.16,61.55951,0.113450006,290.895,0,32179068928,0,42.284643884325604,10.13,212.0837504,67.48021986127861,5.894159396631649,25.5,-59.5,Overvalued by 76.16%. Positive Market Sentiment.
INNOVACAP.NS,INNOVACAP.NS,Healthcare,Drug Manufacturers - Specialty & Generic,696.5,0.36996166666666663,0.4,0.3333333333333333,0.7553000000000001,0.36996166666666663,0,304.6,-56.27,30.11241,0,32.951,0,39857164288,0.57,13.374121083422683,12.875,0,15.56657465821598,26.107576767495686,42.3,23.5,Overvalued by 56.27%. Positive Market Sentiment.
AURIONPRO.NS,AURIONPRO.NS,Technology,Software - Infrastructure,1013.8,0.3696625,0.0,0.7142857142857143,0.79775,0.3696625,0,508.67,-49.7,27.332432,0.1367,1.841,0,54575300608,0.59,15.02650950568942,17.063,-43.169824,32.43252322463845,38.109809293516975,28.499999999999996,23.1,Overvalued by 49.7%. High Financial Strength (F-Score 7/9). Positive Market Sentiment.
OLECTRA.NS,OLECTRA.NS,Industrials,Farm & Heavy Construction Machinery,1088.4,0.36963149999999995,0.2,0.5714285714285714,0.66421,0.36963149999999995,0,231.29,-78.75,62.62371,0.13527,32.542,0,89336676352,0.04,18.329514767494086,11.948,-137.5885952,44.78497528950393,57.79181512745453,25.4,4.3,Overvalued by 78.75%. High Financial Strength (F-Score 7/9). Positive Market Sentiment.
POWERINDIA.NS,POWERINDIA.NS,Industrials,Electrical Equipment & Parts,16937.0,0.36853349999999996,0.2,0.5714285714285714,0.65689,0.36853349999999996,0,1949.58,-88.44,102.68428,0.23965,1.843,0,752492216320,0.04,13.327369242853177,15.495999999999999,2233.3175808,9.345923102718135,23.590726523597773,18.8,380.6,Overvalued by 88.44%. High Financial Strength (F-Score 7/9). Positive Market Sentiment.
WCIL.NS,WCIL.NS,Unknown,Unknown,114.19,0.36834249999999996,0.8,0,0.58895,0.36834249999999996,0,0,0,0,0,0,0,0,0,0,0,0,0,0,0,0,Strong technical uptrend (RSI/MACD bullish).
SAHYADRI.NS,SAHYADRI.NS,Industrials,Building Products & Equipment,246.65,0.36832875,0.0,0.8571428571428571,0.455525,0.36832875,0,368.82,50.84,14.450355,0.048499998,8.967,0,2725491456,0.41,7.2741613899783095,2.481,25.1337504,3.5340133809734997,-31.97457271072599,17.9,40.9,DCF Undervalued by 50.84%. Undervalued by ~49% (Graham). High Financial Strength (F-Score 7/9).
MMTC.NS,MMTC.NS,Industrials,Conglomerates,71.58,0.3680275,0.6,0.2857142857142857,0.38685,0.3680275,0,20.61,-70.57,47.62585,0.12129,1.796,0,105108725760,0,7.031571279183164,-2092.727,162.5687552,-93.79179994586767,-30.514719898356635,-29.5,256.3,Overvalued by 70.57%. Balanced moderate growth candidate.
MAMATA.NS,MAMATA.NS,Industrials,Specialty Industrial Machinery,405.2,0.36791,0.2,0.7142857142857143,0.3194,0.36791,0,168.08,-58.5,23.142857,0.27403998,4.109,0,9966158848,0.12,31.92946687818204,10.5179995,12.3656,9.83171758524055,23.383433254905306,24.7,-2.6,Overvalued by 58.5%. High Financial Strength (F-Score 7/9).
SEDEMAC.NS,SEDEMAC.NS,Consumer Cyclical,Auto Parts,2064.4,0.36719999999999997,0.2,0.5714285714285714,0.648,0.36719999999999997,0,223.24,-89.19,87.47457,0.27527002,16.126,0,91166998528,0,31.754796630854493,14.807001,-25.534,35.848607372446864,129.46389489860036,59.9,253.2,Overvalued by 89.19%. High Financial Strength (F-Score 7/9). Positive Market Sentiment.
TAKE.NS,TAKE.NS,Healthcare,Biotechnology,38.45,0.36697183333333333,0.6,0.16666666666666666,0.65759,0.36697183333333333,0,2.43,-93.68,256.3333,0.37965,0,0,5622350848,0,13.148536074438544,-15982.927000000001,-40.7183744,-100.0,-63.68378646913555,0,0,Overvalued by 93.68%. Positive Market Sentiment.
BYKE.NS,BYKE.NS,Consumer Cyclical,Lodging,53.03,0.36691999999999997,0.4,0.42857142857142855,0.5128,0.36691999999999997,0,31.41,-40.57,52.85,0.02335,45.915,0,2762960896,0,5.6368662983312685,16.506,8.2266,1.1834356521095213,-28.973119283351867,20.200000000000003,257.1,Overvalued by 40.57%. High Financial Strength (F-Score 7/9).
AFFORDABLE.NS,AFFORDABLE.NS,Industrials,Specialty Industrial Machinery,184.38,0.36683299999999996,0.4,0.42857142857142855,0.51222,0.36683299999999996,0,52.5,-71.52,136.56296,0.01497,69.146,0,2073361664,0,-2.979765443260996,15.445999999999998,-34.429312,26.18354806517329,nan,14.299999999999999,0,Overvalued by 71.52%. High Financial Strength (F-Score 7/9).
AMJLAND.NS,AMJLAND.NS,Real Estate,Real Estate - Development,48.67,0.3666666666666667,0.0,0.8333333333333334,0.5,0.3666666666666667,0,84.55,73.78,9.520548,0.09024,0,0,1994650112,0.41,14.424021722669691,42.865002000000004,40.6213248,39.34934198023106,32.28093152917386,12.6,26.900000000000002,DCF Undervalued by 73.78%. Undervalued by ~73% (Graham). High Financial Strength (F-Score 7/9).
AMBIKCO.NS,AMBIKCO.NS,Consumer Cyclical,Textile Manufacturing,1203.0,0.3666666666666667,0.0,0.8333333333333334,0.5,0.3666666666666667,0,1995.61,65.69,11.1240425,0.06775,0,0,6903568896,3.08,11.245664448076226,10.788999500000001,-9.5011872,-8.034759880833075,-28.504366326324014,-0.4,13.3,DCF Undervalued by 65.69%. Undervalued by ~65% (Graham). High Financial Strength (F-Score 7/9).
ALPA.NS,ALPA.NS,Healthcare,Drug Manufacturers - Specialty & Generic,71.44,0.3666666666666667,0.0,0.8333333333333334,0.5,0.3666666666666667,0,127.37,76.9,8.135592,0.10696,0,0,1515950464,0,14.98585162047351,-11.094,7.6638496,0.3371321360179369,11.441449667948955,5.3,-98.6,DCF Undervalued by 76.9%. Undervalued by ~78% (Graham).
CORALFINAC.NS,CORALFINAC.NS,Real Estate,Real Estate Services,37.03,0.3666666666666667,0.0,0.8333333333333334,0.5,0.3666666666666667,0,62.33,68.91,11.424149,0.058140002,0,0,1487152128,1.08,9.594438174872158,83.474,6.32125,-3.167913564635494,0.22802148939149447,-40.2,-37.1,DCF Undervalued by 68.91%. Undervalued by ~68% (Graham). High Financial Strength (F-Score 7/9).
CONSOFINVT.NS,CONSOFINVT.NS,Financial Services,Capital Markets,159.01,0.3666666666666667,0.0,0.8333333333333334,0.5,0.3666666666666667,0,385.78,140.06,7.8047595,0.06781,0,0,5194846720,0.71,6.898994368298959,98.952,45.257024,98.5665033289961,461.8081789801783,10.9,-66.7,DCF Undervalued by 140.06%. Undervalued by ~142% (Graham). High Financial Strength (F-Score 7/9).
IMPAL.NS,IMPAL.NS,Consumer Cyclical,Auto Parts,1003.8,0.3666666666666667,0.0,0.8333333333333334,0.5,0.3666666666666667,0,1784.57,78.99,14.436722,0.0339,0,0,12442560512,2.99,4.668786008780132,7.141,18.9075008,6.823378676221936,11.260539690550008,4.3999999999999995,12.9,DCF Undervalued by 78.99%. Undervalued by ~77% (Graham). High Financial Strength (F-Score 7/9).
BFINVEST.NS,BFINVEST.NS,Financial Services,Asset Management,400.45,0.3666666666666667,0.0,0.8333333333333334,0.5,0.3666666666666667,0,960.06,138.23,18.503214,0.01089,0,0,15277668352,0,4.381417674774525,85.62100000000001,33.368624,47.474897818709834,3.976309118405519,4.2,11.0,DCF Undervalued by 138.23%. Undervalued by ~139% (Graham). High Financial Strength (F-Score 7/9).
GAIL.NS,GAIL.NS,Utilities,Utilities - Regulated Gas,165.17,0.366543,0.0,0.8571428571428571,0.44362,0.366543,0,223.63,35.45,9.957781,0.12713,25.373,0,1085545644032,4.54,16.63162065573913,6.426,2216.9524224,15.226128500189184,0.5241433185004807,4.9,-26.8,DCF Undervalued by 35.45%. Undervalued by ~35% (Graham).
STANLEY.NS,STANLEY.NS,Consumer Cyclical,"Furnishings, Fixtures & Appliances",190.78,0.36652049999999997,0.2,0.5714285714285714,0.64347,0.36652049999999997,0,102.54,-46.1,33.26049,0.07235,69.949,0,10868157440,0,11.594513501928846,9.962,51.1124992,13.231123949733469,10.876238483708732,2.3,-8.4,Overvalued by 46.1%. High Financial Strength (F-Score 7/9). Positive Market Sentiment.
KALYANKJIL.NS,KALYANKJIL.NS,Consumer Cyclical,Luxury Goods,480.4,0.36631125,0.2,0.5714285714285714,0.642075,0.36631125,0,102.46,-78.69,53.255814,0.19193001,99.88,0,496863248384,0.31,16.082603485927574,5.013,-610.2210048,32.26556027065601,47.17831755540169,29.5,98.4,Overvalued by 78.69%. High Financial Strength (F-Score 7/9). Positive Market Sentiment.
VBL.NS,VBL.NS,Consumer Defensive,Beverages - Non-Alcoholic,502.4,0.3657223333333333,0.6,0.16666666666666666,0.64926,0.3657223333333333,0,103.33,-79.37,57.322655,0,11.554,0,1694376394752,0.4,20.45753014610342,20.173,0,31.03651713015814,55.201045474317766,1.9,14.7,Overvalued by 79.37%. Positive Market Sentiment.
IGL.NS,IGL.NS,Utilities,Utilities - Regulated Gas,181.38,0.36551875,0.0,0.7142857142857143,0.770125,0.36551875,0,143.45,-20.97,15.9071,0.14575,0.903,0,254335369216,1.65,20.614445888868076,7.7700000000000005,822.8287488,24.67669179696299,4.569451570382532,8.799999999999999,-15.1,Overvalued by 20.97%. High Financial Strength (F-Score 9/9). Positive Market Sentiment.
SOLEX.NS,SOLEX.NS,Technology,Solar,1158.2,0.36549,0.2,0.5714285714285714,0.6366,0.36549,0,484.91,-58.12,19.118376,0.37625,155.692,0,12509282304,0.05,21.412546048337813,8.885,-181.1707904,109.59710750903535,249.09306701801034,13.5,-22.400000000000002,Overvalued by 58.12%. High Financial Strength (F-Score 7/9). Positive Market Sentiment.
ZODIAC.NS,ZODIAC.NS,,,271.65,0.365,0.4,0.42857142857142855,0.5,0.365,0,74.63,-72.86,73.72654,0.2243,178.121,0,0,0,0,7.932,-159.609856,0,0,83.39999999999999,6.1,Overvalued by 72.86%. High Financial Strength (F-Score 7/9).
GODREJIND.NS,GODREJIND.NS,Industrials,Conglomerates,1003.4,0.365,0.4,0.42857142857142855,0.5,0.365,0,445.79,-55.69,35.174824,0.10305,212.69,0,338825674752,0,8.53093759068457,20.135,-4772.4474368,11.596967993952934,14.501962211032904,22.8,-15.8,Overvalued by 55.69%. Balanced moderate growth candidate.
GENESYS.NS,GENESYS.NS,Technology,Software - Application,356.35,0.365,0.4,0.42857142857142855,0.5,0.365,0,232.26,-35.29,24.63624,0.09819,21.419,0,15000655872,0,13.744984263900573,18.681,-107.47168,38.722429053621795,61.24245508367567,6.800000000000001,4.0,Overvalued by 35.29%. Balanced moderate growth candidate.
THEINVEST.NS,THEINVEST.NS,Financial Services,Capital Markets,118.96,0.365,0.4,0.42857142857142855,0.5,0.365,0,114.43,-2.65,28.122011,0.03757,66.682,0,6141072896,0,9.41350358988751,3.759,0,2.998135828247195,199.71043834692216,-38.1,-85.6,Balanced moderate growth candidate.
ABCOTS.NS,ABCOTS.NS,Consumer Cyclical,Textile Manufacturing,412.2,0.365,0.4,0.42857142857142855,0.5,0.365,0,116.45,-71.53,45.95506,0.12702,93.028,0,8983120896,0,8.582099132174907,14.368,-106.2478848,28.410557562719596,14.332397997735423,-34.0,14.899999999999999,Overvalued by 71.53%. Balanced moderate growth candidate.
JTLIND.NS,JTLIND.NS,Basic Materials,Steel,69.88,0.365,0.4,0.42857142857142855,0.5,0.365,0,37.92,-45.83,35.897434,0.06565,13.09,0,27515713536,0.18,10.459204956921726,6.9759995,-364.1536768,12.277102475913338,17.407876380222277,-10.5,12.0,Overvalued by 45.83%. Balanced moderate growth candidate.
SMLT.NS,SMLT.NS,Industrials,Metal Fabrication,77.32,0.365,0.4,0.42857142857142855,0.5,0.365,0,75.09,-4.21,28.505455,0.03097,2.352,0,1078860288,0.65,5.554825367723517,2.548,-26.7679632,-26.97429235325799,-46.87723476132015,-20.599999999999998,-6.6000000000000005,Balanced moderate growth candidate.
SUKHJITS.NS,SUKHJITS.NS,Basic Materials,Specialty Chemicals,183.58,0.365,0.4,0.42857142857142855,0.5,0.365,0,165.46,-10.56,25.273224,0.04236,74.457,0,5818023424,0.54,10.093871798882686,2.912,-55.6641344,8.928347216244603,-18.145454910251267,-15.1,-67.60000000000001,Balanced moderate growth candidate.
MAHEPC.NS,MAHEPC.NS,Industrials,Farm & Heavy Construction Machinery,130.11,0.365,0.4,0.42857142857142855,0.5,0.365,0,82.66,-36.44,25.958084,0.08397,21.052,0,3646639104,0,6.567239635995955,1.129,-30.4337504,8.753818039458316,-3.041416881687675,-0.8999999999999999,0,Overvalued by 36.44%. Balanced moderate growth candidate.
MOTOGENFIN.NS,MOTOGENFIN.NS,Real Estate,Real Estate Services,23.02,0.365,0.4,0.42857142857142855,0.5,0.365,0,13.3,-43.51,60.384617,0.01984,0.483,0,918867456,0,1.3142697995134682,27.556000000000004,0.4857,18.63803264223558,-31.29812052727965,-10.7,262.5,Overvalued by 43.51%. High Financial Strength (F-Score 9/9).
AADHARHFC.NS,AADHARHFC.NS,Financial Services,Mortgage Finance,477.5,0.365,0.4,0.42857142857142855,0.5,0.365,0,283.36,-40.66,21.328718,0.15477,255.35,0,207159427072,0,10.27285862404309,62.94800000000001,0,20.712291350557898,27.028185319869547,16.900000000000002,16.900000000000002,Overvalued by 40.66%. Balanced moderate growth candidate.
SEQUENT.NS,SEQUENT.NS,Healthcare,Drug Manufacturers - Specialty & Generic,192.57,0.365,0.4,0.42857142857142855,0.5,0.365,0,34.57,-81.92,116.56098,0.066360004,55.307,0,83292667904,0,8.711995481600555,9.663,-1.48975,3.13446726851061,-18.860269185306123,15.0,480.0,Overvalued by 81.92%. High Financial Strength (F-Score 7/9).
REDTAPE.NS,REDTAPE.NS,Consumer Cyclical,Footwear & Accessories,125.67,0.365,0.4,0.42857142857142855,0.5,0.365,0,33.84,-73.02,38.35474,0.23121999,108.421,0,69383430144,0.4,24.60056981043844,12.0670006,-364.3062528,88.15076996505829,80.2259968984819,20.7,10.5,Overvalued by 73.02%. Balanced moderate growth candidate.
ADANIENSOL.NS,ADANIENSOL.NS,Utilities,Utilities - Independent Power Producers,922.6,0.365,0.4,0.42857142857142855,0.5,0.365,0,286.94,-68.9,49.02763,0.10536,186.654,0,1110473441280,0,6.760447491323866,26.982,-8844.5198336,29.032865994459446,-4.174218483338588,6.7,-27.1,Overvalued by 68.9%. High Financial Strength (F-Score 7/9).
SHREECEM.NS,SHREECEM.NS,Basic Materials,Building Materials,27550.0,0.365,0.4,0.42857142857142855,0.5,0.365,0,8166.92,-70.41,57.90777,0.07935,9.525,0,996859641856,0.58,6.7667292784908035,6.429,1148.0699904,9.168910162195697,-21.622547655760606,17.4,292.2,Overvalued by 70.41%. High Financial Strength (F-Score 7/9).
WINDMACHIN.NS,WINDMACHIN.NS,Industrials,Specialty Industrial Machinery,244.95,0.365,0.4,0.42857142857142855,0.5,0.365,0,112.86,-54.39,37.83639,0.06522,5.437,0,21572687872,0.15,3.049896774006292,3.267,-417.6683008,0.055814728616265796,48.733219697245,131.1,0,Overvalued by 54.39%. Balanced moderate growth candidate.
MITTAL.NS,MITTAL.NS,Consumer Cyclical,Textile Manufacturing,1.01,0.365,0.4,0.42857142857142855,0.5,0.365,0,0.94,-7.42,34.0,0.04422,14.045,0,452778784,0,4.64115404111336,6.268999999999999,-3.4236876,11.599686678258792,134.1542551932486,28.7,0,Balanced moderate growth candidate.
LXCHEM.NS,LXCHEM.NS,Basic Materials,Specialty Chemicals,149.49,0.365,0.4,0.42857142857142855,0.5,0.365,0,69.61,-53.44,49.833332,0.044099998,17.29,0,41441628160,0.33,8.36985599899252,2.467,-277.4976256,-1.0641558336774493,-23.878968383186027,-9.3,-60.0,Overvalued by 53.44%. High Financial Strength (F-Score 7/9).
KABRAEXTRU.NS,KABRAEXTRU.NS,Industrials,Specialty Industrial Machinery,201.07,0.365,0.4,0.42857142857142855,0.5,0.365,0,91.0,-55.17,66.77631,0.02329,32.04,0,7121844224,1.24,8.322878552195725,0.72399997,-54.829088,5.749932497454346,2.0796363508422067,5.2,-97.39999999999999,Overvalued by 55.17%. High Financial Strength (F-Score 7/9).
HINDCON.NS,HINDCON.NS,Basic Materials,Specialty Chemicals,24.5,0.365,0.4,0.42857142857142855,0.5,0.365,0,18.07,-26.48,24.58,0.07241,10.848,0,1258265472,0.63,9.680133451112944,3.3800002000000005,-4.6029436,-5.411961986730784,-3.508738861328886,18.2,18.8,Overvalued by 26.48%. Balanced moderate growth candidate.
BOROSCI.NS,BOROSCI.NS,Consumer Cyclical,Packaging & Containers,116.81,0.365,0.4,0.42857142857142855,0.5,0.365,0,36.45,-68.84,88.63636,0.029000001,2.192,0,10427226112,0,10.020369615940151,3.004,112.7044608,60.25399749617038,46.25595067040431,4.2,-67.7,Overvalued by 68.84%. High Financial Strength (F-Score 7/9).
TRANSWORLD.NS,TRANSWORLD.NS,Industrials,Marine Shipping,166.52,0.365,0.4,0.42857142857142855,0.5,0.365,0,0,0,0,-0.0081,38.162,0,3683297792,0.9,5.7456206350189865,-8.808,108.2112512,-5.921022354898742,-45.64271843051967,-21.4,0,High Financial Strength (F-Score 7/9).
DEEPINDS.NS,DEEPINDS.NS,Energy,Oil & Gas E&P,382.45,0.365,0.4,0.42857142857142855,0.5,0.365,0,0,0,0,-0.01441,10.086,0,24639649792,0.8,-1.4712272428031379,34.706002000000005,-278.6244352,21.445258864051908,nan,69.19999999999999,75.5,High Financial Strength (F-Score 7/9).
TARMAT.NS,TARMAT.NS,Industrials,Engineering & Construction,52.33,0.365,0.4,0.42857142857142855,0.5,0.365,0,42.33,-19.0,47.94495,0.017719999,6.468,0,1312525696,0,1.629865458832153,3.711,-28.3885376,-17.596310494484303,-25.80935919690477,45.6,335.70000000000005,High Financial Strength (F-Score 7/9).
BALPHARMA.NS,BALPHARMA.NS,Healthcare,Drug Manufacturers - Specialty & Generic,71.82,0.365,0.4,0.42857142857142855,0.5,0.365,0,69.25,-3.82,16.783216,0.093310006,197.725,0,1147132288,1.67,8.637373510784425,4.6729997,-14.3308992,2.7126063415770396,8.74112329294896,0.4,-30.8,High Financial Strength (F-Score 7/9).
CHEMFAB.NS,CHEMFAB.NS,Basic Materials,Specialty Chemicals,425.85,0.365,0.4,0.42857142857142855,0.5,0.365,0,0,0,0,-0.01767,28.847,0,6108823552,0.29,0.9987823313511625,-1.5,-85.5551744,7.220411053549225,nan,-6.5,0,High Financial Strength (F-Score 7/9).
TTKHLTCARE.NS,TTKHLTCARE.NS,Healthcare,Drug Manufacturers - General,987.7,0.365,0.4,0.42857142857142855,0.5,0.365,0,900.46,-8.4,20.950556,0.0624,2.472,0,13916032000,1.01,10.145565253854407,1.534,-198.5248128,10.196217890732218,25.220059779707114,2.6,18.6,Balanced moderate growth candidate.
SHILPAMED.NS,SHILPAMED.NS,Healthcare,Drug Manufacturers - Specialty & Generic,294.15,0.365,0.4,0.42857142857142855,0.5,0.365,0,124.43,-57.53,52.983723,0.057690002,24.328,0,57314394112,0.17,6.7086012589871045,21.207,-24.6968256,4.064049441600637,8.87663436776851,7.6,145.9,Overvalued by 57.53%. High Financial Strength (F-Score 7/9).
MIDHANI.NS,MIDHANI.NS,Basic Materials,Steel,350.65,0.365,0.4,0.42857142857142855,0.5,0.365,0,99.66,-71.6,61.034786,0.07716,23.466,0,65746976768,0.43,11.29473510202443,7.622000600000001,73.645024,7.9465455042774025,-14.38476965942126,-20.0,-45.7,Overvalued by 71.6%. High Financial Strength (F-Score 7/9).
MICEL.NS,MICEL.NS,Technology,Electronic Components,38.64,0.365,0.4,0.42857142857142855,0.5,0.365,0,9.12,-76.46,99.35898,0.04309,20.072,0,9347701760,0,6.411257871005163,7.659000000000001,-26.7675376,23.840956101054346,49.15394059074223,38.0,0,Overvalued by 76.46%. High Financial Strength (F-Score 7/9).
BAJAJELEC.NS,BAJAJELEC.NS,Consumer Cyclical,"Furnishings, Fixtures & Appliances",435.55,0.365,0.4,0.42857142857142855,0.5,0.365,0,176.36,-59.83,46.90171,0.06498,84.783,0,50655526912,0.69,13.619067813705572,2.271,274.8925696,0.6181858163512022,1.2571438957993841,-1.0,-24.099999999999998,Overvalued by 59.83%. High Financial Strength (F-Score 7/9).
PIONEEREMB.NS,PIONEEREMB.NS,Consumer Cyclical,Textile Manufacturing,28.39,0.365,0.4,0.42857142857142855,0.5,0.365,0,17.96,-34.96,95.2069,0.0055,58.879,0,868859008,0,6.230814891579541,-3.8670000000000004,3.5799124,8.700519398502426,-25.941174801397025,-11.799999999999999,0,Overvalued by 34.96%. High Financial Strength (F-Score 7/9).
LUXIND.NS,LUXIND.NS,Consumer Cyclical,Apparel Manufacturing,947.4,0.365,0.4,0.42857142857142855,0.5,0.365,0,749.34,-20.86,22.411835,0.07412,32.661,0,28474873856,0.21,11.926295996785125,4.686999699999999,-485.0512384,4.022659692913799,-21.34120092008398,15.0,-54.2,Overvalued by 20.86%. Balanced moderate growth candidate.
AMBICAAGAR.NS,AMBICAAGAR.NS,Consumer Defensive,Household & Personal Products,25.55,0.365,0.4,0.42857142857142855,0.5,0.365,0,20.57,-19.54,88.13793,0.00472,74.724,0,443299552,0,7.352274157634997,4.099999700000001,-4.9750624,2.0441791472525894,-41.1789878307657,3.3000000000000003,0,High Financial Strength (F-Score 7/9).
KHADIM.NS,KHADIM.NS,Consumer Cyclical,Footwear & Accessories,171.92,0.365,0.4,0.42857142857142855,0.5,0.365,0,125.35,-26.05,21.899225,0.06865,154.065,0,3120973056,0,12.789453959552358,6.968000000000001,59.0602496,-10.741945639368378,-7.714561211182236,-36.7,-28.299999999999997,Overvalued by 26.05%. High Financial Strength (F-Score 7/9).
LYKALABS.NS,LYKALABS.NS,Healthcare,Biotechnology,77.01,0.365,0.4,0.42857142857142855,0.5,0.365,0,19.39,-74.82,130.50848,0.025139999,31.232,0,2748130048,0,9.406278588794795,-12.792,-8.5869,-10.060500826110497,-40.99445125835665,-10.9,0,Overvalued by 74.82%. High Financial Strength (F-Score 7/9).
UBL.NS,UBL.NS,Consumer Defensive,Beverages - Brewers,1519.6,0.365,0.4,0.42857142857142855,0.5,0.365,0,226.12,-85.12,109.906006,0.08547,17.864,0,401895817216,0.66,12.496836256800782,3.195,-28.9587488,15.307618965529146,6.518711811580058,-3.0,-64.8,Overvalued by 85.12%. High Financial Strength (F-Score 7/9).
RHETAN.NS,RHETAN.NS,Basic Materials,Steel,26.52,0.365,0.4,0.42857142857142855,0.5,0.365,0,1.24,-95.33,530.0,0.03845,41.664,0,21117188096,0,4.249827101710472,20.101999,-25.4449376,-17.846954495473643,9.702322460756996,-3.8,33.300000000000004,Overvalued by 95.33%. High Financial Strength (F-Score 7/9).
SEJALLTD.NS,SEJALLTD.NS,Industrials,Building Products & Equipment,784.85,0.365,0.4,0.42857142857142855,0.5,0.365,0,154.67,-80.3,40.48221,0.44313,405.9,0,7937292800,0,12.737570792839085,12.279,-46.3615264,115.53228612812534,-57.90704036759124,68.89999999999999,231.3,Overvalued by 80.3%. High Financial Strength (F-Score 7/9).
VRLLOG.NS,VRLLOG.NS,Industrials,Trucking,249.65,0.365,0.4,0.42857142857142855,0.5,0.365,0,137.21,-45.11,18.712576,0.22352,101.073,0,43734249472,3.0,22.50544698438283,11.613,135.8653568,13.518507178039352,4.541510242029578,0.2,39.4,Overvalued by 45.11%. Balanced moderate growth candidate.
SIKKO.NS,SIKKO.NS,Basic Materials,Agricultural Inputs,4.34,0.365,0.4,0.42857142857142855,0.5,0.365,0,2.31,-46.33,35.916668,0.09133001,14.246,0,1882608000,0,7.499195892325597,19.489999,-51.5891008,6.72311077225205,31.483892352406894,25.4,4.8,Overvalued by 46.33%. Balanced moderate growth candidate.
TATACHEM.NS,TATACHEM.NS,Basic Materials,Chemicals,770.35,0.365,0.4,0.42857142857142855,0.5,0.365,0,395.53,-48.51,96.86002,0.016449999,32.125,0,195678289920,1.43,3.5665639113914973,6.5,-572.3749888,5.683960265521271,-42.83514927922374,-3.1,-60.3,Overvalued by 48.51%. High Financial Strength (F-Score 7/9).
AAREYDRUGS.NS,AAREYDRUGS.NS,Healthcare,Drug Manufacturers - Specialty & Generic,64.37,0.365,0.4,0.42857142857142855,0.5,0.365,0,38.78,-39.34,50.746033,0.0252,38.267,0,1812974208,0,5.760010153660654,2.317,-22.4580496,-1.3313371203884428,-15.011027626667095,-20.0,-36.8,Overvalued by 39.34%. High Financial Strength (F-Score 7/9).
GENUSPAPER.NS,GENUSPAPER.NS,Basic Materials,Paper & Paper Products,12.93,0.365,0.4,0.42857142857142855,0.5,0.365,0,11.11,-14.55,46.42857,0.01401,84.844,0,3342637056,0,4.348284178680166,5.994,-75.8102144,14.020398892645014,-51.55005209710448,15.8,0,High Financial Strength (F-Score 7/9).
ZIMLAB.NS,ZIMLAB.NS,Healthcare,Drug Manufacturers - Specialty & Generic,75.94,0.365,0.4,0.42857142857142855,0.5,0.365,0,40.38,-47.22,56.25,0.026659999,48.918,0,3731964416,0,7.543894853841206,0.8710000000000001,-27.3014368,3.400855039380457,-5.793376085411451,-3.6999999999999997,0,Overvalued by 47.22%. High Financial Strength (F-Score 7/9).
LOTUSEYE.NS,LOTUSEYE.NS,Healthcare,Medical Care Facilities,108.13,0.365,0.4,0.42857142857142855,0.5,0.365,0,15.5,-85.59,316.32355,0.01116,7.917,0,2292624896,0,2.8959855200723994,-0.5640000000000001,0.4433375,8.46706330226481,-37.196616611275815,1.0,20.0,Overvalued by 85.59%. High Financial Strength (F-Score 7/9).
PHOENIXLTD.NS,PHOENIXLTD.NS,Real Estate,Real Estate - Diversified,1726.2,0.365,0.4,0.42857142857142855,0.5,0.365,0,451.82,-73.83,57.40605,0.100959994,33.657,0,617352790016,0.14,13.223957045730467,51.612,1674.0752384,36.907524150527934,60.65676438977121,21.5,4.0,Overvalued by 73.83%. Balanced moderate growth candidate.
VIPCLOTHNG.NS,VIPCLOTHNG.NS,Consumer Cyclical,Apparel Manufacturing,23.49,0.365,0.4,0.42857142857142855,0.5,0.365,0,21.58,-8.14,23.969387,0.04912,40.011,0,2117142400,0,5.468877497327084,8.279,-25.9596752,9.23469537871069,35.09247737287329,11.5,150.0,Balanced moderate growth candidate.
DECCANCE.NS,DECCANCE.NS,Basic Materials,Building Materials,641.45,0.365,0.4,0.42857142857142855,0.5,0.365,0,532.46,-16.99,27.099705,0.04546,101.902,0,8994170880,0.09,1.5641290255030207,9.554,-95.9465856,-12.62006803329424,-55.88516310560907,16.5,0,High Financial Strength (F-Score 7/9).
MANBA.NS,MANBA.NS,Financial Services,Credit Services,135.14,0.365,0.4,0.42857142857142855,0.5,0.365,0,120.83,-10.59,16.126492,0.113479994,378.135,0,6789353472,0.77,3.5433963212748583,40.599000000000004,0,36.10130923746202,57.15114483739945,10.5,-2.1999999999999997,Balanced moderate growth candidate.
KOTYARK.NS,KOTYARK.NS,Basic Materials,Specialty Chemicals,360.65,0.365,0.4,0.42857142857142855,0.5,0.365,0,91.41,-74.65,140.8789,0.02122,53.873,0,3707163136,0.28,13.067950169875425,8.382000000000001,20.2049632,22.717013986780167,18.420596586792826,-25.1,-65.60000000000001,Overvalued by 74.65%. High Financial Strength (F-Score 7/9).
SUMICHEM.NS,SUMICHEM.NS,Basic Materials,Agricultural Inputs,430.2,0.3645025,0.0,0.7142857142857143,0.76335,0.3645025,0,125.2,-70.81,39.420956,0.18354,1.82,0,214083600384,0.28,23.609230148786082,21.646999,-135.6183808,0.9041182217801147,6.072208549384772,-5.8999999999999995,-7.5,Overvalued by 70.81%. High Financial Strength (F-Score 7/9). Positive Market Sentiment.
ANANDRATHI.NS,ANANDRATHI.NS,Financial Services,Asset Management,3084.2,0.3641908333333333,0.6,0.16666666666666666,0.63905,0.3641908333333333,0,312.77,-89.8,69.024994,0,9.912,0,254660034560,0.42,59.836124473427645,45.431998,0,31.025589110512342,33.24998657674918,25.2,29.9,Overvalued by 89.8%. Positive Market Sentiment.
DYCL.NS,DYCL.NS,Industrials,Electrical Equipment & Parts,312.05,0.36329500000000003,0.0,0.7142857142857143,0.7553000000000001,0.36329500000000003,0,174.45,-44.4,19.633919,0.20727,18.848,0,15203898368,0.08,22.681613404825114,9.947000000000001,4.2989,22.06732321662235,28.012457829319914,20.200000000000003,41.6,Overvalued by 44.4%. High Financial Strength (F-Score 7/9). Positive Market Sentiment.
IRFC.NS,IRFC.NS,Financial Services,Credit Services,122.01,0.36325349999999995,0.2,0.5714285714285714,0.62169,0.36325349999999995,0,71.13,-41.83,23.380497,0.12698,730.143,0,1598016847872,2.17,3.1182327348107157,97.44999399999999,0,10.09703630293657,2.206956465108334,10.4,10.6,Overvalued by 41.83%. High Financial Strength (F-Score 7/9). Positive Market Sentiment.
NAZARA.NS,NAZARA.NS,Communication Services,Electronic Gaming & Multimedia,268.85,0.362646875,0.4,0.42857142857142855,0.4843125,0.362646875,0,0,0,0,0.008090001,5.66,0,99377242112,0,2.922791180699792,0.22399999999999998,36.0875008,37.7189479033144,38.725131985312466,65.10000000000001,0,High Financial Strength (F-Score 7/9).
CDSL.NS,CDSL.NS,Financial Services,Capital Markets,1415.6,0.36234749999999993,0.2,0.5714285714285714,0.61565,0.36234749999999993,0,206.13,-85.43,62.47241,0.28139,0.139,0,295735001088,0.88,39.481085721449894,53.900999999999996,342.91264,25.208216207121236,19.17006058767976,-4.8,-13.4,Overvalued by 85.43%. High Financial Strength (F-Score 9/9). Positive Market Sentiment.
CMSINFO.NS,CMSINFO.NS,Industrials,Specialty Business Services,330.75,0.362203,0.0,0.7142857142857143,0.7480199999999999,0.362203,0,262.15,-20.68,15.350673,0.16128999,9.543,0,54358175744,1.97,22.76782759779997,14.661,158.1319936,15.108366166138264,18.463570438525466,-2.5,-18.8,Overvalued by 20.68%. High Financial Strength (F-Score 7/9). Positive Market Sentiment.
QUESS.NS,QUESS.NS,Industrials,Staffing & Employment Services,211.39,0.36192199999999997,0.4,0.42857142857142855,0.47948,0.36192199999999997,0,74.06,-64.98,64.86196,0.023340002,10.584,0,31548907520,4.73,7.281427714478984,1.735,930.6300416,3.0133620253608884,-42.52388887491419,-26.0,-43.4,Overvalued by 64.98%. High Financial Strength (F-Score 7/9).
NIACL.NS,NIACL.NS,Financial Services,Insurance - Diversified,149.79,0.361805,0.2,0.5,0.7787,0.361805,0,205.48,36.81,21.274788,0.02454,0,0,247529603072,1.2,3.872135680809626,0.975,6302.1686784,6.44727619210701,74.65540743428633,24.7,-38.9,DCF Undervalued by 36.81%. Undervalued by ~37% (Graham). Positive Market Sentiment.
XPROINDIA.NS,XPROINDIA.NS,Basic Materials,Specialty Chemicals,1021.5,0.3617375,0.4,0.42857142857142855,0.47825,0.3617375,0,197.26,-80.01,166.72298,0.02138,46.18,0,23203170304,0.2,6.6342197903986575,6.2170000000000005,-257.4896384,4.907511703491929,-5.434362520144509,-10.5,-52.2,Overvalued by 80.01%. High Financial Strength (F-Score 7/9).
EQUITASBNK.NS,EQUITASBNK.NS,Financial Services,Banks - Regional,69.24,0.36050000000000004,0.6,0.14285714285714285,0.67,0.36050000000000004,0,0,0,0,-0.01545,58.933,0,78792245248,1.77,1.7912140264931513,23.993000000000002,0,17.401624145888572,-19.389606518052517,-3.6999999999999997,90.9,Positive Market Sentiment.
IGPL.NS,IGPL.NS,Basic Materials,Chemicals,379.0,0.36017249999999995,0.2,0.5714285714285714,0.60115,0.36017249999999995,0,316.98,-16.36,35.958256,0.025,30.804,0,11671247872,2.64,11.167106028324197,0.902,-46.6879488,5.395538885984585,-25.653303430666718,-20.200000000000003,0,High Financial Strength (F-Score 7/9). Positive Market Sentiment.
WIPL.NS,WIPL.NS,Basic Materials,Lumber & Wood Production,149.48,0.3593425,0.4,0.42857142857142855,0.4622833333333333,0.3593425,0,58.76,-60.69,57.49231,0.049629997,44.281,0,1268687488,0.83,8.101794394050316,1.00300005,2.7163624,5.234087679360733,80.39647966908876,-3.8,-78.10000000000001,Overvalued by 60.69%. High Financial Strength (F-Score 7/9).
AURIGROW.NS,AURIGROW.NS,Industrials,Electrical Equipment & Parts,0.61,0.35932,0.0,0.7142857142857143,0.7288,0.35932,0,1.4,129.52,7.6250005,0.05131,14.284,0,406406400,0,2.1410291206675316,-2.1559998,-2.9379,-19.718291992575498,10.625468908453485,-90.4,0,DCF Undervalued by 129.52%. Undervalued by ~129% (Graham). Positive Market Sentiment.
AEROFLEX.NS,AEROFLEX.NS,Industrials,Metal Fabrication,176.49,0.35848125,0.2,0.5714285714285714,0.589875,0.35848125,0,48.06,-72.58,47.493225,0.14156,2.584,0,22663395328,0.17,20.491125793987575,17.841,-34.3292384,16.30947194957477,24.05042118700498,16.7,3.8,Overvalued by 72.58%. High Financial Strength (F-Score 7/9).
EXPLEOSOL.NS,EXPLEOSOL.NS,Technology,Information Technology Services,938.05,0.35802999999999996,0.0,0.7142857142857143,0.7202,0.35802999999999996,0,827.19,-11.25,13.895929,0.15142,2.866,0,14502755328,5.33,22.420908273098433,13.892001,213.3553792,11.33716641299587,15.116532604270127,9.0,12.1,High Financial Strength (F-Score 7/9). Positive Market Sentiment.
PARACABLES.NS,PARACABLES.NS,Technology,Communication Equipment,34.97,0.3580275,0.0,0.8571428571428571,0.38685,0.3580275,0,36.17,3.92,14.560669,0.10262,13.638,0,10674209792,0,16.377206743279206,0.53,-83.1670848,39.38315166041186,119.66461297136952,20.3,-35.8,Undervalued by ~3% (Graham).
HMAAGRO.NS,HMAAGRO.NS,Consumer Defensive,Packaged Foods,27.36,0.3574675,0.0,0.7142857142857143,0.71645,0.3574675,0,25.83,-6.04,15.982557,0.14912,70.83,0,13770901504,1.1,11.258650375063922,4.052,-121.018752,18.519758444463342,-9.639576132777183,45.800000000000004,72.1,High Financial Strength (F-Score 7/9). Positive Market Sentiment.
KIMS.NS,KIMS.NS,Healthcare,Medical Care Facilities,609.65,0.357405,0.4,0.2857142857142857,0.7827,0.357405,0,103.74,-82.98,72.3191,0.14649999,123.719,0,243944718336,0,15.9948563232603,14.354,-872.9624576,22.079347594412923,4.943217362418628,23.599999999999998,-37.7,Overvalued by 82.98%. Positive Market Sentiment.
PGHH.NS,PGHH.NS,Consumer Defensive,Household & Personal Products,12336.0,0.35553166666666663,0.4,0.3333333333333333,0.6591,0.35553166666666663,0,1193.87,-90.33,55.88515,0,0.221,0,400565469184,1.05,124.6651007924012,23.951,0,5.493678777601163,1.1741697473746981,1.3,-1.0,Overvalued by 90.33%. Positive Market Sentiment.
MARINE.NS,MARINE.NS,Industrials,Electrical Equipment & Parts,194.23,0.35536199999999996,0.2,0.5714285714285714,0.56908,0.35536199999999996,0,48.48,-74.89,57.817368,0.112440005,12.715,0,25618987008,0.15,13.634864353181456,10.0150004,130.8385152,26.820178082034516,43.60561326539425,20.7,25.5,Overvalued by 74.89%. High Financial Strength (F-Score 7/9).
LPDC.NS,LPDC.NS,Real Estate,Real Estate Services,6.9,0.355,0.4,0.4,0.5,0.355,0,0,0,0,0.0014200001,0,0,934977792,0,-10.403472995458584,682.986,4.7226,18.92468863181156,nan,0,0,High Financial Strength (F-Score 7/9).
ELECTHERM.NS,ELECTHERM.NS,Basic Materials,Steel,880.75,0.355,0.4,0.4,0.5,0.355,0,0,0,4.031854,0,0,0,11370283008,0,40.390346312259254,-2.783,132.2450048,13.433406693390882,122.09536265960041,0.1,0,Balanced moderate growth candidate.
ABAN.NS,ABAN.NS,Energy,Oil & Gas Drilling,19.25,0.355,0.6,0.2,0.5,0.355,0,0,0,0,0,0,0,1123532544,0,0,-6.665,1064.7661568,-7.363617982790327,nan,-61.7,0,Balanced moderate growth candidate.
TREEHOUSE.NS,TREEHOUSE.NS,Consumer Defensive,Education & Training Services,9.14,0.355,0.8,0.0,0.5,0.355,0,0,0,0,-0.08071,0,0,394533376,0,-1.5914947171798712,-16.981001000000003,0.4918,6.164790309471191,nan,-49.3,0,Strong technical uptrend (RSI/MACD bullish).
TCIFINANCE.NS,TCIFINANCE.NS,Financial Services,Credit Services,29.84,0.355,0.6,0.2,0.5,0.355,0,0,0,0,0,0,0,387458272,0,0,-42122.223000000005,0,-100.0,nan,-91.0,0,Balanced moderate growth candidate.
JITFINFRA.NS,JITFINFRA.NS,Industrials,Engineering & Construction,264.2,0.355,0.4,0.4,0.5,0.355,0,0,0,0,0,0,0,6849587712,0,11.683467929925776,16.961001,-287.6912384,22.41883887669822,-28.589153486261555,11.799999999999999,0,High Financial Strength (F-Score 7/9).
GLFL.NS,GLFL.NS,Financial Services,Shell Companies,5.42,0.355,0.8,0.0,0.5,0.355,0,0,0,271.0,0,0,0,207072752,0,-6.132758562624187,29.735001999999998,-0.2583875,nan,-10.667682769283449,0.6,0,Strong technical uptrend (RSI/MACD bullish).
ROSSTECH.NS,ROSSTECH.NS,Industrials,Aerospace & Defense,637.35,0.355,0.8,0.0,0.5,0.355,0,68.36,-89.32,115.52347,0,186.722,0,24125745152,0.03,7.30248335670993,9.269,0,0,0,144.9,0,Overvalued by 89.32%. Strong technical uptrend (RSI/MACD bullish).
NIBL.NS,NIBL.NS,Industrials,Tools & Accessories,32.42,0.355,0.6,0.2,0.5,0.355,0,0,0,3.515284,0,0,0,792967680,0,117.35217544178475,-28.473,-13.7583872,-2.478274564684191,22.674683852222,9.2,0,Balanced moderate growth candidate.
ATLANTAA.NS,ATLANTAA.NS,Industrials,Infrastructure Operations,48.71,0.355,0.8,0.0,0.5,0.355,0,23.49,-52.0,47.06731,0.04496,152.042,0,4012133120,0,3.834226085044526,-228.60299999999998,-21.0209248,-33.73086279487178,-52.70725400088661,-9.8,0,Overvalued by 52.0%. Strong technical uptrend (RSI/MACD bullish).
GMRAIRPORT.NS,GMRAIRPORT.NS,Industrials,Airports & Air Services,99.7,0.355,0.6,0.2,0.5,0.355,0,0,0,0,0,0,0,1051296399360,0,8.285660258575199,29.343998,-4601.2850176,33.49671594538184,nan,47.099999999999994,0,Balanced moderate growth candidate.
EASTSILK.NS,EASTSILK.NS,Consumer Cyclical,Textile Manufacturing,73.13,0.355,0.8,0.0,0.5,0.355,0,0,0,0,0.042659998,102.786,0,365649984,0,0.4405825480357361,-29.593999999999998,-2.652175,-33.59554490851263,-16.726847691117776,-20.7,0,Strong technical uptrend (RSI/MACD bullish).
GICL.NS,GICL.NS,Industrials,Integrated Freight & Logistics,49.2,0.355,0.8,0.0,0.5,0.355,0,6.31,-87.33,165.99998,0,0,0,5575338496,0,7.1626168926781935,21.651,0,12.612059657042396,41.64176423497376,10.100000000000001,143.0,Overvalued by 87.33%. Strong technical uptrend (RSI/MACD bullish).
CMICABLES.NS,CMICABLES.NS,Industrials,Electrical Equipment & Parts,4.0,0.355,0.8,0.0,0.5,0.355,0,0,0,0,0,0,0,64109828,0,-4.356864949117357,-20.607,1.5926125,-5.340997527388735,nan,0,0,Strong technical uptrend (RSI/MACD bullish).
LGEINDIA.NS,LGEINDIA.NS,Technology,Consumer Electronics,1391.7,0.3534751666666667,0.4,0.3333333333333333,0.64539,0.3534751666666667,0,261.75,-81.24,46.407185,0,6.876,0,946887524352,0,0,7.355,0,0,0,1.0,-27.3,Overvalued by 81.24%. Positive Market Sentiment.
BDL.NS,BDL.NS,Industrials,Aerospace & Defense,1570.0,0.35268299999999997,0.2,0.5714285714285714,0.55122,0.35268299999999997,0,214.54,-86.33,88.30146,0.16458,0.029,0,575503138816,0.32,18.725136262585213,14.681,494.4623104,6.685774896648411,3.2110117174465547,110.60000000000001,76.3,Overvalued by 86.33%. High Financial Strength (F-Score 9/9).
SUZLON.NS,SUZLON.NS,Industrials,Specialty Industrial Machinery,49.01,0.352066,0.0,0.7142857142857143,0.68044,0.352066,0,17.23,-64.83,21.207794,0.50545,5.051,0,671801409536,0,22.807963561563326,16.869,-123.9487488,18.186535366798196,118.13455646025047,84.7,520.0,Overvalued by 64.83%. High Financial Strength (F-Score 7/9). Positive Market Sentiment.
FEDERALBNK.NS,FEDERALBNK.NS,Financial Services,Banks - Regional,246.85,0.35163916666666667,0.4,0.3333333333333333,0.63315,0.35163916666666667,0,230.38,-6.8,15.479023,0.11451,0,0,607917441024,0.49,6.409647690276881,39.277,0,18.589200137886095,28.28748660759457,2.0,-9.700000000000001,Positive Market Sentiment.
WAAREEENER.NS,WAAREEENER.NS,Technology,Solar,2749.6,0.35154616666666666,0.4,0.3333333333333333,0.63253,0.35154616666666666,0,1010.33,-63.26,24.231956,0,25.128,0,790897426432,0.15,24.771658806352477,21.955,0,71.62592153516059,191.1810336753546,118.8,101.29999999999998,Overvalued by 63.26%. Positive Market Sentiment.
LTFOODS.NS,LTFOODS.NS,Consumer Defensive,Packaged Foods,370.9,0.35101499999999997,0.0,0.7142857142857143,0.6734333333333333,0.35101499999999997,0,222.98,-39.54,20.131004,0.16159001,43.095,0,128208969728,0.81,19.61301036267852,9.245000000000001,195.2966912,17.019934717290397,27.482935012203647,29.9,10.5,Overvalued by 39.54%. High Financial Strength (F-Score 7/9). Positive Market Sentiment.
IPL.NS,IPL.NS,Basic Materials,Agricultural Inputs,165.57,0.35014449999999997,0.0,0.7142857142857143,0.66763,0.35014449999999997,0,129.36,-21.65,18.406912,0.11354,4.981,0,19046752256,0.45,12.143954864108125,14.957,-29.5024992,5.247616158259505,-19.570814771376767,26.900000000000002,21.8,Overvalued by 21.65%. High Financial Strength (F-Score 7/9). Positive Market Sentiment.
KPITTECH.NS,KPITTECH.NS,Technology,Software - Infrastructure,1179.4,0.349715,0.4,0.42857142857142855,0.3981,0.349715,0,275.93,-76.63,41.883644,0.26812,16.215,0,321222049792,0.72,40.324749493083004,16.399999,1543.2297472,33.9218894667622,45.205891790671274,7.9,-17.0,Overvalued by 76.63%. Balanced moderate growth candidate.
KFINTECH.NS,KFINTECH.NS,Technology,Software - Application,1067.8,0.34944,0.2,0.5714285714285714,0.5296,0.34944,0,195.41,-81.74,53.58037,0.25816,3.239,0,184569118720,0.7,32.12568278840485,40.022999999999996,251.7028864,18.580349626528236,30.826297805329816,10.0,4.3,Overvalued by 81.74%. High Financial Strength (F-Score 7/9).
BEML.NS,BEML.NS,Industrials,Conglomerates,1812.4,0.349224,0.2,0.5714285714285714,0.52816,0.349224,0,518.31,-71.38,50.982544,0.10762,23.787,0,150828056576,0.58,14.179231753896781,6.337,-129.5447552,-3.9858031199048516,31.455755541867102,-2.4,-5.8999999999999995,Overvalued by 71.38%. High Financial Strength (F-Score 7/9).
URBANCO.NS,URBANCO.NS,Technology,Software - Application,136.31,0.34917466666666663,0.4,0.3333333333333333,0.61672,0.34917466666666663,0,20.56,-84.93,110.93495,0,6.017,0,197321654272,0,2.173731423752867,-20.712,0,37.779098263965324,-22.45269250901495,37.1,0,Overvalued by 84.93%. Positive Market Sentiment.
SHYAMMETL.NS,SHYAMMETL.NS,Basic Materials,Steel,836.75,0.34886999999999996,0.2,0.5714285714285714,0.5258,0.34886999999999996,0,554.73,-34.27,24.301756,0.08509,9.426,0,234824777728,0.54,11.725885682166528,7.3649995,-610.6762752,13.218188208624904,-19.247966444053343,22.6,20.7,Overvalued by 34.27%. High Financial Strength (F-Score 7/9).
THERMAX.NS,THERMAX.NS,Industrials,Conglomerates,2971.8,0.34885124999999995,0.2,0.5714285714285714,0.525675,0.34885124999999995,0,728.49,-75.52,56.572243,0.121829994,35.784,0,335207956480,0.47,15.061920928836555,4.873,-781.6200192,19.14327719215634,26.650935063124194,-5.3,-39.300000000000004,Overvalued by 75.52%. High Financial Strength (F-Score 7/9).
BCG.NS,BCG.NS,Communication Services,Advertising Agencies,9.3,0.34879041666666666,0.0,0.8333333333333334,0.38082499999999997,0.34879041666666666,0,64.95,598.34,2.319202,0.09182,0,0,18785767424,0,11.677587244841416,21.037,-319.2680704,0.8369009868939292,-8.012154084320478,26.200000000000003,25.5,DCF Undervalued by 598.34%. Undervalued by ~598% (Graham). High Financial Strength (F-Score 7/9).
UTIAMC.NS,UTIAMC.NS,Financial Services,Asset Management,1076.2,0.3483275,0.0,0.7142857142857143,0.6555166666666666,0.3483275,0,593.51,-44.83,23.517706,0.13337,3.024,0,138245947392,2.42,23.170469197435168,39.314,540.2162688,8.908818624852465,11.039402414089473,-22.3,-53.0,Overvalued by 44.83%. High Financial Strength (F-Score 7/9). Positive Market Sentiment.
SEMAC.NS,SEMAC.NS,Industrials,Engineering & Construction,266.45,0.3482375,0.4,0.42857142857142855,0.38825,0.3482375,0,113.81,-57.31,125.164314,0.00834,61.573,0,851510848,0,-2.8820697092046386,1.3309999,13.4000496,29.49590851339765,nan,76.2,0,Overvalued by 57.31%. High Financial Strength (F-Score 7/9).
SWIGGY.NS,SWIGGY.NS,Consumer Cyclical,Internet Retail,347.05,0.3478625,0.6,0.14285714285714285,0.58575,0.3478625,0,0,0,0,-0.49398,25.426,0,903057702912,0,-29.433012471748597,-19.816999,-2970.0562944,39.29027450666558,nan,54.400000000000006,0,Balanced moderate growth candidate.
ICICIGI.NS,ICICIGI.NS,Financial Services,Insurance - Diversified,1857.7,0.34756624999999997,0.2,0.5,0.683775,0.34756624999999997,0,609.48,-67.23,34.05346,0.17802,0,0,926914248704,0.68,23.628511090998586,15.537999999999998,5269.97504,14.56650616547941,25.43239933408019,12.6,17.8,Overvalued by 67.23%. Positive Market Sentiment.
ADVANCE.NS,ADVANCE.NS,Basic Materials,Agricultural Inputs,134.65,0.3474811666666667,0.4,0.3333333333333333,0.60543,0.3474811666666667,0,44.86,-66.68,33.746864,0,79.756,0,8656071680,0,23.345936252546956,8.7390006,0,26.027853892717335,41.81568082588987,27.900000000000002,24.4,Overvalued by 66.68%. Positive Market Sentiment.
MPSLTD.NS,MPSLTD.NS,Communication Services,Publishing,1884.2,0.3474775,0.0,0.7142857142857143,0.64985,0.3474775,0,826.57,-55.93,17.839071,0.38149,2.061,0,31821301760,4.41,42.20223064830763,27.961999999999996,141.8062336,17.64715732382449,19.56406776989157,9.4,57.199999999999996,Overvalued by 55.93%. High Financial Strength (F-Score 7/9). Positive Market Sentiment.
ICIL.NS,ICIL.NS,Consumer Cyclical,Textile Manufacturing,253.55,0.34732124999999997,0.2,0.5714285714285714,0.515475,0.34732124999999997,0,148.13,-41.78,30.40024,0.07362,53.871,0,50394927104,0.79,12.886047278935973,6.068,379.1129088,10.32949787059938,-11.805820482197271,2.5,-52.2,Overvalued by 41.78%. High Financial Strength (F-Score 7/9).
KRONOX.NS,KRONOX.NS,Basic Materials,Specialty Chemicals,130.96,0.3472,0.0,0.7142857142857143,0.648,0.3472,0,66.13,-49.52,18.634424,0.29024,2.578,0,4860623872,0.38,38.034335535581306,32.025,19.327312,6.800611329361805,23.17608956869861,2.7,3.4000000000000004,Overvalued by 49.52%. High Financial Strength (F-Score 7/9). Positive Market Sentiment.
RATNAMANI.NS,RATNAMANI.NS,Basic Materials,Steel,2064.6,0.3472,0.0,0.7142857142857143,0.648,0.3472,0,1036.7,-49.79,23.86821,0.1708,6.134,0,144730177536,0.69,20.190644424905333,15.038000000000002,724.7709696,18.128742647952635,19.019710667456778,22.7,37.1,Overvalued by 49.79%. High Financial Strength (F-Score 7/9). Positive Market Sentiment.
NUVOCO.NS,NUVOCO.NS,Basic Materials,Building Materials,354.2,0.34578,0.4,0.2857142857142857,0.7052,0.34578,0,210.35,-40.3,46.058823,0.030280001,63.213,0,125843972096,0,4.077361644792655,6.0569999999999995,-668.7750144,3.9267537853938883,-12.029021062958844,8.3,0,Overvalued by 40.3%. Positive Market Sentiment.
SIGNATURE.NS,SIGNATURE.NS,Real Estate,Real Estate - Development,922.9,0.3452475,0.4,0.2857142857142857,0.70165,0.3452475,0,80.3,-91.33,167.14801,0.113929994,356.187,0,130211659776,0,4.656391055238687,-24.267,-36.1047488,41.14831192516759,-4.597692206878334,-54.800000000000004,0,Overvalued by 91.33%. Positive Market Sentiment.
ROHLTD.NS,ROHLTD.NS,Consumer Cyclical,Lodging,392.3,0.345,0.2,0.5714285714285714,0.5,0.345,0,182.1,-53.72,23.380867,0.19524,263.871,0,10806044672,0.64,22.988727418260783,16.398,16.5745376,32.119994768559444,17.177118888157274,12.5,-42.9,Overvalued by 53.72%. High Financial Strength (F-Score 7/9).
JLHL.NS,JLHL.NS,Healthcare,Medical Care Facilities,1365.8,0.345,0.2,0.5714285714285714,0.5,0.345,0,388.6,-71.84,45.51451,0.14666,27.808,0,90701225984,0.07,15.52479109131933,17.983,-92.5825024,19.6500945316896,55.838247246388285,22.0,11.3,Overvalued by 71.84%. High Financial Strength (F-Score 7/9).
LALPATHLAB.NS,LALPATHLAB.NS,Healthcare,Diagnostics & Research,1410.2,0.345,0.2,0.5714285714285714,0.5,0.345,0,321.03,-77.2,43.986256,0.24223,6.441,0,235477598208,0.99,29.783197520153355,25.129997999999997,356.4754944,5.6448594759506365,12.20914431383302,10.7,16.3,Overvalued by 77.2%. High Financial Strength (F-Score 7/9).
INDIANCARD.NS,INDIANCARD.NS,Consumer Cyclical,Textile Manufacturing,235.98,0.345,0.2,0.5714285714285714,0.5,0.345,0,742.52,211.98,5.6720686,0.07462,1.437,0,1413986560,0,29.089158311509415,-41.969,-35.4860736,-13.76211675615161,-21.638829584998764,-4.5,-37.3,DCF Undervalued by 211.98%. Undervalued by ~214% (Graham).
MANORAMA.NS,MANORAMA.NS,Consumer Defensive,Packaged Foods,1305.7,0.345,0.2,0.5714285714285714,0.5,0.345,0,246.11,-81.11,45.561382,0.36304,66.88,0,77820960768,0.05,19.45946359731236,25.315001999999996,7.6252752,40.29711961508258,65.67030216625085,65.4,107.2,Overvalued by 81.11%. High Financial Strength (F-Score 7/9).
GILLANDERS.NS,GILLANDERS.NS,Consumer Defensive,Farm Products,99.04,0.345,0.2,0.5714285714285714,0.5,0.345,0,173.45,76.63,8.775693,0.09847999,57.589,0,2095818368,0,9.33648770710656,12.648000000000001,-48.739536,3.0626580961971017,17.815193752545056,4.3999999999999995,-33.6,DCF Undervalued by 76.63%. Undervalued by ~75% (Graham).
KEC.NS,KEC.NS,Industrials,Engineering & Construction,699.25,0.345,0.2,0.5714285714285714,0.5,0.345,0,350.83,-49.81,27.093023,0.12769,94.066,0,186073792512,0.79,15.258577341120953,6.236,-1160.3600384,16.80638719919696,19.783922386529127,19.1,81.89999999999999,Overvalued by 49.81%. Balanced moderate growth candidate.
GICHSGFIN.NS,GICHSGFIN.NS,Financial Services,Mortgage Finance,169.15,0.345,0.2,0.5714285714285714,0.5,0.345,0,469.82,179.44,6.358926,0.073410004,451.51,0,9086938112,2.66,1.948904617963068,63.928,0,-3.0282108794437046,-2.580775649942091,15.8,37.0,DCF Undervalued by 179.44%. Undervalued by ~177% (Graham).
VINNY.NS,VINNY.NS,Consumer Cyclical,Textile Manufacturing,1.21,0.345,0.2,0.5714285714285714,0.5,0.345,0,2.9,137.78,9.384616,0.060960002,16.674,0,567600896,0,9.509348513866698,-1.051,-24.353288,3.4399866599229334,4.544831010364736,-21.099999999999998,94.39999999999999,DCF Undervalued by 137.78%. Undervalued by ~139% (Graham).
PRAKASHSTL.NS,PRAKASHSTL.NS,Basic Materials,Steel,5.02,0.345,0.2,0.5714285714285714,0.5,0.345,0,0.79,-84.38,72.42857,0.16118999,22.772,0,890587520,0,15.785610544562958,0.496,2.5784876,18.32275251045239,-80.0630553213811,30.2,-81.39999999999999,Overvalued by 84.38%. High Financial Strength (F-Score 7/9).
TOUCHWOOD.NS,TOUCHWOOD.NS,Communication Services,Advertising Agencies,98.23,0.345,0.2,0.5714285714285714,0.5,0.345,0,69.1,-29.63,17.442272,0.15889,9.449,0,1088178304,0.36,17.515906642381964,8.895999999999999,-0.1689125,37.26353620864704,34.931071214260356,42.699999999999996,21.4,Overvalued by 29.63%. Balanced moderate growth candidate.
TSFINV.NS,TSFINV.NS,Financial Services,Asset Management,435.85,0.345,0.2,0.5714285714285714,0.5,0.345,0,355.92,-18.74,20.679886,0.08189999,4.579,0,96663027712,1.34,2.108424768638477,18.486999,-103.3421376,6.577982128265036,36.87733875811079,737.4,13.0,High Financial Strength (F-Score 7/9).
STYLEBAAZA.NS,STYLEBAAZA.NS,Consumer Cyclical,Apparel Retail,256.9,0.345,0.2,0.5714285714285714,0.5,0.345,0,120.31,-53.19,24.452902,0.18542999,190.823,0,19176658944,0,15.377581177335536,5.0630003,-113.052416,34.61739676121744,22.344189462929975,71.0,0,Overvalued by 53.19%. High Financial Strength (F-Score 7/9).
SBGLP.NS,SBGLP.NS,Real Estate,Real Estate - Development,34.28,0.345,0.2,0.5714285714285714,0.5,0.345,0,10.99,-68.51,30.077587,0.26598,73.579,0,6070109184,0.29,10.031603679808807,41.037,-38.8823136,255.41056574425426,0.7294185856700164,1061.9,4500.0,Overvalued by 68.51%. Balanced moderate growth candidate.
ZEELEARN.NS,ZEELEARN.NS,Consumer Defensive,Education & Training Services,6.79,0.345,0.2,0.5714285714285714,0.5,0.345,0,8.17,19.42,13.68,0.04744,219.814,0,2239509760,0,12.948016767017585,2.1420000000000003,-5.5125624,14.488753942557642,67.15577959683985,27.6,0,Undervalued by ~20% (Graham).
MMP.NS,MMP.NS,Basic Materials,Aluminum,256.45,0.345,0.2,0.5714285714285714,0.5,0.345,0,161.5,-37.6,28.19172,0.074489996,53.99,0,6574195712,0.78,12.779802208065108,5.356000000000001,-23.7532992,15.546742084036168,10.279782265227656,29.599999999999998,20.5,Overvalued by 37.6%. High Financial Strength (F-Score 7/9).
METROBRAND.NS,METROBRAND.NS,Consumer Cyclical,Apparel Retail,1101.6,0.345,0.2,0.5714285714285714,0.5,0.345,0,139.82,-87.23,84.23077,0.1861,77.874,0,298342875136,0.45,34.75607615525937,14.177999999999999,311.0275072,23.145161799716817,18.33389854901648,11.200000000000001,-2.7,Overvalued by 87.23%. High Financial Strength (F-Score 7/9).
DCI.NS,DCI.NS,Technology,Electronics & Computer Distribution,237.12,0.345,0.2,0.5714285714285714,0.5,0.345,0,116.07,-51.06,22.022282,0.22364001,72.74,0,3794880000,0,20.866714216316247,5.4239999999999995,-14.0093376,33.704058419145014,53.5648894798211,17.7,27.900000000000002,Overvalued by 51.06%. Balanced moderate growth candidate.
ITDC.NS,ITDC.NS,Consumer Cyclical,Lodging,568.8,0.345,0.2,0.5714285714285714,0.5,0.345,0,86.47,-84.88,67.933495,0.19376,0.18,0,49111351296,0.51,27.379734525222077,14.661,152.9033472,24.676292392772737,167.85837052036507,-22.900000000000002,-30.9,Overvalued by 84.88%. High Financial Strength (F-Score 9/9).
DGCONTENT.NS,DGCONTENT.NS,Communication Services,Internet Content & Information,32.0,0.345,0.2,0.5714285714285714,0.5,0.345,0,22.45,-29.83,9.4395275,0.76584,275.528,0,1856717440,0,75.7703081232493,10.896,22.7712496,10.905582570480664,4.916618873459444,15.0,-16.1,Overvalued by 29.83%. High Financial Strength (F-Score 7/9).
SYNGENE.NS,SYNGENE.NS,Healthcare,Diagnostics & Research,629.5,0.345,0.2,0.5714285714285714,0.5,0.345,0,175.75,-72.18,54.23605,0.10256,12.283,0,254068686848,0.2,14.631479035985473,10.411,188.1374976,11.905222315759524,7.826867848949526,2.1999999999999997,-36.7,Overvalued by 72.18%. High Financial Strength (F-Score 7/9).
PARKHOTELS.NS,PARKHOTELS.NS,Consumer Cyclical,Lodging,128.94,0.345,0.2,0.5714285714285714,0.5,0.345,0,75.63,-41.37,31.084337,0.06985,23.441,0,27525277696,0.39,12.115050246073144,18.948999,-71.521248,34.80968072386019,43.64531708558519,16.8,-39.2,Overvalued by 41.37%. High Financial Strength (F-Score 7/9).
BECTORFOOD.NS,BECTORFOOD.NS,Consumer Defensive,Packaged Foods,231.56,0.345,0.2,0.5714285714285714,0.5,0.345,0,62.76,-73.1,52.791855,0.11693,15.033,0,71574028288,0.52,15.777556429640846,8.2679994,-67.8150016,24.07397444219006,35.83969060803152,11.1,-9.3,Overvalued by 73.1%. High Financial Strength (F-Score 7/9).
HPAL.NS,HPAL.NS,Basic Materials,Specialty Chemicals,40.62,0.345,0.2,0.5714285714285714,0.5,0.345,0,28.41,-30.62,23.135593,0.08885,1.13,0,3781196288,0.98,12.633904554149817,7.553,20.3034624,15.3872197887871,44.82038133548685,10.4,-15.6,Overvalued by 30.62%. High Financial Strength (F-Score 7/9).
TEXRAIL.NS,TEXRAIL.NS,Industrials,Railroads,128.34,0.345,0.2,0.5714285714285714,0.5,0.345,0,92.0,-28.4,24.522902,0.07436,31.207,0,52326596608,0.58,12.03257319890153,9.009,86.0352768,46.85106349641161,129.92401765899064,-6.5,-11.5,Overvalued by 28.4%. High Financial Strength (F-Score 7/9).
BHARATWIRE.NS,BHARATWIRE.NS,Basic Materials,Steel,173.74,0.345,0.2,0.5714285714285714,0.5,0.345,0,165.12,-5.09,16.259813,0.099259995,13.182,0,11932356608,0,12.811350574315197,19.792,-26.8684864,18.04452436173638,74.36215617854154,8.1,16.6,High Financial Strength (F-Score 7/9).
LLOYDSENT.NS,LLOYDSENT.NS,Basic Materials,Steel,59.16,0.345,0.2,0.5714285714285714,0.5,0.345,0,41.16,-30.33,24.719666,0.109969996,15.954,0,90188693504,0.34,0,4.3709997000000005,-567.8175744,213.8304990544722,-27.6996203922823,5.5,0,Overvalued by 30.33%. Balanced moderate growth candidate.
SURAKSHA.NS,SURAKSHA.NS,Healthcare,Diagnostics & Research,265.9,0.345,0.2,0.5714285714285714,0.5,0.345,0,78.28,-70.68,43.485344,0.14621,51.3,0,13905562624,0,22.9381166646473,18.006,12.7421,4.142156545230513,15.185370908176354,15.7,-10.8,Overvalued by 70.68%. High Financial Strength (F-Score 7/9).
LASA.NS,LASA.NS,Healthcare,Drug Manufacturers - Specialty & Generic,9.38,0.345,0.2,0.5714285714285714,0.5,0.345,0,30.62,226.48,2.535135,-0.49188998,13.025,0,481988992,0,-19.443784307695175,-181.26199,10.3827248,1.277167226274023,nan,-92.60000000000001,0,DCF Undervalued by 226.48%. Undervalued by ~226% (Graham).
GOLDIAM.NS,GOLDIAM.NS,Consumer Cyclical,Luxury Goods,333.15,0.345,0.2,0.5714285714285714,0.5,0.345,0,160.11,-51.89,26.433676,0.16217,2.357,0,37594603520,0.6,23.09083499551135,19.015,-60.5279744,4.328797589786215,3.6205164217031793,40.8,25.6,Overvalued by 51.89%. Balanced moderate growth candidate.
KRN.NS,KRN.NS,Technology,Electronic Components,721.45,0.345,0.2,0.5714285714285714,0.5,0.345,0,134.96,-81.24,75.57248,0.114779994,5.766,0,44718567424,0,14.494087409589667,16.711001,-281.5892224,40.12183432287251,70.9151002270535,66.9,9.8,Overvalued by 81.24%. High Financial Strength (F-Score 7/9).
CEWATER.NS,CEWATER.NS,Utilities,Utilities - Regulated Water,428.1,0.345,0.2,0.5714285714285714,0.5,0.345,0,388.57,-10.23,17.135788,0.11833999,30.084,0,8958364672,0,12.360818877159396,3.1630002,-104.1755008,21.831236986686875,46.20313470991384,-22.900000000000002,-77.2,Balanced moderate growth candidate.
WANBURY.NS,WANBURY.NS,Healthcare,Drug Manufacturers - Specialty & Generic,219.73,0.345,0.2,0.5714285714285714,0.5,0.345,0,104.35,-52.35,14.639037,0.68705004,182.866,0,7670513664,0,28.602740385918114,13.791998999999999,-61.8668224,5.377000529000875,-27.905316368072807,-0.7000000000000001,95.7,Overvalued by 52.35%. High Financial Strength (F-Score 7/9).
BTML.NS,BTML.NS,Communication Services,Entertainment,8.01,0.345,0.2,0.5714285714285714,0.5,0.345,0,7.58,-4.99,16.285713,0.1318,32.08,0,1440372224,0,18.003998778771475,16.354999,-10.3243752,14.673767403144321,14.774958353597789,67.10000000000001,-5.6000000000000005,Balanced moderate growth candidate.
GOKUL.NS,GOKUL.NS,Consumer Defensive,Packaged Foods,38.07,0.345,0.2,0.5714285714285714,0.5,0.345,0,34.61,-10.46,26.114866,0.04242,97.223,0,3826156800,0,7.867597885098518,0.526,142.7252096,4.813386268146003,-17.65750600259316,24.099999999999998,-30.8,High Financial Strength (F-Score 7/9).
TASTYBITE.NS,TASTYBITE.NS,Consumer Defensive,Packaged Foods,7686.5,0.345,0.2,0.5714285714285714,0.5,0.345,0,1836.59,-76.33,64.302284,0.10207,20.737,0,19912159232,0.03,11.81418246259715,4.8270002,64.4806272,14.274534994107047,35.34840553705951,-15.1,-64.1,Overvalued by 76.33%. High Financial Strength (F-Score 7/9).
NRBBEARING.NS,NRBBEARING.NS,Consumer Cyclical,Auto Parts,254.8,0.345,0.2,0.5714285714285714,0.5,0.345,0,144.88,-43.25,26.930382,0.09884,13.631,0,24748673024,1.96,11.256078972200044,12.389,53.0375008,8.616814301174935,2.7316699871390737,7.9,15.1,Overvalued by 43.25%. High Financial Strength (F-Score 7/9).
MUNJALAU.NS,MUNJALAU.NS,Consumer Cyclical,Auto Parts,74.17,0.345,0.2,0.5714285714285714,0.5,0.345,0,56.71,-23.37,22.356495,0.09437,87.847,0,7400928768,1.35,12.59686588013514,1.881,-128.690176,2.5462615133083677,10.744188159042324,11.799999999999999,-39.800000000000004,Overvalued by 23.37%. High Financial Strength (F-Score 7/9).
NESCO.NS,NESCO.NS,Industrials,Conglomerates,1163.4,0.345,0.2,0.5714285714285714,0.5,0.345,0,724.68,-37.66,19.787233,0.15818,3.913,0,81959731200,0.56,19.039233940400354,56.503,-448.6966272,29.456530297079176,25.643756985292356,17.0,11.3,Overvalued by 37.66%. Balanced moderate growth candidate.
SHEKHAWATI.NS,SHEKHAWATI.NS,Consumer Cyclical,Textile Manufacturing,18.32,0.345,0.2,0.5714285714285714,0.5,0.345,0,14.25,-22.14,10.457143,0.40132,1.825,0,644664768,0,47.81926148385776,56.782999999999994,1.8307,-48.75117207093721,-36.363307072237994,-83.2,-27.0,Overvalued by 22.14%. Balanced moderate growth candidate.
PRAXIS.NS,PRAXIS.NS,Consumer Cyclical,Specialty Retail,8.97,0.345,0.2,0.5714285714285714,0.5,0.345,0,14.41,60.43,3.253623,71.87155,309.88,0,1660497920,0,-32.41316397105673,-50.560004000000006,-17.635888,-32.845549121675475,nan,-19.5,0,DCF Undervalued by 60.43%. Undervalued by ~60% (Graham).
STEELXIND.NS,STEELXIND.NS,Basic Materials,Steel,8.67,0.345,0.2,0.5714285714285714,0.5,0.345,0,6.69,-22.93,31.000002,0.046350002,50.244,0,10825874432,0,10.477808735456657,8.7340005,-140.2550912,1.2399682072505858,-39.390597762222704,-11.1,0,Overvalued by 22.93%. High Financial Strength (F-Score 7/9).
GULPOLY.NS,GULPOLY.NS,Basic Materials,Chemicals,140.53,0.345,0.2,0.5714285714285714,0.5,0.345,0,125.73,-10.2,20.497805,0.06865,70.759,0,8705679360,0.21,6.255186052882211,5.6160003,-20.409488,22.703510367450374,-33.85884999156671,23.0,1165.0,High Financial Strength (F-Score 7/9).
MUTHOOTCAP.NS,MUTHOOTCAP.NS,Financial Services,Credit Services,274.9,0.345,0.2,0.5714285714285714,0.5,0.345,0,306.11,10.91,26.487524,0.02643,448.898,0,4539518976,0,5.22273183175245,6.495999500000001,0,5.23036257062548,-34.385524199056036,-8.5,-82.3,Undervalued by ~11% (Graham).
CLSEL.NS,CLSEL.NS,Consumer Defensive,Packaged Foods,258.8,0.345,0.2,0.5714285714285714,0.5,0.345,0,255.21,-1.8,13.736786,0.13114001,8.804,0,12923687936,0.97,17.064101085103033,8.488,96.7456896,16.859054815223008,16.552394035142527,-26.1,-31.4,Balanced moderate growth candidate.
SMLMAH.NS,SMLMAH.NS,Consumer Cyclical,Auto Manufacturers,4454.6,0.345,0.2,0.5714285714285714,0.5,0.345,0,822.47,-81.55,45.489796,0.36546,57.155,0,64514596864,0.4,27.20842754496322,5.2299999999999995,33.5990752,37.614169558677204,6.8431947200759735,1.0,-3.4000000000000004,Overvalued by 81.55%. High Financial Strength (F-Score 7/9).
JUBLINGREA.NS,JUBLINGREA.NS,Basic Materials,Specialty Chemicals,686.45,0.345,0.2,0.5714285714285714,0.5,0.345,0,280.76,-59.19,37.817482,0.09836,26.51,0,108841492480,0.73,10.817762736932005,8.4130004,-89.3305024,-5.680035275187767,-19.23104816370621,7.199999999999999,18.0,Overvalued by 59.19%. High Financial Strength (F-Score 7/9).
MEIL.NS,MEIL.NS,Industrials,Electrical Equipment & Parts,347.35,0.345,0.2,0.5714285714285714,0.5,0.345,0,302.95,-12.82,21.517029,0.12777,11.98,0,9601468416,0,24.600085967783283,14.016,-119.0196224,28.88117434994215,72.63204267377246,16.7,-14.499999999999998,Balanced moderate growth candidate.
ANMOL.NS,ANMOL.NS,Energy,Thermal Coal,13.44,0.345,0.2,0.5714285714285714,0.5,0.345,0,25.05,85.52,9.782609,0.07126,185.097,0,773210112,0,4.62709255774961,0.34599998,-52.7558368,6.37164560670096,-23.412907647701044,22.900000000000002,-94.39999999999999,DCF Undervalued by 85.52%. Undervalued by ~86% (Graham).
CESC.NS,CESC.NS,Utilities,Utilities - Regulated Electric,157.07,0.345,0.2,0.5714285714285714,0.5,0.345,0,153.66,-2.75,14.4556265,0.116730005,141.107,0,209569464320,3.82,10.828952329951532,15.018,-526.4787456,10.666624005176972,0.2660915145259457,12.1,20.200000000000003,High Financial Strength (F-Score 7/9).
ATUL.NS,ATUL.NS,Basic Materials,Specialty Chemicals,6020.0,0.345,0.2,0.5714285714285714,0.5,0.345,0,2886.27,-52.06,32.68009,0.09648,3.14,0,177239375872,0.42,12.353008157012132,12.0170005,452.5899776,3.1242184295659836,-7.134821070144093,11.4,31.0,Overvalued by 52.06%. High Financial Strength (F-Score 7/9).
SONAMLTD.NS,SONAMLTD.NS,Consumer Cyclical,"Furnishings, Fixtures & Appliances",42.32,0.345,0.2,0.5714285714285714,0.5,0.345,0,24.33,-42.49,26.77215,0.09709,30.114,0,1693353600,0,13.196954766287158,4.897,5.88635,6.035861318168556,23.0765362108448,28.000000000000004,-32.4,Overvalued by 42.49%. High Financial Strength (F-Score 7/9).
BANARISUG.NS,BANARISUG.NS,Consumer Defensive,Confectioners,3600.5,0.345,0.2,0.5714285714285714,0.5,0.345,0,1782.42,-50.49,37.033226,0.06864,1.035,0,45142921216,0.35,9.189940611539567,11.5959994,198.5247744,-3.0955770478607425,9.379832692549407,20.7,24.6,Overvalued by 50.49%. High Financial Strength (F-Score 7/9).
PNGJL.NS,PNGJL.NS,Consumer Cyclical,Luxury Goods,557.0,0.345,0.2,0.5714285714285714,0.5,0.345,0,253.76,-54.44,24.376368,0.19094999,75.905,0,75595767808,0,13.846173262796984,4.279,-787.387648,44.391345980601706,55.900792267099696,8.799999999999999,127.2,Overvalued by 54.44%. Balanced moderate growth candidate.
ONEPOINT.NS,ONEPOINT.NS,Industrials,Specialty Business Services,48.98,0.345,0.2,0.5714285714285714,0.5,0.345,0,22.27,-54.53,35.492752,0.0913,12.498,0,12857110528,0,11.886368997407198,14.328,-19.6019376,24.8629026467289,113.35905309753778,13.4,5.7,Overvalued by 54.53%. High Financial Strength (F-Score 7/9).
RCF.NS,RCF.NS,Basic Materials,Agricultural Inputs,135.18,0.345,0.2,0.5714285714285714,0.5,0.345,0,106.6,-21.14,23.883392,0.06548,56.443,0,74577199104,1.01,7.419653873086799,2.7309999,-857.3887488,9.792286596495781,-29.852108290260414,23.400000000000002,33.6,Overvalued by 21.14%. High Financial Strength (F-Score 7/9).
PDSL.NS,PDSL.NS,Industrials,Specialty Business Services,341.75,0.345,0.2,0.5714285714285714,0.5,0.345,0,148.5,-56.55,42.03567,0.11288,70.401,0,48239837184,1.02,14.303144637144104,2.0580001,321.0980864,11.708149180592375,-14.201772728049033,3.4000000000000004,-59.5,Overvalued by 56.55%. High Financial Strength (F-Score 7/9).
MARSONS.NS,MARSONS.NS,Industrials,Electrical Equipment & Parts,150.28,0.345,0.2,0.5714285714285714,0.5,0.345,0,18.6,-87.62,78.680626,0.2724,0.321,0,25863188480,0,22.517382122113705,20.427,-13.0844128,372.94719025978463,178.93028526315663,66.0,153.1,Overvalued by 87.62%. High Financial Strength (F-Score 9/9).
LAL.NS,LAL.NS,Consumer Cyclical,Apparel Manufacturing,7.74,0.3449565,0.4,0.2857142857142857,0.69971,0.3449565,0,0,0,0,-0.10987,26.272,0,1392630784,0,17.026565420686367,2.2219999,-6.8900624,37.408865853467496,264.9225327769671,30.8,-88.6,Positive Market Sentiment.
RAMASTEEL.NS,RAMASTEEL.NS,Basic Materials,Steel,8.72,0.3441975,0.4,0.2857142857142857,0.69465,0.3441975,0,2.84,-67.54,72.91667,0.043470003,26.441,0,14315358208,0,8.811988054880759,1.09399995,-62.4999744,11.043111663246318,-5.906963272405152,21.8,-65.7,Overvalued by 67.54%. Positive Market Sentiment.
VIDYAWIRES.NS,VIDYAWIRES.NS,Industrials,Electrical Equipment & Parts,49.41,0.3438279166666667,0.4,0.3333333333333333,0.581075,0.3438279166666667,0,25.12,-49.16,20.5875,0,99.197,0,10509126656,0,21.178748173030076,5.0580001999999995,0,17.498351581329842,27.47516937962038,29.299999999999997,9.1,Overvalued by 49.16%. Balanced moderate growth candidate.
ADVENZYMES.NS,ADVENZYMES.NS,Basic Materials,Specialty Chemicals,282.2,0.34375,0.0,0.7142857142857143,0.625,0.34375,0,198.08,-30.16,21.566542,0.103190005,2.26,0,31742441472,1.84,13.236351384048382,27.084999999999997,102.7628736,6.367457285475542,3.116664268186553,26.3,32.1,Overvalued by 30.16%. High Financial Strength (F-Score 7/9). Positive Market Sentiment.
PFIZER.NS,PFIZER.NS,Healthcare,Drug Manufacturers - General,4819.6,0.3434545,0.0,0.7142857142857143,0.62303,0.3434545,0,1864.33,-61.25,26.200512,0.2209,2.334,0,220101492736,0.73,24.277768957157857,33.573002,544.6987264,-4.403932860559012,7.810760768975711,9.1,19.400000000000002,Overvalued by 61.25%. High Financial Strength (F-Score 7/9). Positive Market Sentiment.
MAHASTEEL.NS,MAHASTEEL.NS,Basic Materials,Steel,834.7,0.3433333333333333,0.6,0.16666666666666666,0.5,0.3433333333333333,0,113.8,-86.37,135.06473,0,40.365,0,13737610240,0,7.014826107445564,1.518,0,17.51941641900572,15.785744196477246,21.9,721.4000000000001,Overvalued by 86.37%. Balanced moderate growth candidate.
AXITA.NS,AXITA.NS,Consumer Cyclical,Textile Manufacturing,9.38,0.3433333333333333,0.6,0.16666666666666666,0.5,0.3433333333333333,0,0,0,0,0,34.066,0,3282433536,1.49,3.0126858194587087,5.2909999999999995,0,-6.656845431664859,-60.85846407746781,-60.8,0,Balanced moderate growth candidate.
VLSFINANCE.NS,VLSFINANCE.NS,Financial Services,Capital Markets,282.85,0.3433333333333333,0.6,0.16666666666666666,0.5,0.3433333333333333,0,0,0,0,0,0.001,0,9558577152,0.53,2.3668368182955626,51.942,0,37.04537411602602,-39.64962682461264,-86.6,-90.2,Balanced moderate growth candidate.
PPAP.NS,PPAP.NS,Consumer Cyclical,Auto Parts,215.77,0.3433333333333333,0.6,0.16666666666666666,0.5,0.3433333333333333,0,71.41,-66.78,177.68594,0.00604,0,0,3088304896,1.16,5.56880670095373,4.202,-0.461825,9.809259605058628,107.04138063229465,27.6,-55.1,Overvalued by 66.78%. Balanced moderate growth candidate.
NOIDATOLL.NS,NOIDATOLL.NS,Industrials,Infrastructure Operations,3.79,0.3433333333333333,0.6,0.16666666666666666,0.5,0.3433333333333333,0,0,0,0,-2.7885501,0,0,711052736,0,-452.70157404433024,24.149999,15.2788496,35.60662419460443,nan,6.4,0,Balanced moderate growth candidate.
DHARAN.NS,DHARAN.NS,Real Estate,Real Estate - Development,0.22,0.3433333333333333,0.6,0.16666666666666666,0.5,0.3433333333333333,0,0,0,0,0,7.248,0,1265910016,0,-3.7040312576763115,-7535.2844000000005,0,-43.719252025630006,nan,-98.8,0,Balanced moderate growth candidate.
NEUEON.NS,NEUEON.NS,Basic Materials,Steel,13.76,0.3433333333333333,0.6,0.16666666666666666,0.5,0.3433333333333333,0,0,0,0,0,6.215,0,778053056,0,-9.060990096633816,3983.1287,0,inf,nan,10010.7,0,Balanced moderate growth candidate.
BGLOBAL.NS,BGLOBAL.NS,Technology,Software - Application,2.84,0.3433333333333333,0.6,0.16666666666666666,0.5,0.3433333333333333,0,0,0,0,0,4.223,0,46328500,0,-1.8286836108341284,-689.861,0,-57.64362930999091,nan,0,0,Balanced moderate growth candidate.
V2RETAIL.NS,V2RETAIL.NS,Consumer Cyclical,Apparel Retail,2130.8,0.3428,0.4,0.42857142857142855,0.352,0.3428,0,268.23,-87.38,73.861664,0.29463,339.244,0,77485481984,0,35.96802884219843,6.753000000000001,-27.053712,44.14780160664944,83.39867251859788,86.5,0,Overvalued by 87.38%. High Financial Strength (F-Score 7/9).
BIRLAMONEY.NS,BIRLAMONEY.NS,Financial Services,Capital Markets,134.96,0.3428,0.4,0.42857142857142855,0.352,0.3428,0,97.11,-28.22,13.487537,0.23936,658.075,0,7644564480,0,12.4947663455004,18.427,0,23.770655053745273,41.59721226027946,-21.099999999999998,-61.9,Overvalued by 28.22%. Balanced moderate growth candidate.
CIEINDIA.NS,CIEINDIA.NS,Consumer Cyclical,Auto Parts,411.15,0.3427091666666666,0.4,0.3333333333333333,0.5736166666666667,0.3427091666666666,0,294.48,-28.38,19.458117,0,7.022,0,156213673984,1.71,16.348152703547083,12.049,0,10.427341325457595,28.18319935755518,11.1,9.700000000000001,Overvalued by 28.38%. Balanced moderate growth candidate.
ACE.NS,ACE.NS,Industrials,Farm & Heavy Construction Machinery,874.55,0.3423265,0.0,0.7142857142857143,0.61551,0.3423265,0,344.3,-60.62,24.863482,0.26391,8.005,0,104049704960,0.23,35.45675816357804,13.467,153.6851072,26.82956991704406,57.36003750949064,-1.6,-4.9,Overvalued by 60.62%. High Financial Strength (F-Score 7/9). Positive Market Sentiment.
ROTO.NS,ROTO.NS,Industrials,Specialty Industrial Machinery,59.88,0.3416,0.0,0.7142857142857143,0.6106666666666667,0.3416,0,20.31,-66.09,39.668877,0.13239,12.527,0,11287896064,0.45,19.29228388985338,11.623,11.7433752,19.568510438388497,3.428854911120771,-23.400000000000002,-47.3,Overvalued by 66.09%. High Financial Strength (F-Score 7/9). Positive Market Sentiment.
ORIENTHOT.NS,ORIENTHOT.NS,Consumer Cyclical,Lodging,115.43,0.34097266666666665,0.4,0.3333333333333333,0.56204,0.34097266666666665,0,51.44,-55.85,37.824677,0,27.132,0,20806805504,0.43,9.644219592372014,24.895999999999997,0,26.07828096412943,24.628738338026878,15.2,36.0,Overvalued by 55.85%. Balanced moderate growth candidate.
NIRAJ.NS,NIRAJ.NS,Industrials,Engineering & Construction,34.1,0.340415,0.0,0.7142857142857143,0.6027666666666667,0.340415,0,61.81,79.21,8.687657,0.09782,1.296,0,2058857856,0,8.204801821633362,6.5689996,-73.72896,13.301837534609785,83.78756773895049,24.4,51.0,DCF Undervalued by 79.21%. Undervalued by ~81% (Graham). Positive Market Sentiment.
CONFIPET.NS,CONFIPET.NS,Energy,Oil & Gas Refining & Marketing,32.48,0.3401725,0.0,0.7142857142857143,0.60115,0.3401725,0,50.88,56.64,11.854014,0.06578,55.384,0,10791189504,0.32,10.194976778228042,4.163,-305.684992,30.126080774896312,-0.46512300289333064,31.8,17.0,DCF Undervalued by 56.64%. Undervalued by ~56% (Graham). Positive Market Sentiment.
TRUALT.NS,TRUALT.NS,Energy,Oil & Gas Refining & Marketing,366.55,0.3392529166666667,0.4,0.3333333333333333,0.550575,0.3392529166666667,0,276.43,-24.57,21.404789,0,110.289,0,32460298240,0,12.901986223092468,-22.056,0,37.94739557078304,57.39983406673011,-70.39999999999999,0,Overvalued by 24.57%. Balanced moderate growth candidate.
ZYDUSLIFE.NS,ZYDUSLIFE.NS,Healthcare,Drug Manufacturers - Specialty & Generic,883.75,0.338955625,0.0,0.7142857142857143,0.5930375,0.338955625,0,525.87,-40.58,18.10927,0.19254999,34.305,0,890809286656,1.24,22.564945838525805,21.226999,2844.3500544,15.03886911852199,0.28296237522345,16.900000000000002,38.1,Overvalued by 40.58%. High Financial Strength (F-Score 7/9).
TENNIND.NS,TENNIND.NS,Consumer Cyclical,Auto Parts,522.15,0.3384665,0.2,0.5,0.62311,0.3384665,0,84.99,-83.72,36.979465,0,2.447,0,0,0,45.35780581263544,14.911,0,0,0,9.6,10.0,Overvalued by 83.72%. Positive Market Sentiment.
KESORAMIND.NS,KESORAMIND.NS,Basic Materials,Building Materials,9.95,0.337575,0.6,0.14285714285714285,0.5171666666666667,0.337575,0,0,0,0,-1.05519,57.599,0,3323137280,0,-9.728207338094066,-43.049,-559.1849984,-58.484058167330666,315.934069976712,-6.0,0,Balanced moderate growth candidate.
SERVOTECH.NS,SERVOTECH.NS,Industrials,Electrical Equipment & Parts,70.32,0.3372,0.4,0.2857142857142857,0.648,0.3372,0,16.67,-76.32,69.039215,0.097729996,56.375,0,15904004096,0.07,16.426690191675355,1.849,-111.5208576,67.43807790724348,100.88574459716439,-46.7,-88.2,Overvalued by 76.32%. Positive Market Sentiment.
VENUSPIPES.NS,VENUSPIPES.NS,Basic Materials,Steel,1130.5,0.3370915,0.0,0.7142857142857143,0.58061,0.3370915,0,549.06,-51.41,25.049877,0.16956,42.716,0,23429163008,0.09,21.650901838530725,14.252,-131.632256,33.75291806791076,43.146659296982335,27.3,9.700000000000001,Overvalued by 51.41%. High Financial Strength (F-Score 7/9).
CENTURYPLY.NS,CENTURYPLY.NS,Basic Materials,Lumber & Wood Production,761.55,0.33680499999999997,0.2,0.42857142857142855,0.7787,0.33680499999999997,0,161.4,-78.82,73.05848,0.09923001,66.141,0,169462382592,0.13,8.967869427086752,9.168999999999999,-282.8760576,14.427980811346508,-16.034623507118482,17.1,72.2,Overvalued by 78.82%. High Financial Strength (F-Score 7/9). Positive Market Sentiment.
PVRINOX.NS,PVRINOX.NS,Communication Services,Entertainment,1020.0,0.3360215,0.6,0.14285714285714285,0.50681,0.3360215,0,0,0,0,-0.00545,105.057,0,99869360128,0,4.846469920279082,16.182,998.550016,63.14021701674166,nan,12.4,0,Balanced moderate growth candidate.
INDOWIND.NS,INDOWIND.NS,Utilities,Utilities - Renewable,16.81,0.33549,0.4,0.2857142857142857,0.6366,0.33549,0,9.5,-43.56,93.55555,0.00693,6.286,0,2711276544,0,1.8816025485307146,38.305,-22.9803376,10.922272594722182,115.0028880823804,31.6,8.799999999999999,Overvalued by 43.56%. Positive Market Sentiment.
TEXINFRA.NS,TEXINFRA.NS,Real Estate,Real Estate Services,100.31,0.335,0.6,0.14285714285714285,0.5,0.335,0,0,0,0,-0.00034000003,2.014,0,12794904576,0.15,0.5637842135821086,-14.741999,119.1888896,-5.738410609413547,nan,9.4,123.8,Balanced moderate growth candidate.
ORTINGLOBE.NS,ORTINGLOBE.NS,Healthcare,Drug Manufacturers - Specialty & Generic,13.39,0.335,0.6,0.14285714285714285,0.5,0.335,0,0,0,0,-0.53488,71.56,0,114790488,0,-37.494949494949495,-3582.143,-0.141275,-65.35722667933258,nan,-73.3,0,Balanced moderate growth candidate.
POONAWALLA.NS,POONAWALLA.NS,Financial Services,Credit Services,471.25,0.335,0.6,0.14285714285714285,0.5,0.335,0,89.72,-81.05,167.27916,0.024360001,364.414,0,382412095488,0,-0.34975558805833235,15.289,0,38.230462535719155,nan,61.3,0,Overvalued by 81.05%. Balanced moderate growth candidate.
HINDWAREAP.NS,HINDWAREAP.NS,Consumer Cyclical,"Furnishings, Fixtures & Appliances",233.45,0.335,0.6,0.14285714285714285,0.5,0.335,0,0,0,0,-0.11132,119.294,0,19489601536,0.13,2.0707495001203773,4.593,-45.5044384,3.3324697444643725,nan,6.3,0,Balanced moderate growth candidate.
GSLSU.NS,GSLSU.NS,Basic Materials,Building Materials,92.51,0.335,0.6,0.14285714285714285,0.5,0.335,0,0,0,0,-0.085260004,71.035,0,4100369152,0,-2.7937804496983087,-15.290000000000001,-33.0347488,2.761415704158754,nan,15.1,0,Balanced moderate growth candidate.
LCCINFOTEC.NS,LCCINFOTEC.NS,Consumer Defensive,Education & Training Services,5.13,0.335,0.6,0.14285714285714285,0.5,0.335,0,0,0,0,-2.08409,485.616,0,660408896,0,0,-5680.0,-0.159475,nan,nan,-88.4,0,Balanced moderate growth candidate.
NSLNISP.NS,NSLNISP.NS,Basic Materials,Steel,43.0,0.335,0.6,0.14285714285714285,0.5,0.335,0,0,0,0,-0.09648,40.766,0,125985898496,0,-14.042516037138414,-2.2230001,2348.1161728,inf,0,122.7,0,Balanced moderate growth candidate.
NURECA.NS,NURECA.NS,Healthcare,Medical Devices,297.0,0.335,0.6,0.14285714285714285,0.5,0.335,0,125.99,-57.76,72.743904,0.02088,2.713,0,2982049024,0,0.8802172321210642,7.249999999999999,-21.0951248,-24.573045639214076,-73.40205888764073,21.0,0,Overvalued by 57.76%. Balanced moderate growth candidate.
CURAA.NS,CURAA.NS,Technology,Software - Application,101.0,0.335,0.6,0.14285714285714285,0.5,0.335,0,0,0,0,-0.12652999,55.07,0,1113200640,0,-5.723117838547289,-11.5,-12.0063128,nan,nan,0,0,Balanced moderate growth candidate.
ARMANFIN.NS,ARMANFIN.NS,Financial Services,Credit Services,1529.8,0.335,0.6,0.14285714285714285,0.5,0.335,0,0,0,0,-0.00125,137.292,0,16155665408,0,11.75419030159387,25.147000000000002,0,40.367916234315146,17.963482304834756,17.0,-47.8,Balanced moderate growth candidate.
SEYAIND.NS,SEYAIND.NS,Basic Materials,Specialty Chemicals,17.11,0.335,0.6,0.14285714285714285,0.5,0.335,0,0,0,0,-0.00902,94.318,0,454621952,0,-0.5149239440637569,-137.803,4.0421376,-100.0,nan,67.10000000000001,0,Balanced moderate growth candidate.
PFOCUS.NS,PFOCUS.NS,Communication Services,Entertainment,241.84,0.335,0.6,0.14285714285714285,0.5,0.335,0,0,0,0,-0.13981,246.44,0,187013709824,0,2.6213224837070106,14.772001000000001,434.527744,1.6425326595017387,nan,16.900000000000002,-93.8,Balanced moderate growth candidate.
ARVEE.NS,ARVEE.NS,Basic Materials,Specialty Chemicals,183.83,0.335,0.6,0.14285714285714285,0.5,0.335,0,15.28,-91.87,508.0811,0.01291,3.29,0,2071649920,0,9.357116789100942,-5.086,-1.856818,-1.0614680324552817,-5.860348660201431,-72.5,-99.0,Overvalued by 91.87%. Balanced moderate growth candidate.
MUFIN.NS,MUFIN.NS,Financial Services,Credit Services,117.31,0.335,0.6,0.14285714285714285,0.5,0.335,0,20.95,-82.09,109.34579,0.06217,272.397,0,20268077056,0,2.7067731403231403,31.195998000000003,0,126.64699454786552,20.926415157175526,6.3,-2.9000000000000004,Overvalued by 82.09%. Balanced moderate growth candidate.
PKTEA.NS,PKTEA.NS,Consumer Defensive,Farm Products,642.0,0.335,0.6,0.14285714285714285,0.5,0.335,0,0,0,0,-0.02044,20.57,0,1987554304,0.16,1.1667455444386523,-38.854998,14.6047248,8.885179614160265,-21.692685626141927,-35.699999999999996,0,Balanced moderate growth candidate.
TARC.NS,TARC.NS,Real Estate,Real Estate - Development,172.06,0.335,0.6,0.14285714285714285,0.5,0.335,0,0,0,0,-0.08396,181.338,0,51016253440,0,-4.8400912542202335,-157.39101,135.730688,-33.68731638152887,nan,59.3,0,Balanced moderate growth candidate.
SALSTEEL.NS,SALSTEEL.NS,Basic Materials,Steel,40.98,0.335,0.6,0.14285714285714285,0.5,0.335,0,0,0,0,-0.32256,604.599,0,4467504640,0,4.095946180908798,15.625,-66.3625472,2.499582002359846,nan,-46.800000000000004,5278.3,Balanced moderate growth candidate.
NORBTEAEXP.NS,NORBTEAEXP.NS,Consumer Defensive,Farm Products,89.52,0.335,0.6,0.14285714285714285,0.5,0.335,0,0,0,0,-0.04586,42.932,0,1391507840,0,3.642659001706852,15.062999999999999,-4.7711824,9.645096007918541,nan,-26.900000000000002,-91.5,Balanced moderate growth candidate.
DIAMONDYD.NS,DIAMONDYD.NS,Consumer Defensive,Packaged Foods,1145.9,0.335,0.6,0.14285714285714285,0.5,0.335,0,0,0,0,-0.061880004,7.953,0,27187103744,0.04,-5.030603038357434,1.4730001,89.053024,7.0994742494451035,nan,-2.1,-24.8,Balanced moderate growth candidate.
VERANDA.NS,VERANDA.NS,Consumer Defensive,Education & Training Services,219.68,0.335,0.6,0.14285714285714285,0.5,0.335,0,0,0,0,-0.16093001,42.052,0,20813025280,0,-16.4209249974685,25.201,165.0436992,83.75909743128467,nan,-8.6,0,Balanced moderate growth candidate.
ASTRON.NS,ASTRON.NS,Basic Materials,Paper & Paper Products,5.51,0.335,0.6,0.14285714285714285,0.5,0.335,0,0,0,0,-0.46506,94.276,0,270924352,0,-24.748446023687066,-327862.5,27.354,-42.3273512219982,nan,-100.0,0,Balanced moderate growth candidate.
DELPHIFX.NS,DELPHIFX.NS,Financial Services,Capital Markets,229.38,0.335,0.6,0.14285714285714285,0.5,0.335,0,31.51,-86.26,105.70507,0.022079999,2547.188,0,3750635008,0,2.002089763760614,0.6460000300000001,206.992128,4.583223186129137,-37.27284610858279,-19.8,0,Overvalued by 86.26%. Balanced moderate growth candidate.
HCG.NS,HCG.NS,Healthcare,Medical Care Facilities,586.5,0.335,0.6,0.14285714285714285,0.5,0.335,0,60.27,-89.72,238.41463,0.04335,177.905,0,82700976128,0,10.569212984010287,9.354999999999999,9.1178752,16.745795545919883,-6.154548478323141,16.900000000000002,-9.4,Overvalued by 89.72%. Balanced moderate growth candidate.
AKG.NS,AKG.NS,Industrials,Industrial Distribution,13.6,0.335,0.6,0.14285714285714285,0.5,0.335,0,9.48,-30.29,64.76191,0.012610001,20.638,0,432161440,0,3.229457081969306,1.533,0,-10.701439960072168,-23.791473068033618,-31.2,-20.0,Overvalued by 30.29%. Balanced moderate growth candidate.
MUTHOOTMF.NS,MUTHOOTMF.NS,Financial Services,Credit Services,179.19,0.335,0.6,0.14285714285714285,0.5,0.335,0,0,0,0,-0.12649,320.224,0,30033328128,0,-2.5603372704535654,14.658,0,49.791469134351175,nan,-6.4,-50.4,Balanced moderate growth candidate.
MONARCH.NS,MONARCH.NS,Financial Services,Capital Markets,296.95,0.3346,0.0,0.7142857142857143,0.5640000000000001,0.3346,0,219.82,-26.05,15.353822,0.19315,1.259,0,23558350848,0.34,25.764987873917526,74.101996,0,22.611544294216458,40.298985236690996,-16.1,-6.4,Overvalued by 26.05%. High Financial Strength (F-Score 7/9).
SINCLAIR.NS,SINCLAIR.NS,Consumer Cyclical,Lodging,81.49,0.3345025,0.2,0.42857142857142855,0.76335,0.3345025,0,30.14,-62.91,45.903954,0.07966,30.207,0,4168228352,0.98,16.78477710638899,-16.653000000000002,10.7464,20.77691266374162,25.22852646367668,11.1,0,Overvalued by 62.91%. High Financial Strength (F-Score 7/9). Positive Market Sentiment.
AGI.NS,AGI.NS,Consumer Cyclical,Packaging & Containers,681.75,0.333583,0.0,0.7142857142857143,0.55722,0.333583,0,647.81,-4.76,12.503676,0.17052001,20.88,0,44014977024,1.03,19.220473042415488,18.569,-150.1855104,21.437862429895272,18.593353758676457,0.4,5.5,High Financial Strength (F-Score 7/9).
VOLTAMP.NS,VOLTAMP.NS,Industrials,Electrical Equipment & Parts,7151.5,0.33348625,0.0,0.7142857142857143,0.556575,0.33348625,0,3446.18,-51.93,22.080202,0.21463,0.082,0,72529633280,1.4,27.57266048722865,18.656,74.4847616,19.716698216041806,34.80449943207709,21.3,4.1000000000000005,Overvalued by 51.93%. High Financial Strength (F-Score 9/9).
JAYKAY.NS,JAYKAY.NS,Industrials,Specialty Business Services,162.0,0.332433,0.4,0.2857142857142857,0.61622,0.332433,0,46.52,-71.18,67.81512,0.07275,14.625,0,0,0,2.688873505089753,18.462999,-158.620736,96.05063895099597,-25.55042764029625,106.2,800.0,Overvalued by 71.18%. Positive Market Sentiment.
MOBIKWIK.NS,MOBIKWIK.NS,Technology,Software - Infrastructure,230.45,0.33225,0.4,0.2857142857142857,0.615,0.33225,0,0,0,0,-0.53418,65.223,0,18122121216,0,-10.866697531797676,6.294,-4.0466248,30.49668671732002,nan,-7.000000000000001,0,Positive Market Sentiment.
KOTAKBANK.NS,KOTAKBANK.NS,Financial Services,Banks - Regional,421.0,0.33215866666666666,0.4,0.3333333333333333,0.50328,0.33215866666666666,0,266.59,-36.56,22.48261,0.1178,0,0,4178370101248,0.12,9.059103420784744,36.106,0,18.389921873035142,22.320547630053778,-12.4,-11.4,Overvalued by 36.56%. Balanced moderate growth candidate.
GANGESSECU.NS,GANGESSECU.NS,Consumer Defensive,Packaged Foods,126.41,0.33166666666666667,0.4,0.3333333333333333,0.5,0.33166666666666667,0,122.5,-3.08,125.14851,0.00147,0,0,1285026560,0,0.8403901887639512,30.795,5.5053124,3.480499598708664,-14.130441871968602,1.4000000000000001,-59.699999999999996,High Financial Strength (F-Score 7/9).
KRISHANA.NS,KRISHANA.NS,Basic Materials,Agricultural Inputs,489.15,0.33166666666666667,0.4,0.3333333333333333,0.5,0.33166666666666667,0,174.91,-64.16,25.779186,0,92.866,0,30171869184,0.1,21.22642438577617,9.283,0,60.77829377104869,43.211424495139816,116.8,62.3,Overvalued by 64.16%. Balanced moderate growth candidate.
SHANTIGOLD.NS,SHANTIGOLD.NS,Consumer Cyclical,Luxury Goods,205.31,0.33166666666666667,0.4,0.3333333333333333,0.5,0.33166666666666667,0,172.75,-14.52,13.7483,0,34.024,0,14570602496,0,23.75333771009085,14.378999,0,37.20662746481691,156.707454324857,61.6,326.6,Balanced moderate growth candidate.
RUBICON.NS,RUBICON.NS,Healthcare,Drug Manufacturers - General,681.25,0.33166666666666667,0.4,0.3333333333333333,0.5,0.33166666666666667,0,93.5,-86.29,73.64471,0,87.66,0,112351469568,0,0,20.005,0,0,0,39.2,55.60000000000001,Overvalued by 86.29%. Balanced moderate growth candidate.
UNIMECH.NS,UNIMECH.NS,Industrials,Aerospace & Defense,908.35,0.33166666666666667,0.4,0.3333333333333333,0.5,0.33166666666666667,0,220.88,-75.73,58.258644,0,16.073,0,46279766016,0,14.288548179071118,19.688,0,89.0056842916821,190.84947309853425,0.8999999999999999,-22.2,Overvalued by 75.73%. Balanced moderate growth candidate.
ACCELYA.NS,ACCELYA.NS,Technology,Information Technology Services,1342.0,0.33166666666666667,0.4,0.3333333333333333,0.5,0.33166666666666667,0,594.9,-55.93,15.966883,0,22.338,0,20155430912,5.96,64.11395443392819,28.65,0,12.782101058547779,19.193559969232577,7.1,-8.799999999999999,Overvalued by 55.93%. Balanced moderate growth candidate.
EUROPRATIK.NS,EUROPRATIK.NS,Basic Materials,Building Materials,268.65,0.33166666666666667,0.4,0.3333333333333333,0.5,0.33166666666666667,0,62.48,-76.77,40.51205,0,8.422,0,27491799040,0,44.20616083721166,30.380000000000003,0,10.281130864342082,19.74169997134201,10.100000000000001,-13.5,Overvalued by 76.77%. Balanced moderate growth candidate.
LAXMIDENTL.NS,LAXMIDENTL.NS,Healthcare,Medical Instruments & Supplies,237.85,0.33166666666666667,0.4,0.3333333333333333,0.5,0.33166666666666667,0,67.43,-71.67,50.317123,0,3.883,0,13080991744,0,16.916927386495924,10.0659996,0,22.250397215241268,20.045711678999822,26.5,38.6,Overvalued by 71.67%. Balanced moderate growth candidate.
KITEX.NS,KITEX.NS,Consumer Cyclical,Apparel Manufacturing,152.91,0.33166666666666667,0.4,0.3333333333333333,0.5,0.33166666666666667,0,0,0,0,0,97.59,0,30703048704,0.33,9.578612395160075,-19.608999999999998,0,6.817491799390507,3.502080854723544,-43.4,0,Balanced moderate growth candidate.
IOB.NS,IOB.NS,Financial Services,Banks - Regional,36.11,0.33166666666666667,0.4,0.3333333333333333,0.5,0.33166666666666667,0,30.44,-15.8,14.695123,0.14130999,0,0,696511102976,0,4.682483859724641,46.056000000000004,0,13.72592217875983,25.70835157354663,23.9,0,Balanced moderate growth candidate.
ROML.NS,ROML.NS,Consumer Defensive,Packaged Foods,47.74,0.33166666666666667,0.4,0.3333333333333333,0.5,0.33166666666666667,0,5.16,-89.16,13.34734,0,6007.364,0,718628608,0,13.434255993475322,4.2719997,-0.4874125,-1.166175394217417,1.2415130716893374,32.0,41.699999999999996,Overvalued by 89.16%. Balanced moderate growth candidate.
ELECON.NS,ELECON.NS,Industrials,Specialty Industrial Machinery,395.95,0.33166666666666667,0.4,0.3333333333333333,0.5,0.33166666666666667,0,219.77,-44.57,18.473906,0,11.49,0,88963358720,0.51,27.365771057797488,14.851,0,22.576167763342212,43.49382010745584,4.3,-33.0,Overvalued by 44.57%. Balanced moderate growth candidate.
PATELRMART.NS,PATELRMART.NS,Consumer Cyclical,Department Stores,177.63,0.33166666666666667,0.4,0.3333333333333333,0.5,0.33166666666666667,0,163.4,-8.42,19.627062,0,33.682,0,5958988288,0,15.973493818376614,6.032,0,0,0,13.900000000000002,49.6,Balanced moderate growth candidate.
UNIVPHOTO.NS,UNIVPHOTO.NS,Healthcare,Medical Devices,200.57,0.33166666666666667,0.4,0.3333333333333333,0.5,0.33166666666666667,0,0,0,0,-0.15931,0,0,2190415616,0,10.937009742943015,-1.5010000000000001,70.5070848,-24.086118968451142,-44.693209067703776,-12.8,0,High Financial Strength (F-Score 7/9).
EIMCOELECO.NS,EIMCOELECO.NS,Industrials,Farm & Heavy Construction Machinery,1558.9,0.33166666666666667,0.4,0.3333333333333333,0.5,0.33166666666666667,0,1197.27,-22.88,18.969942,0,0.376,0,8955417600,0.32,15.1983775580721,16.639,0,43.29667732852924,77.95828105417233,37.6,102.2,Overvalued by 22.88%. Balanced moderate growth candidate.
TIPSMUSIC.NS,TIPSMUSIC.NS,Communication Services,Entertainment,549.25,0.33166666666666667,0.4,0.3333333333333333,0.5,0.33166666666666667,0,81.7,-85.13,37.26255,0,1.065,0,70211502080,3.02,106.65481221867161,78.34100000000001,0,31.836538107701926,37.15560719153503,21.4,32.7,Overvalued by 85.13%. Balanced moderate growth candidate.
EPACKPEB.NS,EPACKPEB.NS,Industrials,Engineering & Construction,190.15,0.33166666666666667,0.4,0.3333333333333333,0.5,0.33166666666666667,0,121.91,-35.89,23.189024,0,32.125,0,19100946432,0,18.109801064425273,8.173,0,36.541133924308134,44.84040930462658,22.1,13.5,Overvalued by 35.89%. Balanced moderate growth candidate.
GEMAROMA.NS,GEMAROMA.NS,Basic Materials,Chemicals,156.94,0.33166666666666667,0.4,0.3333333333333333,0.5,0.33166666666666667,0,104.19,-33.61,19.71608,0,31.583,0,8198096896,0,16.311839636614987,-0.0060000002,0,16.72627719184321,19.62367647965251,-20.200000000000003,0,Overvalued by 33.61%. Balanced moderate growth candidate.
JUBLCPL.NS,JUBLCPL.NS,Basic Materials,Specialty Chemicals,2063.0,0.33166666666666667,0.4,0.3333333333333333,0.5,0.33166666666666667,0,713.62,-65.41,25.09427,0,9.982,0,31259592704,0,34.098243662333985,11.619,0,0,0,26.0,70.5,Overvalued by 65.41%. Balanced moderate growth candidate.
PAUSHAKLTD.NS,PAUSHAKLTD.NS,Basic Materials,Specialty Chemicals,517.4,0.33166666666666667,0.4,0.3333333333333333,0.5,0.33166666666666667,0,254.27,-50.86,35.07797,0,12.493,0,0,0,12.004962303617955,13.258000000000001,0,12.156359017438302,9.496613762089524,-0.8999999999999999,-59.599999999999994,Overvalued by 50.86%. Balanced moderate growth candidate.
ALGOQUANT.NS,ALGOQUANT.NS,Financial Services,Capital Markets,54.69,0.33166666666666667,0.4,0.3333333333333333,0.5,0.33166666666666667,0,27.52,-49.74,6.357724,0,23.755,0,15387197440,0,29.403124777209566,19.264,0,142.2258334562754,110.3108359894489,5.1,16.0,Overvalued by 49.74%. Balanced moderate growth candidate.
ARIS.NS,ARIS.NS,Industrials,Engineering & Construction,124.5,0.33166666666666667,0.4,0.3333333333333333,0.5,0.33166666666666667,0,92.33,-25.9,32.196384,0,7.91,0,10187451392,0,9.414332293237036,10.5450004,0,19.280012328633166,-30.663872564936533,49.0,2600.0,Overvalued by 25.9%. Balanced moderate growth candidate.
DICIND.NS,DICIND.NS,Basic Materials,Specialty Chemicals,461.5,0.3315975,0.0,0.6,0.81065,0.3315975,0,470.85,2.05,21.184572,0,0,0,4263128320,0.87,6.659601070772515,3.6839999999999997,0,5.7437509650903,16.4022037587354,0.8,196.3,Undervalued by ~2% (Graham). Positive Market Sentiment.
CIPLA.NS,CIPLA.NS,Healthcare,Drug Manufacturers - Specialty & Generic,1434.5,0.331441,0.0,0.7142857142857143,0.54294,0.331441,0,785.44,-45.21,21.30648,0.17676,1.415,0,1157979570176,0.91,21.942494218576947,21.454,2201.2637184,7.87588101474237,27.955626091587817,7.000000000000001,3.6999999999999997,Overvalued by 45.21%. High Financial Strength (F-Score 7/9).
TRAVELFOOD.NS,TRAVELFOOD.NS,Consumer Cyclical,Restaurants,1141.8,0.3311,0.2,0.5,0.574,0.3311,0,244.14,-78.63,38.7814,0,23.659,0,150443819008,0,52.21638821989305,27.228,0,63.112877990094375,315.43529928458645,-28.9,-10.8,Overvalued by 78.63%. Balanced moderate growth candidate.
INDGN.NS,INDGN.NS,Healthcare,Health Information Services,506.6,0.3309805,0.0,0.7142857142857143,0.53987,0.3309805,0,223.03,-55.88,27.339102,0.17062001,4.257,0,121390587904,0.39,21.45970331855024,14.573,-240.8624896,19.481229050084202,35.14678096117889,17.1,11.3,Overvalued by 55.88%. High Financial Strength (F-Score 7/9).
WONDERLA.NS,WONDERLA.NS,Consumer Cyclical,Leisure,527.0,0.33059,0.4,0.42857142857142855,0.2706,0.33059,0,280.16,-47.08,41.33099,0.05619,0.304,0,33575837696,0.38,6.62879365731599,-12.781,-251.8211328,52.37225477182377,125.88854205065387,19.0,0,Overvalued by 47.08%. High Financial Strength (F-Score 9/9).
URJA.NS,URJA.NS,Technology,Solar,10.56,0.3305655,0.4,0.2857142857142857,0.60377,0.3305655,0,1.49,-85.89,353.0,0.01095,23.646,0,5900811776,0,1.203779336786238,3.4869999999999997,-4.7509124,-2.684105471619014,18.21602284156578,-20.5,32.2,Overvalued by 85.89%. Positive Market Sentiment.
SUMMITSEC.NS,SUMMITSEC.NS,Financial Services,Capital Markets,1697.5,0.3305333333333333,0.0,0.6666666666666666,0.648,0.3305333333333333,0,4631.0,172.81,18.260542,0.0090499995,0,0,18505773056,0,1.1409774401987034,99.00800600000001,80.7285504,25.043476737699088,10.506976757860699,12.2,20.599999999999998,DCF Undervalued by 172.81%. Undervalued by ~172% (Graham). Positive Market Sentiment.
RACE.NS,RACE.NS,Industrials,Waste Management,123.05,0.33030899999999996,0.4,0.2857142857142857,0.60206,0.33030899999999996,0,42.96,-65.5,68.03278,0.09831,84.464,0,2159169024,0,7.276022669377855,2.1240002000000002,-52.9456,52.334119168545,61.9085315495759,39.6,-26.5,Overvalued by 65.5%. Positive Market Sentiment.
AEGISVOPAK.NS,AEGISVOPAK.NS,Energy,Oil & Gas Equipment & Services,226.07,0.3296941666666666,0.4,0.3333333333333333,0.48685,0.3296941666666666,0,34.67,-84.63,181.85484,0,42.268,0,249852100608,0,8.100612755973101,46.861000000000004,0,0,0,26.200000000000003,112.99999999999999,Overvalued by 84.63%. Balanced moderate growth candidate.
STUDDS.NS,STUDDS.NS,Consumer Cyclical,Auto Parts,503.35,0.329375,0.2,0.5,0.5625,0.329375,0,220.53,-56.19,28.421797,0,1.813,0,19808534528,0,0,15.922,0,0,0,7.5,24.0,Overvalued by 56.19%. Balanced moderate growth candidate.
BAJAJHFL.NS,BAJAJHFL.NS,Financial Services,Mortgage Finance,93.49,0.32888124999999996,0.2,0.42857142857142855,0.725875,0.32888124999999996,0,40.19,-56.97,33.003536,0.118149996,443.872,0,777892069376,0,2.7190107854715295,80.984,0,35.52767115049307,44.98960425986296,16.900000000000002,11.600000000000001,Overvalued by 56.97%. Positive Market Sentiment.
HDBFS.NS,HDBFS.NS,Financial Services,Credit Services,764.0,0.32876199999999994,0.2,0.42857142857142855,0.72508,0.32876199999999994,0,369.14,-51.65,29.386066,0.12581,468.269,0,632225267712,0.52,6.213838503385859,37.193,0,0,0,-14.399999999999999,-6.2,Overvalued by 51.65%. Positive Market Sentiment.
REFEX.NS,REFEX.NS,Energy,Thermal Coal,236.6,0.32779499999999995,0.2,0.5714285714285714,0.3853,0.32779499999999995,0,161.08,-31.85,19.436678,0.17426,13.652,0,32415338496,0.21,16.041749986763886,15.305,-276.6898688,76.95738625081742,51.80193492312368,-19.1,4.8,Overvalued by 31.85%. Balanced moderate growth candidate.
AKI.NS,AKI.NS,Consumer Cyclical,Footwear & Accessories,6.19,0.3275335,0.0,0.7142857142857143,0.51689,0.3275335,0,6.44,3.8,32.631577,0.0207,26.026,0,646198400,0,4.892962868211388,4.952999999999999,-48.2639488,8.588149126871759,0.6337687273586079,103.0,0,Undervalued by ~3% (Graham).
PARADEEP.NS,PARADEEP.NS,Basic Materials,Agricultural Inputs,147.64,0.327343,0.0,0.7142857142857143,0.51562,0.327343,0,120.52,-18.41,14.216555,0.18238,87.038,0,153318408192,0.68,12.30824961700383,8.858,-1196.234752,22.937401324407027,11.463066842137714,78.8,17.9,High Financial Strength (F-Score 7/9).
TMPV.NS,TMPV.NS,Consumer Cyclical,Auto Manufacturers,349.8,0.3260455,0.0,0.7142857142857143,0.50697,0.3260455,0,459.2,31.57,11.196664,0.0995,56.134,0,2569295888384,1.72,21.458585256229743,-6.146999999999999,17436.499968,16.645098816256755,34.48601551462778,-28.7,2029.7,DCF Undervalued by 31.57%. Undervalued by ~31% (Graham).
ACCURACY.NS,ACCURACY.NS,Industrials,Integrated Freight & Logistics,5.38,0.325,0.0,0.7142857142857143,0.5,0.325,0,5.91,7.98,28.789473,0.022820001,111.931,0,823563200,0,7.452627388535032,2.238,8.1348752,4.6931827543125415,-36.420021449749086,-24.7,33.300000000000004,Undervalued by ~9% (Graham). High Financial Strength (F-Score 7/9).
SMARTLINK.NS,SMARTLINK.NS,Technology,Communication Equipment,123.94,0.325,0.0,0.7142857142857143,0.5,0.325,0,217.25,75.2,11.877395,0.053340003,1.501,0,1238113920,0,3.4802202671055134,3.887,-0.18175,39.245836902037134,-14.008106151975364,23.9,175.0,DCF Undervalued by 75.2%. Undervalued by ~75% (Graham).
RADIANTCMS.NS,RADIANTCMS.NS,Industrials,Specialty Business Services,49.99,0.325,0.0,0.7142857142857143,0.5,0.325,0,45.11,-9.79,13.623978,0.14306,57.298,0,5335395328,5.0,17.438281693308195,8.503000400000001,23.8568752,14.301709974559573,6.763515853798241,-2.1999999999999997,-34.4,High Financial Strength (F-Score 7/9).
JASH.NS,JASH.NS,Industrials,Specialty Industrial Machinery,404.95,0.325,0.0,0.7142857142857143,0.5,0.325,0,138.39,-65.96,33.12958,0.18665001,25.205,0,25570930688,0.85,22.727241801671788,9.747,6.2506876,26.676949961362272,39.68122187446173,12.9,-31.6,Overvalued by 65.96%. High Financial Strength (F-Score 7/9).
VINYLINDIA.NS,VINYLINDIA.NS,Basic Materials,Specialty Chemicals,228.75,0.325,0.0,0.7142857142857143,0.5,0.325,0,126.25,-45.03,21.54409,0.16653,0.405,0,4211301120,3.06,23.90863279480598,2.8180001,-66.133664,-10.183465967459316,-13.795564106472169,1.0,-43.6,Overvalued by 45.03%. High Financial Strength (F-Score 7/9).
ARROWGREEN.NS,ARROWGREEN.NS,Consumer Cyclical,Packaging & Containers,478.25,0.325,0.0,0.7142857142857143,0.5,0.325,0,326.27,-32.38,14.292063,0.26816,1.218,0,7279929856,0.84,45.73462233081908,30.735,58.6362496,93.55443760873787,89.1405794453028,-5.800000000000001,-15.8,Overvalued by 32.38%. High Financial Strength (F-Score 7/9).
BAJAJHLDNG.NS,BAJAJHLDNG.NS,Financial Services,Asset Management,10741.0,0.325,0.0,0.7142857142857143,0.5,0.325,0,10248.87,-5.02,14.089289,0.11792,0.019,0,1202862161920,1.21,0,87.455004,971.4799616,16.283110069129304,17.150149436054818,40.0,8.5,High Financial Strength (F-Score 7/9).
UFLEX.NS,UFLEX.NS,Consumer Cyclical,Packaging & Containers,471.75,0.325,0.0,0.7142857142857143,0.5,0.325,0,1141.42,142.86,8.694043,0.05258,120.69,0,34042683392,0.64,5.624497157072322,5.351,-1542.927872,4.640579126342037,-49.39593590542799,-1.0,0,DCF Undervalued by 142.86%. Undervalued by ~141% (Graham). High Financial Strength (F-Score 7/9).
CEMPRO.NS,CEMPRO.NS,Industrials,Engineering & Construction,702.5,0.325,0.0,0.7142857142857143,0.5,0.325,0,263.63,-62.29,26.967592,0.24184999,47.864,0,120079523840,0.28,23.60021418372892,7.363,149.1982336,33.671897093549454,75.63879288878721,9.3,49.6,Overvalued by 62.29%. High Financial Strength (F-Score 7/9).
KAMATHOTEL.NS,KAMATHOTEL.NS,Consumer Cyclical,Lodging,229.68,0.325,0.0,0.7142857142857143,0.5,0.325,0,141.52,-38.4,17.796282,0.14613,87.461,0,6806343680,0,23.18410324665011,1.496,1.901,34.020950400426656,27.13082929151598,-12.0,0,Overvalued by 38.4%. High Financial Strength (F-Score 7/9).
MALLCOM.NS,MALLCOM.NS,Industrials,Security & Protection Services,1085.2,0.325,0.0,0.7142857142857143,0.5,0.325,0,971.8,-10.6,12.942018,0.18495001,36.932,0,6782879744,0.28,19.255896912728875,4.95,-72.0444032,10.460581144203784,20.748014252958026,8.0,-63.0,High Financial Strength (F-Score 7/9).
GALAXYSURF.NS,GALAXYSURF.NS,Basic Materials,Specialty Chemicals,1896.9,0.325,0.0,0.7142857142857143,0.5,0.325,0,1140.05,-40.34,23.648064,0.11924,10.558,0,67754029056,1.16,15.599469729034732,6.084,110.9849984,4.749680491039321,5.081545892061823,24.8,-21.5,Overvalued by 40.34%. High Financial Strength (F-Score 7/9).
HILTON.NS,HILTON.NS,Industrials,Metal Fabrication,31.4,0.325,0.0,0.7142857142857143,0.5,0.325,0,54.77,71.95,11.928839,0.059910003,58.483,0,842429248,0,7.367893555874813,3.238,-8.9837248,24.831594438938986,51.90285758177069,100.29999999999998,146.70000000000002,DCF Undervalued by 71.95%. Undervalued by ~74% (Graham).
GPTHEALTH.NS,GPTHEALTH.NS,Healthcare,Medical Care Facilities,134.32,0.325,0.0,0.7142857142857143,0.5,0.325,0,60.62,-54.76,25.330812,0.17914,38.278,0,10995346432,1.86,27.522587636583644,13.367,5.2628876,6.469081749956973,6.213472846584955,12.5,-28.7,Overvalued by 54.76%. High Financial Strength (F-Score 7/9).
ANUHPHR.NS,ANUHPHR.NS,Healthcare,Drug Manufacturers - Specialty & Generic,75.82,0.325,0.0,0.7142857142857143,0.5,0.325,0,53.31,-29.5,19.540052,0.122889996,0.07,0,7610718720,1.98,18.312156468400815,4.851,-17.227112,10.775086560317003,15.714698622673318,12.0,-49.3,Overvalued by 29.5%. High Financial Strength (F-Score 9/9).
AJAXENGG.NS,AJAXENGG.NS,Industrials,Farm & Heavy Construction Machinery,570.25,0.325,0.0,0.7142857142857143,0.5,0.325,0,232.38,-59.23,25.96811,0.22328,0.043,0,65211875328,0,30.360363552457486,9.5769994,257.204864,39.57393375241676,57.788156229060775,47.8,14.499999999999998,Overvalued by 59.23%. High Financial Strength (F-Score 9/9).
FCL.NS,FCL.NS,Basic Materials,Specialty Chemicals,22.74,0.325,0.0,0.7142857142857143,0.5,0.325,0,11.48,-49.5,26.430231,0.13344,0.004,0,26376865792,0.7,19.340839452303474,20.346001,18.1681872,13.193236885579163,25.171939853368674,-5.5,-18.9,Overvalued by 49.5%. High Financial Strength (F-Score 9/9).
WABAG.NS,WABAG.NS,Industrials,Engineering & Construction,1197.2,0.325,0.0,0.7142857142857143,0.5,0.325,0,653.09,-45.3,23.522459,0.14894,10.322,0,74397089792,0.33,16.730738427038283,10.497,324.4499968,3.5991360736194355,30.816314296715987,19.2,20.200000000000003,Overvalued by 45.3%. High Financial Strength (F-Score 7/9).
NINSYS.NS,NINSYS.NS,Technology,Information Technology Services,384.1,0.325,0.0,0.7142857142857143,0.5,0.325,0,122.44,-68.09,24.074656,0.47384998,2.589,0,7128540160,0,55.5721899514941,23.065001,11.1309,91.81840426707974,111.74627383539234,23.0,20.8,Overvalued by 68.09%. High Financial Strength (F-Score 7/9).
GULFPETRO.NS,GULFPETRO.NS,Energy,Oil & Gas Refining & Marketing,34.04,0.325,0.0,0.7142857142857143,0.5,0.325,0,89.4,162.95,6.378987,0.08311,4.622,0,1744335872,0,10.383539855229412,4.4970002000000004,-2.0946624,-5.307943101148926,11.604404419465396,21.6,12.6,DCF Undervalued by 162.95%. Undervalued by ~162% (Graham).
STARCEMENT.NS,STARCEMENT.NS,Basic Materials,Building Materials,216.23,0.325,0.0,0.7142857142857143,0.5,0.325,0,111.92,-48.19,28.878342,0.104770005,21.388,0,87392837632,0.92,7.815172361224451,12.324,-108.435072,12.647376193184211,-11.855014337393854,26.400000000000002,1171.4,Overvalued by 48.19%. High Financial Strength (F-Score 7/9).
GANESHHOU.NS,GANESHHOU.NS,Real Estate,Real Estate - Development,747.45,0.325,0.0,0.7142857142857143,0.5,0.325,0,614.49,-17.52,11.79544,0.29663,3.485,0,62227595264,0.67,43.563650101326566,83.929,-909.5988224,37.284522368760676,103.82477624190662,-26.6,-31.8,High Financial Strength (F-Score 7/9).
COSMOFIRST.NS,COSMOFIRST.NS,Consumer Cyclical,Packaging & Containers,641.9,0.325,0.0,0.7142857142857143,0.5,0.325,0,865.56,35.01,11.478961,0.09851,110.979,0,16603307008,0.62,9.036468846723187,7.464000599999999,-564.362496,-2.1284976924932475,-30.4605106820391,21.099999999999998,2.5,DCF Undervalued by 35.01%. Undervalued by ~34% (Graham). High Financial Strength (F-Score 7/9).
JAGSNPHARM.NS,JAGSNPHARM.NS,Healthcare,Drug Manufacturers - Specialty & Generic,178.35,0.325,0.0,0.7142857142857143,0.5,0.325,0,88.41,-50.05,19.260067,0.27533,3.495,0,11864982528,1.4,29.513231923317356,18.865000000000002,47.2611264,7.289080491532252,43.1944078975663,-0.3,10.0,Overvalued by 50.05%. High Financial Strength (F-Score 7/9).
SAKHTISUG.NS,SAKHTISUG.NS,Consumer Defensive,Confectioners,17.89,0.325,0.0,0.7142857142857143,0.5,0.325,0,27.47,54.3,7.841409,0.16619,475.742,0,2118507776,0,15.51020037937266,-5.876,19.6105248,28.426733986105045,-18.94341594009996,129.29999999999998,0,DCF Undervalued by 54.3%. Undervalued by ~53% (Graham).
CYBERTECH.NS,CYBERTECH.NS,Technology,Information Technology Services,138.63,0.325,0.0,0.7142857142857143,0.5,0.325,0,125.71,-8.93,12.162113,0.16863,2.503,0,4297266688,2.89,18.42949036310685,6.267,83.6328128,19.323639811889425,15.43562825029996,1.4000000000000001,-3.5000000000000004,High Financial Strength (F-Score 7/9).
ELGIEQUIP.NS,ELGIEQUIP.NS,Industrials,Specialty Industrial Machinery,439.25,0.325,0.0,0.7142857142857143,0.5,0.325,0,132.61,-69.85,35.764225,0.20885,26.275,0,139062231040,0.5,21.732303513834665,12.314,376.3425024,11.641332811289672,25.203858027118176,11.4,28.1,Overvalued by 69.85%. High Financial Strength (F-Score 7/9).
GREENPLY.NS,GREENPLY.NS,Basic Materials,Lumber & Wood Production,248.65,0.325,0.0,0.7142857142857143,0.5,0.325,0,101.94,-58.86,36.387665,0.10663,64.017,0,30947194880,0.2,11.926067887190868,5.943,-139.5325312,16.809544483530026,-1.1006876044415859,7.5,-9.9,Overvalued by 58.86%. High Financial Strength (F-Score 7/9).
ARVSMART.NS,ARVSMART.NS,Real Estate,Real Estate - Development,576.65,0.325,0.0,0.7142857142857143,0.5,0.325,0,242.23,-58.39,29.090454,0.13154,21.182,0,26688980992,1.04,21.216350367294247,20.016001,136.1600256,42.48312705615738,63.98082868218064,-47.099999999999994,-65.0,Overvalued by 58.39%. High Financial Strength (F-Score 7/9).
CONTROLPR.NS,CONTROLPR.NS,Industrials,Business Equipment & Supplies,665.7,0.325,0.0,0.7142857142857143,0.5,0.325,0,635.13,-4.49,10.416667,0.25372,1.652,0,10647046144,1.5,16.802945962727364,19.0,13.6928992,18.374968445450634,35.634356263280644,10.0,37.8,High Financial Strength (F-Score 7/9).
JISLJALEQS.NS,JISLJALEQS.NS,Industrials,Conglomerates,38.54,0.325,0.0,0.7142857142857143,0.5,0.325,0,38.66,0.38,46.39759,0.0091699995,68.821,0,28247105536,0,4.757673031171399,10.227,-14.8638752,6.867280766065931,-53.09117296761643,20.200000000000003,0,Undervalued by ~0% (Graham). High Financial Strength (F-Score 7/9).
HEUBACHIND.NS,HEUBACHIND.NS,Basic Materials,Specialty Chemicals,441.65,0.325,0.0,0.7142857142857143,0.5,0.325,0,379.01,-14.24,16.677359,0.11647,4.325,0,10201080832,0,13.458229473489109,7.011000000000001,64.4145984,-0.4925261046424434,5.900649947954384,-16.2,-11.700000000000001,High Financial Strength (F-Score 7/9).
KPRMILL.NS,KPRMILL.NS,Consumer Cyclical,Textile Manufacturing,858.95,0.325,0.0,0.7142857142857143,0.5,0.325,0,293.57,-65.74,35.004086,0.16702999,6.46,0,292900438016,0.58,20.164558628812205,15.956001,789.9574784,9.488461785346436,-1.0697997989553398,10.299999999999999,6.3,Overvalued by 65.74%. High Financial Strength (F-Score 7/9).
SIGNPOST.NS,SIGNPOST.NS,Communication Services,Advertising Agencies,200.78,0.325,0.0,0.7142857142857143,0.5,0.325,0,86.44,-56.78,28.368793,0.15923001,82.071,0,10689999872,0.25,14.66851478178108,18.346001,-9.9974376,39.38585798510219,63.01017230572226,3.3000000000000003,-1.3,Overvalued by 56.78%. High Financial Strength (F-Score 7/9).
ASHOKAMET.NS,ASHOKAMET.NS,Basic Materials,Steel,14.78,0.325,0.0,0.7142857142857143,0.5,0.325,0,42.42,185.08,8.175824,0.03877,25.935,0,371940480,0,6.0290891746365824,18.429000000000002,-2.037975,-16.543075214719515,37.91321680382593,-63.6,-15.1,DCF Undervalued by 185.08%. Undervalued by ~187% (Graham).
ADFFOODS.NS,ADFFOODS.NS,Consumer Defensive,Packaged Foods,193.6,0.325,0.0,0.7142857142857143,0.5,0.325,0,87.0,-55.21,27.7897,0.15484999,10.727,0,21341001728,0.62,18.782371174442662,18.796,-49.6091872,11.201798701174415,12.921299515899065,0.8,34.1,Overvalued by 55.21%. High Financial Strength (F-Score 7/9).
DVL.NS,DVL.NS,Financial Services,Capital Markets,272.1,0.325,0.0,0.7142857142857143,0.5,0.325,0,630.03,130.53,14.286461,0.019650001,16.554,0,9572263936,1.84,6.236375123645986,-27.828999999999997,-172.3210368,26.017251092509518,-26.230602406579006,-38.2,0,DCF Undervalued by 130.53%. Undervalued by ~131% (Graham).
SHK.NS,SHK.NS,Basic Materials,Specialty Chemicals,164.48,0.325,0.0,0.7142857142857143,0.5,0.325,0,155.22,-5.42,14.6526785,0.12405,66.836,0,22716237824,0.61,8.118265974484459,4.566,-124.2599936,10.647831177444322,-21.00388426287291,2.6,-77.0,High Financial Strength (F-Score 7/9).
MHLXMIRU.NS,MHLXMIRU.NS,Consumer Cyclical,Textile Manufacturing,197.44,0.325,0.0,0.7142857142857143,0.5,0.325,0,179.05,-9.62,10.344648,0.29202998,18.767,0,2103876480,0,27.461192736940866,22.573999999999998,3.9750876,-22.276230360011475,32.03832119903105,26.900000000000002,68.10000000000001,High Financial Strength (F-Score 7/9).
INDOSTAR.NS,INDOSTAR.NS,Financial Services,Credit Services,224.87,0.325,0.0,0.7142857142857143,0.5,0.325,0,514.63,128.72,5.6053815,0.15514,142.897,0,36345704448,0,4.10155587538194,7.787000400000001,0,5.171642105795593,-45.303372776123766,-4.9,-68.10000000000001,DCF Undervalued by 128.72%. Undervalued by ~128% (Graham).
ISGEC.NS,ISGEC.NS,Industrials,Specialty Industrial Machinery,788.6,0.325,0.0,0.7142857142857143,0.5,0.325,0,598.38,-23.73,18.703217,0.119169995,31.763,0,57710960640,0.63,14.310400187072997,7.141,-1170.7004928,5.019848461665455,31.808059300652115,2.9000000000000004,-52.5,Overvalued by 23.73%. High Financial Strength (F-Score 7/9).
TEXMOPIPES.NS,TEXMOPIPES.NS,Industrials,Building Products & Equipment,46.23,0.325,0.0,0.7142857142857143,0.5,0.325,0,100.94,119.33,7.1128287,0.082779996,28.688,0,1343553920,0,7.7535781929498535,5.604,-23.0921504,-11.5023446242844,9.50172849876958,-1.5,-9.4,DCF Undervalued by 119.33%. Undervalued by ~118% (Graham).
DBCORP.NS,DBCORP.NS,Communication Services,Publishing,244.65,0.325,0.0,0.7142857142857143,0.5,0.325,0,237.16,-3.2,12.661498,0.15502,12.612,0,43669377024,6.95,22.872584436552916,18.386999,168.306496,9.72142175631534,37.54763352763262,9.9,13.200000000000001,High Financial Strength (F-Score 7/9).
BELLACASA.NS,BELLACASA.NS,Consumer Cyclical,Textile Manufacturing,345.9,0.325,0.0,0.7142857142857143,0.5,0.325,0,194.85,-44.17,24.422674,0.15186,49.781,0,4672237568,0.58,15.699860906678861,7.475,-3.2633624,19.193434553137667,12.269877948356612,18.0,19.2,Overvalued by 44.17%. High Financial Strength (F-Score 7/9).
DCM.NS,DCM.NS,Industrials,Metal Fabrication,87.82,0.325,0.0,0.7142857142857143,0.5,0.325,0,89.86,2.24,6.273376,0.75782996,2.73,0,1641587200,0,61.52730303905224,-6.47,-17.6635632,0.0695505696039822,-10.100797718459354,6.0,105.3,Undervalued by ~2% (Graham).
ADVANIHOTR.NS,ADVANIHOTR.NS,Consumer Cyclical,Lodging,55.08,0.325,0.0,0.7142857142857143,0.5,0.325,0,22.5,-59.44,20.701492,0.34858,0.576,0,5128487936,3.45,43.42840463681094,-12.994,20.163688,26.311487468122642,59.5552518701717,-9.1,0,Overvalued by 59.44%. High Financial Strength (F-Score 9/9).
SPAL.NS,SPAL.NS,Consumer Cyclical,Apparel Manufacturing,649.0,0.325,0.0,0.7142857142857143,0.5,0.325,0,594.95,-7.99,14.715521,0.13124,45.394,0,16247497728,0.31,11.964191636483372,12.145999999999999,-20.1655008,17.140686719753397,3.939521025944348,9.2,57.699999999999996,High Financial Strength (F-Score 7/9).
SKIPPER.NS,SKIPPER.NS,Industrials,Engineering & Construction,395.0,0.325,0.0,0.7142857142857143,0.5,0.325,0,195.16,-50.58,26.4501,0.14839,62.585,0,44605648896,0.03,20.299896445036456,8.851,-286.554752,38.13222570213202,81.09333683409277,13.700000000000001,12.3,Overvalued by 50.58%. High Financial Strength (F-Score 7/9).
POKARNA.NS,POKARNA.NS,Industrials,Building Products & Equipment,770.35,0.325,0.0,0.7142857142857143,0.5,0.325,0,522.52,-32.14,16.576963,0.19471,37.631,0,23897532416,0.08,27.399839213663256,9.623,126.5508992,12.676648165832871,33.79830478765498,-52.900000000000006,-85.9,Overvalued by 32.14%. High Financial Strength (F-Score 7/9).
BLUEJET.NS,BLUEJET.NS,Healthcare,Biotechnology,490.6,0.325,0.0,0.7142857142857143,0.5,0.325,0,182.01,-62.93,24.175283,0.32333001,1.643,0,85171519488,0.24,35.84776778267972,29.660999999999998,-34.8358752,14.784512397546411,18.895338037786203,-20.5,-10.4,Overvalued by 62.93%. High Financial Strength (F-Score 7/9).
AARTIDRUGS.NS,AARTIDRUGS.NS,Healthcare,Drug Manufacturers - Specialty & Generic,390.85,0.325,0.0,0.7142857142857143,0.5,0.325,0,269.47,-30.88,17.940636,0.14491999,39.05,0,35601027072,0.26,12.499437852364359,10.435,-44.0352256,-1.6299483370570966,-6.396001933202644,9.1,19.400000000000002,Overvalued by 30.88%. High Financial Strength (F-Score 7/9).
BAJAJHCARE.NS,BAJAJHCARE.NS,Healthcare,Drug Manufacturers - Specialty & Generic,394.15,0.325,0.0,0.7142857142857143,0.5,0.325,0,235.88,-40.01,24.575,0.109799996,48.929,0,12418535424,0.25,10.32674185569908,13.431999999999999,-30.353776,-7.242779111308472,-17.90594166019307,11.1,3.3000000000000003,Overvalued by 40.01%. High Financial Strength (F-Score 7/9).
EMAMILTD.NS,EMAMILTD.NS,Consumer Defensive,Household & Personal Products,488.1,0.325,0.0,0.7142857142857143,0.5,0.325,0,161.51,-66.91,28.279259,0.2713,2.457,0,213075804160,2.82,32.76169025422093,16.689,490.260736,6.095272716776368,-1.3089735960278515,-10.299999999999999,-30.2,Overvalued by 66.91%. High Financial Strength (F-Score 7/9).
SONATSOFTW.NS,SONATSOFTW.NS,Technology,Information Technology Services,312.0,0.325,0.0,0.7142857142857143,0.5,0.325,0,151.18,-51.55,19.610308,0.27018,41.695,0,86560997376,2.21,29.688009313154833,6.909999999999999,-173.9250048,22.20955171019272,4.101211760509416,-2.3,13.100000000000001,Overvalued by 51.55%. High Financial Strength (F-Score 7/9).
AMNPLST.NS,AMNPLST.NS,Basic Materials,Chemicals,174.74,0.325,0.0,0.7142857142857143,0.5,0.325,0,85.03,-51.34,26.596651,0.14319,11.324,0,9614194688,0.29,19.266407415600735,7.037,42.3196,5.468261822239495,19.782179501165587,-20.1,-37.1,Overvalued by 51.34%. High Financial Strength (F-Score 7/9).
NILAINFRA.NS,NILAINFRA.NS,Real Estate,Real Estate - Development,8.66,0.325,0.0,0.7142857142857143,0.5,0.325,0,7.38,-14.83,14.931035,0.13936,13.641,0,3411080448,0,18.54688671497978,10.394,4.0352248,44.28781672091273,117.8890286956272,86.0,15.4,High Financial Strength (F-Score 7/9).
CAPLIPOINT.NS,CAPLIPOINT.NS,Healthcare,Drug Manufacturers - Specialty & Generic,1760.4,0.325,0.0,0.7142857142857143,0.5,0.325,0,839.5,-52.31,22.809017,0.20658001,0.166,0,134036660224,0.35,23.759400078567822,31.976998000000002,77.18,15.13596989723136,21.387912202218274,10.5,18.3,Overvalued by 52.31%. High Financial Strength (F-Score 9/9).
SONACOMS.NS,SONACOMS.NS,Consumer Cyclical,Auto Parts,461.65,0.32450999999999997,0.2,0.5714285714285714,0.3634,0.32450999999999997,0,142.95,-69.02,46.695343,0.10786,3.604,0,287039946752,0.69,14.949061695295333,18.642999,-1012.3515904,17.389457183369927,18.473931838909618,23.400000000000002,14.899999999999999,Overvalued by 69.02%. High Financial Strength (F-Score 7/9).
THELEELA.NS,THELEELA.NS,Consumer Cyclical,Lodging,452.25,0.32409354166666665,0.4,0.3333333333333333,0.4495125,0.32409354166666665,0,182.8,-59.49,58.673603,0,27.671,0,150827728896,0,7.4809862758282595,35.711999999999996,0,50.68717419782305,-46.92152540541981,12.1,0,Overvalued by 59.49%. Balanced moderate growth candidate.
PRABHA.NS,PRABHA.NS,Energy,Oil & Gas E&P,163.04,0.3236208333333333,0.4,0.16666666666666666,0.83525,0.3236208333333333,0,0,0,0,0,33.72,0,22206627840,0,-0.3348820653920515,-23.742001,0,inf,nan,83.0,0,Positive Market Sentiment.
MFSL.NS,MFSL.NS,Financial Services,Insurance - Life,1649.1,0.3235820833333333,0.6,0.16666666666666666,0.368325,0.3235820833333333,0,127.96,-92.24,345.16736,0,22.445,0,569404882944,0,7.6719697699257,1.039,0,14.16190791790739,8.900982950473058,8.7,-45.1,Overvalued by 92.24%. Balanced moderate growth candidate.
UCOBANK.NS,UCOBANK.NS,Financial Services,Banks - Regional,29.12,0.32339450000000003,0.2,0.5,0.52263,0.32339450000000003,0,35.03,20.29,14.135923,0.08567,0,0,365399932928,1.37,4.522385844185973,38.629000000000005,0,6.031391890932514,38.45948292862778,0.5,9.3,Undervalued by ~20% (Graham).
UNIVASTU.NS,UNIVASTU.NS,Industrials,Engineering & Construction,62.44,0.3227675,0.0,0.5714285714285714,0.81845,0.3227675,0,39.99,-35.7,21.228668,0.23806,43.706,0,2238376960,0,24.224895659450596,15.767999,-16.175288,42.83459138833179,25.966439781827955,14.000000000000002,42.9,Overvalued by 35.7%. Positive Market Sentiment.
RESPONIND.NS,RESPONIND.NS,Basic Materials,Specialty Chemicals,184.09,0.3219205,0.0,0.7142857142857143,0.47947,0.3219205,0,97.72,-46.75,23.894531,0.15100999,13.937,0,48925331456,0.05,14.647445658917352,18.709999999999997,-52.8553376,8.829242761433465,1309.6055456603967,-10.2,8.1,Overvalued by 46.75%. High Financial Strength (F-Score 7/9).
GODFRYPHLP.NS,GODFRYPHLP.NS,Consumer Defensive,Tobacco,2227.1,0.32131375,0.0,0.7142857142857143,0.475425,0.32131375,0,828.9,-62.75,27.223785,0.24123,3.005,0,347059421184,1.66,28.120415378801354,22.114,731.9729664,28.123327242578753,34.75817409352031,-6.9,22.5,Overvalued by 62.75%. High Financial Strength (F-Score 7/9).
MANAPPURAM.NS,MANAPPURAM.NS,Financial Services,Credit Services,309.0,0.320897,0.6,0.14285714285714285,0.40598,0.320897,0,131.34,-57.54,59.94186,0.03363,301.609,0,261802262528,0.65,2.541292102119426,29.797,0,16.299260666984594,-2.9008888231518926,-30.9,-61.9,Overvalued by 57.54%. Balanced moderate growth candidate.
ORCHPHARMA.NS,ORCHPHARMA.NS,Healthcare,Drug Manufacturers - Specialty & Generic,742.35,0.3205,0.2,0.42857142857142855,0.67,0.3205,0,241.65,-67.52,72.093025,0.04196,22.107,0,37735014400,0,7.638087316587404,-5.362,-268.3392256,17.7660396672926,271.0237553202684,-13.100000000000001,0,Overvalued by 67.52%. High Financial Strength (F-Score 7/9). Positive Market Sentiment.
SUPREMEINF.NS,SUPREMEINF.NS,Industrials,Engineering & Construction,84.95,0.32,0.2,0.5,0.5,0.32,0,912.43,975.86,0.13009065,0,421.539,0,8320088576,0,0,-35.880002,-5214.644224,-21.415795713906128,nan,32.5,0,DCF Undervalued by 975.86%. Undervalued by ~974% (Graham).
JKIPL.NS,JKIPL.NS,Industrials,Farm & Heavy Construction Machinery,83.56,0.32,0.2,0.5,0.5,0.32,0,83.19,-0.96,17.647058,0,35.053,0,3224423936,0,19.47109377391765,9.362,0,0,0,4.2,170.9,Balanced moderate growth candidate.
OMFREIGHT.NS,OMFREIGHT.NS,Industrials,Integrated Freight & Logistics,95.68,0.32,0.2,0.5,0.5,0.32,0,91.17,-4.03,14.548239,0,14.352,0,3199167232,0,16.026942746663337,4.662,0,-6.113938249630735,33.65118560416494,-12.4,-5.8999999999999995,Balanced moderate growth candidate.
VIKRAMSOLR.NS,VIKRAMSOLR.NS,Technology,Solar,227.08,0.32,0.2,0.5,0.5,0.32,0,142.47,-37.24,22.124756,0,8.898,0,82248949760,0,22.87438478504145,18.032,0,25.54501659215753,30.48449476364603,93.7,929.7,Overvalued by 37.24%. Balanced moderate growth candidate.
DIL.NS,DIL.NS,Industrials,Farm & Heavy Construction Machinery,1.66,0.32,0.2,0.5,0.5,0.32,0,15.21,810.87,2.2266667,0.02765,0,0,271769312,0,6.092169306453025,-7562.857,0,47.15302455724224,56.14174909191445,-100.0,0,DCF Undervalued by 810.87%. Undervalued by ~816% (Graham).
INDOFARM.NS,INDOFARM.NS,Industrials,Farm & Heavy Construction Machinery,178.97,0.32,0.2,0.5,0.5,0.32,0,121.66,-32.15,30.80756,0,33.236,0,8615652352,0,6.757814666050546,9.363000000000001,0,3.21020659816047,19.730045160556497,20.7,14.299999999999999,Overvalued by 32.15%. Balanced moderate growth candidate.
KICL.NS,KICL.NS,Financial Services,Asset Management,4778.8,0.32,0.2,0.5,0.5,0.32,0,6881.01,44.83,46.455463,0.00459,0,0,20802078720,0,0.6086374474492597,86.52499999999999,37.7203744,29.94586400317223,7.760156507423033,-5.2,-50.8,DCF Undervalued by 44.83%. Undervalued by ~43% (Graham).
GARUDA.NS,GARUDA.NS,Industrials,Engineering & Construction,160.8,0.32,0.2,0.5,0.5,0.32,0,93.04,-42.14,17.402597,0,0.023,0,14961113088,0.03,20.14033586608741,29.471999999999998,0,43.09490799479248,38.40329363525139,149.2,113.1,Overvalued by 42.14%. Balanced moderate growth candidate.
SAATVIKGL.NS,SAATVIKGL.NS,Technology,Solar,384.15,0.32,0.2,0.5,0.5,0.32,0,251.33,-34.58,14.634286,0,47.22,0,48827387904,0,40.56160501661943,14.300999000000001,0,65.06116638816695,229.890507837973,61.6,35.199999999999996,Overvalued by 34.58%. Balanced moderate growth candidate.
IRCON.NS,IRCON.NS,Industrials,Engineering & Construction,164.97,0.3197875,0.2,0.42857142857142855,0.66525,0.3197875,0,99.14,-40.04,25.91693,0.09422,79.151,0,155514273792,1.61,11.360848747057553,5.118,-412.5287424,12.728834493571783,7.086831483349254,-19.2,-32.9,Overvalued by 40.04%. Positive Market Sentiment.
TATACAP.NS,TATACAP.NS,Financial Services,Asset Management,354.9,0.318142,0.2,0.42857142857142855,0.65428,0.318142,0,142.09,-60.03,35.764587,0.13136,567.967,0,1498972946432,0,0,49.893,0,0,0,1.0999999999999999,-0.4,Overvalued by 60.03%. Positive Market Sentiment.
E2E.NS,E2E.NS,Technology,Software - Infrastructure,2024.1,0.317385,0.4,0.2857142857142857,0.5159,0.317385,0,286.55,-85.91,436.2661,0.00863,10.166,0,40612356096,0,4.7208272733863454,-56.611,-1396.0767488,46.75686913697863,94.53816562162243,-7.9,0,Overvalued by 85.91%. Balanced moderate growth candidate.
MAXHEALTH.NS,MAXHEALTH.NS,Healthcare,Medical Care Facilities,1033.6,0.3172,0.2,0.42857142857142855,0.648,0.3172,0,178.91,-82.71,74.700356,0.14397,32.579,0,1006762065920,0.15,13.10159481705519,21.871,-66.1750016,21.181784649306977,21.150215133171237,25.1,74.3,Overvalued by 82.71%. Positive Market Sentiment.
AAVAS.NS,AAVAS.NS,Financial Services,Mortgage Finance,1443.6,0.3172,0.2,0.42857142857142855,0.648,0.3172,0,1001.23,-30.61,19.148088,0.13823,307.971,0,114256035840,0,4.0516434275046525,55.015,0,21.403444340599332,17.35857777161012,17.5,10.100000000000001,Overvalued by 30.61%. Positive Market Sentiment.
GENUSPOWER.NS,GENUSPOWER.NS,Industrials,Electrical Equipment & Parts,275.55,0.31668124999999997,0.0,0.5714285714285714,0.777875,0.31668124999999997,0,159.8,-42.78,16.947815,0.25522,91.662,0,77326196736,0.89,15.046962441401563,19.298000000000002,-761.389056,52.488900090030356,75.65027458301212,136.0,72.1,Overvalued by 42.78%. Positive Market Sentiment.
UNIVAFOODS.NS,UNIVAFOODS.NS,Financial Services,Shell Companies,9.7,0.31661249999999996,0.6,0.0,0.71075,0.31661249999999996,0,0,0,0,0,0,0,138931152,0,0,1822.0,0,nan,nan,0,0,Positive Market Sentiment.
INDIAMART.NS,INDIAMART.NS,Communication Services,Internet Content & Information,2114.5,0.315925,0.0,0.7142857142857143,0.4395,0.315925,0,846.64,-60.01,23.669498,0.26791,1.325,0,127193866240,1.42,32.63708706853553,31.352999999999998,496.1690112,22.595395462031664,22.767883418659718,12.5,-39.0,Overvalued by 60.01%. High Financial Strength (F-Score 7/9).
OSWALPUMPS.NS,OSWALPUMPS.NS,Industrials,Electrical Equipment & Parts,462.15,0.3151383333333333,0.4,0.16666666666666666,0.7787,0.3151383333333333,0,157.79,-65.81,53.97076,0,8.278,0,52594880512,0,36.11203507710916,24.269,0,0,0,73.9,28.299999999999997,Overvalued by 65.81%. Positive Market Sentiment.
PSPPROJECT.NS,PSPPROJECT.NS,Industrials,Engineering & Construction,829.45,0.315,0.4,0.2857142857142857,0.5,0.315,0,223.3,-73.02,116.05891,0.0232,29.704,0,32816816128,0,7.708853888601894,4.3080001999999995,-164.3495168,12.821488799094126,-30.304919365090164,19.900000000000002,57.699999999999996,Overvalued by 73.02%. Balanced moderate growth candidate.
RSWM.NS,RSWM.NS,Consumer Cyclical,Textile Manufacturing,136.78,0.315,0.4,0.2857142857142857,0.5,0.315,0,103.33,-24.16,80.14706,0.00619,115.817,0,6417604608,0,3.262204411993085,2.905,174.6710016,7.886333469213813,nan,-1.3,0,Overvalued by 24.16%. High Financial Strength (F-Score 7/9).
ORIENTLTD.NS,ORIENTLTD.NS,Consumer Cyclical,Packaging & Containers,70.53,0.315,0.4,0.2857142857142857,0.5,0.315,0,0,0,0,-0.043169998,91.587,0,721560768,0,1.580048746435899,-3.458,0.676425,-3.8396120876080575,nan,2.3,0,Balanced moderate growth candidate.
EVERESTIND.NS,EVERESTIND.NS,Industrials,Building Products & Equipment,436.0,0.315,0.4,0.2857142857142857,0.5,0.315,0,0,0,0,-0.041360002,53.597,0,6844929024,0.57,2.268958229197097,-6.1950002,-9.7332496,7.723900401282213,nan,-18.7,0,Balanced moderate growth candidate.
NATCAPSUQ.NS,NATCAPSUQ.NS,Healthcare,Drug Manufacturers - Specialty & Generic,180.54,0.315,0.4,0.2857142857142857,0.5,0.315,0,0,0,0,-0.047420003,45.685,0,1896464256,0,3.1384943363001483,-11.294,-13.5648,8.119754890300545,-64.5970665145593,11.1,0,Balanced moderate growth candidate.
HERANBA.NS,HERANBA.NS,Basic Materials,Agricultural Inputs,223.03,0.315,0.4,0.2857142857142857,0.5,0.315,0,0,0,0,-0.0546,60.274,0,8882990080,0.45,3.745921473075399,4.445,-259.2412416,-0.7640763836152753,-74.6772649978614,19.3,0,Balanced moderate growth candidate.
SVLL.NS,SVLL.NS,Industrials,Trucking,675.85,0.315,0.4,0.2857142857142857,0.5,0.315,0,57.21,-91.53,175.54546,0.12564999,570.803,0,7768016896,0,14.573052441929837,9.507,-10.4906752,19.87646396499667,0.2249984626083057,61.8,0,Overvalued by 91.53%. Balanced moderate growth candidate.
ENTERO.NS,ENTERO.NS,Healthcare,Medical Distribution,1211.3,0.315,0.4,0.2857142857142857,0.5,0.315,0,480.81,-60.56,48.14376,0.072569996,24.634,0,53039828992,0,8.71368433124596,3.325,-242.5861376,26.283211629190607,46.88567857455514,20.8,33.800000000000004,Overvalued by 60.56%. Balanced moderate growth candidate.
NAVKARCORP.NS,NAVKARCORP.NS,Industrials,Integrated Freight & Logistics,103.29,0.315,0.4,0.2857142857142857,0.5,0.315,0,0,0,0,-0.011879999,9.144,0,15637437440,0,-2.32386018712525,6.444,65.7960512,1.6738694259036846,nan,22.2,0,Balanced moderate growth candidate.
SHALBY.NS,SHALBY.NS,Healthcare,Medical Care Facilities,181.85,0.315,0.4,0.2857142857142857,0.5,0.315,0,26.36,-85.44,476.4737,-0.00022,53.318,0,19451023360,0.51,6.413325768814684,8.494,-175.5183744,15.636913599006629,-51.37674456398774,6.7,0,Overvalued by 85.44%. Balanced moderate growth candidate.
KRITI.NS,KRITI.NS,Industrials,Building Products & Equipment,82.32,0.315,0.4,0.2857142857142857,0.5,0.315,0,0,0,0,-0.08151,46.083,0,4350103040,0,3.6026329887810413,-9.699000400000001,2.7984876,9.824684281252672,nan,-26.900000000000002,0,Balanced moderate growth candidate.
TVSSRICHAK.NS,TVSSRICHAK.NS,Consumer Cyclical,Auto Parts,4041.3,0.315,0.4,0.2857142857142857,0.5,0.315,0,1105.05,-72.48,111.637474,0.02461,68.917,0,30984812544,0.42,4.391243676957963,3.266,142.8125056,8.49254110610147,-22.023671284689648,10.100000000000001,7.8,Overvalued by 72.48%. Balanced moderate growth candidate.
LGHL.NS,LGHL.NS,Consumer Cyclical,Luxury Goods,289.5,0.315,0.4,0.2857142857142857,0.5,0.315,0,27.56,-90.44,127.5885,0.16695999,129.046,0,14444189696,0,13.437489806805742,30.064,-28.2696096,13.61384695810781,337.65469821432566,13.4,-8.200000000000001,Overvalued by 90.44%. Balanced moderate growth candidate.
ZODIACLOTH.NS,ZODIACLOTH.NS,Consumer Cyclical,Apparel Manufacturing,83.94,0.315,0.4,0.2857142857142857,0.5,0.315,0,0,0,0,-0.16939,61.685,0,2201881344,0,-11.189825048509368,-30.122,8.2306872,11.407878318713017,nan,-19.400000000000002,0,Balanced moderate growth candidate.
GKWLIMITED.NS,GKWLIMITED.NS,Industrials,Specialty Business Services,1769.1,0.315,0.4,0.2857142857142857,0.5,0.315,0,0,0,0,-0.01127,0.016,0,10620369920,0,-0.3584029114579785,-127.48799,-27.6936384,11.017840790098088,nan,-25.0,0,Balanced moderate growth candidate.
UMAEXPORTS.NS,UMAEXPORTS.NS,Consumer Defensive,Farm Products,33.97,0.315,0.4,0.2857142857142857,0.5,0.315,0,0,0,0,-0.02026,95.923,0,1139391360,0,3.6255232779398705,0.46900003,-78.9131264,10.523221978543095,-47.371732315088835,7.8,0,Balanced moderate growth candidate.
OMINFRAL.NS,OMINFRAL.NS,Industrials,Engineering & Construction,80.72,0.315,0.4,0.2857142857142857,0.5,0.315,0,66.44,-17.51,30.396227,0.03237,14.074,0,7757272064,0.5,5.268763098628705,4.514,-19.7741744,31.688086746389345,10.70356823097689,-48.1,79.2,Balanced moderate growth candidate.
ANIKINDS.NS,ANIKINDS.NS,Consumer Defensive,Food Distribution,44.56,0.315,0.4,0.2857142857142857,0.5,0.315,0,40.98,-7.33,77.57895,0.00382,4.702,0,1233609472,0,1.080263675421516,0.561,14.7412496,-21.826418207587185,-32.39333289575966,157.9,-72.6,Balanced moderate growth candidate.
BHAGCHEM.NS,BHAGCHEM.NS,Basic Materials,Agricultural Inputs,227.29,0.315,0.4,0.2857142857142857,0.5,0.315,0,33.18,-85.45,245.16129,0.01852,27.379,0,29617029120,0.07,3.964063305430861,7.926,-294.5934592,0.4382871422040857,-27.086194306985035,35.099999999999994,0,Overvalued by 85.45%. Balanced moderate growth candidate.
SUPERSPIN.NS,SUPERSPIN.NS,Consumer Cyclical,Textile Manufacturing,8.18,0.315,0.4,0.2857142857142857,0.5,0.315,0,0,0,0,-0.028110001,37.26,0,451550016,0,4.97956626753271,52.271,11.8909376,-100.0,nan,-0.1,0,Balanced moderate growth candidate.
PURVA.NS,PURVA.NS,Real Estate,Real Estate - Development,251.42,0.315,0.4,0.2857142857142857,0.5,0.315,0,0,0,0,-0.16622,274.76,0,58220244992,0,5.628295269411605,14.519000000000002,-799.818752,27.56041698250118,nan,30.0,0,High Financial Strength (F-Score 7/9).
HPIL.NS,HPIL.NS,Basic Materials,Specialty Chemicals,133.21,0.315,0.4,0.2857142857142857,0.5,0.315,0,29.08,-78.14,158.32144,0.01865,73.098,0,1519292544,0.35,5.875388250934123,1.0720001,-15.0532368,-0.5668299936551713,-15.554925411833631,54.400000000000006,-79.3,Overvalued by 78.14%. Balanced moderate growth candidate.
SINTERCOM.NS,SINTERCOM.NS,Consumer Cyclical,Auto Parts,99.6,0.315,0.4,0.2857142857142857,0.5,0.315,0,17.13,-82.87,277.77777,0.00985,46.836,0,2752782336,0,3.9343962978600864,8.124,-12.6576872,14.551695354760819,-44.21965379062841,12.3,141.4,Overvalued by 82.87%. Balanced moderate growth candidate.
GREENLAM.NS,GREENLAM.NS,Consumer Cyclical,"Furnishings, Fixtures & Appliances",241.84,0.315,0.4,0.2857142857142857,0.5,0.315,0,34.3,-85.77,202.521,0.026789999,103.274,0,61490593792,0.17,7.804793867337578,8.523,7.3987504,14.957402433012955,-8.419668773937516,18.7,-7.3999999999999995,Overvalued by 85.77%. High Financial Strength (F-Score 7/9).
SUTLEJTEX.NS,SUTLEJTEX.NS,Consumer Cyclical,Textile Manufacturing,28.94,0.315,0.4,0.2857142857142857,0.5,0.315,0,0,0,0,-0.10151,97.692,0,4818019328,0,-2.706182656034697,-2.545,22.5724992,-5.156447767611761,nan,-6.4,0,Balanced moderate growth candidate.
SIL.NS,SIL.NS,Consumer Cyclical,Textile Manufacturing,14.88,0.315,0.4,0.2857142857142857,0.5,0.315,0,0,0,0,-0.13607,1.847,0,971730880,5.61,-8.687323618578045,-55.324,8.2696376,-60.20571972932527,nan,41.0,0,Balanced moderate growth candidate.
ARCHIES.NS,ARCHIES.NS,Consumer Cyclical,Specialty Retail,17.18,0.315,0.4,0.2857142857142857,0.5,0.315,0,0,0,0,-0.00786,33.451,0,588785408,0,1.200239648930526,4.208,-2.1454,-3.015941296801017,nan,-8.9,0,Balanced moderate growth candidate.
AURUM.NS,AURUM.NS,Real Estate,Real Estate Services,190.13,0.315,0.4,0.2857142857142857,0.5,0.315,0,0,0,0,-0.09308,57.165,0,13434451968,0,-4.299864925709141,-5.212,1.41375,155.65414360281338,nan,28.999999999999996,0,Balanced moderate growth candidate.
AFIL.NS,AFIL.NS,Financial Services,Credit Services,5.68,0.315,0.4,0.2857142857142857,0.5,0.315,0,0,0,0,0.09523,95.75,0,2446666752,0,6.4937769991067515,70.292,0,13.57069663844701,100.53709752644893,30.0,34.1,Balanced moderate growth candidate.
URAVIDEF.NS,URAVIDEF.NS,Consumer Cyclical,Auto Parts,197.97,0.315,0.4,0.2857142857142857,0.5,0.315,0,43.58,-77.99,99.0,0.04685,45.279,0,2249280000,0,6.54326931104148,1.1820001,-7.4134376,11.630070797139801,51.42385058963521,8.6,-76.7,Overvalued by 77.99%. Balanced moderate growth candidate.
SUBEXLTD.NS,SUBEXLTD.NS,Technology,Software - Application,10.33,0.315,0.4,0.2857142857142857,0.5,0.315,0,0,0,0,-0.01602,9.203,0,5758664192,0,-5.86573830793484,5.108,18.9475008,-4.925598998936154,nan,-7.1,400.1,Balanced moderate growth candidate.
AARTECH.NS,AARTECH.NS,Industrials,Electrical Equipment & Parts,51.58,0.315,0.4,0.2857142857142857,0.5,0.315,0,14.93,-70.49,54.4086,0.09066,15.972,0,1607580928,0.24,5.823287208909889,19.267,-4.9972,30.554380045653453,-0.39836770276612254,24.4,44.7,Overvalued by 70.49%. Balanced moderate growth candidate.
BEDMUTHA.NS,BEDMUTHA.NS,Basic Materials,Steel,110.96,0.315,0.4,0.2857142857142857,0.5,0.315,0,0,0,0,-0.00035999998,151.954,0,3609935104,0,23.463924295158677,2.569,-10.5505376,16.83518724462676,38.333119989935604,44.6,0,High Financial Strength (F-Score 7/9).
GREENPANEL.NS,GREENPANEL.NS,Basic Materials,Lumber & Wood Production,216.6,0.315,0.4,0.2857142857142857,0.5,0.315,0,0,0,0,-0.00212,30.888,0,26487517184,0.14,3.7242999539429484,-0.261,-8.6866752,-4.986107180654809,-33.06636646989101,17.5,0,Balanced moderate growth candidate.
SALONA.NS,SALONA.NS,Consumer Cyclical,Textile Manufacturing,254.9,0.315,0.4,0.2857142857142857,0.5,0.315,0,111.98,-56.07,106.20833,0.01495,278.404,0,1341385728,0.39,7.460142848082461,3.7449999999999997,-11.262,0.2337124620998665,-45.90190075538909,2.8000000000000003,-30.0,Overvalued by 56.07%. High Financial Strength (F-Score 7/9).
ARTNIRMAN.NS,ARTNIRMAN.NS,Real Estate,Real Estate - Development,47.0,0.315,0.4,0.2857142857142857,0.5,0.315,0,16.29,-65.33,58.75,0.03827,52.666,0,1172931968,0,5.488798701885375,18.017,-12.1864248,-9.257813539462267,-43.41601847152218,-20.200000000000003,-19.0,Overvalued by 65.33%. Balanced moderate growth candidate.
VARROC.NS,VARROC.NS,Consumer Cyclical,Auto Parts,566.7,0.315,0.4,0.2857142857142857,0.5,0.315,0,150.41,-73.48,62.192986,0.08834,53.145,0,86667780096,0.18,13.291617604939058,5.401,166.4630016,11.467716709108156,-61.93175329992775,6.1,9.6,Overvalued by 73.48%. Balanced moderate growth candidate.
YATRA.NS,YATRA.NS,Consumer Cyclical,Travel Services,161.03,0.315,0.4,0.2857142857142857,0.5,0.315,0,64.27,-60.08,45.480225,0.0706,6.87,0,25263507456,0,5.107712861130329,3.993,-131.2993792,59.52971065088624,5.9068128055134395,48.4,97.8,Overvalued by 60.08%. Balanced moderate growth candidate.
JINDALPOLY.NS,JINDALPOLY.NS,Consumer Cyclical,Packaging & Containers,413.65,0.315,0.4,0.2857142857142857,0.5,0.315,0,0,0,0,-0.03105,84.483,0,18103590912,1.43,3.333708881252826,-8.613,-304.8021248,-3.679957085105623,-54.89274992258052,-68.7,0,Balanced moderate growth candidate.
TIRUPATIFL.NS,TIRUPATIFL.NS,Industrials,Metal Fabrication,35.44,0.315,0.4,0.2857142857142857,0.5,0.315,0,10.07,-71.34,76.347824,0.06142,21.318,0,4153993472,0,9.52615343175609,3.6259998,-53.3868128,9.254807130598298,8.07382144189992,22.900000000000002,-57.699999999999996,Overvalued by 71.34%. Balanced moderate growth candidate.
IMAGICAA.NS,IMAGICAA.NS,Communication Services,Entertainment,52.56,0.315,0.4,0.2857142857142857,0.5,0.315,0,14.69,-72.12,122.53488,0.01972,15.4,0,29820782592,0,6.5426339904486515,-82.846,-31.0162368,75.51086213782582,-31.87327727438746,4.6,0,Overvalued by 72.12%. Balanced moderate growth candidate.
RUSTOMJEE.NS,RUSTOMJEE.NS,Real Estate,Real Estate - Development,490.35,0.315,0.4,0.2857142857142857,0.5,0.315,0,202.37,-58.74,59.890114,0.044910002,43.367,0,61916119040,0.31,8.390113342418134,2.2869998999999996,-252.6425088,15.33125024261155,7.191397800293453,-6.3,-87.4,Overvalued by 58.74%. Balanced moderate growth candidate.
ASMS.NS,ASMS.NS,Technology,Information Technology Services,11.24,0.315,0.4,0.2857142857142857,0.5,0.315,0,1.18,-89.48,160.57143,0.07195,0.562,0,3423442432,0,8.457718441821532,8.133,2.2411624,-15.160141146291185,-67.37778071339115,40.0,244.20000000000002,Overvalued by 89.48%. Balanced moderate growth candidate.
BHARTIHEXA.NS,BHARTIHEXA.NS,Communication Services,Telecom Services,1535.2,0.315,0.4,0.2857142857142857,0.5,0.315,0,294.43,-80.82,49.76337,0.26943,105.803,0,767599968256,0.63,25.506137077249996,30.855,1956.3749376,16.506249402778806,-3.7410604971057415,10.5,66.4,Overvalued by 80.82%. Balanced moderate growth candidate.
SHIVAMILLS.NS,SHIVAMILLS.NS,Consumer Cyclical,Textile Manufacturing,56.39,0.315,0.4,0.2857142857142857,0.5,0.315,0,0,0,0,-0.0325,6.938,0,488768384,0,-3.0424220502768993,-1.2229999999999999,5.4441752,-7.382385887394594,nan,-36.7,0,Balanced moderate growth candidate.
BOSCH-HCIL.NS,BOSCH-HCIL.NS,Consumer Cyclical,"Furnishings, Fixtures & Appliances",1288.0,0.315,0.4,0.2857142857142857,0.5,0.315,0,201.72,-85.44,134.53397,0.052550003,37.841,0,37816135680,3.96,13.713376392399137,-12.617999999999999,-201.1337472,8.572502143176774,53.96119393956589,2.1999999999999997,0,Overvalued by 85.44%. Balanced moderate growth candidate.
BORANA.NS,BORANA.NS,Consumer Cyclical,Textile Manufacturing,318.45,0.31469416666666666,0.4,0.3333333333333333,0.38685,0.31469416666666666,0,136.19,-57.44,36.15819,0,17.66,0,8526494720,0,27.8868061198192,18.297,0,0,0,34.9,60.199999999999996,Overvalued by 57.44%. Balanced moderate growth candidate.
MARKSANS.NS,MARKSANS.NS,Healthcare,Drug Manufacturers - General,172.45,0.3139,0.0,0.7142857142857143,0.426,0.3139,0,101.81,-41.02,22.243557,0.14073,12.238,0,78220591104,0.46,20.707936595907544,16.320999,-127.8164992,20.88167516335906,27.280097391089807,12.2,1.9,Overvalued by 41.02%. High Financial Strength (F-Score 7/9).
EXCELSOFT.NS,EXCELSOFT.NS,Technology,Software - Application,74.27,0.312464375,0.2,0.5,0.4497625,0.312464375,0,50.21,-32.4,24.592714,0,11.581,0,8547300864,0,15.9171506915419,17.747,0,0,0,19.1,351.4,Overvalued by 32.4%. Balanced moderate growth candidate.
PRESTIGE.NS,PRESTIGE.NS,Real Estate,Real Estate - Diversified,1500.2,0.311146,0.2,0.42857142857142855,0.60764,0.311146,0,380.92,-74.52,85.19089,0.0505,89.294,0,643984785408,0.12,7.684297088751575,28.425,-1981.462528,4.624384027002515,-25.921088614344622,5.5,112.6,Overvalued by 74.52%. High Financial Strength (F-Score 7/9). Positive Market Sentiment.
JTEKTINDIA.NS,JTEKTINDIA.NS,Consumer Cyclical,Auto Parts,135.53,0.310639375,0.2,0.42857142857142855,0.6042625,0.310639375,0,49.64,-63.38,50.760296,0.07071,23.209,0,37595602944,0.53,10.888232845165948,3.641,-255.8642432,14.775689962948647,26.813197804348743,5.6000000000000005,-11.700000000000001,Overvalued by 63.38%. High Financial Strength (F-Score 7/9). Positive Market Sentiment.
EUROTEXIND.NS,EUROTEXIND.NS,Real Estate,Real Estate - Development,13.22,0.3105,0.4,0.2,0.67,0.3105,0,0,0,5.625532,0,0,0,155418944,0,-12.376388586364627,6004.9259999999995,-12.7724248,-16.811663584257065,nan,46.0,0,Positive Market Sentiment.
BANDHANBNK.NS,BANDHANBNK.NS,Financial Services,Banks - Regional,153.35,0.30999249999999995,0.4,0.2,0.6666166666666666,0.30999249999999995,0,146.75,-4.3,24.575323,0,0,0,247042473984,1.01,7.680544800375394,13.053,0,7.813719079247239,179.45360966636906,-12.8,-51.7,Positive Market Sentiment.
NHPC.NS,NHPC.NS,Utilities,Utilities - Renewable,78.89,0.3094165,0.2,0.42857142857142855,0.59611,0.3094165,0,50.11,-36.48,29.1107,0.07776,100.41,0,792452792320,2.54,9.621184935366365,47.111,-8684.0909824,4.60977987543274,-5.150665760027051,10.299999999999999,13.3,Overvalued by 36.48%. High Financial Strength (F-Score 7/9).
UNIDT.NS,UNIDT.NS,Energy,Oil & Gas Equipment & Services,197.27,0.3093895,0.2,0.42857142857142855,0.59593,0.3093895,0,149.62,-23.53,26.156416,0.05763,11.201,0,3977086208,1.22,7.504034609031843,14.378999,-27.769536,-1.1920476299372873,-33.03227156796545,13.8,38.7,Overvalued by 23.53%. Balanced moderate growth candidate.
PGEL.NS,PGEL.NS,Technology,Electronic Components,587.3,0.309175,0.2,0.42857142857142855,0.5945,0.309175,0,139.2,-76.28,64.49451,0.12576,20.346,0,167002079232,0.04,12.847771762431226,1.2890000000000001,-1138.9101056,63.668674650000746,97.39864356620795,-2.4,-87.4,Overvalued by 76.28%. Balanced moderate growth candidate.
DOLLAR.NS,DOLLAR.NS,Consumer Cyclical,Apparel Manufacturing,335.2,0.308731,0.0,0.7142857142857143,0.39154,0.308731,0,257.35,-22.95,17.918455,0.12429,37.489,0,18943184896,0.89,12.81890206353864,10.687000000000001,29.4652992,8.442935353819593,-14.780283682724992,5.6000000000000005,32.800000000000004,Overvalued by 22.95%. High Financial Strength (F-Score 7/9).
VHL.NS,VHL.NS,Financial Services,Credit Services,3472.0,0.3083333333333333,0.0,0.6666666666666666,0.5,0.3083333333333333,0,14195.7,307.92,4.5476522,0.06745,0,0,11221907456,0.14,0.46830013406432963,88.82,11.5880752,-2.0876771913709624,-15.595974238815536,-59.099999999999994,-6.6000000000000005,DCF Undervalued by 307.92%. Undervalued by ~308% (Graham).
SPLIL.NS,SPLIL.NS,Consumer Cyclical,Apparel Manufacturing,31.4,0.3083333333333333,0.0,0.6666666666666666,0.5,0.3083333333333333,0,47.76,51.15,23.065693,0.01904,0,0,916400128,0,6.999971284721558,-20.26,14.5216624,-11.185432288177498,-22.560233697562225,-62.1,0,DCF Undervalued by 51.15%. Undervalued by ~52% (Graham).
BEPL.NS,BEPL.NS,Basic Materials,Chemicals,85.87,0.3083333333333333,0.0,0.6666666666666666,0.5,0.3083333333333333,0,79.37,-8.24,12.929746,0.16578,0,0,21526257664,4.66,24.328649191097796,14.446999,-305.2269056,0.09063604904342437,-19.88171996812995,-11.4,-12.4,High Financial Strength (F-Score 7/9).
PLATIND.NS,PLATIND.NS,Basic Materials,Specialty Chemicals,227.64,0.3083333333333333,0.0,0.6666666666666666,0.5,0.3083333333333333,0,0,0,0,0.105459996,6.353,0,12859748352,0,0,12.3789996,-17.9848752,0,0,-1.3,-18.8,High Financial Strength (F-Score 7/9).
HILINFRA.NS,HILINFRA.NS,Industrials,Infrastructure Operations,51.31,0.3083333333333333,0.0,0.6666666666666666,0.5,0.3083333333333333,0,53.12,3.52,11.504484,0,27.666,0,3684609024,0,19.544979447714876,10.6429994,0,11.769564643924424,33.142575788959384,-2.1,374.1,Undervalued by ~3% (Graham).
IGCL.NS,IGCL.NS,Basic Materials,Agricultural Inputs,68.21,0.3083333333333333,0.0,0.6666666666666666,0.5,0.3083333333333333,0,83.41,22.28,12.44708,0,47.136,0,4312508928,0,12.535192662831626,12.523000000000001,0,0,0,7.000000000000001,0,Undervalued by ~22% (Graham).
DMART.NS,DMART.NS,Consumer Defensive,Discount Stores,3830.3,0.3063633333333333,0.4,0.16666666666666666,0.7202,0.3063633333333333,0,590.54,-84.59,86.97843,0,7.031,0,2493218553856,0,17.462353828972724,6.6020004,0,24.242855245449825,21.966621208854754,13.3,18.3,Overvalued by 84.59%. Positive Market Sentiment.
JUNIPER.NS,JUNIPER.NS,Consumer Cyclical,Lodging,248.5,0.305245,0.2,0.42857142857142855,0.5683,0.305245,0,119.36,-51.48,48.33006,0.04202,50.239,0,54735585280,0,6.624009593064882,23.053,-426.7081472,46.380704327588674,-27.62463207062482,7.3999999999999995,0,Overvalued by 51.48%. High Financial Strength (F-Score 7/9).
GROWW.NS,GROWW.NS,Financial Services,Capital Markets,172.08,0.3046458333333333,0.4,0.16666666666666666,0.70875,0.3046458333333333,0,27.72,-83.89,62.122746,0,4.986,0,1062352519168,0,0,58.106,0,0,0,25.8,-34.1,Overvalued by 83.89%. Positive Market Sentiment.
SPECTRUM.NS,SPECTRUM.NS,Industrials,Electrical Equipment & Parts,1107.3,0.30457375,0.2,0.42857142857142855,0.563825,0.30457375,0,241.66,-77.85,57.633385,0.15076,76.093,0,17143799808,0,12.616997506156391,10.459,-63.0856768,15.337908877640395,49.584614691853666,35.0,8.1,Overvalued by 77.85%. Balanced moderate growth candidate.
MASTEK.NS,MASTEK.NS,Technology,Information Technology Services,2011.4,0.3045591666666666,0.2,0.3333333333333333,0.7859499999999999,0.3045591666666666,0,1537.97,-23.54,16.531603,0,20.327,0,62336049152,1.22,16.55238922157673,14.104,0,16.441535212085046,8.400480919727716,4.2,14.399999999999999,Overvalued by 23.54%. Positive Market Sentiment.
INDUSINDBK.NS,INDUSINDBK.NS,Financial Services,Banks - Regional,944.5,0.302784,0.6,0.0,0.61856,0.302784,0,0,0,0,-0.01161,0,0,734668652544,0,2.1727320109664885,-17.025000000000002,0,6.326079009580554,-18.768621330436265,-40.0,0,Positive Market Sentiment.
UNITDSPR.NS,UNITDSPR.NS,Consumer Defensive,Beverages - Wineries & Distilleries,1326.7,0.30242333333333327,0.4,0.16666666666666666,0.6939333333333333,0.30242333333333327,0,254.14,-80.84,54.686726,0,4.898,0,965043159040,0.91,27.44323790720632,14.050001000000002,0,7.556723667867327,24.05678349728928,7.6,24.6,Overvalued by 80.84%. Positive Market Sentiment.
RHIM.NS,RHIM.NS,Industrials,Metal Fabrication,460.15,0.302231875,0.2,0.42857142857142855,0.5482125,0.302231875,0,182.59,-60.31,60.209427,0.03967,10.315,0,95087607808,0.54,7.191285751679074,5.8069999999999995,36.0279136,22.55518191656014,-9.030103992525017,19.400000000000002,-16.7,Overvalued by 60.31%. High Financial Strength (F-Score 7/9).
AMAGI.NS,AMAGI.NS,Technology,Software - Application,378.05,0.3019758333333333,0.4,0.16666666666666666,0.69095,0.3019758333333333,0,0,0,2001.0527,0,3.921,0,82252070912,0,-9.449172836695116,6.265999999999999,0,0,0,22.400000000000002,277.5,Positive Market Sentiment.
PICCADIL.NS,PICCADIL.NS,Consumer Defensive,Beverages - Wineries & Distilleries,575.0,0.3019683333333333,0.4,0.16666666666666666,0.6909,0.3019683333333333,0,137.45,-76.12,50.04348,0,45.313,0,56685432832,0,17.11526390919264,15.331,0,12.570463971435707,51.827421175501634,9.3,38.800000000000004,Overvalued by 76.12%. Positive Market Sentiment.
NAUKRI.NS,NAUKRI.NS,Communication Services,Internet Content & Information,1305.8,0.3017725,0.2,0.42857142857142855,0.54515,0.3017725,0,586.8,-55.07,64.11389,0.03525,0.544,0,845543768064,0.37,5.640706394798996,30.901,-2623.4322944,21.492222536563443,-57.75252744426895,14.899999999999999,1263.1,Overvalued by 55.07%. High Financial Strength (F-Score 9/9).
BASF.NS,BASF.NS,Basic Materials,Specialty Chemicals,3617.8,0.3016133333333333,0.4,0.16666666666666666,0.6885333333333333,0.3016133333333333,0,1307.51,-63.68,41.460323,0,3.857,0,155828305920,0.55,18.05305534644716,3.132,0,5.235212780282628,-6.961382500882518,-4.8,-16.2,Overvalued by 63.68%. Positive Market Sentiment.
PRUDENT.NS,PRUDENT.NS,Financial Services,Asset Management,2399.2,0.30139699999999997,0.0,0.5714285714285714,0.67598,0.30139699999999997,0,453.66,-81.1,48.328636,0.30847,4.26,0,99376078848,0.1,39.60744175151557,21.982999,0,35.26949699083237,34.53937127361741,11.600000000000001,3.9,Overvalued by 81.1%. High Financial Strength (F-Score 7/9). Positive Market Sentiment.
RVNL.NS,RVNL.NS,Industrials,Engineering & Construction,342.5,0.30114549999999995,0.2,0.42857142857142855,0.54097,0.30114549999999995,0,74.75,-78.17,62.959557,0.12377,52.108,0,714319265792,0.53,14.636313137086212,4.0599998,-3652.315136,0.9224286983755325,4.898157429790162,5.5,-20.3,Overvalued by 78.17%. Balanced moderate growth candidate.
GABRIEL.NS,GABRIEL.NS,Consumer Cyclical,Auto Parts,932.7,0.30037499999999995,0.2,0.5714285714285714,0.2025,0.30037499999999995,0,188.83,-79.6,51.970802,0.21625,8.126,0,132956823552,0.52,27.696889367518533,7.445,-158.394496,20.248805967258086,39.876748708684914,14.899999999999999,9.8,Overvalued by 79.6%. High Financial Strength (F-Score 7/9).
SALASAR.NS,SALASAR.NS,Basic Materials,Steel,8.51,0.29983249999999995,0.2,0.42857142857142855,0.5322166666666667,0.29983249999999995,0,3.71,-56.57,65.69231,0.03131,42.992,0,14927496192,0,7.649050680513045,8.211,-45.7211872,26.668572538937575,-15.30379364353549,51.800000000000004,50.0,Overvalued by 56.57%. High Financial Strength (F-Score 7/9).
GRASIM.NS,GRASIM.NS,Basic Materials,Building Materials,2795.8,0.29961899999999997,0.6,0.0,0.59746,0.29961899999999997,0,1451.31,-48.09,43.865704,0.058280002,126.634,0,1897518071808,0.36,4.836208058050218,14.468001,-5860.16768,15.87811390945455,-21.118007440068943,18.9,39.6,Overvalued by 48.09%. Balanced moderate growth candidate.
TITAGARH.NS,TITAGARH.NS,Industrials,Railroads,817.85,0.29944,0.2,0.42857142857142855,0.5296,0.29944,0,247.35,-69.83,56.622932,0.07995,25.09,0,110419017728,0.12,14.391897275189885,8.912,-317.0737408,38.93904797518515,844.1472354303528,-24.4,-54.400000000000006,Overvalued by 69.83%. High Financial Strength (F-Score 7/9).
FSL.NS,FSL.NS,Technology,Information Technology Services,320.0,0.298865,0.0,0.5714285714285714,0.6591,0.298865,0,116.26,-63.72,33.726315,0.16209,54.258,0,221458776064,1.25,15.781096117897281,11.524,692.5277696,10.768593938810579,3.4222808687482065,20.1,29.599999999999998,Overvalued by 63.72%. Positive Market Sentiment.
GOPAL.NS,GOPAL.NS,Consumer Defensive,Packaged Foods,306.95,0.2988625,0.2,0.42857142857142855,0.52575,0.2988625,0,16.07,-94.76,930.1515,-0.01362,14.964,0,38252830720,0.42,6.408813976691362,4.089,-77.9913728,2.564336020128777,-22.953289651179997,-7.199999999999999,-11.200000000000001,Overvalued by 94.76%. High Financial Strength (F-Score 7/9).
ALPHAGEO.NS,ALPHAGEO.NS,Energy,Oil & Gas Equipment & Services,220.28,0.2987238333333333,0.4,0.16666666666666666,0.66927,0.2987238333333333,0,0,0,0,-0.06102,0,0,1400885248,3.63,-2.9278554413833118,-162.98299999999998,6.3903752,-6.72851965493858,nan,-72.2,0,Positive Market Sentiment.
BIL.NS,BIL.NS,Consumer Cyclical,Footwear & Accessories,657.15,0.29818749999999994,0.2,0.42857142857142855,0.52125,0.29818749999999994,0,432.65,-36.36,30.253672,0.06491,104.25,0,9116397568,0,7.620576572988624,8.49,-8.8514,15.380620144378888,-1.7766690281408093,35.0,21.3,Overvalued by 36.36%. High Financial Strength (F-Score 7/9).
FCONSUMER.NS,FCONSUMER.NS,Consumer Defensive,Packaged Foods,0.34,0.2978925,0.6,0.0,0.58595,0.2978925,0,0,0,0,0,0,0,678991808,0,14.90553375239028,-5.809,0,-32.89325808785948,nan,1.2,0,Balanced moderate growth candidate.
TATAELXSI.NS,TATAELXSI.NS,Technology,Software - Application,5505.0,0.2973213333333333,0.4,0.16666666666666666,0.6599200000000001,0.2973213333333333,0,952.9,-82.6,58.851982,0,6.257,0,341254832128,1.36,36.622270490042105,20.916999999999998,0,14.706189308157146,12.610051453917004,1.5,-45.300000000000004,Overvalued by 82.6%. Positive Market Sentiment.
COFFEEDAY.NS,COFFEEDAY.NS,Consumer Cyclical,Restaurants,33.32,0.297214375,0.2,0.42857142857142855,0.5147625,0.297214375,0,0,0,0,-0.03892,38.774,0,7036794880,0,2.161626817951837,1.274,59.318752,22.775499585008554,nan,3.8,0,High Financial Strength (F-Score 7/9).
AFCONS.NS,AFCONS.NS,Industrials,Engineering & Construction,357.8,0.29719999999999996,0.0,0.5714285714285714,0.648,0.29719999999999996,0,211.7,-40.8,26.159473,0.10935,66.143,0,131519791104,0.7,15.617162737585776,6.909,-765.9825152,4.543078591278826,10.95806591620434,1.0,-28.199999999999996,Overvalued by 40.8%. Positive Market Sentiment.
HONAUT.NS,HONAUT.NS,Industrials,Electrical Equipment & Parts,31580.0,0.29719999999999996,0.0,0.5714285714285714,0.648,0.29719999999999996,0,7896.71,-74.99,53.981983,0.12968999,2.215,0,279399596032,0.34,17.639047100193157,10.3269994,581.38752,12.494019462080107,15.578701066658308,12.3,3.8,Overvalued by 74.99%. High Financial Strength (F-Score 7/9). Positive Market Sentiment.
SYMPHONY.NS,SYMPHONY.NS,Consumer Cyclical,"Furnishings, Fixtures & Appliances",839.8,0.29719999999999996,0.0,0.5714285714285714,0.648,0.29719999999999996,0,223.11,-73.43,43.177376,0.17647,0.639,0,57670242304,0.48,32.58426966292135,12.883,-215.1312384,14.968721622639425,20.87942974550718,-48.3,-66.0,Overvalued by 73.43%. High Financial Strength (F-Score 7/9). Positive Market Sentiment.
PATANJALI.NS,PATANJALI.NS,Consumer Defensive,Packaged Foods,505.75,0.297068,0.0,0.5714285714285714,0.64712,0.297068,0,181.37,-64.14,38.518658,0.12432,23.903,0,550708772864,0.48,14.780569362835772,4.992,-1864.044544,12.590819406167352,17.280535749128777,20.200000000000003,67.10000000000001,Overvalued by 64.14%. Positive Market Sentiment.
JSWCEMENT.NS,JSWCEMENT.NS,Basic Materials,Building Materials,121.67,0.2967453333333333,0.4,0.16666666666666666,0.65608,0.2967453333333333,0,0,0,0,0,75.362,0,162318827520,0,4.512915382543119,14.494000000000002,0,0,0,16.7,0,Positive Market Sentiment.
MAPMYINDIA.NS,MAPMYINDIA.NS,Technology,Software - Infrastructure,1526.4,0.296363,0.0,0.5714285714285714,0.64242,0.296363,0,297.95,-80.51,57.894737,0.18663,1.148,0,83730300928,0.23,25.482672662397967,17.738001,82.698752,32.21386810129392,19.143340881990454,9.700000000000001,-40.2,Overvalued by 80.51%. High Financial Strength (F-Score 7/9). Positive Market Sentiment.
IDEA.NS,IDEA.NS,Communication Services,Telecom Services,11.08,0.296304,0.6,0.0,0.57536,0.296304,0,0,0,0,0,0,0,1201917394944,0,-2.4237156283736585,-8.125,-6048.2998272,4.120127164414722,nan,2.3,0,Balanced moderate growth candidate.
COUNCODOS.NS,COUNCODOS.NS,Real Estate,Real Estate - Development,5.53,0.295,0.2,0.42857142857142855,0.5,0.295,0,2.58,-53.35,69.12501,0.02333,0.046,0,431060640,0,3.6121771291085882,4.8979998,-1.609325,-8.666040923216068,-38.168489759914706,17.0,50.0,Overvalued by 53.35%. High Financial Strength (F-Score 7/9).
ASTRAZEN.NS,ASTRAZEN.NS,Healthcare,Drug Manufacturers - Specialty & Generic,8284.0,0.295,0.2,0.42857142857142855,0.5,0.295,0,756.28,-90.89,104.33799,0.26942,4.354,0,207735930880,0.39,20.486791718050238,12.987000000000002,31.3624992,28.598866558109304,23.395954568288357,37.0,41.099999999999994,Overvalued by 90.89%. Balanced moderate growth candidate.
HIRECT.NS,HIRECT.NS,Industrials,Electrical Equipment & Parts,1391.0,0.295,0.2,0.42857142857142855,0.5,0.295,0,262.73,-81.21,50.502167,0.288,109.187,0,24096497664,0.14,19.85384423349295,10.1610005,-61.7941504,20.704789415805358,68.2040227152591,37.0,44.5,Overvalued by 81.21%. High Financial Strength (F-Score 7/9).
RANEHOLDIN.NS,RANEHOLDIN.NS,Consumer Cyclical,Auto Parts,1309.2,0.295,0.2,0.42857142857142855,0.5,0.295,0,1059.56,-20.27,20.929134,0.07761,76.849,0,18975207424,2.9,19.677946168825912,3.2259999999999995,89.3249984,17.87859023926228,104.75356301671997,52.7,-86.8,Overvalued by 20.27%. Balanced moderate growth candidate.
SIS.NS,SIS.NS,Industrials,Security & Protection Services,332.7,0.295,0.2,0.42857142857142855,0.5,0.295,0,122.38,-63.17,89.075066,0.02046,67.098,0,46921736192,0,5.789366657330422,3.376,144.9272448,9.450646804673003,-66.90049309582382,15.2,19.8,Overvalued by 63.17%. High Financial Strength (F-Score 7/9).
ASPINWALL.NS,ASPINWALL.NS,Consumer Defensive,Farm Products,221.95,0.295,0.2,0.42857142857142855,0.5,0.295,0,213.15,-3.68,26.158392,0.03553,43.708,0,1730187136,2.93,7.720786733513305,-1.551,-67.9649984,8.803232766055347,-1.642188017733781,12.4,-26.0,Balanced moderate growth candidate.
SOFTTECH.NS,SOFTTECH.NS,Technology,Software - Application,314.4,0.295,0.2,0.42857142857142855,0.5,0.295,0,51.81,-83.39,321.64948,0.012209999,26.731,0,4318747136,0,3.8931408908731564,4.948,-22.4292,18.351731614257073,-35.00588975839206,16.8,-63.9,Overvalued by 83.39%. High Financial Strength (F-Score 7/9).
SNOWMAN.NS,SNOWMAN.NS,Industrials,Integrated Freight & Logistics,38.17,0.295,0.2,0.42857142857142855,0.5,0.295,0,9.81,-74.37,212.49998,0.00721,80.305,0,6391115776,1.84,5.664590717871006,1.675,4.8759376,24.522412792937452,50.29361337904166,8.5,0,Overvalued by 74.37%. High Financial Strength (F-Score 7/9).
BORORENEW.NS,BORORENEW.NS,Technology,Solar,509.8,0.295,0.2,0.42857142857142855,0.5,0.295,0,0,0,0,-0.22907,22.805,0,71081025536,0,-3.5097242625629015,25.636998,212.225984,31.88573394159844,nan,1.7000000000000002,0,High Financial Strength (F-Score 7/9).
HOMEFIRST.NS,HOMEFIRST.NS,Financial Services,Mortgage Finance,1082.6,0.295,0.2,0.42857142857142855,0.5,0.295,0,636.46,-41.23,23.370737,0.14366001,240.452,0,112548839424,0.34,4.4117448494990175,66.476995,0,40.45475048983291,27.096323047376437,35.3,24.4,Overvalued by 41.23%. Balanced moderate growth candidate.
EFCIL.NS,EFCIL.NS,Real Estate,Real Estate Services,280.8,0.295,0.2,0.42857142857142855,0.5,0.295,0,30.7,-89.04,418.0597,0.32609,160.926,0,38453075968,0,31.335291134005967,31.343,361.4640384,inf,1976.554167700089,53.0,-61.199999999999996,Overvalued by 89.04%. High Financial Strength (F-Score 7/9).
DBOL.NS,DBOL.NS,Consumer Defensive,Farm Products,78.23,0.295,0.2,0.42857142857142855,0.5,0.295,0,0,0,0,-5e-05,58.445,0,5127361024,1.6,3.70888959745655,-4.054,53.0249984,6.4676546164673665,-47.639199934373856,19.7,0,High Financial Strength (F-Score 7/9).
NELCO.NS,NELCO.NS,Technology,Communication Equipment,702.6,0.295,0.2,0.42857142857142855,0.5,0.295,0,49.08,-92.99,368.60526,0.033570003,55.947,0,15987508224,0.14,15.182393729273441,3.202,-0.2675,5.433947773287073,-16.001998746430466,-10.0,-60.6,Overvalued by 92.99%. High Financial Strength (F-Score 7/9).
CHOLAHLDNG.NS,CHOLAHLDNG.NS,Financial Services,Credit Services,1812.7,0.295,0.2,0.42857142857142855,0.5,0.295,0,1394.52,-22.57,15.16887,0.18281001,635.38,0,339936444416,0.07,3.448405761676423,28.660000000000004,0,30.80198474685256,28.556908836583062,16.8,4.6,Overvalued by 22.57%. Balanced moderate growth candidate.
SAGARDEEP.NS,SAGARDEEP.NS,Basic Materials,Copper,26.76,0.295,0.2,0.42857142857142855,0.5,0.295,0,22.38,-16.19,22.820515,0.07079,39.666,0,455432608,0,10.42643821861986,0.027999999999999997,-1.034725,11.23741902526989,55.166259932367126,-4.3999999999999995,25.0,Balanced moderate growth candidate.
PRINCEPIPE.NS,PRINCEPIPE.NS,Industrials,Building Products & Equipment,246.7,0.295,0.2,0.42857142857142855,0.5,0.295,0,82.33,-66.53,117.14286,0.01467,14.911,0,27203233792,0.2,3.6342131413225425,3.807,-59.4403776,-1.7456775136872493,-44.2840680712807,-4.3999999999999995,-0.8,Overvalued by 66.53%. High Financial Strength (F-Score 7/9).
ETHOSLTD.NS,ETHOSLTD.NS,Consumer Cyclical,Luxury Goods,2677.9,0.295,0.2,0.42857142857142855,0.5,0.295,0,665.22,-75.2,73.64086,0.07491,19.497,0,71764131840,0,15.174143962802683,7.288,-20.1393504,29.428093581969318,60.272696326654106,28.999999999999996,1.2,Overvalued by 75.2%. High Financial Strength (F-Score 7/9).
DIGISPICE.NS,DIGISPICE.NS,Financial Services,Financial Conglomerates,22.37,0.295,0.2,0.42857142857142855,0.5,0.295,0,0,0,0,-0.06548,5.5,0,4659897344,0,-8.132885954767746,3.8120000000000003,17.7625872,-23.214498163911134,nan,14.399999999999999,0,High Financial Strength (F-Score 7/9).
MHRIL.NS,MHRIL.NS,Consumer Cyclical,Resorts & Casinos,302.2,0.295,0.2,0.42857142857142855,0.5,0.295,0,73.73,-75.59,45.619335,0.19877,471.153,0,60904468480,0,19.270900001035102,7.269,-165.8027648,11.317568344155138,23.63564808257177,6.9,30.9,Overvalued by 75.59%. High Financial Strength (F-Score 7/9).
SOMICONVEY.NS,SOMICONVEY.NS,Industrials,Specialty Industrial Machinery,120.75,0.295,0.2,0.42857142857142855,0.5,0.295,0,75.22,-38.34,32.360744,0.058179997,19.262,0,1447204608,0,8.913236116839471,8.207,-0.5156125,21.00789457165826,47.32224357116026,-42.1,-63.7,Overvalued by 38.34%. Balanced moderate growth candidate.
WEL.NS,WEL.NS,Consumer Cyclical,"Furnishings, Fixtures & Appliances",144.82,0.295,0.2,0.42857142857142855,0.5,0.295,0,14.14,-90.18,106.666664,0.18945,91.622,0,19297153024,0.14,17.7513180637418,2.467,-38.2268736,30.826617903149554,37.73958338948666,-26.5,-47.4,Overvalued by 90.18%. Balanced moderate growth candidate.
HUBTOWN.NS,HUBTOWN.NS,Real Estate,Real Estate - Development,223.99,0.295,0.2,0.42857142857142855,0.5,0.295,0,194.2,-14.07,25.594564,0.05424,39.557,0,32121241600,0,7.229200632649962,14.655999999999999,-580.9492992,32.33619508066239,-29.02439596500468,110.7,-25.2,Balanced moderate growth candidate.
AVONMORE.NS,AVONMORE.NS,Financial Services,Capital Markets,17.4,0.295,0.2,0.42857142857142855,0.5,0.295,0,12.33,-29.55,35.714287,0.0512,5.155,0,5049540096,0,12.213434899374814,15.139,0,30.989816977651905,-3.7035195926766074,-31.8,-78.4,Overvalued by 29.55%. Balanced moderate growth candidate.
MAGNUM.NS,MAGNUM.NS,Basic Materials,Paper & Paper Products,21.84,0.295,0.2,0.42857142857142855,0.5,0.295,0,0,0,0,-0.00464,39.355,0,1489314432,0,3.6892453383832957,7.163,-91.549088,7.337237923001805,22.642856041779467,41.8,-87.0,High Financial Strength (F-Score 7/9).
HISARMETAL.NS,HISARMETAL.NS,Basic Materials,Steel,161.09,0.295,0.2,0.42857142857142855,0.5,0.295,0,110.21,-32.72,35.921055,0.03909,106.756,0,884520000,0.62,9.716173599639585,4.824,0.18805,1.1551585112623552,-35.8713918519301,-8.1,-24.2,Overvalued by 32.72%. High Financial Strength (F-Score 7/9).
AERONEU.NS,AERONEU.NS,Consumer Cyclical,Packaging & Containers,72.23,0.295,0.2,0.42857142857142855,0.5,0.295,0,23.2,-67.78,124.13793,0.01604,27.163,0,1864100736,0,3.0893662512351328,0.078,-2.222075,17.08679696577502,-63.63109256859247,1.7999999999999998,254.5,Overvalued by 67.78%. High Financial Strength (F-Score 7/9).
AYMSYNTEX.NS,AYMSYNTEX.NS,Consumer Cyclical,Textile Manufacturing,157.28,0.295,0.2,0.42857142857142855,0.5,0.295,0,23.02,-85.36,655.25,0.00294,41.435,0,9212462080,0,5.880114024780539,0.8109999999999999,-58.0876032,-0.7116350428361118,-38.81684656776457,-13.5,0,Overvalued by 85.36%. High Financial Strength (F-Score 7/9).
BANARBEADS.NS,BANARBEADS.NS,Consumer Cyclical,Footwear & Accessories,117.79,0.295,0.2,0.42857142857142855,0.5,0.295,0,68.79,-42.14,43.87454,0.03206,27.474,0,793432640,3.61,7.260357748210327,4.626,-3.059475,7.517576257260283,1.8786086509335442,-56.3,-97.6,Overvalued by 42.14%. High Financial Strength (F-Score 7/9).
JWL.NS,JWL.NS,Industrials,Railroads,331.15,0.295,0.2,0.42857142857142855,0.5,0.295,0,98.88,-69.86,49.787556,0.102539994,26.721,0,140220235776,0.6,17.17853150829121,11.091,-678.1574656,50.010469520262845,97.42597121211966,-22.1,-48.1,Overvalued by 69.86%. Balanced moderate growth candidate.
SGFIN.NS,SGFIN.NS,Financial Services,Capital Markets,400.0,0.295,0.2,0.42857142857142855,0.5,0.295,0,257.67,-35.58,25.974026,0.10416,172.381,0,22357999616,0,5.777914846797586,92.039,0,1546.947524492007,369.1354975645047,141.9,67.10000000000001,Overvalued by 35.58%. Balanced moderate growth candidate.
SBFC.NS,SBFC.NS,Financial Services,Credit Services,101.57,0.295,0.2,0.42857142857142855,0.5,0.295,0,50.28,-50.55,28.478992,0.12254,179.825,0,111406219264,0,6.252750789500983,58.099000000000004,0,44.53635354931467,74.9167543593368,28.599999999999998,28.599999999999998,Overvalued by 50.55%. Balanced moderate growth candidate.
PILANIINVS.NS,PILANIINVS.NS,Financial Services,Asset Management,4869.0,0.295,0.2,0.42857142857142855,0.5,0.295,0,3012.8,-38.07,185.05135,0.00169,13.114,0,53866496000,0.31,1.6346437590643033,96.017,148.9309312,5.258845164245796,-21.21995097195477,5.800000000000001,-42.5,Overvalued by 38.07%. High Financial Strength (F-Score 7/9).
ORIENTBELL.NS,ORIENTBELL.NS,Industrials,Building Products & Equipment,270.5,0.295,0.2,0.42857142857142855,0.5,0.295,0,147.31,-45.14,60.472973,0.020680001,11.857,0,3976149760,0.18,2.2682370166460872,2.6689998999999998,-1.1608125,0.8079695808091536,-55.46814518357607,3.0,227.3,Overvalued by 45.14%. High Financial Strength (F-Score 7/9).
NPST.NS,NPST.NS,Technology,Software - Application,1326.3,0.295,0.2,0.42857142857142855,0.5,0.295,0,256.34,-80.4,94.85134,0.11071,1.639,0,25385730048,0.15,56.798914981621515,24.994,-61.9736512,108.04117772687812,211.45150206385654,-30.099999999999998,-52.900000000000006,Overvalued by 80.4%. Balanced moderate growth candidate.
UMESLTD.NS,UMESLTD.NS,Consumer Defensive,Education & Training Services,4.86,0.295,0.2,0.42857142857142855,0.5,0.295,0,4.04,-17.14,32.533333,0.027379999,2.889,0,128909168,0,3.0181311109224267,47.191002999999995,0.5428263,-12.558028091523754,73.02726345089418,20.3,200.0,Balanced moderate growth candidate.
GODIGIT.NS,GODIGIT.NS,Financial Services,Insurance - Property & Casualty,328.7,0.295,0.2,0.42857142857142855,0.5,0.295,0,77.8,-76.31,62.079395,0.10438,7.443,0,303227502592,0,9.958890859261647,5.428999999999999,2648.6675456,35.89872296495287,12.828337943315727,11.4,31.3,Overvalued by 76.31%. Balanced moderate growth candidate.
SRGHFL.NS,SRGHFL.NS,Financial Services,Mortgage Finance,277.25,0.295,0.2,0.42857142857142855,0.5,0.295,0,267.4,-6.17,15.966386,0.112040006,249.831,0,4475023872,0,3.6928708260882375,34.609002,0,24.616959953826665,6.278521523737912,32.2,13.900000000000002,Balanced moderate growth candidate.
TREJHARA.NS,TREJHARA.NS,Technology,Software - Application,213.86,0.295,0.2,0.42857142857142855,0.5,0.295,0,77.05,-63.94,83.13229,0.02191,4.025,0,5121066496,0,2.879492191120347,3.557,-8.1319376,25.634341793630533,-27.13658212036698,434.90000000000003,100.0,Overvalued by 63.94%. High Financial Strength (F-Score 7/9).
TVTODAY.NS,TVTODAY.NS,Communication Services,Broadcasting,135.3,0.295,0.2,0.42857142857142855,0.5,0.295,0,124.92,-8.31,28.925692,0.03199,1.895,0,8129252352,2.22,12.6681702404596,-2.181,-15.885,0.906724981388285,-25.673527567537448,-9.3,0,Balanced moderate growth candidate.
ADL.NS,ADL.NS,Consumer Cyclical,"Furnishings, Fixtures & Appliances",74.61,0.295,0.2,0.42857142857142855,0.5,0.295,0,6.35,-91.49,3730.5,0.00014999999,37.099,0,415297920,0,3.143961855519104,1.343,3.296675,7.6931428397907675,-38.74302831792612,-6.7,-47.9,Overvalued by 91.49%. High Financial Strength (F-Score 7/9).
APOLLOPIPE.NS,APOLLOPIPE.NS,Industrials,Building Products & Equipment,290.25,0.295,0.2,0.42857142857142855,0.5,0.295,0,152.14,-47.23,44.150074,0.03255,7.855,0,12665633792,0.24,6.376495859359544,0.53899996,-79.3411264,14.703999546645408,-13.105366293006949,-5.8999999999999995,-67.4,Overvalued by 47.23%. High Financial Strength (F-Score 7/9).
KOPRAN.NS,KOPRAN.NS,Healthcare,Drug Manufacturers - General,146.17,0.295,0.2,0.42857142857142855,0.5,0.295,0,92.43,-37.0,40.19178,0.03525,31.299,0,7083497984,2.05,8.956799016656227,-1.118,12.1051128,9.90357907968824,-14.197891722413791,-22.2,0,Overvalued by 37.0%. High Financial Strength (F-Score 7/9).
WOCKPHARMA.NS,WOCKPHARMA.NS,Healthcare,Drug Manufacturers - Specialty & Generic,1395.1,0.295,0.2,0.42857142857142855,0.5,0.295,0,0,0,0,-0.011879999,50.369,0,227001565184,0,3.766902768834514,13.683,-560.1249792,-3.1622904191898615,nan,-3.3000000000000003,0,High Financial Strength (F-Score 7/9).
BLKASHYAP.NS,BLKASHYAP.NS,Industrials,Engineering & Construction,48.44,0.295,0.2,0.42857142857142855,0.5,0.295,0,2.28,-95.27,4833.0005,0.00014999999,58.747,0,10895515648,0,10.634306223994031,4.695,-106.2395904,-0.12392688093388893,-14.492435814576243,32.9,0,Overvalued by 95.27%. High Financial Strength (F-Score 7/9).
FAIRCHEMOR.NS,FAIRCHEMOR.NS,Basic Materials,Specialty Chemicals,699.9,0.295,0.2,0.42857142857142855,0.5,0.295,0,152.82,-78.03,150.54112,0.020469999,18.502,0,9056036864,1.07,9.200260229412772,1.2669998999999998,-3.38975,-5.834348897629027,-31.345641419041982,-19.5,-80.80000000000001,Overvalued by 78.03%. High Financial Strength (F-Score 7/9).
BIRLACABLE.NS,BIRLACABLE.NS,Technology,Communication Equipment,132.73,0.295,0.2,0.42857142857142855,0.5,0.295,0,58.42,-55.86,79.2515,0.01881,41.628,0,3970500096,1.02,5.09620148512411,1.821,16.8394624,7.3093830111864655,-39.175689854905315,-3.1,-60.699999999999996,Overvalued by 55.86%. High Financial Strength (F-Score 7/9).
VSTL.NS,VSTL.NS,Basic Materials,Steel,129.38,0.295,0.2,0.42857142857142855,0.5,0.295,0,122.52,-5.03,19.69771,0.06664,100.907,0,2446534656,0,7.3418129484849715,1.8739999999999999,-68.8303616,6.795512587228991,1.2759634131907172,19.3,59.599999999999994,High Financial Strength (F-Score 7/9).
ADROITINFO.NS,ADROITINFO.NS,Technology,Information Technology Services,10.03,0.295,0.2,0.42857142857142855,0.5,0.295,0,9.87,-0.42,31.967741,0.02116,29.363,0,571324480,0,2.8251391657084097,6.8709999999999996,-16.513888,70.74169517045368,3.6173667270612775,61.8,16.7,Balanced moderate growth candidate.
FISCHER.NS,FISCHER.NS,Healthcare,Medical Devices,35.79,0.295,0.2,0.42857142857142855,0.5,0.295,0,18.9,-47.2,12.557896,0.08996,10.264,0,23231279104,0.01,0.6597223094804298,18.239,-100.7871616,inf,73.1704386170048,117.6,4120.0,Overvalued by 47.2%. Balanced moderate growth candidate.
ESTER.NS,ESTER.NS,Basic Materials,Specialty Chemicals,95.4,0.295,0.2,0.42857142857142855,0.5,0.295,0,29.94,-68.61,194.69388,0.0051499996,93.212,0,9319089152,0.63,6.640200289568048,-0.65499996,-10.3894872,4.840200741096545,-53.5538131478597,7.000000000000001,0,Overvalued by 68.61%. High Financial Strength (F-Score 7/9).
MANGLMCEM.NS,MANGLMCEM.NS,Basic Materials,Building Materials,744.5,0.295,0.2,0.42857142857142855,0.5,0.295,0,454.35,-38.97,26.560827,0.0892,81.544,0,20508755968,0.2,7.7916261761453915,5.6900002,-115.2061312,2.41666432324128,-16.608247303754087,10.0,514.3,Overvalued by 38.97%. Balanced moderate growth candidate.
SIGACHI.NS,SIGACHI.NS,Healthcare,Drug Manufacturers - Specialty & Generic,27.86,0.29488875,0.4,0.2857142857142857,0.365925,0.29488875,0,0,0,0,-0.10738,32.202,0,10630495232,0.36,14.328143248889576,5.2330000000000005,21.2980368,24.94807353361532,20.218521297516247,-9.6,-47.199999999999996,Balanced moderate growth candidate.
PWL.NS,PWL.NS,Consumer Defensive,Education & Training Services,119.45,0.2946966666666666,0.2,0.3333333333333333,0.7202,0.2946966666666666,0,0,0,0,0,67.044,0,341590278144,0,-26.571731073109195,7.33,0,0,0,26.3,50.0,Positive Market Sentiment.
SJVN.NS,SJVN.NS,Utilities,Utilities - Renewable,78.71,0.29380599999999996,0.4,0.14285714285714285,0.69204,0.29380599999999996,0,34.72,-55.93,54.33793,0.03809,202.556,0,309628567552,1.85,4.205695695944095,66.740996,-4926.3538176,7.975404304458533,-6.0935483184197725,0.6,-30.4,Overvalued by 55.93%. Positive Market Sentiment.
SUNDARAM.NS,SUNDARAM.NS,Basic Materials,Paper & Paper Products,1.78,0.29255499999999995,0.4,0.14285714285714285,0.6837,0.29255499999999995,0,0,0,0,-0.03951,30.884,0,848241152,0,-2.137717390544254,2.723,4.8463776,21.893671753297195,nan,8.5,0,Positive Market Sentiment.
JSWENERGY.NS,JSWENERGY.NS,Utilities,Utilities - Independent Power Producers,494.65,0.29227899999999996,0.4,0.14285714285714285,0.68186,0.29227899999999996,0,208.48,-57.95,42.852203,0.07455,218.668,0,865916026880,0.4,5.721997648043919,42.25,-3869.2425728,12.795028131970088,4.114467694950763,59.9,-17.2,Overvalued by 57.95%. Positive Market Sentiment.
TRENT.NS,TRENT.NS,Consumer Cyclical,Apparel Retail,3932.2,0.288923,0.0,0.5714285714285714,0.59282,0.288923,0,419.67,-89.32,86.16531,0.2938,37.79,0,1397394374656,0.13,36.37563874154076,10.215,593.9362304,56.32159014215083,144.49367868337495,15.9,11.200000000000001,Overvalued by 89.32%. High Financial Strength (F-Score 7/9).
ANTHEM.NS,ANTHEM.NS,Healthcare,Biotechnology,622.8,0.2887325,0.0,0.5714285714285714,0.59155,0.2887325,0,100.87,-83.78,67.462036,0.20826,3.997,0,349321461760,0,26.476058819629355,33.526,156.4042624,14.423244866406847,3.624969781405629,4.8,7.7,Overvalued by 83.78%. High Financial Strength (F-Score 7/9).
KSCL.NS,KSCL.NS,Basic Materials,Agricultural Inputs,887.8,0.28829499999999997,0.0,0.5,0.7553000000000001,0.28829499999999997,0,684.3,-22.7,14.949341,0.18070999,0,0,45276360704,0.56,19.826039764836104,-9.5970005,-250.793856,7.510954839941375,9.812104261666255,59.3,0,Overvalued by 22.7%. Positive Market Sentiment.
MCLEODRUSS.NS,MCLEODRUSS.NS,Consumer Defensive,Packaged Foods,45.06,0.287895,0.6,0.0,0.5193,0.287895,0,0,0,0,-1.39805,3010.147,0,4734402048,0,-0.9740175510987822,22.994,67.0727232,-4.111574396198114,nan,-19.8,-65.60000000000001,Balanced moderate growth candidate.
RETAIL.NS,RETAIL.NS,Consumer Defensive,Grocery Stores,24.35,0.287815,0.4,0.14285714285714285,0.6521,0.287815,0,0,0,0,-0.012940001,29.565,0,197381296,0,5.310193326313652,13.244,-0.5723385,0,0,4.1000000000000005,-69.0,Positive Market Sentiment.
BIKAJI.NS,BIKAJI.NS,Consumer Defensive,Packaged Foods,699.25,0.287609,0.0,0.5714285714285714,0.58406,0.287609,0,107.08,-84.68,81.946075,0.14022,19.446,0,175164293120,0.14,17.87905480214584,12.584999999999999,88.9315264,16.66488011193539,37.09204495889302,15.1,15.2,Overvalued by 84.68%. High Financial Strength (F-Score 7/9).
CASTROLIND.NS,CASTROLIND.NS,Energy,Oil & Gas Refining & Marketing,187.57,0.28631166666666663,0.2,0.3333333333333333,0.6643,0.28631166666666663,0,63.94,-65.9,18.997972,0,4.022,0,185470337024,4.53,55.60949275139683,21.84,0,8.56000594309696,6.943789460378724,5.800000000000001,9.5,Overvalued by 65.9%. Positive Market Sentiment.
SAMBHV.NS,SAMBHV.NS,Basic Materials,Steel,89.75,0.28624374999999996,0.0,0.5,0.741625,0.28624374999999996,0,45.75,-48.88,31.964287,0,19.466,0,26425257984,0,17.982877331696294,8.289,0,0,0,83.39999999999999,372.7,Overvalued by 48.88%. Positive Market Sentiment.
RALLIS.NS,RALLIS.NS,Basic Materials,Agricultural Inputs,247.8,0.28609999999999997,0.0,0.5714285714285714,0.574,0.28609999999999997,0,146.29,-41.01,27.433628,0.088599995,2.973,0,48228286464,1.01,10.452782457632011,14.402000000000001,231.2175104,0.6230304996044378,-8.673384936338147,-7.199999999999999,3.8,Overvalued by 41.01%. High Financial Strength (F-Score 7/9).
INDHOTEL.NS,INDHOTEL.NS,Consumer Cyclical,Lodging,689.45,0.28504749999999995,0.0,0.5714285714285714,0.5669833333333333,0.28504749999999995,0,147.27,-78.59,58.01012,0.15217,25.013,0,979457343488,0.33,24.469035370706894,23.95,525.4624768,40.20586023563561,97.47312030788669,12.4,-48.6,Overvalued by 78.59%. High Financial Strength (F-Score 7/9).
ONELIFECAP.NS,ONELIFECAP.NS,Financial Services,Capital Markets,15.85,0.285,0.6,0.0,0.5,0.285,0,0,0,0,-0.1129,128.135,0,227756400,0,-1.0980580943903968,-74.646,19.6129872,27.718632058186877,nan,-52.2,0,Balanced moderate growth candidate.
ARENTERP.NS,ARENTERP.NS,Basic Materials,Other Industrial Metals & Mining,44.86,0.285,0.6,0.0,0.5,0.285,0,0,0,0,-0.00856,0,0,139873504,0,0.81667949573329,-71.505,-0.2653406,53.36013267228481,-24.5824132051247,-75.5,0,Balanced moderate growth candidate.
SABTNL.NS,SABTNL.NS,Communication Services,Broadcasting,1961.2,0.285,0.6,0.0,0.5,0.285,0,0,0,0,-1.64089,1326.72,0,50129960960,0,-67.95255736899117,-17.074,3.2378876,inf,nan,242.70000000000002,0,Balanced moderate growth candidate.
BLUSPRING.NS,BLUSPRING.NS,Industrials,Specialty Business Services,66.52,0.285,0.4,0.2,0.5,0.285,0,0,0,0,0,31.894,0,9926927360,0,0,0.543,0,0,0,11.3,34.599999999999994,Balanced moderate growth candidate.
STLNETWORK.NS,STLNETWORK.NS,Communication Services,Telecom Services,20.7,0.285,0.4,0.2,0.5,0.285,0,0,0,0,0,95.632,0,10192323584,0,0,1.66,0,0,0,-35.3,0,Balanced moderate growth candidate.
VIJIFIN.NS,VIJIFIN.NS,Financial Services,Credit Services,2.89,0.285,0.6,0,0.5,0.285,0,0,0,Infinity,0.0023100001,55.097,0,421328672,0,0.7176590016330494,-20.766000000000002,0,23.972399839675052,-27.368981819518023,-3.5999999999999996,0,High Financial Strength (F-Score 7/9).
ACL.NS,ACL.NS,Basic Materials,Building Materials,66.24,0.285,0.6,0.0,0.5,0.285,0,0,0,0,-1.0503299,1222.06,0,6189246976,0,-11.498791118603464,-27.746,-70.3162496,inf,nan,41.9,0,Balanced moderate growth candidate.
SADBHAV.NS,SADBHAV.NS,Industrials,Engineering & Construction,7.85,0.285,0.4,0.2,0.5,0.285,0,0,0,0,0,0,0,1338252288,0,10.148491540976789,46.023998,154.1404288,-19.40594727807319,nan,21.4,-79.4,Balanced moderate growth candidate.
REGENCERAM.NS,REGENCERAM.NS,Industrials,Building Products & Equipment,46.19,0.285,0.6,0.0,0.5,0.285,0,0,0,85.42593,0,0,0,1219750400,0,-26.41457948700085,-48.134997,-29.560288,inf,-58.80389253336724,625.4,0,Balanced moderate growth candidate.
TEAMGTY.NS,TEAMGTY.NS,Financial Services,Asset Management,281.8,0.285,0.6,0.0,0.5,0.285,0,58.61,-79.07,99.29078,0.05307,0,0,2557686528,0,5.893743876602551,58.209,0,39.649448935354606,14.45598347747723,59.8,34.5,Overvalued by 79.07%. Balanced moderate growth candidate.
STCINDIA.NS,STCINDIA.NS,Industrials,Conglomerates,131.22,0.285,0.6,0.0,0.5,0.285,0,0,0,110.42374,0,0,0,7818000384,0,0,0,0,nan,-34.197501787218854,0,-64.2,Balanced moderate growth candidate.
KAYA.NS,KAYA.NS,Consumer Defensive,Household & Personal Products,382.8,0.285,0.6,0.0,0.5,0.285,0,0,0,0,0,0,0,5847229440,0,-140.8265823333189,-26.490997999999998,-57.122912,-12.580422680909143,6.722897201407929,2.5,0,Balanced moderate growth candidate.
TIJARIA.NS,TIJARIA.NS,Industrials,Building Products & Equipment,4.16,0.285,0.4,0.2,0.5,0.285,0,0,0,0,0,0,0,121774128,0,-12.093846325167037,-198.608,3.7614568,-100.0,nan,123.6,0,Balanced moderate growth candidate.
NDLVENTURE.NS,NDLVENTURE.NS,Communication Services,Entertainment,90.0,0.285,0.6,0.0,0.5,0.285,0,9.07,-89.92,409.0909,0.01232,0,0,3030445824,0.56,-6.502161503260573,0,-0.80295,-100.0,-81.20563908860083,0,33.300000000000004,Overvalued by 89.92%. Balanced moderate growth candidate.
ROLLT.NS,ROLLT.NS,Real Estate,Real Estate Services,1.57,0.285,0.6,0.0,0.5,0.285,0,0,0,0,0,0,0,392704128,0,0,1455.4029,-7.7150496,-100.0,nan,0,0,Balanced moderate growth candidate.
NIRAJISPAT.NS,NIRAJISPAT.NS,Consumer Cyclical,Apparel Manufacturing,202.95,0.285,0.4,0.2,0.5,0.285,0,0,0,8.329913,0,0,0,121800000,0,nan,0,0,nan,nan,0,0,Balanced moderate growth candidate.
KRIDHANINF.NS,KRIDHANINF.NS,Basic Materials,Steel,3.86,0.285,0.2,0.4,0.5,0.285,0,0,0,5.457143,0,0,0,362056576,0,0,61.232,-51.5366624,-46.49275111189398,-44.07470569780179,0,-99.6,Balanced moderate growth candidate.
IDFCFIRSTB.NS,IDFCFIRSTB.NS,Financial Services,Banks - Regional,83.07,0.285,0.6,0.0,0.5,0.285,0,43.92,-47.12,45.382515,0.03441,0,0,713952133120,0.3,2.0908515581673686,7.631,0,25.686609478022724,124.16535009862658,16.1,25.0,Overvalued by 47.12%. Balanced moderate growth candidate.
SHAHALLOYS.NS,SHAHALLOYS.NS,Basic Materials,Steel,69.0,0.285,0.6,0.0,0.5,0.285,0,0,0,104.54545,0,0,0,1370304896,0,-29.948956898684663,-84.796995,-12.3185128,-32.84020045469895,nan,-95.5,0,Balanced moderate growth candidate.
SABEVENTS.NS,SABEVENTS.NS,Communication Services,Publishing,10.85,0.285,0.6,0.0,0.5,0.285,0,0,0,0,0,0,0,113748272,0,-7880.689655172414,0,0,4.880057155786743,nan,0,0,Balanced moderate growth candidate.
DNAMEDIA.NS,DNAMEDIA.NS,Communication Services,Publishing,4.46,0.285,0.4,0.2,0.5,0.285,0,0,0,13.117647,0,0,0,524977760,0,0,-24.136999,-9.5195248,26.720246577357322,-17.148461134873727,-5.800000000000001,0,Balanced moderate growth candidate.
APCL.NS,APCL.NS,Basic Materials,Building Materials,136.31,0.285,0.6,0.0,0.5,0.285,0,0,0,0,-0.18403,223.154,0,4004073984,0,-9.42275293352644,1.9900000000000002,8.1525,-18.71089735206698,nan,59.199999999999996,0,Balanced moderate growth candidate.
WELINV.NS,WELINV.NS,Financial Services,Capital Markets,1251.7,0.285,0.6,0.0,0.5,0.285,0,641.3,-48.77,137.09747,0.0046900003,0,0,4851675136,0,0.6720388267768397,93.267995,2.486075,7.358169392111247,14.481216419067966,0.5,-3.4000000000000004,Overvalued by 48.77%. Balanced moderate growth candidate.
GOLDENTOBC.NS,GOLDENTOBC.NS,Consumer Defensive,Tobacco,30.52,0.285,0.4,0.2,0.5,0.285,0,0,0,14.129629,0,0,0,539612864,0,0,-14.399000000000001,0,0,0,-18.4,0,Balanced moderate growth candidate.
MAHSCOOTER.NS,MAHSCOOTER.NS,Financial Services,Asset Management,13279.0,0.285,0.2,0.4,0.5,0.285,0,14268.47,7.45,42.395123,0,0,0,151932813312,1.47,0.5506942648866632,86.18,0,-1.922307747030827,14.521266836635194,-0.8,24.099999999999998,Undervalued by ~7% (Graham).
SHILCTECH.NS,SHILCTECH.NS,Industrials,Electrical Equipment & Parts,3820.0,0.285,0.4,0.2,0.5,0.285,0,1156.51,-69.72,23.584614,0,0,0,43701563392,0,56.90695985355264,30.226999999999997,0,51.225978842644196,118.69218538142184,10.7,21.8,Overvalued by 69.72%. Balanced moderate growth candidate.
AQYLON.NS,AQYLON.NS,Communication Services,Broadcasting,1914.9,0.285,0.6,0.0,0.5,0.285,0,0,0,0,-1.64089,1326.72,0,48976457728,0,-67.95255736899117,-17.074,3.2378876,inf,nan,242.70000000000002,0,Balanced moderate growth candidate.
RAJVIR.NS,RAJVIR.NS,Consumer Cyclical,Textile Manufacturing,7.65,0.285,0.6,0.0,0.5,0.285,0,0,0,0,0,0,0,37610260,0,0,-49.508998,0,0,0,-15.9,0,Balanced moderate growth candidate.
GAYAPROJ.NS,GAYAPROJ.NS,Industrials,Engineering & Construction,12.7,0.285,0.4,0.2,0.5,0.285,0,0,0,0.10269265,0,0,0,2407708928,0,5.690585418693432,8.9650005,0,-47.46078663793083,-49.433956208340426,533.9000000000001,0,Balanced moderate growth candidate.
DSFCL.NS,DSFCL.NS,Basic Materials,Specialty Chemicals,28.78,0.285,0.4,0.2,0.5,0.285,0,0,0,0,0,4.718,0,2384455680,0,0,-1.864,0,0,0,3.5999999999999996,0,Balanced moderate growth candidate.
NELCAST.NS,NELCAST.NS,Industrials,Metal Fabrication,97.09,0.284375,0.0,0.5714285714285714,0.5625,0.284375,0,78.9,-18.49,22.884161,0.06661,51.3,0,8421716480,0.51,8.895703675204949,3.521,-38.4886752,10.432127604251452,37.88715099841298,-9.6,-51.300000000000004,High Financial Strength (F-Score 7/9).
QPOWER.NS,QPOWER.NS,Industrials,Electrical Equipment & Parts,656.1,0.28386666666666666,0.2,0.3333333333333333,0.648,0.28386666666666666,0,120.06,-81.8,62.47159,0,5.486,0,51089870848,0.15,26.370415504026255,16.238001,0,23.608235470844853,58.82896528304047,118.19999999999999,95.8,Overvalued by 81.8%. Positive Market Sentiment.
NACLIND.NS,NACLIND.NS,Basic Materials,Agricultural Inputs,184.5,0.28352,0.4,0.14285714285714285,0.6234666666666666,0.28352,0,0,0,0,-0.1487,112.964,0,43187159040,0,-8.077764277035238,8.1020005,-18.9237504,-9.431225691747647,nan,3.8,-82.69999999999999,Positive Market Sentiment.
SHOPERSTOP.NS,SHOPERSTOP.NS,Consumer Cyclical,Department Stores,389.15,0.28306499999999996,0.4,0.14285714285714285,0.6204333333333333,0.28306499999999996,0,31.36,-91.91,231.97604,0.06673,1155.819,0,42751930368,0,40.52713553401582,2.881,181.76,22.879678875248487,-38.579972398643115,12.7,0,Overvalued by 91.91%. Positive Market Sentiment.
CRISIL.NS,CRISIL.NS,Financial Services,Financial Data & Stock Exchanges,4767.2,0.2825463333333333,0.4,0.16666666666666666,0.56142,0.2825463333333333,0,942.4,-80.13,46.270855,0,10.58,0,346960789504,1.34,36.27934903813913,25.380000000000003,0,12.316457019817184,13.666000507098964,12.2,12.6,Overvalued by 80.13%. Balanced moderate growth candidate.
TRIVENI.NS,TRIVENI.NS,Consumer Defensive,Confectioners,339.9,0.2824,0.0,0.5714285714285714,0.5493333333333333,0.2824,0,194.28,-42.86,28.49958,0.08538,24.554,0,74463444992,0.74,8.021731427896539,1.757,-353.0162432,10.608890977842078,-16.91810233035206,14.399999999999999,0,Overvalued by 42.86%. High Financial Strength (F-Score 7/9).
TECHNOE.NS,TECHNOE.NS,Industrials,Engineering & Construction,994.2,0.2824,0.0,0.5714285714285714,0.5493333333333333,0.2824,0,538.3,-45.98,25.89657,0.12051,1.573,0,115892527104,0.91,12.753269015336777,12.906999999999998,-510.6548224,31.348706226232892,17.026760612982827,91.10000000000001,8.799999999999999,Overvalued by 45.98%. Balanced moderate growth candidate.
PINELABS.NS,PINELABS.NS,Technology,Software - Infrastructure,230.36,0.2823243333333333,0.4,0.16666666666666666,0.55994,0.2823243333333333,0,0,0,0,0,23.128,0,264516943872,0,-1.4523305641726694,1.6420000000000001,0,0,0,17.8,0,Balanced moderate growth candidate.
SPMLINFRA.NS,SPMLINFRA.NS,Industrials,Engineering & Construction,165.86,0.28129499999999996,0.0,0.42857142857142855,0.8753,0.28129499999999996,0,117.9,-29.08,30.168781,0.071339995,43.718,0,12743544832,0,7.383931387368414,4.5819998,-123.096576,-7.410285279974138,601.4340065843586,-0.4,-12.7,Overvalued by 29.08%. Positive Market Sentiment.
OLAELEC.NS,OLAELEC.NS,Consumer Cyclical,Auto Manufacturers,38.63,0.280381,0.4,0.14285714285714285,0.60254,0.280381,0,0,0,0,-0.41777,71.879,0,162507440128,0,-23.332518934766675,-54.348,-1988.8750592,121.47994691209459,nan,-43.2,0,Positive Market Sentiment.
ITI.NS,ITI.NS,Technology,Communication Equipment,301.05,0.28037687499999997,0.4,0.14285714285714285,0.6025125,0.28037687499999997,0,0,0,0,-0.10949001,87.135,0,289818083328,0,0.3030361582357563,-2.643,-7.5040752,24.79534895247355,nan,-46.5,0,Positive Market Sentiment.
ANTELOPUS.NS,ANTELOPUS.NS,Energy,Oil & Gas E&P,577.05,0.2801633333333333,0.4,0.16666666666666666,0.5455333333333333,0.2801633333333333,0,242.83,-57.92,12.301215,-0.012619999,0,0,20300308480,0,21.060904836950655,51.23,-23.8402368,49.53330546281411,95.3518842356272,11.1,59.9,Overvalued by 57.92%. Balanced moderate growth candidate.
HFCL.NS,HFCL.NS,Technology,Communication Equipment,64.41,0.27954249999999997,0.2,0.42857142857142855,0.39694999999999997,0.27954249999999997,0,11.9,-81.49,292.31818,0.00759,41.391,0,98396585984,0.16,5.96067655246291,14.799000000000001,-866.1262336,-4.90949629813926,-17.252332148518455,-4.6,-7.8,Overvalued by 81.49%. High Financial Strength (F-Score 7/9).
RSYSTEMS.NS,RSYSTEMS.NS,Technology,Information Technology Services,372.05,0.27801366666666666,0.2,0.3333333333333333,0.60898,0.27801366666666666,0,140.2,-62.32,24.919624,0,13.974,0,44141867008,3.39,31.640135932749057,11.124,0,14.653143059755958,-2.477514623191801,12.3,-15.2,Overvalued by 62.32%. Positive Market Sentiment.
MODIS.NS,MODIS.NS,Real Estate,Real Estate - Development,309.05,0.27768349999999997,0.0,0.5714285714285714,0.51789,0.27768349999999997,0,110.4,-64.28,30.751242,0.12824,3.162,0,6054660096,0,15.34626654133682,20.169,-23.6476624,116.61931297009373,144.39474420778464,50.7,110.9,Overvalued by 64.28%. Balanced moderate growth candidate.
SAMHI.NS,SAMHI.NS,Consumer Cyclical,Lodging,189.14,0.2766508333333333,0.4,0.16666666666666666,0.5221166666666667,0.2766508333333333,0,99.31,-46.9,22.02709,0,196.692,0,41367760896,0,8.473328353513022,22.569,0,51.84765894600856,-42.220806301335266,8.9,0,Overvalued by 46.9%. Balanced moderate growth candidate.
FUSION.NS,FUSION.NS,Financial Services,Credit Services,167.07,0.27648249999999996,0.4,0.14285714285714285,0.57655,0.27648249999999996,0,0,0,0,-0.44958,257.668,0,26814185472,0,-14.067504831983694,-11.823,0,26.30350360538365,nan,0,0,Balanced moderate growth candidate.
STERTOOLS.NS,STERTOOLS.NS,Industrials,Tools & Accessories,253.45,0.27499999999999997,0.0,0.5714285714285714,0.5,0.27499999999999997,0,209.62,-17.57,19.034431,0.09632,31.577,0,9203262464,0.99,13.561803801789612,6.6599995,58.967424,26.953415208522525,31.66866280863414,-26.8,-2.1,High Financial Strength (F-Score 7/9).
TRITURBINE.NS,TRITURBINE.NS,Industrials,Specialty Industrial Machinery,508.55,0.27499999999999997,0.0,0.5714285714285714,0.5,0.27499999999999997,0,99.84,-80.42,47.072945,0.2864,2.946,0,162060550144,0.79,40.38920499154457,21.059,12.9316248,33.34178470208151,9.752950133864058,1.0,0.7000000000000001,Overvalued by 80.42%. High Financial Strength (F-Score 7/9).
MOREPENLAB.NS,MOREPENLAB.NS,Healthcare,Drug Manufacturers - Specialty & Generic,38.09,0.27499999999999997,0.0,0.5714285714285714,0.5,0.27499999999999997,0,29.61,-22.3,21.290504,0.0862,13.239,0,20913065984,0.53,13.183207763789518,5.7779998,-274.2655232,5.374842434119587,5.092083982962148,-6.0,15.4,Overvalued by 22.3%. High Financial Strength (F-Score 7/9).
PRECAM.NS,PRECAM.NS,Consumer Cyclical,Auto Parts,153.29,0.27499999999999997,0.0,0.5714285714285714,0.5,0.27499999999999997,0,116.11,-23.74,21.875,0.084,8.02,0,14461594624,0.65,10.074884002847389,0.445,29.225888,-1.0740618967598814,5.541049305351575,-11.899999999999999,56.2,Overvalued by 23.74%. High Financial Strength (F-Score 7/9).
KDDL.NS,KDDL.NS,Consumer Cyclical,Luxury Goods,2246.4,0.27499999999999997,0.0,0.5714285714285714,0.5,0.27499999999999997,0,1200.15,-46.43,29.7701,0.09526,25.144,0,27552845824,0.89,21.11929238671951,8.295,-97.3480384,26.378497192702312,43.594663313528834,30.4,-19.8,Overvalued by 46.43%. High Financial Strength (F-Score 7/9).
DPWIRES.NS,DPWIRES.NS,Industrials,Metal Fabrication,189.92,0.27499999999999997,0.0,0.5714285714285714,0.5,0.27499999999999997,0,180.8,-4.41,21.228956,0.055970002,0.865,0,2980543232,0,11.34571506088534,-0.543,40.4187264,0.3580230994262079,-8.570793775285612,-12.1,-80.2,High Financial Strength (F-Score 9/9).
GKENERGY.NS,GKENERGY.NS,Utilities,Utilities - Renewable,140.44,0.27499999999999997,0.0,0.5714285714285714,0.5,0.27499999999999997,0,84.19,-40.48,17.25,0.37502,54.322,0,28688500736,0,46.91138232331514,17.817,-359.91424,149.55787200714173,340.6377001417495,91.5,53.0,Overvalued by 40.48%. Balanced moderate growth candidate.
TCPLPACK.NS,TCPLPACK.NS,Consumer Cyclical,Packaging & Containers,2791.7,0.27499999999999997,0.0,0.5714285714285714,0.5,0.27499999999999997,0,1518.26,-45.36,19.945446,0.20468001,103.305,0,25229578240,1.07,18.532766260927772,10.373000000000001,-32.1010752,17.82280074219411,44.552753817225366,-0.5,-19.2,Overvalued by 45.36%. High Financial Strength (F-Score 7/9).
BAIDFIN.NS,BAIDFIN.NS,Financial Services,Credit Services,10.08,0.27499999999999997,0.0,0.5714285714285714,0.5,0.27499999999999997,0,22.41,123.2,7.1714287,0.09369001,142.612,0,1521816960,0.98,4.399937568313432,38.092998,0,19.854537658511973,15.233774789144249,36.1,137.5,DCF Undervalued by 123.2%. Undervalued by ~122% (Graham).
EIEL.NS,EIEL.NS,Industrials,Engineering & Construction,187.16,0.27499999999999997,0.0,0.5714285714285714,0.5,0.27499999999999997,0,129.2,-30.91,16.37478,0.2711,25.86,0,32824109056,0,21.98541020263535,26.375999999999998,-50.6495872,67.71563556093942,72.16137142576041,6.7,6.9,Overvalued by 30.91%. Balanced moderate growth candidate.
FDC.NS,FDC.NS,Healthcare,Drug Manufacturers - Specialty & Generic,389.85,0.27499999999999997,0.0,0.5714285714285714,0.5,0.27499999999999997,0,216.11,-44.59,28.17919,0.09546,0.852,0,63495929856,2.43,15.822919982735328,3.936,-53.815424,11.437941991065959,7.226185940420082,-7.9,-60.5,Overvalued by 44.59%. High Financial Strength (F-Score 9/9).
HNDFDS.NS,HNDFDS.NS,Industrials,Conglomerates,495.85,0.27499999999999997,0.0,0.5714285714285714,0.5,0.27499999999999997,0,145.23,-70.87,46.328995,0.14484,86.577,0,59635998720,0,12.744357027519154,6.112,-301.7163008,20.426330530633365,34.89827524380187,17.599999999999998,47.5,Overvalued by 70.87%. High Financial Strength (F-Score 7/9).
THOMASCOOK.NS,THOMASCOOK.NS,Consumer Cyclical,Travel Services,137.99,0.27499999999999997,0.0,0.5714285714285714,0.5,0.27499999999999997,0,78.48,-42.88,25.350552,0.115509994,21.708,0,63995826176,0.33,16.983245139330524,3.385,1033.7912832,62.93282423166451,3.5290564388422485,3.5000000000000004,19.3,Overvalued by 42.88%. Balanced moderate growth candidate.
UGROCAP.NS,UGROCAP.NS,Financial Services,Credit Services,160.67,0.27499999999999997,0.0,0.5714285714285714,0.5,0.27499999999999997,0,264.98,63.97,11.160222,0.07035,331.546,0,24663898112,0,2.40392022573028,30.808002000000002,0,53.19092564956953,114.66275914400414,27.6,-2.8000000000000003,DCF Undervalued by 63.97%. Undervalued by ~64% (Graham).
ACI.NS,ACI.NS,Basic Materials,Chemicals,510.5,0.27499999999999997,0.0,0.5714285714285714,0.5,0.27499999999999997,0,219.22,-57.0,36.861893,0.09313,14.782,0,63044395008,0.59,11.28455923627957,16.746001,-125.2858752,-2.7341566338492385,-4.846622683782343,-3.0,85.8,Overvalued by 57.0%. High Financial Strength (F-Score 7/9).
NIITLTD.NS,NIITLTD.NS,Consumer Defensive,Education & Training Services,83.62,0.27499999999999997,0.0,0.5714285714285714,0.5,0.27499999999999997,0,64.28,-23.17,35.604256,0.03088,0.638,0,11411228672,1.2,5.54686355892772,-8.0249995,-12.15,12.578391879991923,-41.14042081121288,15.7,-89.7,Overvalued by 23.17%. High Financial Strength (F-Score 7/9).
ZENITHEXPO.NS,ZENITHEXPO.NS,Consumer Cyclical,Textile Manufacturing,201.61,0.27499999999999997,0.0,0.5714285714285714,0.5,0.27499999999999997,0,196.42,-2.09,18.32146,0.0727,3.617,0,1160568960,0,3.61080432895319,0.9740000000000001,-1.8548376,-6.4958062214295005,19.381780558247442,21.2,0,High Financial Strength (F-Score 7/9).
INSPIRISYS.NS,INSPIRISYS.NS,Technology,Information Technology Services,83.9,0.27499999999999997,0.0,0.5714285714285714,0.5,0.27499999999999997,0,57.12,-32.31,9.962219,0.67415,128.048,0,3382332416,0,21.63763821637638,9.147,10.0262496,4.335677630307355,33.48672584499977,42.3,96.8,Overvalued by 32.31%. High Financial Strength (F-Score 7/9).
KALYANIFRG.NS,KALYANIFRG.NS,Consumer Cyclical,Auto Parts,597.2,0.27499999999999997,0.0,0.5714285714285714,0.5,0.27499999999999997,0,344.88,-42.52,28.708134,0.085260004,98.678,0,2182799872,0.67,11.339320098452333,8.437,-35.9027264,-1.3791280962329955,38.457224412110506,-10.7,-45.2,Overvalued by 42.52%. High Financial Strength (F-Score 7/9).
HITECHCORP.NS,HITECHCORP.NS,Consumer Cyclical,Packaging & Containers,162.8,0.27499999999999997,0.0,0.5714285714285714,0.5,0.27499999999999997,0,154.11,-4.47,24.778801,0.04093,47.479,0,2770612224,0.61,7.351499757455166,6.087,-19.136088,-1.5095764729972205,-37.944298887333886,12.2,50.0,High Financial Strength (F-Score 7/9).
DHUNINV.NS,DHUNINV.NS,Financial Services,Capital Markets,1135.7,0.27499999999999997,0.0,0.5714285714285714,0.5,0.27499999999999997,0,1675.07,47.58,40.46346,0.00677,15.416,0,6920296960,0.26,7.306707950165343,-40.597,-286.6492672,24.89132270403187,-16.159368410860797,-44.800000000000004,0,DCF Undervalued by 47.58%. Undervalued by ~47% (Graham).
RUSHIL.NS,RUSHIL.NS,Consumer Cyclical,"Furnishings, Fixtures & Appliances",21.49,0.27499999999999997,0.0,0.5714285714285714,0.5,0.27499999999999997,0,16.51,-22.84,39.629627,0.024549998,44.026,0,6279119872,0.47,9.637828393080238,6.638,-37.2302496,12.546478071580536,28.230718300562874,2.3,-50.0,Overvalued by 22.84%. High Financial Strength (F-Score 7/9).
DONEAR.NS,DONEAR.NS,Consumer Cyclical,Textile Manufacturing,87.61,0.27499999999999997,0.0,0.5714285714285714,0.5,0.27499999999999997,0,84.66,-4.24,13.620956,0.14061,155.524,0,4596800000,0.23,11.760445721709651,11.361,-16.8074624,16.929179280910223,11.854458512691801,12.9,17.2,High Financial Strength (F-Score 7/9).
MOL.NS,MOL.NS,Basic Materials,Agricultural Inputs,61.2,0.27499999999999997,0.0,0.5714285714285714,0.5,0.27499999999999997,0,45.74,-25.38,39.54194,0.026099999,54.599,0,15591768064,0,2.3749920445566253,3.8310003000000004,-114.027904,-5.9606998218319385,nan,6.1,0,Overvalued by 25.38%. High Financial Strength (F-Score 7/9).
CYIENTDLM.NS,CYIENTDLM.NS,Technology,Electronic Components,397.3,0.27499999999999997,0.0,0.5714285714285714,0.5,0.27499999999999997,0,169.62,-57.2,38.51312,0.08487,21.401,0,31452110848,0,10.75469057342873,6.64,90.5249984,28.24121179147103,19.59742804118829,-20.200000000000003,108.80000000000001,Overvalued by 57.2%. High Financial Strength (F-Score 7/9).
TRF.NS,TRF.NS,Industrials,Specialty Industrial Machinery,283.55,0.27499999999999997,0.0,0.5714285714285714,0.5,0.27499999999999997,0,134.74,-52.22,27.037392,0.14801,143.707,0,3103244288,0,0,23.208000000000002,11.6088376,-1.9252545777951324,3.8300204315212083,-31.7,0,Overvalued by 52.22%. High Financial Strength (F-Score 7/9).
DCW.NS,DCW.NS,Basic Materials,Chemicals,52.96,0.27499999999999997,0.0,0.5714285714285714,0.5,0.27499999999999997,0,37.0,-30.01,31.284021,0.04773,35.935,0,15611767808,0.19,7.471263264453663,5.9299998,78.4419776,-6.7686289599169,-34.446826662521225,10.299999999999999,0,Overvalued by 30.01%. High Financial Strength (F-Score 7/9).
JYOTICNC.NS,JYOTICNC.NS,Industrials,Specialty Industrial Machinery,930.5,0.27499999999999997,0.0,0.5714285714285714,0.5,0.27499999999999997,0,166.26,-82.08,60.81258,0.20820999,39.56,0,211048644608,0,20.77021387704246,22.467000000000002,-446.3920128,34.52431184438296,87.03285288865388,17.9,12.9,Overvalued by 82.08%. High Financial Strength (F-Score 7/9).
WENDT.NS,WENDT.NS,Industrials,Tools & Accessories,7374.5,0.27499999999999997,0.0,0.5714285714285714,0.5,0.27499999999999997,0,1961.24,-73.44,53.549675,0.1154,0.117,0,14769000448,0.54,20.940013883784555,5.514,-38.9037504,9.253125166332964,13.408796932387745,1.7000000000000002,-74.8,Overvalued by 73.44%. High Financial Strength (F-Score 9/9).
INDOUS.NS,INDOUS.NS,Basic Materials,Agricultural Inputs,114.55,0.27499999999999997,0.0,0.5714285714285714,0.5,0.27499999999999997,0,90.56,-21.87,13.732228,0.21531999,31.895,0,2336262656,0.18,19.245566468404714,12.909001,-18.4243184,27.534129990191648,47.55809326246712,39.1,-20.4,Overvalued by 21.87%. Balanced moderate growth candidate.
BSHSL.NS,BSHSL.NS,Basic Materials,Agricultural Inputs,99.56,0.27499999999999997,0.0,0.5714285714285714,0.5,0.27499999999999997,0,27.76,-72.1,37.126865,0.26303,24.979,0,10441259008,0,17.104626720352332,13.957,-1.1961945,23.22735467745931,35.97093972129575,-4.8,26.3,Overvalued by 72.1%. Balanced moderate growth candidate.
EMUDHRA.NS,EMUDHRA.NS,Technology,Software - Application,557.05,0.27499999999999997,0.0,0.5714285714285714,0.5,0.27499999999999997,0,160.22,-71.08,48.257843,0.1302,2.019,0,45425156096,0.22,14.563612166484214,18.425,-62.3767488,41.67728074035797,26.913463857645592,22.400000000000002,15.5,Overvalued by 71.08%. High Financial Strength (F-Score 7/9).
HEIDELBERG.NS,HEIDELBERG.NS,Basic Materials,Building Materials,169.51,0.27499999999999997,0.0,0.5714285714285714,0.5,0.27499999999999997,0,85.94,-49.44,29.926056,0.097229995,5.868,0,38608756736,4.13,11.864662169103799,5.975,144.9124992,-1.566499297745405,-24.923071378413365,10.9,124.50000000000001,Overvalued by 49.44%. High Financial Strength (F-Score 7/9).
APTECHT.NS,APTECHT.NS,Consumer Defensive,Education & Training Services,87.59,0.27499999999999997,0.0,0.5714285714285714,0.5,0.27499999999999997,0,58.66,-33.19,23.475937,0.090299994,5.75,0,5111280128,5.14,14.21037616368665,4.144,8.3911376,26.722113703434292,-27.194241630175632,6.6000000000000005,16.8,Overvalued by 33.19%. High Financial Strength (F-Score 7/9).
RUCHINFRA.NS,RUCHINFRA.NS,Industrials,Specialty Business Services,6.1,0.27499999999999997,0.0,0.5714285714285714,0.5,0.27499999999999997,0,3.8,-38.01,27.863638,0.047989998,43.622,0,1450696320,0,3.66261609095588,14.696999,5.0117752,-5.615266518598161,-64.42424527785131,7.000000000000001,0,Overvalued by 38.01%. High Financial Strength (F-Score 7/9).
KPEL.NS,KPEL.NS,Industrials,Engineering & Construction,318.3,0.27499999999999997,0.0,0.5714285714285714,0.5,0.27499999999999997,0,158.45,-50.84,16.25315,0.43458,121.934,0,21564137472,0.24,27.79632447639344,20.015,-208.6004736,55.352351810976415,84.81990530498496,51.4,42.6,Overvalued by 50.84%. High Financial Strength (F-Score 7/9).
MEDANTA.NS,MEDANTA.NS,Healthcare,Medical Care Facilities,1049.0,0.27499999999999997,0.0,0.5714285714285714,0.5,0.27499999999999997,0,254.34,-75.75,50.287632,0.16391,25.468,0,281800671232,0.05,19.149835513784186,16.486,-8.0225,18.83075755561041,34.88025236295553,14.899999999999999,20.9,Overvalued by 75.75%. High Financial Strength (F-Score 7/9).
XTGLOBAL.NS,XTGLOBAL.NS,Technology,Software - Application,27.35,0.27499999999999997,0.0,0.5714285714285714,0.5,0.27499999999999997,0,14.97,-45.25,38.52113,0.06497,25.53,0,3696568320,0.38,7.651946409062159,5.4879999999999995,-13.5314752,2.60787451211133,-21.152830627805518,90.10000000000001,0,Overvalued by 45.25%. High Financial Strength (F-Score 7/9).
DEEDEV.NS,DEEDEV.NS,Industrials,Metal Fabrication,187.64,0.27499999999999997,0.0,0.5714285714285714,0.5,0.27499999999999997,0,137.71,-26.61,26.805714,0.06073,69.855,0,12996574208,0,7.626860953047385,11.445,-172.3602944,162.2994866686284,276.17250120222104,39.2,-28.9,Overvalued by 26.61%. High Financial Strength (F-Score 7/9).
HGM.NS,HGM.NS,Technology,Information Technology Services,57.38,0.27499999999999997,0.0,0.5714285714285714,0.5,0.27499999999999997,0,40.27,-29.82,14.865286,0.20697,100.637,0,734070016,0,20.648947932860576,6.8580000000000005,7.3910128,30.722824083543678,25.19658844370327,239.4,-38.1,Overvalued by 29.82%. High Financial Strength (F-Score 7/9).
RELCHEMQ.NS,RELCHEMQ.NS,Consumer Cyclical,Textile Manufacturing,121.4,0.27499999999999997,0.0,0.5714285714285714,0.5,0.27499999999999997,0,161.91,33.37,19.300478,0.034560002,180.277,0,926822272,0.44,5.283863136896234,6.6129999999999995,8.1734872,0.31514828668677275,-39.3501358235135,8.7,15.9,DCF Undervalued by 33.37%. Undervalued by ~33% (Graham).
ASKAUTOLTD.NS,ASKAUTOLTD.NS,Consumer Cyclical,Auto Parts,427.15,0.27499999999999997,0.0,0.5714285714285714,0.5,0.27499999999999997,0,134.51,-68.51,31.247255,0.25908002,52.765,0,84209459200,0.35,25.124253435242032,10.3690006,-226.7899904,20.973842773485284,44.155712654829046,8.200000000000001,18.8,Overvalued by 68.51%. Balanced moderate growth candidate.
KRITIKA.NS,KRITIKA.NS,Basic Materials,Steel,6.64,0.27499999999999997,0.0,0.5714285714285714,0.5,0.27499999999999997,0,4.8,-27.75,22.133331,0.08644,39.762,0,1768099200,0,13.26274517882218,2.22,8.6213624,45.866915518247175,36.03164379910317,13.3,-55.60000000000001,Overvalued by 27.75%. High Financial Strength (F-Score 7/9).
SRTL.NS,SRTL.NS,Consumer Cyclical,Textile Manufacturing,46.06,0.27499999999999997,0.0,0.5714285714285714,0.5,0.27499999999999997,0,35.16,-23.66,23.03,0.10396,15.218,0,1841248512,0,11.62220348580399,16.051000000000002,-52.1968128,5.531796964454561,30.022188272934013,-52.7,195.79999999999998,Overvalued by 23.66%. Balanced moderate growth candidate.
PNGSREVA.NS,PNGSREVA.NS,Consumer Cyclical,Luxury Goods,365.9,0.27499999999999997,0.0,0.5714285714285714,0.5,0.27499999999999997,0,152.48,-58.33,19.483492,0.21013,32.942,0,11598444544,0,42.01246063476926,21.966,-115.2338688,0,0,-45.1,-17.4,Overvalued by 58.33%. Balanced moderate growth candidate.
CAMS.NS,CAMS.NS,Technology,Information Technology Services,709.4,0.2749911666666666,0.2,0.3333333333333333,0.58883,0.2749911666666666,0,143.59,-79.76,38.078373,0,6.395,0,175851962368,1.76,56.0336014441566,39.363,0,16.0704048425518,17.894022788732975,5.5,-0.5,Overvalued by 79.76%. Balanced moderate growth candidate.
AKZOINDIA.NS,AKZOINDIA.NS,Basic Materials,Specialty Chemicals,3111.0,0.27380899999999997,0.0,0.5714285714285714,0.49206,0.27380899999999997,0,2206.91,-28.51,7.062457,1.08163,3.157,0,140582944768,3.21,43.52728912945422,11.067,-1115.712512,9.350336270797444,13.973831000995007,-15.0,1619.3999999999999,Overvalued by 28.51%. Balanced moderate growth candidate.
ESSENTIA.NS,ESSENTIA.NS,Consumer Defensive,Food Distribution,1.5,0.2733333333333333,0.4,0.16666666666666666,0.5,0.2733333333333333,0,1.19,-21.23,50.333336,0,23.209,0,1622960768,0,3.9848339627010976,1.011,0,86.10917468305598,52.22766943542414,12.4,0,Overvalued by 21.23%. Balanced moderate growth candidate.
GVPTECH.NS,GVPTECH.NS,Technology,Information Technology Services,7.98,0.2733333333333333,0.4,0.16666666666666666,0.5,0.2733333333333333,0,0,0,0,-0.71369004,0,0,1305840000,1.88,-1.5776731768087384,-4968.8847000000005,-30.9080448,54.913110754364624,nan,367.4,0,Balanced moderate growth candidate.
MADRASFERT.NS,MADRASFERT.NS,Basic Materials,Agricultural Inputs,79.84,0.2733333333333333,0.4,0.16666666666666666,0.5,0.2733333333333333,0,13.0,-83.73,16.239838,0,2364.063,0,12871993344,0,9.787389325292411,1.7930000000000001,0,4.263258012764637,-26.58427130611335,-4.1000000000000005,716.0,Overvalued by 83.73%. Balanced moderate growth candidate.
PREMIERPOL.NS,PREMIERPOL.NS,Basic Materials,Specialty Chemicals,50.13,0.2733333333333333,0.4,0.16666666666666666,0.5,0.2733333333333333,0,0,0,0,0,12.992,0,5090484224,0.3,30.36396029524052,12.849,0,7.512549749588682,38.53031796964386,27.6,39.1,Balanced moderate growth candidate.
ALKYLAMINE.NS,ALKYLAMINE.NS,Basic Materials,Specialty Chemicals,1642.7,0.2733333333333333,0.4,0.16666666666666666,0.5,0.2733333333333333,0,469.03,-71.38,45.966335,0,0.394,0,83809755136,0.61,17.723914896134946,14.469999999999999,0,0.5351117382240922,-6.1143768247720605,1.5,1.0,Overvalued by 71.38%. Balanced moderate growth candidate.
KALPATARU.NS,KALPATARU.NS,Real Estate,Real Estate - Development,356.6,0.2733333333333333,0.4,0.16666666666666666,0.5,0.2733333333333333,0,0,0,0,0,226.029,0,73717211136,0,9.192955140142246,2.249,0,0,0,56.8,-88.0,Balanced moderate growth candidate.
SANOFICONR.NS,SANOFICONR.NS,Healthcare,Drug Manufacturers - General,4200.7,0.2733333333333333,0.4,0.16666666666666666,0.5,0.2733333333333333,0,487.19,-88.44,44.59374,0,11.012,0,97099776000,1.31,91.86813186813187,34.929,0,0,0,46.300000000000004,39.800000000000004,Overvalued by 88.44%. Balanced moderate growth candidate.
DENORA.NS,DENORA.NS,Industrials,Electrical Equipment & Parts,634.45,0.2733333333333333,0.4,0.16666666666666666,0.5,0.2733333333333333,0,164.33,-74.24,127.32535,0.02104,0,0,3386377728,0.24,-2.161296578196772,16.052,17.2810256,-2.35242456246173,-52.14831970256051,20.5,18.0,Overvalued by 74.24%. Balanced moderate growth candidate.
CYBERMEDIA.NS,CYBERMEDIA.NS,Communication Services,Publishing,16.26,0.2733333333333333,0.4,0.16666666666666666,0.5,0.2733333333333333,0,0,0,0,-4.9885902,0,0,339524416,0,0,4.5879997,4.1935376,6.610367929514793,nan,17.2,2600.0,Balanced moderate growth candidate.
RPEL.NS,RPEL.NS,Basic Materials,Chemicals,855.6,0.2733333333333333,0.4,0.16666666666666666,0.5,0.2733333333333333,0,107.1,-87.46,78.56486,0,2.905,0,39208812544,0.12,24.11948550011829,26.884001,0,26.41955292793854,27.50874221602826,17.2,43.9,Overvalued by 87.46%. Balanced moderate growth candidate.
PGHL.NS,PGHL.NS,Healthcare,Drug Manufacturers - Specialty & Generic,5381.0,0.2733333333333333,0.4,0.16666666666666666,0.5,0.2733333333333333,0,964.98,-82.06,48.534054,0,1.0,0,89556901888,2.32,50.9140903686088,35.144,0,4.464065892962821,4.365476524300482,3.6999999999999997,7.5,Overvalued by 82.06%. Balanced moderate growth candidate.
NIBE.NS,NIBE.NS,Industrials,Conglomerates,1196.3,0.2733333333333333,0.4,0.16666666666666666,0.5,0.2733333333333333,0,54.81,-95.4,1654.1666,0,31.522,0,17795055616,0.1,15.187302074157962,2.7090001999999997,0,187.97140579968104,401.0439414256526,-25.0,-88.0,Overvalued by 95.4%. Balanced moderate growth candidate.
SANCO.NS,SANCO.NS,Industrials,Electrical Equipment & Parts,3.35,0.2733333333333333,0.4,0.16666666666666666,0.5,0.2733333333333333,0,0,0,33.5,-0.91438,0,0,34451400,0,0,-694.3400399999999,16.2748992,0,0,12.8,0,Balanced moderate growth candidate.
BPL.NS,BPL.NS,Technology,Consumer Electronics,64.1,0.2733333333333333,0.4,0.16666666666666666,0.5,0.2733333333333333,0,0,0,0,0,47.01,0,3149630464,0,0.8360128369516748,-0.603,0,27.00495950491353,-73.24533236196086,-5.1,0,Balanced moderate growth candidate.
RKFORGE.NS,RKFORGE.NS,Industrials,Metal Fabrication,512.6,0.2733333333333333,0.4,0.16666666666666666,0.5,0.2733333333333333,0,214.1,-58.23,43.07563,0,88.73,0,92824461312,0.4,5.022355616978713,7.189000399999999,0,20.50150828713555,27.97253105160731,2.3,-86.4,Overvalued by 58.23%. Balanced moderate growth candidate.
UTLSOLAR.NS,UTLSOLAR.NS,Technology,Solar,205.73,0.2733333333333333,0.4,0.16666666666666666,0.5,0.2733333333333333,0,58.76,-71.44,25.305042,0,138.421,0,63037923328,0,31.647300436312154,17.196,0,44.81422060121323,76.28003426262846,73.8,120.6,Overvalued by 71.44%. Balanced moderate growth candidate.
KSR.NS,KSR.NS,Consumer Cyclical,Footwear & Accessories,26.99,0.2733333333333333,0.4,0.16666666666666666,0.5,0.2733333333333333,0,0,0,0,0,43.606,0,505920192,0,-255.86527293844367,-15.149000000000001,0,0,0,-7.1,0,Balanced moderate growth candidate.
SUDEEPPHRM.NS,SUDEEPPHRM.NS,Healthcare,Drug Manufacturers - Specialty & Generic,672.2,0.2733333333333333,0.4,0.16666666666666666,0.5,0.2733333333333333,0,149.16,-77.81,45.205112,0,19.321,0,75924070400,0,29.948250251561277,32.558,0,0,0,49.2,61.9,Overvalued by 77.81%. Balanced moderate growth candidate.
ADVAIT.NS,ADVAIT.NS,Industrials,Specialty Industrial Machinery,2094.5,0.2733333333333333,0.4,0.16666666666666666,0.5,0.2733333333333333,0,445.33,-78.71,50.288464,0,31.997,0,22879737856,0,18.9156879599402,11.015,0,71.83046635960746,79.86572020218424,114.39999999999999,65.4,Overvalued by 78.71%. Balanced moderate growth candidate.
MEESHO.NS,MEESHO.NS,Consumer Cyclical,Internet Retail,158.18,0.2727783333333333,0.4,0.16666666666666666,0.4963,0.2727783333333333,0,0,0,0,0,8.629,0,713887055872,0,-100.16948941486719,-15.630000999999998,0,0,0,31.3,0,Balanced moderate growth candidate.
SANOFI.NS,SANOFI.NS,Healthcare,Drug Manufacturers - General,4021.5,0.27276666666666666,0.2,0.3333333333333333,0.574,0.27276666666666666,0,1087.72,-72.94,25.957502,0,2.672,0,92576989184,4.77,50.30211480362537,26.314999999999998,0,-12.046363803792904,-24.07762084843056,-9.3,-7.6,Overvalued by 72.94%. Balanced moderate growth candidate.
VIKRAN.NS,VIKRAN.NS,Industrials,Engineering & Construction,93.93,0.27191166666666666,0.2,0.3333333333333333,0.5683,0.27191166666666666,0,64.8,-30.92,28.083834,0,27.396,0,24192055296,0,20.681518757694217,14.096,0,0,0,10.7,266.7,Overvalued by 30.92%. Balanced moderate growth candidate.
MAHESHWARI.NS,MAHESHWARI.NS,Industrials,Integrated Freight & Logistics,44.05,0.2718775,0.0,0.5714285714285714,0.47918333333333335,0.2718775,0,100.42,128.23,6.8965516,0.09585,145.284,0,1302276864,0,10.203831735207128,4.401,-80.318848,-2.0295591502940025,1.8919416903597108,20.3,0,DCF Undervalued by 128.23%. Undervalued by ~127% (Graham).
TRU.NS,TRU.NS,Financial Services,Credit Services,7.73,0.27160599999999996,0.4,0.14285714285714285,0.54404,0.27160599999999996,0,0,0,0,-0.6233,301.695,0,920462272,0.08,-6.520581177649448,196.907,0,38.04999428174043,nan,0,0,Balanced moderate growth candidate.
SBICARD.NS,SBICARD.NS,Financial Services,Credit Services,846.5,0.2715815,0.2,0.2857142857142857,0.67721,0.2715815,0,265.45,-68.7,42.08437,0.13762,332.839,0,806937624576,0.3,3.2631780947968383,20.622998,0,18.21426824509267,5.844870610083652,20.1,9.9,Overvalued by 68.7%. Positive Market Sentiment.
BHARATCOAL.NS,BHARATCOAL.NS,Basic Materials,Coking Coal,33.94,0.27005749999999995,0.4,0.14285714285714285,0.5337166666666666,0.27005749999999995,0,8.75,-74.21,121.21428,0.02096,38.792,0,0,0,3.9571656296601017,-12.335,-1364.0500224,3.3816060051679475,-42.21341869850017,-15.1,-57.099999999999994,Overvalued by 74.21%. Balanced moderate growth candidate.
5PAISA.NS,5PAISA.NS,Financial Services,Capital Markets,354.55,0.27003666666666665,0.2,0.3333333333333333,0.5558,0.27003666666666665,0,250.61,-29.32,25.507195,0,46.389,0,11075906560,0,13.327925676383398,23.244,0,1.9947667320319828,70.62664431527712,-11.0,-23.7,Overvalued by 29.32%. Balanced moderate growth candidate.
LENSKART.NS,LENSKART.NS,Healthcare,Medical Instruments & Supplies,436.65,0.27000066666666667,0.2,0.3333333333333333,0.55556,0.27000066666666667,0,47.91,-89.03,162.32341,0,44.215,0,754352062464,0,0,7.678999999999999,0,0,0,20.8,19.6,Overvalued by 89.03%. Balanced moderate growth candidate.
ROUTE.NS,ROUTE.NS,Communication Services,Telecom Services,642.45,0.269576,0.0,0.5714285714285714,0.46384,0.269576,0,494.91,-22.91,23.681297,0.07526,0.814,0,40447975424,1.71,16.188182223212298,10.102,575.028736,31.7224468672914,24.263791483344434,0.5,0,Overvalued by 22.91%. High Financial Strength (F-Score 9/9).
MOSCHIP.NS,MOSCHIP.NS,Technology,Semiconductor Equipment & Materials,190.7,0.26949999999999996,0.2,0.42857142857142855,0.32999999999999996,0.26949999999999996,0,30.37,-84.15,89.11628,0.12953,13.098,0,36950626304,0,12.537963625634454,8.392999,0,46.77474744167371,73.09089563653146,17.0,10.2,Overvalued by 84.15%. Balanced moderate growth candidate.
GMRP&UI.NS,GMRP&UI.NS,Energy,Thermal Coal,104.7,0.26897299999999996,0.0,0.5714285714285714,0.45982,0.26897299999999996,0,73.3,-30.19,8.663366,0.77619004,731.235,0,75217494016,0,29.04606440195608,11.002,-2206.9874688,15.285941458852337,29.84399999994778,30.8,242.4,Overvalued by 30.19%. High Financial Strength (F-Score 7/9).
GTL.NS,GTL.NS,Communication Services,Telecom Services,7.58,0.268485,0.4,0.2,0.3899,0.268485,0,0,0,0,0,0,0,1195455488,0,0,31.677,293.0732544,9.488427728777115,nan,-20.7,0,Balanced moderate growth candidate.
CAMPUS.NS,CAMPUS.NS,Consumer Cyclical,Footwear & Accessories,249.95,0.2682365,0.0,0.5714285714285714,0.45491,0.2682365,0,48.77,-80.41,61.48148,0.1665,48.005,0,76077056000,0.24,24.160949623930946,7.239999599999999,60.0562496,10.080798501009824,3.740828285336706,16.0,40.400000000000006,Overvalued by 80.41%. High Financial Strength (F-Score 7/9).
MEP.NS,MEP.NS,Industrials,Infrastructure Operations,1.67,0.2680275,0.6,0.0,0.38685,0.2680275,0,0,0,0,0,0,0,308189344,0,0,-1628.958,-16.1069248,-59.76379291891867,nan,224.5,0,Balanced moderate growth candidate.
SDBL.NS,SDBL.NS,Consumer Defensive,Beverages - Brewers,100.72,0.26729749999999997,0.0,0.5714285714285714,0.44865,0.26729749999999997,0,69.43,-30.91,19.21606,0.14021,22.94,0,20909215744,0,16.669523344060295,11.9849995,-129.8121984,56.95705576105252,119.80383811304645,-7.199999999999999,-1.0999999999999999,Overvalued by 30.91%. Balanced moderate growth candidate.
RELAXO.NS,RELAXO.NS,Consumer Cyclical,Footwear & Accessories,393.1,0.2656725,0.0,0.42857142857142855,0.77115,0.2656725,0,115.82,-70.61,56.292854,0.0846,10.214,0,98292219904,0.76,11.935254781775633,6.65,319.4674944,1.6843261313586044,-9.87525883926339,-7.5,-1.4000000000000001,Overvalued by 70.61%. High Financial Strength (F-Score 7/9). Positive Market Sentiment.
FRACTAL.NS,FRACTAL.NS,Technology,Software - Infrastructure,978.1,0.2654703333333333,0.4,0.16666666666666666,0.44758,0.2654703333333333,0,202.92,-79.25,76.83425,0,21.369,0,168199077888,0,13.923423646540195,10.8610004,0,0,0,20.8,4.3,Overvalued by 79.25%. Balanced moderate growth candidate.
HDIL.NS,HDIL.NS,Real Estate,Real Estate - Diversified,2.14,0.2652875,0.4,0,0.83525,0.2652875,0,0,0,Infinity,0,0,0,1019108672,0,-0.0059882682934972176,-78.682,-0.92275,276.64662741074875,nan,79.60000000000001,0,Positive Market Sentiment.
INA.NS,INA.NS,Technology,Solar,138.84,0.26501166666666665,0.2,0.3333333333333333,0.5223,0.26501166666666665,0,75.14,-45.88,17.247204,0,37.384,0,30599587840,0,22.10920949669399,10.946,0,83.79445166983447,162.8912550971733,77.0,170.2,Overvalued by 45.88%. Balanced moderate growth candidate.
PALREDTEC.NS,PALREDTEC.NS,Technology,Consumer Electronics,45.3,0.26499999999999996,0.4,0.14285714285714285,0.5,0.26499999999999996,0,0,0,0,-0.24832001,140.117,0,546795712,0,-2.8692984870117355,-3.8580000000000005,17.4455008,-12.43459698705478,nan,-16.6,0,Balanced moderate growth candidate.
NAVKARURB.NS,NAVKARURB.NS,Basic Materials,Building Materials,1.6,0.26499999999999996,0.4,0.14285714285714285,0.5,0.26499999999999996,0,0,0,0,-0.00926,3.823,0,1881839104,0.31,0.5526772085150639,8.688,0,5.614109375015852,-30.035795545055997,0,-20.0,Balanced moderate growth candidate.
ENIL.NS,ENIL.NS,Communication Services,Broadcasting,120.28,0.26499999999999996,0.4,0.14285714285714285,0.5,0.26499999999999996,0,93.59,-22.01,48.97959,0.01596,23.226,0,5720450048,1.66,4.271958368655817,-6.622,-55.660288,19.346916719910134,-31.764592358000023,24.3,0,Overvalued by 22.01%. Balanced moderate growth candidate.
ABREL.NS,ABREL.NS,Real Estate,Real Estate Services,1532.7,0.26499999999999996,0.4,0.14285714285714285,0.5,0.26499999999999996,0,0,0,0,-0.070300005,144.576,0,169475833856,0.13,-1.5078987868911824,-87.714994,-2492.8362496,-33.380902505835465,nan,-91.3,0,Balanced moderate growth candidate.
TVSELECT.NS,TVSELECT.NS,Technology,Computer Hardware,424.5,0.26499999999999996,0.4,0.14285714285714285,0.5,0.26499999999999996,0,0,0,0,-0.03462,68.722,0,7962106880,0.24,-0.7969731122202544,0.808,-15.415,11.852605809405192,nan,21.9,0,Balanced moderate growth candidate.
PANACEABIO.NS,PANACEABIO.NS,Healthcare,Biotechnology,394.5,0.26499999999999996,0.4,0.14285714285714285,0.5,0.26499999999999996,0,0,0,0,-0.00921,2.786,0,24062355456,0,-0.5914430221255704,-18.515,-172.8097536,-9.25542198558219,nan,-4.2,0,Balanced moderate growth candidate.
SHALPAINTS.NS,SHALPAINTS.NS,Basic Materials,Specialty Chemicals,69.64,0.26499999999999996,0.4,0.14285714285714285,0.5,0.26499999999999996,0,0,0,0,-0.20408002,66.655,0,5776071168,0,-14.375548093170492,-8.190999999999999,-8.8125,18.79462240147529,nan,-7.6,0,Balanced moderate growth candidate.
SINDHUTRAD.NS,SINDHUTRAD.NS,Industrials,Conglomerates,18.94,0.26499999999999996,0.4,0.14285714285714285,0.5,0.26499999999999996,0,0,0,0,-0.01622,20.418,0,29096198144,0,14.500760167255999,-4.166,-401.3778176,19.51496524351022,9.29655208190181,-66.4,0,Balanced moderate growth candidate.
SHIVAMAUTO.NS,SHIVAMAUTO.NS,Consumer Cyclical,Auto Parts,21.95,0.26499999999999996,0.4,0.14285714285714285,0.5,0.26499999999999996,0,0,0,0,-3.17824,19197.627,0,2914319104,0,2.8767098881249034,1.748,26.2081632,-0.9715236213214351,nan,-6.3,0,Balanced moderate growth candidate.
INDOCO.NS,INDOCO.NS,Healthcare,Drug Manufacturers - Specialty & Generic,210.96,0.26499999999999996,0.4,0.14285714285714285,0.5,0.26499999999999996,0,0,0,0,-0.111770004,102.504,0,19543982080,0.09,-0.6170920395126903,2.228,-193.2849408,2.9605452819689626,nan,12.0,0,Balanced moderate growth candidate.
GROBTEA.NS,GROBTEA.NS,Consumer Defensive,Farm Products,983.0,0.26499999999999996,0.4,0.14285714285714285,0.5,0.26499999999999996,0,0,0,0,-0.00775,14.11,0,1142571392,0.31,12.380744122742362,39.109,0.3789375,8.439192953447726,34.300529878797306,-24.3,-30.4,Balanced moderate growth candidate.
DTIL.NS,DTIL.NS,Consumer Defensive,Packaged Foods,150.06,0.26499999999999996,0.4,0.14285714285714285,0.5,0.26499999999999996,0,0,0,0,-0.01375,42.832,0,1588163456,0.67,-1.31346509790241,14.26,-5.6657624,7.487269510652217,nan,2.0,7.7,Balanced moderate growth candidate.
RPSGVENT.NS,RPSGVENT.NS,Technology,Information Technology Services,704.65,0.26499999999999996,0.4,0.14285714285714285,0.5,0.26499999999999996,0,0,0,0,0.03799,135.449,0,23267641344,0,10.459432262478174,6.861000000000001,321.2737536,12.937782763449013,nan,23.200000000000003,0,Balanced moderate growth candidate.
ATLASCYCLE.NS,ATLASCYCLE.NS,Consumer Cyclical,Leisure,105.51,0.26499999999999996,0.4,0.14285714285714285,0.5,0.26499999999999996,0,0,0,0,-0.0070599997,2.346,0,696218048,0,2.4264844949804436,-122.16899000000001,-34.2729248,40.328777130892405,-30.832956256977173,-47.199999999999996,0,Balanced moderate growth candidate.
BIRLANU.NS,BIRLANU.NS,Industrials,Building Products & Equipment,1752.9,0.26499999999999996,0.4,0.14285714285714285,0.5,0.26499999999999996,0,0,0,0,-0.085,88.333,0,13231677440,1.71,1.273893836559478,-5.8330003,-4.2519124,0.9011330248545057,nan,4.6,0,Balanced moderate growth candidate.
CAPTRUST.NS,CAPTRUST.NS,Financial Services,Credit Services,13.36,0.26499999999999996,0.4,0.14285714285714285,0.5,0.26499999999999996,0,0,0,0,-0.35819998,134.274,0,450740416,0,2.41776499191962,215.517,0,3.399743900963381,-53.17520560019744,0,0,Balanced moderate growth candidate.
CHEMPLASTS.NS,CHEMPLASTS.NS,Basic Materials,Chemicals,274.9,0.26499999999999996,0.4,0.14285714285714285,0.5,0.26499999999999996,0,0,0,0,-0.11826,96.728,0,43638239232,0,-1.0439930110538933,-0.857,-310.98624,-9.734402523269448,nan,4.1000000000000005,0,Balanced moderate growth candidate.
HEMIPROP.NS,HEMIPROP.NS,Real Estate,Real Estate - Diversified,135.92,0.26499999999999996,0.4,0.14285714285714285,0.5,0.26499999999999996,0,0,0,0,-0.024349999,20.011,0,38719938560,0,-0.6984738612325406,-1048.2321000000002,-148.5159168,inf,nan,4.6,0,Balanced moderate growth candidate.
NEOGEN.NS,NEOGEN.NS,Basic Materials,Specialty Chemicals,1315.9,0.26499999999999996,0.4,0.14285714285714285,0.5,0.26499999999999996,0,259.74,-80.15,132.55319,0.03306,141.474,0,34515144704,0.08,6.493832261110784,10.854999999999999,-574.6312704,16.848551809144773,-7.931967459582756,7.9,-69.19999999999999,Overvalued by 80.15%. Balanced moderate growth candidate.
JHS.NS,JHS.NS,Consumer Defensive,Household & Personal Products,10.41,0.26499999999999996,0.4,0.14285714285714285,0.5,0.26499999999999996,0,0,0,0,-0.044710003,6.097,0,894767104,0,-6.766518674604304,0.7900001,-7.4416128,2.201837997401168,nan,14.000000000000002,0,Balanced moderate growth candidate.
AKSHAR.NS,AKSHAR.NS,Consumer Cyclical,Textile Manufacturing,0.49,0.26499999999999996,0.4,0.14285714285714285,0.5,0.26499999999999996,0,0,0,0,-0.10443,5.75,0,385859552,0,-5.085456831873295,-6.6610000000000005,-32.4507744,-12.19956560187202,nan,-3.6999999999999997,0,Balanced moderate growth candidate.
PSB.NS,PSB.NS,Financial Services,Banks - Regional,28.33,0.2630883333333333,0.4,0.16666666666666666,0.4317,0.2630883333333333,0,27.03,-5.13,17.059881,0.0919,0,0,202153230336,0.25,4.025599449916468,30.37,0,13.683081792379381,-0.7506472305328415,8.799999999999999,20.0,Balanced moderate growth candidate.
QUICKHEAL.NS,QUICKHEAL.NS,Technology,Software - Application,225.7,0.2627675,0.4,0.0,0.81845,0.2627675,0,0,0,0,-0.00168,0,0,12228175872,1.04,0.2763432092054,7.124,-12.5687504,-6.493218704114478,-60.72467350129084,13.600000000000001,89.3,Positive Market Sentiment.
LEMONTREE.NS,LEMONTREE.NS,Consumer Cyclical,Lodging,149.47,0.26263549999999997,0.2,0.2857142857142857,0.61757,0.26263549999999997,0,31.25,-79.09,53.773384,0.15972,109.554,0,118373302272,0,17.479536874329725,32.037997000000004,221.4492672,46.21766627677402,31.00482865544216,7.7,18.9,Overvalued by 79.09%. Positive Market Sentiment.
ARSSBL.NS,ARSSBL.NS,Financial Services,Financial Conglomerates,632.7,0.26166666666666666,0.2,0.3333333333333333,0.5,0.26166666666666666,0,192.03,-69.64,43.83576,0,94.882,0,39676854272,0,19.797547897178855,20.413999999999998,0,22.65813993538859,26.816738950326457,-8.6,-15.5,Overvalued by 69.64%. Balanced moderate growth candidate.
VARDHACRLC.NS,VARDHACRLC.NS,Consumer Cyclical,Textile Manufacturing,37.92,0.26166666666666666,0.2,0.3333333333333333,0.5,0.26166666666666666,0,28.6,-23.59,29.47244,0.043920003,0,0,3008014848,3.96,6.729249404912689,-0.6259999700000001,10.0999752,-2.491488806466957,-6.708770373516271,26.6,63.2,Overvalued by 23.59%. Balanced moderate growth candidate.
SHRINGARMS.NS,SHRINGARMS.NS,Consumer Cyclical,Luxury Goods,224.28,0.26166666666666666,0.2,0.3333333333333333,0.5,0.26166666666666666,0,121.69,-45.63,27.193197,0,30.311,0,21581500416,0,27.95983546458885,6.014,0,20.578335643584712,44.47677338240532,27.1,32.300000000000004,Overvalued by 45.63%. Balanced moderate growth candidate.
BRIGHOTEL.NS,BRIGHOTEL.NS,Consumer Cyclical,Lodging,67.52,0.26166666666666666,0.2,0.3333333333333333,0.5,0.26166666666666666,0,23.46,-64.73,71.52688,0,37.098,0,25267126272,0,16.04098477301836,18.732001,0,47.22379012151505,-35.8556668404142,16.400000000000002,36.8,Overvalued by 64.73%. Balanced moderate growth candidate.
GILLETTE.NS,GILLETTE.NS,Consumer Defensive,Household & Personal Products,8039.0,0.26166666666666666,0.2,0.3333333333333333,0.5,0.26166666666666666,0,1147.34,-85.73,49.02439,0,0.004,0,261985140736,1.39,58.77665324780958,23.197001,0,9.428667592162121,9.874196651164958,3.6999999999999997,8.0,Overvalued by 85.73%. Balanced moderate growth candidate.
FINOPB.NS,FINOPB.NS,Financial Services,Banks - Regional,241.35,0.26166666666666666,0.2,0.3333333333333333,0.5,0.26166666666666666,0,142.93,-41.0,25.208117,0.1086,0,0,20174651392,0,5.833242663051118,5.698,0,21.447599358969537,29.366151383329186,-13.5,-27.3,Overvalued by 41.0%. Balanced moderate growth candidate.
MIDWESTLTD.NS,MIDWESTLTD.NS,Basic Materials,Building Materials,1488.0,0.26166666666666666,0.2,0.3333333333333333,0.5,0.26166666666666666,0,389.42,-73.81,43.825523,0,34.016,0,53771132928,0,0,24.659,0,0,0,12.4,79.60000000000001,Overvalued by 73.81%. Balanced moderate growth candidate.
UNIENTER.NS,UNIENTER.NS,Basic Materials,Chemicals,141.6,0.26166666666666666,0.2,0.3333333333333333,0.5,0.26166666666666666,0,158.5,11.23,52.19414,0.0069999998,0,0,9921495040,0.35,0.05631647025872129,-5.1820002,-12.8703504,350.23534544432584,-82.79067994895783,-19.900000000000002,494.59999999999997,Undervalued by ~11% (Graham).
ONESOURCE.NS,ONESOURCE.NS,Healthcare,Biotechnology,1775.8,0.26166666666666666,0.2,0.3333333333333333,0.5,0.26166666666666666,0,203.43,-88.47,497.1831,0,21.928,0,202267164672,0,1.3089721453132708,9.758,0,0,0,-31.4,0,Overvalued by 88.47%. Balanced moderate growth candidate.
SHREEJISPG.NS,SHREEJISPG.NS,Industrials,Marine Shipping,362.55,0.26166666666666666,0.2,0.3333333333333333,0.5,0.26166666666666666,0,94.76,-74.04,42.49127,0,30.028,0,59465162752,0,33.71545021863045,31.328,0,0,0,11.3,-29.799999999999997,Overvalued by 74.04%. Balanced moderate growth candidate.
CANHLIFE.NS,CANHLIFE.NS,Financial Services,Insurance - Life,143.02,0.26166666666666666,0.2,0.3333333333333333,0.5,0.26166666666666666,0,21.71,-84.75,110.387596,0.0838,0,0,136055857152,0,0,1.9609999,1190.3199232,0,0,-31.1,10.7,Overvalued by 84.75%. High Financial Strength (F-Score 7/9).
DENTA.NS,DENTA.NS,Industrials,Engineering & Construction,304.55,0.26166666666666666,0.2,0.3333333333333333,0.5,0.26166666666666666,0,301.94,-1.33,12.343686,0,3.104,0,8170200064,0.82,17.569555062592226,31.692999999999998,0,19.50054995732078,11.319554924106058,53.800000000000004,23.1,Balanced moderate growth candidate.
JSWHL.NS,JSWHL.NS,Industrials,Conglomerates,18440.0,0.26166666666666666,0.2,0.3333333333333333,0.5,0.26166666666666666,0,8750.44,-53.09,165.8517,0.00375,0,0,207034875904,0,0.7474747416032769,95.672,-110.5670016,10.04952143026614,8.90355249118857,-48.5,-43.8,Overvalued by 53.09%. High Financial Strength (F-Score 7/9).
PARKHOSPS.NS,PARKHOSPS.NS,Healthcare,Medical Care Facilities,203.08,0.26166666666666666,0.2,0.3333333333333333,0.5,0.26166666666666666,0,65.1,-67.73,33.456055,0,58.033,0,87137738752,0,20.420857909480976,20.516000000000002,0,0,0,17.8,13.4,Overvalued by 67.73%. Balanced moderate growth candidate.
SIGMAADV.NS,SIGMAADV.NS,Industrials,Aerospace & Defense,248.49,0.26166666666666666,0.2,0.3333333333333333,0.5,0.26166666666666666,0,144.55,-41.83,10.73391,0,1.385,0,43793805312,0,9.500182786955925,1.7260000000000002,0,-100.0,nan,0,0,Overvalued by 41.83%. Balanced moderate growth candidate.
CEINSYS.NS,CEINSYS.NS,Industrials,Engineering & Construction,996.5,0.26166666666666666,0.2,0.3333333333333333,0.5,0.26166666666666666,0,592.82,-40.51,16.73946,0,16.155,0,20864378880,0,20.320406584907744,21.731001,0,27.251202012289856,90.17481695339289,52.0,100.4,Overvalued by 40.51%. Balanced moderate growth candidate.
BONLON.NS,BONLON.NS,Basic Materials,Other Industrial Metals & Mining,55.7,0.26166666666666666,0.2,0.3333333333333333,0.5,0.26166666666666666,0,43.7,-21.54,38.41379,0,49.692,0,912553024,0,5.068945194156323,0.749,0,17.156453104737366,8.300096945617286,-7.3,-60.6,Overvalued by 21.54%. Balanced moderate growth candidate.
BANKA.NS,BANKA.NS,Industrials,Pollution & Treatment Controls,64.1,0.25970649999999995,0.4,0.14285714285714285,0.46471,0.25970649999999995,0,0,0,0,-0.12828,105.547,0,700081408,0,-8.722565694840206,-5.447,-3.0635376,11.815585259544893,nan,4.8,0,Balanced moderate growth candidate.
FABTECH.NS,FABTECH.NS,Healthcare,Health Information Services,188.19,0.25811666666666666,0.0,0.3333333333333333,0.9430000000000001,0.25811666666666666,0,118.89,-36.68,17.983717,0,21.62,0,8345636864,0,27.452996842378436,23.993000000000002,0,0,0,106.80000000000001,449.4,Overvalued by 36.68%. Positive Market Sentiment.
SPCENET.NS,SPCENET.NS,Financial Services,Capital Markets,5.51,0.25802749999999997,0.0,0.5714285714285714,0.38685,0.25802749999999997,0,3.83,-30.44,22.958334,0.09591,0.597,0,3111363328,0,8.695238588823715,5.7930004,-21.1626256,53.836654656140404,153.73512620353154,7.5,33.300000000000004,Overvalued by 30.44%. High Financial Strength (F-Score 9/9).
NIVABUPA.NS,NIVABUPA.NS,Financial Services,Insurance - Life,77.01,0.2566505,0.2,0.2857142857142857,0.57767,0.2566505,0,15.22,-80.24,154.02,0.0241,6.577,0,142138261504,0,5.842761051351289,-1.2710000000000001,2271.8478336,45.68079368793112,2.8032675265424967,13.700000000000001,0,Overvalued by 80.24%. Balanced moderate growth candidate.
TEAMLEASE.NS,TEAMLEASE.NS,Industrials,Staffing & Employment Services,1513.6,0.2543225,0.0,0.5714285714285714,0.36214999999999997,0.2543225,0,949.91,-36.71,21.418379,0.13012,13.1,0,25162866688,0,13.556585376082536,0.7969999999999999,-101.4162496,19.625938653358155,41.45099567765773,8.4,11.899999999999999,Overvalued by 36.71%. Balanced moderate growth candidate.
JIOFIN.NS,JIOFIN.NS,Financial Services,Asset Management,287.0,0.254063,0.2,0.2857142857142857,0.56042,0.254063,0,110.18,-61.65,113.55731,0.01199,7.797,0,1825257553920,0.17,1.5333914871887484,65.46600500000001,0,855.654174140764,886.3637350678516,20.7,0.8999999999999999,Overvalued by 61.65%. Balanced moderate growth candidate.
TVSSCS.NS,TVSSCS.NS,Industrials,Integrated Freight & Logistics,105.47,0.2539595,0.2,0.2857142857142857,0.55973,0.2539595,0,35.81,-66.05,83.07087,0.03092,112.34,0,46594740224,0,6.639460997065244,2.102,640.2375168,2.6148749792743953,nan,6.0,71.39999999999999,Overvalued by 66.05%. High Financial Strength (F-Score 7/9).
ACMESOLAR.NS,ACMESOLAR.NS,Utilities,Utilities - Renewable,221.77,0.2538775,0.0,0.42857142857142855,0.6925166666666667,0.2538775,0,118.94,-46.38,27.865578,0.14244,271.784,0,134410600448,0.18,7.291445195466421,60.467000000000006,-1793.8116608,-1.8789173643701917,59.582628390458495,58.5,548.3,Overvalued by 46.38%. Positive Market Sentiment.
CIFL.NS,CIFL.NS,Financial Services,Credit Services,34.67,0.2527025,0.2,0.2857142857142857,0.55135,0.2527025,0,20.65,-39.29,30.106195,0.05534,100.828,0,13292420096,0.06,-0.4144097967821438,-26.367,279.9463936,3.9732612271296874,-17.621251578869625,-21.099999999999998,1335.9,Overvalued by 39.29%. Balanced moderate growth candidate.
MAXIND.NS,MAXIND.NS,Healthcare,Medical Care Facilities,169.62,0.250945,0.4,0.14285714285714285,0.4063,0.250945,0,0,0,0,-0.32984,43.616,0,8783332352,0,-36.292672388298634,-56.089,-222.3864576,-8.211032173168775,nan,5.6000000000000005,0,Balanced moderate growth candidate.
TRACXN.NS,TRACXN.NS,Technology,Software - Application,38.1,0.2500408333333333,0.2,0.16666666666666666,0.8113833333333333,0.2500408333333333,0,0,0,0,-0.17141001,0,0,4102503168,0,2.2620087999939207,-2.903,8.5535624,10.00464149736262,nan,-0.7000000000000001,0,Positive Market Sentiment.
CRAMC.NS,CRAMC.NS,Financial Services,Asset Management,282.4,0.25,0.0,0.5,0.5,0.25,0,87.69,-68.95,28.104479,0,2.748,0,56325455872,1.06,0,61.621,0,0,0,3.3000000000000003,-2.8000000000000003,Overvalued by 68.95%. Balanced moderate growth candidate.
NBIFIN.NS,NBIFIN.NS,Financial Services,Capital Markets,2146.9,0.25,0.0,0.5,0.5,0.25,0,2918.91,36.4,61.529617,0.00387,0,0,6323379200,0.02,0.3281737407320437,92.134005,8.4386752,5.081197758750977,2.2137471058469416,56.99999999999999,43.2,DCF Undervalued by 36.4%. Undervalued by ~35% (Graham).
SOTL.NS,SOTL.NS,Basic Materials,Specialty Chemicals,358.55,0.25,0.0,0.5,0.5,0.25,0,339.14,-5.08,17.635735,0.08293,0,0,24496635904,1.12,10.27759429910807,4.1869998,110.8480256,9.12548907157571,-24.256495353759266,18.6,31.6,High Financial Strength (F-Score 7/9).
SGLTL.NS,SGLTL.NS,Industrials,Specialty Industrial Machinery,135.98,0.25,0.0,0.5,0.5,0.25,0,54.75,-59.8,38.25562,0,18.173,0,27168770048,0,14.473494938071358,13.543999000000001,0,36.645272600223635,36.779371908898284,10.5,-5.6000000000000005,Overvalued by 59.8%. Balanced moderate growth candidate.
DAMCAPITAL.NS,DAMCAPITAL.NS,Financial Services,Capital Markets,205.04,0.25,0.0,0.5,0.5,0.25,0,125.21,-39.06,12.931403,0,1.278,0,14524559360,0.49,51.81271702199156,66.79399599999999,0,37.26129219008325,67.97181113878096,66.4,140.39999999999998,Overvalued by 39.06%. Balanced moderate growth candidate.
DIFFNKG.NS,DIFFNKG.NS,Industrials,Specialty Industrial Machinery,294.6,0.25,0.0,0.5,0.5,0.25,0,162.22,-44.94,25.910292,0,5.714,0,10937396224,0.51,12.431552879306079,12.849,0,17.94456040948431,28.247005530256786,1.3,-10.6,Overvalued by 44.94%. Balanced moderate growth candidate.
TICL.NS,TICL.NS,Industrials,Engineering & Construction,22.45,0.25,0.0,0.5,0.5,0.25,0,40.87,82.05,5.923483,0,111.574,0,3479750144,0,9.404383834609877,2.8959999,0,-5.347292224476885,191.50196388056875,52.1,16.7,DCF Undervalued by 82.05%. Undervalued by ~82% (Graham).
VIPIND.NS,VIPIND.NS,Consumer Cyclical,Footwear & Accessories,363.1,0.2497275,0.2,0.14285714285714285,0.86485,0.2497275,0,0,0,0,-0.35251,167.839,0,51776225280,0,-3.4195906574495107,-34.300998,204.922496,18.928168452104433,nan,-25.3,0,Positive Market Sentiment.
AUTOIND.NS,AUTOIND.NS,Consumer Cyclical,Auto Parts,74.24,0.24886999999999998,0.2,0.2857142857142857,0.5258,0.24886999999999998,0,47.7,-35.89,27.868914,0.05782,153.954,0,3376383744,0,11.214273456536395,6.773999999999999,-69.0188352,6.07864435363068,32.884362970895275,10.8,-44.0,Overvalued by 35.89%. Balanced moderate growth candidate.
AAKASH.NS,AAKASH.NS,Energy,Oil & Gas Equipment & Services,8.53,0.24885124999999997,0.2,0.2857142857142857,0.525675,0.24885124999999997,0,0,0,0,0.02232,53.68,0,868724992,0,5.402480495123195,2.7999999,-18.4688368,8.498244023780988,-33.00339272124684,7.6,172.70000000000002,Balanced moderate growth candidate.
PPLPHARMA.NS,PPLPHARMA.NS,Healthcare,Drug Manufacturers - Specialty & Generic,168.02,0.24856124999999998,0.0,0.42857142857142855,0.657075,0.24856124999999998,0,0,0,0,-0.0029699998,60.083,0,222543249408,0.08,0,-2.16,418.42624,11.872598312625904,-37.649504412337684,-8.799999999999999,0,High Financial Strength (F-Score 7/9). Positive Market Sentiment.
FIVESTAR.NS,FIVESTAR.NS,Financial Services,Credit Services,513.45,0.2483975,0.0,0.42857142857142855,0.6559833333333334,0.2483975,0,442.16,-13.83,13.653538,0.17645,123.056,0,151201955840,0.39,10.58198892573114,65.946,0,29.940086941641276,33.22664829182895,9.9,6.800000000000001,Positive Market Sentiment.
SUMIT.NS,SUMIT.NS,Real Estate,Real Estate - Development,56.07,0.24666749999999998,0.0,0.42857142857142855,0.64445,0.24666749999999998,0,41.29,-27.53,24.986843,0.0673,32.611,0,2578960896,0,12.49869963087453,10.520000999999999,-25.482112,31.614214497476432,132.67160324029575,-72.0,-89.7,Overvalued by 27.53%. Positive Market Sentiment.
DCXINDIA.NS,DCXINDIA.NS,Industrials,Aerospace & Defense,180.36,0.246224375,0.2,0.2857142857142857,0.5081625,0.246224375,0,82.26,-54.5,78.2684,0.01844,0.242,0,20142827520,0,4.980316363377238,-6.988999999999999,-159.9643776,-0.4795511313603007,-16.00729045404784,-1.4000000000000001,0,Overvalued by 54.5%. Balanced moderate growth candidate.
LLOYDSME.NS,LLOYDSME.NS,Basic Materials,Steel,1238.7,0.24548999999999999,0.0,0.42857142857142855,0.6366,0.24548999999999999,0,328.19,-73.43,38.342133,0.25819,100.054,0,671745048576,0.08,26.08646666042241,24.006,-4981.7051136,113.45263312931118,146.0220059764436,167.6,89.9,Overvalued by 73.43%. Positive Market Sentiment.
RML.NS,RML.NS,Consumer Cyclical,Auto Parts,793.2,0.245,0.2,0.2857142857142857,0.5,0.245,0,306.54,-61.0,46.31703,0.10007,122.42,0,21722789888,1.01,10.570462767666326,4.598,-126.7212544,25.272317698276225,52.28925377482192,73.8,0,Overvalued by 61.0%. Balanced moderate growth candidate.
TNPL.NS,TNPL.NS,Basic Materials,Paper & Paper Products,139.93,0.245,0.2,0.2857142857142857,0.5,0.245,0,0,0,0,-0.0095999995,90.413,0,9689484288,2.14,5.206632082713171,4.027,-71.3240896,3.8090553023282014,-36.18291694934482,21.4,216.2,Balanced moderate growth candidate.
ARFIN.NS,ARFIN.NS,Basic Materials,Aluminum,81.01,0.245,0.2,0.2857142857142857,0.5,0.245,0,9.62,-88.19,194.04762,0.045110002,92.774,0,13801303040,0.27,11.992401783293715,6.4569995,-25.6258752,5.282926823238587,-0.14897790664530897,-14.2,0,Overvalued by 88.19%. Balanced moderate growth candidate.
AARTIIND.NS,AARTIIND.NS,Basic Materials,Specialty Chemicals,362.0,0.245,0.2,0.2857142857142857,0.5,0.245,0,168.01,-53.58,45.2375,0.05215,69.555,0,131421716480,0.28,5.785514552400457,8.901,-207.7474944,11.164896182865359,-34.6521675776872,29.099999999999998,102.1,Overvalued by 53.58%. Balanced moderate growth candidate.
SHYAMCENT.NS,SHYAMCENT.NS,Basic Materials,Steel,6.12,0.245,0.2,0.2857142857142857,0.5,0.245,0,0,0,0,-0.04531,0.669,0,1309107328,0,-5.563178801891399,-31.441997999999998,-4.0511624,-18.284984706705952,nan,-77.2,0,Balanced moderate growth candidate.
ANTGRAPHIC.NS,ANTGRAPHIC.NS,Consumer Cyclical,Packaging & Containers,1.0,0.245,0.2,0.2857142857142857,0.5,0.245,0,0,0,0,0.07565,65.28,0,155009600,0,-2.228589954089583,15.668000000000001,-3.7552376,-7.964731733777796,nan,1158.7,0,Balanced moderate growth candidate.
KAVDEFENCE.NS,KAVDEFENCE.NS,Technology,Communication Equipment,68.02,0.245,0.2,0.2857142857142857,0.5,0.245,0,13.41,-80.22,47.739437,0.09802,6.754,0,2330231040,0,6.092140408935114,-4.8270002,29.1988256,45.06414715242764,-29.249672050317834,61.7,-87.5,Overvalued by 80.22%. Balanced moderate growth candidate.
MANUGRAPH.NS,MANUGRAPH.NS,Industrials,Specialty Industrial Machinery,15.45,0.245,0.2,0.2857142857142857,0.5,0.245,0,0,0,0,0.00075999997,10.149,0,485467360,0,-40.47157274421028,-4.488,10.6418248,10.243478861060783,nan,14.399999999999999,0,Balanced moderate growth candidate.
MANCREDIT.NS,MANCREDIT.NS,Financial Services,Credit Services,163.05,0.245,0.2,0.2857142857142857,0.5,0.245,0,102.42,-37.55,27.470688,0.08276,174.678,0,3477680384,0.46,5.527309652324083,69.908994,-65.5894272,52.61048094717577,29.04190154886024,35.9,-12.3,Overvalued by 37.55%. Balanced moderate growth candidate.
SCILAL.NS,SCILAL.NS,Real Estate,Real Estate Services,46.42,0.245,0.2,0.2857142857142857,0.5,0.245,0,0,0,0,-0.06303,0.003,0,21617731584,1.18,2.1705741443473454,-253.83399999999997,0.92125,41.0591182147372,nan,53.6,-67.9,Balanced moderate growth candidate.
KIRIINDUS.NS,KIRIINDUS.NS,Basic Materials,Specialty Chemicals,533.6,0.245,0.2,0.2857142857142857,0.5,0.245,0,436.51,-17.64,36.52653,0.03907,37.3,0,31838269440,0,8.88661361552012,-11.8710004,-522.869504,-20.907586314100268,-12.022391304889645,-21.6,0,Balanced moderate growth candidate.
OILCOUNTUB.NS,OILCOUNTUB.NS,Energy,Oil & Gas Equipment & Services,60.69,0.245,0.2,0.2857142857142857,0.5,0.245,0,0,0,0,-0.19785,11.362,0,3145366528,0,-8.554629515651362,-196.06,33.6103872,inf,nan,-55.1,0,Balanced moderate growth candidate.
ARVINDFASN.NS,ARVINDFASN.NS,Consumer Cyclical,Apparel Manufacturing,461.3,0.245,0.2,0.2857142857142857,0.5,0.245,0,0,0,0,0.04823,102.338,0,61411934208,0.35,26.062419710549566,8.184,89.1150016,14.795606883095513,nan,11.3,26.700000000000003,High Financial Strength (F-Score 7/9).
RAJMET.NS,RAJMET.NS,Basic Materials,Copper,4.32,0.245,0.2,0.2857142857142857,0.5,0.245,0,0,0,0,-0.030669998,28.176,0,1199923200,0,10.377358490566039,0.58999998,55.4937472,0.17248778551939292,nan,-74.4,0,Balanced moderate growth candidate.
RADIOCITY.NS,RADIOCITY.NS,Communication Services,Broadcasting,6.53,0.245,0.2,0.2857142857142857,0.5,0.245,0,0,0,0,-0.08512,27.219,0,2280630784,0,-5.104039560721855,-33.126998,9.7191376,11.659572167877897,nan,-31.0,0,Balanced moderate growth candidate.
ATULAUTO.NS,ATULAUTO.NS,Consumer Cyclical,Auto Manufacturers,435.85,0.245,0.2,0.2857142857142857,0.5,0.245,0,188.81,-56.62,44.773663,0.05246,31.784,0,12083922944,0,6.9599984472953835,6.9239999999999995,6.66125,32.52599872844002,-4.635510099911633,10.2,100.0,Overvalued by 56.62%. Balanced moderate growth candidate.
RAJTV.NS,RAJTV.NS,Communication Services,Broadcasting,40.75,0.245,0.2,0.2857142857142857,0.5,0.245,0,0,0,0,-0.02935,19.756,0,2141633664,0,-13.544235371370355,5.58,-1.1630733,22.017526479545513,nan,-56.10000000000001,200.0,Balanced moderate growth candidate.
SETUINFRA.NS,SETUINFRA.NS,Industrials,Engineering & Construction,0.44,0.245,0.2,0.2857142857142857,0.5,0.245,0,0.94,113.99,44.0,0.00184,158.545,0,56716344,0,0.4400428875871984,-1.228,0,0,0,13.0,0,DCF Undervalued by 113.99%. Undervalued by ~113% (Graham).
ICEMAKE.NS,ICEMAKE.NS,Industrials,Specialty Industrial Machinery,749.0,0.245,0.2,0.2857142857142857,0.5,0.245,0,128.48,-82.87,78.20647,0.13062,139.699,0,11834802176,0.3,17.051816644310957,3.672,-89.0515008,32.51470714626983,46.69825282751488,42.699999999999996,-57.99999999999999,Overvalued by 82.87%. Balanced moderate growth candidate.
CINELINE.NS,CINELINE.NS,Communication Services,Entertainment,82.76,0.245,0.2,0.2857142857142857,0.5,0.245,0,0,0,0,-0.06365,71.321,0,2888660224,0,-6.4049686217640875,9.478,183.4733312,67.26542948048768,nan,11.0,336.4,Balanced moderate growth candidate.
SOLARA.NS,SOLARA.NS,Healthcare,Drug Manufacturers - Specialty & Generic,557.15,0.245,0.2,0.2857142857142857,0.5,0.245,0,90.08,-83.86,453.65854,0.00546,51.38,0,26879729664,0,5.652569106560445,3.266,37.4649984,0.29466269442139925,-78.98087270965578,-9.6,0,Overvalued by 83.86%. Balanced moderate growth candidate.
SASKEN.NS,SASKEN.NS,Technology,Information Technology Services,1362.1,0.245,0.2,0.2857142857142857,0.5,0.245,0,555.06,-59.2,52.56183,0.050669998,3.242,0,20598753280,1.84,8.224742952580884,2.2560000000000002,5.7843124,8.283486707991528,-26.808970997482884,89.2,-19.1,Overvalued by 59.2%. Balanced moderate growth candidate.
EPACK.NS,EPACK.NS,Consumer Cyclical,"Furnishings, Fixtures & Appliances",270.1,0.245,0.2,0.2857142857142857,0.5,0.245,0,97.92,-63.85,63.442623,0.043759998,75.66,0,26068293632,0,9.530857860064362,-6.082,-469.693184,32.210949657463786,46.78787022108681,-43.4,0,Overvalued by 63.85%. Balanced moderate growth candidate.
CLEDUCATE.NS,CLEDUCATE.NS,Consumer Defensive,Education & Training Services,82.58,0.245,0.2,0.2857142857142857,0.5,0.245,0,0,0,0,-0.026029998,103.966,0,4506286080,0,1.5114534147734262,8.455,16.9129632,19.082780518595555,nan,66.5,54.0,High Financial Strength (F-Score 7/9).
NIPPOBATRY.NS,NIPPOBATRY.NS,Industrials,Electrical Equipment & Parts,398.9,0.245,0.2,0.2857142857142857,0.5,0.245,0,0,0,0,-0.02226,36.972,0,2980265472,1.25,0,10.69,-38.0310112,0,0,7.3,-26.0,Balanced moderate growth candidate.
MEGASTAR.NS,MEGASTAR.NS,Consumer Defensive,Packaged Foods,225.01,0.245,0.2,0.2857142857142857,0.5,0.245,0,99.95,-55.58,44.03131,0.060650002,177.675,0,2548278528,0,7.170190284692597,5.013,14.085688,25.009231630389973,-11.39811240323283,53.300000000000004,48.6,Overvalued by 55.58%. High Financial Strength (F-Score 7/9).
ARCHIDPLY.NS,ARCHIDPLY.NS,Basic Materials,Lumber & Wood Production,86.7,0.245,0.2,0.2857142857142857,0.5,0.245,0,28.89,-66.4,124.63768,0.01277,178.165,0,1708390016,0,2.983288526402146,4.1890003,-1.177825,22.04707287904992,nan,35.0,0,Overvalued by 66.4%. High Financial Strength (F-Score 7/9).
JOCIL.NS,JOCIL.NS,Basic Materials,Specialty Chemicals,141.37,0.245,0.2,0.2857142857142857,0.5,0.245,0,107.12,-25.33,66.41203,0.00906,2.606,0,1274001024,0.35,0.6595934132855206,0.9730000000000001,-8.7332872,4.7049189195204955,-47.69170494819831,7.000000000000001,63.6,Overvalued by 25.33%. Balanced moderate growth candidate.
SADHNANIQ.NS,SADHNANIQ.NS,Basic Materials,Chemicals,6.64,0.245,0.2,0.2857142857142857,0.5,0.245,0,0,0,0,-0.087290004,102.168,0,2223044864,1.08,5.514502307185234,-765.18497,-25.2844496,8.236901894473192,6.680204880235885,-93.7,0,High Financial Strength (F-Score 7/9).
EUREKAFORB.NS,EUREKAFORB.NS,Consumer Cyclical,"Furnishings, Fixtures & Appliances",566.75,0.245,0.2,0.2857142857142857,0.5,0.245,0,223.69,-60.48,59.08664,0.0421,2.009,0,109526032384,0,5.131833570236801,10.5220005,1.3396625,85.28501427695858,298.43727409352806,14.7,31.3,Overvalued by 60.48%. Balanced moderate growth candidate.
STLTECH.NS,STLTECH.NS,Technology,Communication Equipment,94.09,0.245,0.2,0.2857142857142857,0.5,0.245,0,11.51,-87.78,672.7857,0.0028,93.525,0,45974528000,0,2.416600998161282,4.739,1538.1250048,-10.20239804948363,nan,-26.8,0,Overvalued by 87.78%. Balanced moderate growth candidate.
OAL.NS,OAL.NS,Basic Materials,Specialty Chemicals,280.75,0.245,0.2,0.2857142857142857,0.5,0.245,0,113.83,-59.89,97.19177,0.014880001,60.196,0,9552345088,0.18,7.100786313940348,3.4799999999999995,-184.100608,2.131429674362373,-13.642091450183147,14.6,-95.0,Overvalued by 59.89%. Balanced moderate growth candidate.
JBMA.NS,JBMA.NS,Consumer Cyclical,Auto Parts,561.85,0.245,0.2,0.2857142857142857,0.5,0.245,0,109.17,-80.57,63.701813,0.16403,218.256,0,132927250432,0.16,12.938921294480183,8.1590004,-538.2250496,20.818594714195584,8.935275297004285,6.4,6.4,Overvalued by 80.57%. Balanced moderate growth candidate.
POLYMED.NS,POLYMED.NS,Healthcare,Medical Instruments & Supplies,1666.8,0.24482749999999998,0.0,0.5714285714285714,0.29885,0.24482749999999998,0,480.7,-71.16,46.73395,0.13104999,8.169,0,168966258688,0.21,15.763356452220187,20.22,-194.4842112,21.75755106677897,32.20834875248284,5.7,0.6,Overvalued by 71.16%. High Financial Strength (F-Score 7/9).
TARIL.NS,TARIL.NS,Industrials,Electrical Equipment & Parts,265.9,0.24469416666666666,0.2,0.3333333333333333,0.38685,0.24469416666666666,0,95.22,-64.07,29.477198,0,26.723,0,79543943168,0.08,20.773406315897024,15.867,0,20.23274437500524,148.3595265624829,31.7,34.1,Overvalued by 64.07%. Balanced moderate growth candidate.
GEOJITFSL.NS,GEOJITFSL.NS,Financial Services,Capital Markets,68.4,0.24469416666666666,0.2,0.3333333333333333,0.38685,0.24469416666666666,0,56.16,-17.9,20.417912,0,10.436,0,19091953664,2.29,20.10388494587021,16.063,0,10.86443383629343,3.6126133221560774,-3.8,-64.60000000000001,Balanced moderate growth candidate.
AVROIND.NS,AVROIND.NS,Consumer Cyclical,"Furnishings, Fixtures & Appliances",126.89,0.24403249999999999,0.2,0.2857142857142857,0.49355,0.24403249999999999,0,65.26,-48.57,44.059025,0.06489,26.816,0,1689039232,0,5.323776249101759,8.497,-16.3791744,6.554978137961109,0.7360563726968028,15.8,3.5999999999999996,Overvalued by 48.57%. Balanced moderate growth candidate.
JNKINDIA.NS,JNKINDIA.NS,Industrials,Specialty Industrial Machinery,219.92,0.2427855,0.0,0.42857142857142855,0.61857,0.2427855,0,109.43,-50.03,40.183487,0.0594,4.714,0,12260490240,0.14,10.531705380342704,8.3050005,-15.7052496,17.158616467242748,-5.668726498095989,71.8,71.6,Overvalued by 50.03%. High Financial Strength (F-Score 7/9). Positive Market Sentiment.
AMBER.NS,AMBER.NS,Consumer Cyclical,"Furnishings, Fixtures & Appliances",6113.5,0.2427855,0.0,0.42857142857142855,0.61857,0.2427855,0,1230.13,-79.97,94.75308,0.077810004,74.27,0,215956324352,0,12.824421769011735,1.2779999499999999,-1196.0876032,33.064202948319135,30.65839690608709,-2.1999999999999997,0,Overvalued by 79.97%. High Financial Strength (F-Score 7/9). Positive Market Sentiment.
PNC.NS,PNC.NS,Communication Services,Entertainment,26.13,0.2427675,0.2,0.14285714285714285,0.81845,0.2427675,0,0,0,0,-0.01459,2.01,0,363411040,0,-1.7196541701613628,-27.939999999999998,-3.6942624,-9.076412436612246,nan,12.7,0,Positive Market Sentiment.
IVALUE.NS,IVALUE.NS,Technology,Information Technology Services,251.25,0.24151374999999997,0.0,0.5,0.443425,0.24151374999999997,0,194.21,-22.46,13.806505,0,19.844,0,13678321664,0,25.078958363448066,11.9490005,0,22.570503081423432,31.971370164075697,52.1,54.0,Overvalued by 22.46%. Balanced moderate growth candidate.
SIEMENS.NS,SIEMENS.NS,Industrials,Specialty Industrial Machinery,2970.8,0.24083333333333332,0.2,0.16666666666666666,0.75,0.24083333333333332,0,608.72,-79.46,62.35641,0,1.098,0,1055537430528,0.4,17.365206084248086,10.549,0,3.036545984675154,10.896135565363618,-20.0,-41.6,Overvalued by 79.46%. Positive Market Sentiment.
CLEANMAX.NS,CLEANMAX.NS,Utilities,Utilities - Renewable,1193.4,0.2395385,0.4,0.0,0.66359,0.2395385,0,135.41,-88.65,384.96777,0,303.243,0,139722293248,0,6.632345016853658,36.019,0,0,0,13.0,972.0000000000001,Overvalued by 88.65%. Positive Market Sentiment.
INOXGREEN.NS,INOXGREEN.NS,Utilities,Utilities - Renewable,187.15,0.23790999999999998,0.4,0.14285714285714285,0.3194,0.23790999999999998,0,37.71,-80.04,160.15254,0.03175,4.695,0,70811844608,0,2.2932151001491334,-1.7469999999999999,25.6212,13.177455045985687,-40.325230235167055,55.60000000000001,336.7,Overvalued by 80.04%. Balanced moderate growth candidate.
SECURKLOUD.NS,SECURKLOUD.NS,Technology,Software - Application,24.59,0.23719999999999997,0.4,0.0,0.648,0.23719999999999997,0,0,0,0,0,0,0,820230272,0,-22.721674590310148,-57.916000000000004,-45.377712,-23.830244260363198,nan,-22.2,0,Positive Market Sentiment.
IREDA.NS,IREDA.NS,Financial Services,Credit Services,138.1,0.23552033333333333,0.2,0.16666666666666666,0.71458,0.23552033333333333,0,86.12,-37.62,20.18421,0,554.116,0,387842473984,0,5.3327396097823065,87.421995,0,33.533683652269964,38.91621490088548,40.8,32.5,Overvalued by 37.62%. Positive Market Sentiment.
MAZDOCK.NS,MAZDOCK.NS,Unknown,Unknown,2470.8,0.23481875,0.4,0,0.632125,0.23481875,0,0,0,0,0,0,0,0,0,0,0,0,0,0,0,0,Positive Market Sentiment.
JSWDULUX.NS,JSWDULUX.NS,Unknown,Unknown,2905.6,0.23459249999999998,0.2,0.2,0.6306166666666666,0.23459249999999998,0,0,0,6.7009597,0,0,0,132294606848,0,96.9815630608582,0,0,-1.5926966750113625,80.59660102020334,0,0,Positive Market Sentiment.
POWERGRID.NS,POWERGRID.NS,Utilities,Utilities - Regulated Electric,258.35,0.234489,0.0,0.42857142857142855,0.56326,0.234489,0,192.63,-25.4,16.679588,0.15918,141.186,0,2401415987200,5.23,12.204384143787426,51.33,-4503.6511232,2.6138719948803235,-2.6505173375778845,1.7999999999999998,-5.8999999999999995,Overvalued by 25.4%. Balanced moderate growth candidate.
RAIN.NS,RAIN.NS,Basic Materials,Specialty Chemicals,144.78,0.23303599999999997,0.4,0.0,0.62024,0.23303599999999997,0,0,0,0,0,132.969,0,48622129152,0.69,4.696911446968039,8.524,0,2.0401947052061775,nan,13.8,0,Positive Market Sentiment.
PITTIENG.NS,PITTIENG.NS,Industrials,Metal Fabrication,727.95,0.2330275,0.0,0.5,0.38685,0.2330275,0,441.0,-39.67,21.368021,0,82.817,0,27482712064,0.21,14.569530685021167,15.329,0,21.1994672878578,33.092924672309735,11.3,5.7,Overvalued by 39.67%. Balanced moderate growth candidate.
GODREJPROP.NS,GODREJPROP.NS,Real Estate,Real Estate - Development,1871.4,0.23258625,0.0,0.42857142857142855,0.550575,0.23258625,0,840.57,-55.09,36.240078,0.103599995,87.886,0,563798016000,0,5.746006007976268,-72.813004,-5638.9824512,40.65377989828978,58.37926685015131,-32.300000000000004,11.600000000000001,Overvalued by 55.09%. Balanced moderate growth candidate.
ALLCARGO.NS,ALLCARGO.NS,Industrials,Integrated Freight & Logistics,10.41,0.23185583333333332,0.2,0.16666666666666666,0.69015,0.23185583333333332,0,5.6,-46.29,52.1,0.01914,0,0,10243811328,6.36,4.926144036531206,5.604,1103.425024,-5.64440309956149,-66.24613955823571,111.9,298.3,Overvalued by 46.29%. Positive Market Sentiment.
BLUECHIP.NS,BLUECHIP.NS,Financial Services,Capital Markets,2.87,0.2307395,0.4,0.0,0.60493,0.2307395,0,0,0,0,-3.36923,0,0,174399840,0,0,-657.377,-3.6577624,79.51563946332824,nan,0,0,Positive Market Sentiment.
JUBLFOOD.NS,JUBLFOOD.NS,Consumer Cyclical,Restaurants,529.3,0.23032375,0.0,0.2857142857142857,0.868825,0.23032375,0,59.05,-88.83,117.5,0.13579,202.293,0,347651571712,0.23,23.080403371955647,10.5059996,276.6192384,20.73394302333147,-20.558519396143048,19.7,203.39999999999998,Overvalued by 88.83%. Positive Market Sentiment.
SHEMAROO.NS,SHEMAROO.NS,Communication Services,Entertainment,103.17,0.22947249999999997,0.0,0.2857142857142857,0.86315,0.22947249999999997,0,0,0,0,-0.2994,78.655,0,2816722944,0,-10.306639229239394,-39.262,132.501056,21.560534504342787,nan,-11.5,0,Positive Market Sentiment.
INOXWIND.NS,INOXWIND.NS,Industrials,Specialty Industrial Machinery,109.25,0.2286435,0.0,0.42857142857142855,0.52429,0.2286435,0,65.28,-40.25,29.368279,0.09874,15.713,0,188916973568,0,9.7120315898013,15.808,-1793.0614784,77.736953020646,-2.2713365479925973,52.800000000000004,-1.4000000000000001,Overvalued by 40.25%. Balanced moderate growth candidate.
TATAPOWER.NS,TATAPOWER.NS,Utilities,Utilities - Independent Power Producers,367.4,0.2273265,0.0,0.42857142857142855,0.51551,0.2273265,0,183.85,-49.94,28.966875,0.11721,156.16,0,1173950169088,0.61,10.777354873696291,13.766,-6971.0749696,15.290900876281643,31.622093615899004,-1.0,-0.7000000000000001,Overvalued by 49.94%. Balanced moderate growth candidate.
SANGHIIND.NS,SANGHIIND.NS,Basic Materials,Building Materials,64.33,0.22609999999999997,0.4,0.0,0.574,0.22609999999999997,0,0,0,0,-0.65198,592.976,0,16724024320,0,-11.711397587016249,-23.873,91.8862528,-4.998892619536699,nan,88.1,0,Balanced moderate growth candidate.
SMARTWORKS.NS,SMARTWORKS.NS,Real Estate,Real Estate Services,478.4,0.2260535,0.4,0.0,0.57369,0.2260535,0,0,0,0,0,860.311,0,54160224256,0,50.7656466614325,16.98,0,56.24472783912806,nan,21.2,0,Balanced moderate growth candidate.
MAHLIFE.NS,MAHLIFE.NS,Real Estate,Real Estate - Development,376.25,0.22549749999999996,0.4,0.14285714285714285,0.23665000000000003,0.22549749999999996,0,186.95,-49.9,42.403408,0.06157,9.505,0,79598215168,0.74,2.700781890687955,-335.87701,-757.931264,-1.8246256386493687,-26.520234499361028,130.7,0,Overvalued by 49.9%. Balanced moderate growth candidate.
MTNL.NS,MTNL.NS,Communication Services,Telecom Services,33.69,0.22518499999999997,0.4,0.0,0.5679,0.22518499999999997,0,0,0,0,0,0,0,21262499840,0,-12.252447993892861,-115.27199999999999,-1236.9662976,-15.56057369035122,nan,8.9,0,Balanced moderate growth candidate.
TTKPRESTIG.NS,TTKPRESTIG.NS,Consumer Cyclical,"Furnishings, Fixtures & Appliances",592.0,0.22499999999999998,0.0,0.42857142857142855,0.5,0.22499999999999998,0,157.41,-73.5,74.905426,0.05519,9.993,0,81434640384,1.01,9.844811868059008,9.274000000000001,-48.7924992,-0.11239420031592395,-28.28396101026771,11.200000000000001,22.8,Overvalued by 73.5%. High Financial Strength (F-Score 7/9).
SUNDROP.NS,SUNDROP.NS,Consumer Defensive,Packaged Foods,670.95,0.22499999999999998,0.0,0.42857142857142855,0.5,0.22499999999999998,0,0,0,0,-0.11101,0.931,0,25295665152,0.36,-10.00479706336295,-1.075,6.1033752,-0.6722144353411119,nan,86.0,0,High Financial Strength (F-Score 9/9).
VAKRANGEE.NS,VAKRANGEE.NS,Technology,Information Technology Services,7.44,0.22499999999999998,0.0,0.42857142857142855,0.5,0.22499999999999998,0,2.1,-71.71,82.666664,0.04699,1.919,0,8068884480,0.56,5.644502778410351,4.0799997999999995,61.7321024,9.582774317227095,1065.8880454216396,5.8999999999999995,326.1,Overvalued by 71.71%. High Financial Strength (F-Score 7/9).
RAMRAT.NS,RAMRAT.NS,Industrials,Electrical Equipment & Parts,296.85,0.22499999999999998,0.0,0.42857142857142855,0.5,0.22499999999999998,0,97.8,-66.98,37.92574,0.15586,122.585,0,27649996800,0.42,19.35001653559206,4.0289998,-353.4600192,17.103724959201493,10.363052174132958,23.799999999999997,19.400000000000002,Overvalued by 66.98%. Balanced moderate growth candidate.
KOLTEPATIL.NS,KOLTEPATIL.NS,Real Estate,Real Estate - Development,375.4,0.22499999999999998,0.0,0.42857142857142855,0.5,0.22499999999999998,0,163.31,-56.68,43.837208,0.066599995,86.31,0,33470937088,0.99,10.785916524411942,-29.892999999999997,140.6574976,15.400816233485525,10.299363242543391,-55.00000000000001,0,Overvalued by 56.68%. High Financial Strength (F-Score 7/9).
GODREJAGRO.NS,GODREJAGRO.NS,Consumer Defensive,Packaged Foods,548.65,0.22499999999999998,0.0,0.42857142857142855,0.5,0.22499999999999998,0,218.68,-60.17,24.292034,0.17841999,110.727,0,105748070400,2.0,18.72762474842776,6.099,646.1150208,4.302603497619217,2.1976386658249414,5.0,-17.599999999999998,Overvalued by 60.17%. Balanced moderate growth candidate.
ORCHASP.NS,ORCHASP.NS,Technology,Software - Application,2.68,0.22499999999999998,0.0,0.42857142857142855,0.5,0.22499999999999998,0,1.16,-57.05,135.5,0.03787,14.047,0,865981504,0,-8.109945685936085,3.7130002,2.0015,-17.31462520387561,nan,64.4,0,Overvalued by 57.05%. High Financial Strength (F-Score 7/9).
IITL.NS,IITL.NS,Financial Services,Credit Services,150.53,0.22499999999999998,0.0,0.42857142857142855,0.5,0.22499999999999998,0,0,0,0,-0.010369999,0.692,0,3382132480,0,1.1485309086370152,473.81,-16.635712,116.33513678735814,-50.20642513597081,0,0,High Financial Strength (F-Score 7/9).
SGMART.NS,SGMART.NS,Industrials,Industrial Distribution,340.75,0.22499999999999998,0.0,0.42857142857142855,0.5,0.22499999999999998,0,165.48,-51.44,34.006985,0.09,17.439,0,42934501376,0,9.411287219519394,1.5070000000000001,427.3912576,5289.899793808718,600.655225815869,-6.1,55.1,Overvalued by 51.44%. Balanced moderate growth candidate.
ACEINTEG.NS,ACEINTEG.NS,Industrials,Staffing & Employment Services,20.56,0.22499999999999998,0.0,0.42857142857142855,0.5,0.22499999999999998,0,0,0,0,-0.106920004,0.64,0,209712000,0,-11.76470588235294,-223.529,2.26,-0.729953030699193,nan,-94.6,0,High Financial Strength (F-Score 7/9).
CARBORUNIV.NS,CARBORUNIV.NS,Industrials,Conglomerates,807.65,0.22499999999999998,0.0,0.42857142857142855,0.5,0.22499999999999998,0,218.76,-72.93,75.23277,0.05513,7.95,0,154173374464,0.5,13.394321856103709,7.255000000000001,48.7002496,13.685776638960157,-4.238441874355425,6.0,-35.099999999999994,Overvalued by 72.93%. High Financial Strength (F-Score 7/9).
SIMPLEXINF.NS,SIMPLEXINF.NS,Industrials,Engineering & Construction,236.1,0.22499999999999998,0.0,0.42857142857142855,0.5,0.22499999999999998,0,139.99,-40.68,32.77778,0.080740005,196.588,0,18666502144,0,1.0476656364188883,3.5970000000000004,4159.1410688,-19.200774593335733,-72.01070357657042,-7.5,0,Overvalued by 40.68%. High Financial Strength (F-Score 7/9).
STOVEKRAFT.NS,STOVEKRAFT.NS,Consumer Cyclical,"Furnishings, Fixtures & Appliances",538.55,0.22499999999999998,0.0,0.42857142857142855,0.5,0.22499999999999998,0,214.92,-60.06,39.187912,0.09545,52.576,0,17813393408,0.56,12.159311411587794,7.635,-2.260375,7.862098998042999,-11.850137830582085,13.4,27.700000000000003,Overvalued by 60.06%. Balanced moderate growth candidate.
APTUS.NS,APTUS.NS,Financial Services,Mortgage Finance,270.3,0.22499999999999998,0.0,0.42857142857142855,0.5,0.22499999999999998,0,188.05,-30.48,16.062944,0.19451,157.024,0,135593484288,1.66,6.729488812476932,79.405,0,25.813198021070516,26.6111725506994,24.3,24.2,Overvalued by 30.48%. Balanced moderate growth candidate.
PAKKA.NS,PAKKA.NS,Basic Materials,Paper & Paper Products,97.36,0.22499999999999998,0.0,0.42857142857142855,0.5,0.22499999999999998,0,61.6,-36.49,57.7381,0.02231,66.419,0,4359965696,0,8.678187926363659,0.8410000000000001,-307.7443072,11.733302738115947,1.6613076276351668,-31.3,0,Overvalued by 36.49%. High Financial Strength (F-Score 7/9).
ATL.NS,ATL.NS,Industrials,Integrated Freight & Logistics,26.29,0.22499999999999998,0.0,0.42857142857142855,0.5,0.22499999999999998,0,17.76,-32.36,23.026316,0.10318,208.703,0,7661307392,0,21.22144363533616,11.831000399999999,66.8603776,0,0,6.3,-2.1999999999999997,Overvalued by 32.36%. Balanced moderate growth candidate.
UNIINFO.NS,UNIINFO.NS,Communication Services,Telecom Services,15.07,0.22499999999999998,0.0,0.42857142857142855,0.5,0.22499999999999998,0,0,0,0,0.0049,15.548,0,164674064,0,-0.9972566174835027,2.636,-2.027625,-7.1014367706808805,nan,34.300000000000004,0,High Financial Strength (F-Score 7/9).
FLUOROCHEM.NS,FLUOROCHEM.NS,Basic Materials,Specialty Chemicals,3397.8,0.22499999999999998,0.0,0.42857142857142855,0.5,0.22499999999999998,0,982.69,-70.95,54.705692,0.09854,22.475,0,371622543360,0.09,9.079300078892091,20.165001,-355.4337536,5.289001395380422,-11.477139774575917,1.9,48.4,Overvalued by 70.95%. High Financial Strength (F-Score 7/9).
GLOBUSSPR.NS,GLOBUSSPR.NS,Consumer Defensive,Beverages - Wineries & Distilleries,967.0,0.22499999999999998,0.0,0.42857142857142855,0.5,0.22499999999999998,0,450.96,-53.29,36.71103,0.04458,45.349,0,27972595712,0.26,4.402832039648026,5.627,-26.4249248,17.134655499666664,-50.05152497142831,3.6999999999999997,1577.8,Overvalued by 53.29%. Balanced moderate growth candidate.
KOKUYOCMLN.NS,KOKUYOCMLN.NS,Industrials,Business Equipment & Supplies,87.53,0.22499999999999998,0.0,0.42857142857142855,0.5,0.22499999999999998,0,36.04,-59.14,48.729282,0.05868,28.954,0,8859015168,0.44,3.813771210984276,4.935,32.791024,14.482494827144897,7.248080415136071,-8.9,0,Overvalued by 59.14%. High Financial Strength (F-Score 7/9).
TARSONS.NS,TARSONS.NS,Healthcare,Medical Instruments & Supplies,217.26,0.22499999999999998,0.0,0.42857142857142855,0.5,0.22499999999999998,0,101.17,-53.18,55.5527,0.03316,63.182,0,11500098560,0.65,6.684279474160697,4.849,-69.9444992,9.29619969823634,-33.37535872481785,3.1,-67.9,Overvalued by 53.18%. High Financial Strength (F-Score 7/9).
GMMPFAUDLR.NS,GMMPFAUDLR.NS,Industrials,Specialty Industrial Machinery,1015.6,0.22499999999999998,0.0,0.42857142857142855,0.5,0.22499999999999998,0,296.48,-70.85,68.11788,0.055040002,89.639,0,45734506496,0.2,10.037587919278598,9.432,14.1724992,7.995637110061571,-14.601177023216872,12.0,140.1,Overvalued by 70.85%. High Financial Strength (F-Score 7/9).
INDTERRAIN.NS,INDTERRAIN.NS,Consumer Cyclical,Apparel Retail,32.62,0.22499999999999998,0.0,0.42857142857142855,0.5,0.22499999999999998,0,0,0,0,-0.07118,59.773,0,1654745856,0,-6.316219933826536,4.873,-3.1275,0.42440303241166877,nan,17.599999999999998,0,High Financial Strength (F-Score 7/9).
IRISDOREME.NS,IRISDOREME.NS,Consumer Cyclical,Apparel Manufacturing,33.15,0.22499999999999998,0.0,0.42857142857142855,0.5,0.22499999999999998,0,11.28,-65.72,41.1375,0.13097,20.588,0,5617026560,0,18.31645936265389,13.378,-21.1813744,9.423403926897333,8.949213802398193,7.3999999999999995,-6.4,Overvalued by 65.72%. Balanced moderate growth candidate.
IKIO.NS,IKIO.NS,Technology,Electronic Components,170.11,0.22499999999999998,0.0,0.42857142857142855,0.5,0.22499999999999998,0,67.21,-60.9,69.314514,0.03612,10.202,0,13307211776,0.53,7.824143325106882,6.703,-59.0294976,13.553309992022333,-15.102539382184299,31.3,-15.6,Overvalued by 60.9%. High Financial Strength (F-Score 7/9).
ERIS.NS,ERIS.NS,Healthcare,Drug Manufacturers - Specialty & Generic,1473.9,0.22499999999999998,0.0,0.42857142857142855,0.5,0.22499999999999998,0,394.61,-73.18,48.230087,0.1342,68.185,0,200443166720,1.0,13.649682904916963,27.733,472.6062592,29.487380868458303,-4.669301887762501,6.9,31.1,Overvalued by 73.18%. Balanced moderate growth candidate.
AKSHARCHEM.NS,AKSHARCHEM.NS,Basic Materials,Specialty Chemicals,227.13,0.22499999999999998,0.0,0.42857142857142855,0.5,0.22499999999999998,0,132.03,-42.6,96.63865,0.00733,28.443,0,1847612800,0.33,3.1487166297251705,-1.9640000000000002,-6.6985,-2.0282546843525373,-33.07559217928042,13.100000000000001,0,Overvalued by 42.6%. High Financial Strength (F-Score 7/9).
BAJEL.NS,BAJEL.NS,Utilities,Utilities - Regulated Electric,166.63,0.22499999999999998,0.0,0.42857142857142855,0.5,0.22499999999999998,0,49.74,-70.33,152.40909,0.019919999,15.984,0,19404984320,0,7.7997173535902515,2.935,-0.6346625,0,0,-7.3,64.5,Overvalued by 70.33%. High Financial Strength (F-Score 7/9).
HLVLTD.NS,HLVLTD.NS,Consumer Cyclical,Lodging,8.95,0.22499999999999998,0.0,0.42857142857142855,0.5,0.22499999999999998,0,4.3,-52.18,75.0,0.016900001,8.381,0,5933339136,0,5.826562252147362,-30.868000000000002,-3.6995124,40.69705873547509,-14.979718330453895,-17.4,0,Overvalued by 52.18%. High Financial Strength (F-Score 7/9).
BOMDYEING.NS,BOMDYEING.NS,Consumer Cyclical,Textile Manufacturing,124.05,0.22499999999999998,0.0,0.42857142857142855,0.5,0.22499999999999998,0,108.38,-12.54,26.309978,0.04038,0.13,0,25593804800,0.97,25.778675902918106,-5.8569998,-248.7800064,-7.161487578920688,2.1157365605705802,-4.7,-99.5,Balanced moderate growth candidate.
IRIS.NS,IRIS.NS,Technology,Software - Application,280.8,0.22499999999999998,0.0,0.42857142857142855,0.5,0.22499999999999998,0,92.81,-67.75,69.17068,0.071329996,1.086,0,5918513152,0,23.929915868724894,-1.2519999,40.2974368,27.15451544369396,135.44959958105244,-7.3999999999999995,2754.2999999999997,Overvalued by 67.75%. High Financial Strength (F-Score 7/9).
RITCO.NS,RITCO.NS,Industrials,Integrated Freight & Logistics,253.2,0.22499999999999998,0.0,0.42857142857142855,0.5,0.22499999999999998,0,181.9,-28.24,19.321646,0.12408,107.999,0,7217273856,0,12.403073474865451,5.153,-166.1483136,26.1019099371357,37.38214030098948,29.099999999999998,-18.099999999999998,Overvalued by 28.24%. Balanced moderate growth candidate.
JYOTISTRUC.NS,JYOTISTRUC.NS,Industrials,Specialty Industrial Machinery,8.83,0.22499999999999998,0.0,0.42857142857142855,0.5,0.22499999999999998,0,6.43,-27.46,20.60465,0.14052,385.421,0,10574134272,0,1.389030023997311,3.7379999999999995,-91.3193984,382.5527319843897,-5.745727167665526,40.1,1.9,Overvalued by 27.46%. Balanced moderate growth candidate.
ARIHANTSUP.NS,ARIHANTSUP.NS,Real Estate,Real Estate - Development,308.8,0.22499999999999998,0.0,0.42857142857142855,0.5,0.22499999999999998,0,124.62,-59.74,22.314348,0.16219999,197.85,0,13385872384,0.49,9.533008834106269,23.833,-323.9044608,14.634338129665746,9.766811223302675,9.700000000000001,-46.2,Overvalued by 59.74%. Balanced moderate growth candidate.
WEIZMANIND.NS,WEIZMANIND.NS,Consumer Cyclical,Textile Manufacturing,92.48,0.22499999999999998,0.0,0.42857142857142855,0.5,0.22499999999999998,0,0,0,0,-0.0535,11.861,0,1432871424,0.54,17.079855434737915,8.356,-1.188575,5.5037334552602735,nan,14.099999999999998,-9.9,High Financial Strength (F-Score 7/9).
DEEPAKNTR.NS,DEEPAKNTR.NS,Basic Materials,Chemicals,1564.0,0.22499999999999998,0.0,0.42857142857142855,0.5,0.22499999999999998,0,595.44,-61.98,40.215717,0.09961,22.412,0,213591506944,0.48,14.94465788510794,7.941,-825.5275008,6.106428406574627,-13.212973387909821,-6.4,-38.800000000000004,Overvalued by 61.98%. High Financial Strength (F-Score 7/9).
PILITA.NS,PILITA.NS,Consumer Cyclical,"Furnishings, Fixtures & Appliances",9.05,0.22499999999999998,0.0,0.42857142857142855,0.5,0.22499999999999998,0,3.76,-58.43,41.136364,0.067090005,18.778,0,2126750080,0,9.556009530473442,5.728,-2.5657624,15.261626482847856,27.7630685005658,26.700000000000003,0,Overvalued by 58.43%. High Financial Strength (F-Score 7/9).
MAXESTATES.NS,MAXESTATES.NS,Real Estate,Real Estate - Development,424.7,0.22499999999999998,0.0,0.42857142857142855,0.5,0.22499999999999998,0,119.33,-71.85,103.89706,0.01773,69.537,0,69278416896,0,2.4978341042387084,37.388,-692.6241792,32.31010774813028,101.3557558236367,41.4,261.2,Overvalued by 71.85%. High Financial Strength (F-Score 7/9).
YUKEN.NS,YUKEN.NS,Industrials,Specialty Industrial Machinery,805.4,0.22499999999999998,0.0,0.42857142857142855,0.5,0.22499999999999998,0,316.53,-60.93,49.312233,0.065409996,33.231,0,11005757440,0.19,10.79310378446222,7.303,-21.0780128,11.478376876313611,21.55487293420797,-2.7,-29.2,Overvalued by 60.93%. High Financial Strength (F-Score 7/9).
SURAJLTD.NS,SURAJLTD.NS,Basic Materials,Steel,232.91,0.22499999999999998,0.0,0.42857142857142855,0.5,0.22499999999999998,0,65.27,-71.62,89.84375,0.034730002,32.135,0,4223742976,1.29,11.696484697447147,1.5829999000000001,0.7977375,-12.157667021583096,64.25257180790236,-11.4,-87.2,Overvalued by 71.62%. High Financial Strength (F-Score 7/9).
INDIASHLTR.NS,INDIASHLTR.NS,Financial Services,Mortgage Finance,784.1,0.22499999999999998,0.0,0.42857142857142855,0.5,0.22499999999999998,0,492.6,-37.3,19.647411,0.16498,188.395,0,85398618112,0.64,6.421800276576893,63.21,0,39.08905070673385,43.28721842291381,30.9,35.0,Overvalued by 37.3%. Balanced moderate growth candidate.
AIRAN.NS,AIRAN.NS,Technology,Information Technology Services,16.58,0.22499999999999998,0.0,0.42857142857142855,0.5,0.22499999999999998,0,6.92,-58.32,92.22222,0.01619,0.678,0,2075332096,0,16.235975828556846,5.054,6.0154124,6.857694431247174,24.32357428734433,0.2,0,Overvalued by 58.32%. High Financial Strength (F-Score 9/9).
GVPIL.NS,GVPIL.NS,Industrials,Engineering & Construction,303.95,0.22499999999999998,0.0,0.42857142857142855,0.5,0.22499999999999998,0,99.69,-67.26,39.590378,0.07482,5.207,0,20467404800,0,-0.6664139978523151,9.026,-322.2840064,-26.32871480109209,-11.088843750280153,28.999999999999996,-51.7,Overvalued by 67.26%. Balanced moderate growth candidate.
IGARASHI.NS,IGARASHI.NS,Consumer Cyclical,Auto Parts,406.75,0.22499999999999998,0.0,0.42857142857142855,0.5,0.22499999999999998,0,126.73,-68.96,84.349174,0.03302,30.826,0,12849688576,0.61,7.2161218777050395,4.24,11.7456376,14.8009767074061,172.83476876121898,1.4000000000000001,-41.9,Overvalued by 68.96%. High Financial Strength (F-Score 7/9).
VALIANTORG.NS,VALIANTORG.NS,Basic Materials,Chemicals,256.55,0.22499999999999998,0.0,0.42857142857142855,0.5,0.22499999999999998,0,222.42,-12.98,30.647482,0.032309998,31.902,0,7161812480,0,0,7.23,-8.9104624,0,0,-1.7999999999999998,0,Balanced moderate growth candidate.
MAHLOG.NS,MAHLOG.NS,Industrials,Integrated Freight & Logistics,305.05,0.22499999999999998,0.0,0.42857142857142855,0.5,0.22499999999999998,0,0,0,0,-0.037219997,57.981,0,29994954752,0.75,8.530728719578685,0.7929999,-14.6262496,13.907068299823111,nan,10.8,0,High Financial Strength (F-Score 7/9).
DBREALTY.NS,DBREALTY.NS,Real Estate,Real Estate - Development,108.7,0.22499999999999998,0.0,0.42857142857142855,0.5,0.22499999999999998,0,10.98,-89.88,1550.0,0.00298,24.791,0,58503680000,0,-1.4414032266833945,30.804002000000004,620.3753984,72.84314100498264,nan,73.1,0,Overvalued by 89.88%. High Financial Strength (F-Score 7/9).
RAYMONDLSL.NS,RAYMONDLSL.NS,Consumer Cyclical,Apparel Manufacturing,945.1,0.22499999999999998,0.0,0.42857142857142855,0.5,0.22499999999999998,0,661.65,-29.93,76.83482,0.00777,25.695,0,57513336832,0,2.4219216232345335,7.343,-31.8524992,285.17908146559233,38.345387760040396,7.3,78.3,Overvalued by 29.93%. High Financial Strength (F-Score 7/9).
LLOYDSENGG.NS,LLOYDSENGG.NS,Industrials,Specialty Industrial Machinery,50.89,0.22499999999999998,0.0,0.42857142857142855,0.5,0.22499999999999998,0,14.52,-71.51,48.98077,0.17052001,15.717,0,75083644928,0.49,21.100433476296416,13.541001,-692.1446912,156.83291733554577,158.8436365263033,49.3,62.5,Overvalued by 71.51%. Balanced moderate growth candidate.
VGL.NS,VGL.NS,Consumer Cyclical,Textile Manufacturing,134.96,0.22499999999999998,0.0,0.42857142857142855,0.5,0.22499999999999998,0,89.3,-33.38,15.026905,0.31074,27.428,0,3506610944,0,34.57851186268318,44.248,114.0851328,-53.0772188426994,-33.308295496065845,79.80000000000001,12.5,Overvalued by 33.38%. Balanced moderate growth candidate.
ASIANENE.NS,ASIANENE.NS,Energy,Oil & Gas Equipment & Services,257.1,0.22499999999999998,0.0,0.42857142857142855,0.5,0.22499999999999998,0,130.11,-49.57,34.72409,0.08415,23.826,0,11544743936,0.39,14.205480207704223,3.343,-155.289472,21.67753819110971,2.7672632254853724,4.3999999999999995,0,Overvalued by 49.57%. Balanced moderate growth candidate.
GUFICBIO.NS,GUFICBIO.NS,Healthcare,Drug Manufacturers - Specialty & Generic,315.05,0.22499999999999998,0.0,0.42857142857142855,0.5,0.22499999999999998,0,89.67,-71.7,55.873013,0.094440006,58.497,0,31769495552,0.03,12.855518132947077,12.686,-31.6479744,1.4982345652643225,-10.093631469165809,16.1,-22.6,Overvalued by 71.7%. High Financial Strength (F-Score 7/9).
SGL.NS,SGL.NS,Consumer Cyclical,Textile Manufacturing,12.27,0.22499999999999998,0.0,0.42857142857142855,0.5,0.22499999999999998,0,0,0,0,-0.00494,56.3,0,345422976,0,-1.382945298400041,1.83,1.22965,-2.911923073985767,nan,13.900000000000002,0,High Financial Strength (F-Score 7/9).
REPRO.NS,REPRO.NS,Industrials,Specialty Business Services,441.65,0.22499999999999998,0.0,0.42857142857142855,0.5,0.22499999999999998,0,0,0,0,-0.05529,35.444,0,6375981056,0,1.3755097542158052,-0.13,-23.4575008,17.850484031952043,nan,3.0,0,High Financial Strength (F-Score 7/9).
EXXARO.NS,EXXARO.NS,Industrials,Building Products & Equipment,7.11,0.22499999999999998,0.0,0.42857142857142855,0.5,0.22499999999999998,0,4.86,-31.71,47.399998,0.024500001,31.657,0,3181090048,0,3.5220009866156374,5.728,12.6382872,-2.490983912420841,nan,-1.3,0,Overvalued by 31.71%. High Financial Strength (F-Score 7/9).
SURANASOL.NS,SURANASOL.NS,Technology,Solar,24.14,0.22499999999999998,0.0,0.42857142857142855,0.5,0.22499999999999998,0,3.23,-86.64,603.5,0.00291,0.246,0,1187847296,0,-0.09498453159973197,-112.02700000000002,-0.85815,16.040642984802457,nan,-82.0,57.099999999999994,Overvalued by 86.64%. High Financial Strength (F-Score 7/9).
AIROLAM.NS,AIROLAM.NS,Consumer Cyclical,"Furnishings, Fixtures & Appliances",91.69,0.22499999999999998,0.0,0.42857142857142855,0.5,0.22499999999999998,0,44.67,-51.28,50.938892,0.10349,117.642,0,1375533440,0,6.197668419242298,7.636,-0.9248125,8.127867214701311,-25.307900703501886,19.400000000000002,0,Overvalued by 51.28%. High Financial Strength (F-Score 7/9).
TTL.NS,TTL.NS,Consumer Cyclical,Textile Manufacturing,7.38,0.22499999999999998,0.0,0.42857142857142855,0.5,0.22499999999999998,0,0,0,0,-0.02437,58.218,0,1906334848,0.73,11.068574017793498,3.2329999999999997,-28.9477376,-18.147535804587513,-34.414981695763025,-15.9,-74.7,High Financial Strength (F-Score 7/9).
PRSMJOHNSN.NS,PRSMJOHNSN.NS,Basic Materials,Building Materials,121.97,0.22499999999999998,0.0,0.42857142857142855,0.5,0.22499999999999998,0,50.55,-58.56,33.50824,0.0964,93.47,0,61394403328,0,8.421624558543874,2.506,-114.2349952,5.570103543340532,-4.500075753395915,10.100000000000001,0,Overvalued by 58.56%. Balanced moderate growth candidate.
VIRINCHI.NS,VIRINCHI.NS,Technology,Software - Application,20.6,0.22499999999999998,0.0,0.42857142857142855,0.5,0.22499999999999998,0,0,0,0,-0.029860001,64.151,0,2114526080,0,6.434154430114258,-5.824,34.8599616,-11.58497646258796,-63.0104097794522,-16.8,0,High Financial Strength (F-Score 7/9).
VESUVIUS.NS,VESUVIUS.NS,Industrials,Specialty Industrial Machinery,460.4,0.2247575,0.2,0.2,0.56505,0.2247575,0,138.09,-70.03,38.336105,0,0,0,93533454336,0.31,24.459989238219695,9.557,0,21.4075839676688,57.2329133535425,25.8,58.599999999999994,Overvalued by 70.03%. Balanced moderate growth candidate.
ICICIAMC.NS,ICICIAMC.NS,Financial Services,Asset Management,2997.4,0.22464083333333335,0.2,0.16666666666666666,0.64205,0.22464083333333335,0,341.53,-88.25,44.49036,0,4.117,0,1436809560064,0.99,100.98551581772793,75.343,0,0,0,35.199999999999996,45.1,Overvalued by 88.25%. Positive Market Sentiment.
NTPCGREEN.NS,NTPCGREEN.NS,Utilities,Utilities - Renewable,91.75,0.2236785,0.2,0.14285714285714285,0.69119,0.2236785,0,20.38,-77.85,110.85542,0.044660002,115.845,0,775306608640,0,3.880920013731548,43.811,-12284.6683136,0,0,21.5,66.7,Overvalued by 77.85%. Positive Market Sentiment.
ANANTRAJ.NS,ANANTRAJ.NS,Real Estate,Real Estate - Development,489.65,0.22278791666666664,0.0,0.3333333333333333,0.707475,0.22278791666666664,0,209.3,-57.26,32.235023,0,12.727,0,176310337536,0.15,10.826931645354504,24.361,0,64.60782504026588,96.03825355337183,20.0,28.199999999999996,Overvalued by 57.26%. Positive Market Sentiment.
EASEMYTRIP.NS,EASEMYTRIP.NS,Consumer Cyclical,Travel Services,7.04,0.22209449999999997,0.0,0.42857142857142855,0.48063,0.22209449999999997,0,1.64,-76.79,141.0,0.015700001,4.102,0,25639815168,0,19.517479387327544,11.401,-200.3026304,35.635410672562706,0.4467589827986673,-18.2,0,Overvalued by 76.79%. High Financial Strength (F-Score 7/9).
TMCV.NS,TMCV.NS,Consumer Cyclical,Auto Manufacturers,467.95,0.22184499999999996,0.2,0.2,0.5456333333333333,0.22184499999999996,0,197.64,-57.77,7.502806,0,0,0,1723146960896,0,21.754560772042566,0,0,0,0,0,0,Overvalued by 57.77%. Balanced moderate growth candidate.
AEQUS.NS,AEQUS.NS,Industrials,Aerospace & Defense,144.74,0.221375,0.4,0.0,0.5425,0.221375,0,0,0,0,0,108.0,0,94783594496,0,-3.6719842007797356,-1.844,0,0,0,50.8,0,Balanced moderate growth candidate.
RTNPOWER.NS,RTNPOWER.NS,Utilities,Utilities - Independent Power Producers,8.84,0.22102875,0.0,0.42857142857142855,0.473525,0.22102875,0,5.58,-37.07,55.375,0.01903,84.871,0,47579136000,0,8.313004177426144,-1.401,-366.1949952,0.2480039672770662,-51.79724739164067,-4.2,0,Overvalued by 37.07%. High Financial Strength (F-Score 7/9).
KECL.NS,KECL.NS,Industrials,Specialty Industrial Machinery,92.96,0.22093,0.0,0.2857142857142857,0.8062,0.22093,0,21.28,-77.24,87.38317,0.05856,83.428,0,6240783360,0,10.239987396192802,11.554,5.6946124,17.56559403068907,-61.88788854380613,-12.0,94.8,Overvalued by 77.24%. Positive Market Sentiment.
WEWORK.NS,WEWORK.NS,Real Estate,Real Estate Services,600.3,0.2183945,0.4,0.0,0.52263,0.2183945,0,59.89,-90.02,56.444027,0,2378.742,0,80413958144,0,0,25.902998,0,0,0,25.2,-93.10000000000001,Overvalued by 90.02%. Balanced moderate growth candidate.
FACT.NS,FACT.NS,Basic Materials,Agricultural Inputs,852.85,0.218334,0.2,0.14285714285714285,0.65556,0.218334,0,27.83,-96.74,526.7284,0.07755,278.992,0,552146501632,0.05,9.43454670902309,1.949,-2048.8208384,-3.5497301884848675,-50.80785669994554,12.5,88.2,Overvalued by 96.74%. Positive Market Sentiment.
PREMIER.NS,PREMIER.NS,Industrials,Specialty Industrial Machinery,2.94,0.21752,0.4,0.0,0.5168,0.21752,0,0,0,0,0,0,0,91336392,0,0,-105.69900000000001,3.2286376,nan,nan,0,0,Balanced moderate growth candidate.
SPARC.NS,SPARC.NS,Healthcare,Drug Manufacturers - Specialty & Generic,135.44,0.216935,0.4,0.0,0.5129,0.216935,0,0,0,0,0,0,0,43846115328,0,-810.5336673351553,-868.702,-126.8989312,-19.43681585025154,nan,-38.9,0,Balanced moderate growth candidate.
TOKYOPLAST.NS,TOKYOPLAST.NS,Consumer Cyclical,Packaging & Containers,104.43,0.21651375,0.0,0.42857142857142855,0.443425,0.21651375,0,44.02,-57.57,78.01504,0.02052,58.69,0,985865280,0,3.66284994209414,6.755,-16.8598752,-3.1309912208682067,103.99482628054758,14.2,63.4,Overvalued by 57.57%. High Financial Strength (F-Score 7/9).
ATGL.NS,ATGL.NS,Utilities,Utilities - Regulated Gas,554.4,0.215115,0.0,0.42857142857142855,0.4341,0.215115,0,72.66,-86.89,97.09283,0.14863,44.513,0,610057519104,0.05,16.154060645967576,16.101,-43.6487488,18.302939802041962,8.708539785074333,19.1,-11.799999999999999,Overvalued by 86.89%. Balanced moderate growth candidate.
SVPGLOB.NS,SVPGLOB.NS,Consumer Cyclical,Textile Manufacturing,3.65,0.21499999999999997,0.4,0.0,0.5,0.21499999999999997,0,0,0,0,0,0,0,470815200,0,-65.87811889321532,-1932.025,-286.2498816,-62.29747913170106,nan,0,0,Balanced moderate growth candidate.
IVC.NS,IVC.NS,Financial Services,Financial Conglomerates,7.94,0.21499999999999997,0.2,0.2,0.5,0.21499999999999997,0,7.86,-1.67,19.02381,0,0,0,2518369024,9.82,-0.5165706262614445,4.8720002,0,-11.293156237277902,19.058437389876183,-10.8,0,Balanced moderate growth candidate.
VIVIMEDLAB.NS,VIVIMEDLAB.NS,Healthcare,Drug Manufacturers - Specialty & Generic,9.03,0.21499999999999997,0.4,0.0,0.5,0.21499999999999997,0,0,0,0,0,0,0,748712576,0,-8.826676124622242,-27.118,0,-21.083450326720843,nan,-16.0,0,Balanced moderate growth candidate.
3PLAND.NS,3PLAND.NS,Unknown,Unknown,37.27,0.21499999999999997,0.4,0.0,0.5,0.21499999999999997,0,0,0,0,0,0,0,0,0,1.3784810081278698,0,0,28.126359955341762,21.872641953333492,0,0,Balanced moderate growth candidate.
NEXTMEDIA.NS,NEXTMEDIA.NS,Communication Services,Broadcasting,5.78,0.21499999999999997,0.2,0.2,0.5,0.21499999999999997,0,0,0,0.62198955,0,0,0,408696576,0,783.792372881356,-27.529999999999998,0,5.7317091831063705,55.178846746236566,0,0,Balanced moderate growth candidate.
SRPL.NS,SRPL.NS,Consumer Defensive,Farm Products,0.62,0.21499999999999997,0.4,0.0,0.5,0.21499999999999997,0,0,0,0,-0.59383,196.65,0,164505600,0,-10.411672483890765,906.279,2.62725,-54.08631488946087,nan,0,0,Balanced moderate growth candidate.
UNITECH.NS,UNITECH.NS,Real Estate,Real Estate - Diversified,5.26,0.21499999999999997,0.4,0.0,0.5,0.21499999999999997,0,0,0,0,0,0,0,13851456512,0,-196.08076103057132,11.247,1463.1437312,-17.15749270466398,nan,88.9,0,Balanced moderate growth candidate.
VISASTEEL.NS,VISASTEEL.NS,Basic Materials,Steel,43.5,0.21499999999999997,0.4,0.0,0.5,0.21499999999999997,0,0,0,0,0,0,0,5746519552,0,0,-19.861999,-7.148,-20.83537707844124,nan,-49.6,0,Balanced moderate growth candidate.
SUNCLAY.NS,SUNCLAY.NS,Industrials,Metal Fabrication,1235.5,0.21499999999999997,0.4,0.0,0.5,0.21499999999999997,0,0,0,0,0,186.6,0,27502913536,0.77,5.78428742164443,-6.510000000000001,0,10.55181011180033,nan,-11.799999999999999,0,Balanced moderate growth candidate.
VLEGOV.NS,VLEGOV.NS,Technology,Information Technology Services,17.59,0.21499999999999997,0.4,0.0,0.5,0.21499999999999997,0,0,0,0,0,0,0,1928264704,0,-0.6039849879093585,-17.583999,0,0,0,-59.3,0,Balanced moderate growth candidate.
TEJASNET.NS,TEJASNET.NS,Technology,Communication Equipment,370.8,0.21499999999999997,0.4,0.0,0.5,0.21499999999999997,0,0,0,0,0,129.357,0,65439657984,0.67,13.019702418848212,-77.809,0,148.55800014105208,92.38503224855823,-88.4,0,Balanced moderate growth candidate.
LFIC.NS,LFIC.NS,Financial Services,Asset Management,154.9,0.21499999999999997,0.4,0.0,0.5,0.21499999999999997,0,0,0,0,-0.03463,0,0,464849984,1.94,4.200014273625398,-113.85799999999999,-2.7156124,13.665121664729085,-14.397055446518204,-69.39999999999999,0,Balanced moderate growth candidate.
FLFL.NS,FLFL.NS,Consumer Cyclical,Apparel Manufacturing,1.45,0.21499999999999997,0.4,0.0,0.5,0.21499999999999997,0,0,0,0,0,0,0,296474560,0,0,-61.004000000000005,426.6737408,0,0,-78.7,0,Balanced moderate growth candidate.
SANWARIA.NS,SANWARIA.NS,Consumer Defensive,Farm Products,0.25,0.21499999999999997,0.4,0.0,0.5,0.21499999999999997,0,0,0,0,0,0,0,284179200,0,-1.663764239398384,-354.348,1.7432014,nan,nan,0.5,0,Balanced moderate growth candidate.
FMNL.NS,FMNL.NS,Real Estate,Real Estate Services,8.07,0.21499999999999997,0.4,0.0,0.5,0.21499999999999997,0,0,0,0,-0.18591999,160.459,0,492696128,0,48.50869262715759,4.709,4.7626124,5.810838932176088,32.68303232401859,-6.9,-64.9,Balanced moderate growth candidate.
ARSHIYA.NS,ARSHIYA.NS,Industrials,Integrated Freight & Logistics,1.24,0.21499999999999997,0.4,0.0,0.5,0.21499999999999997,0,0,0,0,0,0,0,329344896,0,0,-88.708,3022.0429312,2.6501190189452295,nan,2.8000000000000003,0,Balanced moderate growth candidate.
BGRENERGY.NS,BGRENERGY.NS,Industrials,Engineering & Construction,321.1,0.21499999999999997,0.4,0.0,0.5,0.21499999999999997,0,0,0,0,0,0,0,23270680576,0,-20.36621261601925,-57.033,-416.0774912,-28.520166154408688,nan,0.8999999999999999,0,Balanced moderate growth candidate.
TIRUMALCHM.NS,TIRUMALCHM.NS,Basic Materials,Specialty Chemicals,208.76,0.21499999999999997,0.4,0.0,0.5,0.21499999999999997,0,0,0,0,-0.10898,136.102,0,25080788992,0.34,0.1268233033452703,-5.9369996,-989.1050496,0.8085183459048517,nan,-15.2,0,Balanced moderate growth candidate.
GAYAHWS.NS,GAYAHWS.NS,Industrials,Infrastructure Operations,2.67,0.21499999999999997,0.4,0.0,0.5,0.21499999999999997,0,0,0,0,0,0,0,644663616,0,57.57736761167839,-230.648,-1415.3216,-3.332450094822592,55.986198859974444,25.8,0,Balanced moderate growth candidate.
PARASPETRO.NS,PARASPETRO.NS,Consumer Cyclical,Textile Manufacturing,1.85,0.21499999999999997,0.4,0.0,0.5,0.21499999999999997,0,0,0,0,0.00092,0,0,621032704,0,0.45577910201191807,0,-1.0261,nan,-54.9664797674265,0,0,Balanced moderate growth candidate.
SADBHIN.NS,SADBHIN.NS,Industrials,Engineering & Construction,3.55,0.21499999999999997,0.2,0.2,0.5,0.21499999999999997,0,0,0,0,0,0,0,1256779008,0,12.108753016531722,55.280995,270.8136192,-9.992332480095524,nan,10.8,-70.3,Balanced moderate growth candidate.
ANKITMETAL.NS,ANKITMETAL.NS,Basic Materials,Steel,1.74,0.21499999999999997,0.4,0.0,0.5,0.21499999999999997,0,0,0,0,0,0,0,246943360,0,-44.394343435070574,-51.785000000000004,0,0,0,-25.5,0,Balanced moderate growth candidate.
DIGITIDE.NS,DIGITIDE.NS,Industrials,Specialty Business Services,123.63,0.21499999999999997,0.0,0.4,0.5,0.21499999999999997,0,0,0,0,0,46.421,0,18618675200,0,0,4.517,0,0,0,7.000000000000001,0,Balanced moderate growth candidate.
VIVIDHA.NS,VIVIDHA.NS,Consumer Cyclical,Textile Manufacturing,0.58,0.21499999999999997,0.4,0.0,0.5,0.21499999999999997,0,0,0,0,-1.5676199,2622.617,0,174799328,0,-16.23222115281788,-1270.599,0.5947875,-100.0,nan,0,0,Balanced moderate growth candidate.
RIIL.NS,RIIL.NS,Industrials,Engineering & Construction,764.35,0.21499999999999997,0.4,0.0,0.5,0.21499999999999997,0,235.05,-69.23,95.14322,0,0,0,11536400384,0.46,-2.893403213929917,18.398,0,-8.774427195003797,12.746020417876313,49.5,9.9,Overvalued by 69.23%. Balanced moderate growth candidate.
SIMBHALS.NS,SIMBHALS.NS,Consumer Defensive,Confectioners,9.57,0.21499999999999997,0.2,0.2,0.5,0.21499999999999997,0,0,0,4.2345133,0,0,0,404646912,0,2.1492234415954723,-3.0580001,0,-1.8995330525722665,nan,-26.8,0,Balanced moderate growth candidate.
SICALLOG.NS,SICALLOG.NS,Industrials,Integrated Freight & Logistics,94.03,0.21499999999999997,0.4,0.0,0.5,0.21499999999999997,0,0,0,494.89474,0,468.87,0,6151902208,0,-2.999126836490642,12.784,0,-14.010446891752482,nan,132.29999999999998,0,Balanced moderate growth candidate.
OMKARCHEM.NS,OMKARCHEM.NS,Basic Materials,Specialty Chemicals,5.96,0.21499999999999997,0.4,0.0,0.5,0.21499999999999997,0,0,0,0,0,0,0,119969760,0,-11.996195763931729,-32.417,0,0,0,-49.2,0,Balanced moderate growth candidate.
UTKARSHBNK.NS,UTKARSHBNK.NS,Financial Services,Banks - Regional,14.6,0.21499999999999997,0.4,0.0,0.5,0.21499999999999997,0,0,0,0,-0.27289,0,0,26070022144,0,0.44472319848684716,3363.0978,0,28.16425035439185,-27.21359438152666,0,0,Balanced moderate growth candidate.
ZENITHSTL.NS,ZENITHSTL.NS,Basic Materials,Steel,7.05,0.21499999999999997,0.2,0.2,0.5,0.21499999999999997,0,0,0,22.580645,0,0,0,995963136,0,0,2.9760001000000003,-5.6418124,-7.862314618956201,-73.14899416709366,-53.300000000000004,0,Balanced moderate growth candidate.
MONEYBOXX.NS,MONEYBOXX.NS,Financial Services,Credit Services,63.49,0.21499999999999997,0.4,0.0,0.5,0.21499999999999997,0,0,0,0,-0.01733,246.36,0,4140402432,0,0.5546135030832391,0.8540000000000001,0,101.67287498575762,-30.497150864363398,7.7,-85.7,Balanced moderate growth candidate.
DIACABS.NS,DIACABS.NS,Industrials,Specialty Industrial Machinery,130.2,0.21499999999999997,0.2,0.2,0.5,0.21499999999999997,0,0,0,111.45299,0,0,0,68717023232,0,3.172045440222674,8.788,-306.0425216,inf,10.738722908101517,75.1,597.4,Balanced moderate growth candidate.
KAUSHALYA.NS,KAUSHALYA.NS,Industrials,Engineering & Construction,890.45,0.21499999999999997,0.4,0.0,0.5,0.21499999999999997,0,0,0,0,0.01798,0,0,321446240,0,6.149237268277274,-417.12600000000003,0.1486375,-1.3764345532196076,131.8658137663017,39.900000000000006,0,Balanced moderate growth candidate.
CINEVISTA.NS,CINEVISTA.NS,Communication Services,Entertainment,16.56,0.21499999999999997,0.4,0,0.5,0.21499999999999997,0,0,0,Infinity,0,43.705,0,947701824,0,-23.905004465319355,39.786,0,124.51521541275694,nan,19049.0,0,Balanced moderate growth candidate.
NDGL.NS,NDGL.NS,Financial Services,Capital Markets,2775.2,0.21499999999999997,0.2,0.2,0.5,0.21499999999999997,0,0,0,6.992071,0,0,0,2768999936,0.09,0.9461457612152631,0,0,240.72523411934893,-22.122659364591946,0,0,Balanced moderate growth candidate.
WINSOME.NS,WINSOME.NS,Consumer Cyclical,Textile Manufacturing,1.67,0.21499999999999997,0.4,0.0,0.5,0.21499999999999997,0,0,0,0,0,0,0,118081072,0,-14.49092144429169,-567.2260299999999,4.8539376,-52.87502205710122,nan,87.8,0,Balanced moderate growth candidate.
OCCLLTD.NS,OCCLLTD.NS,Basic Materials,Chemicals,95.5,0.21499999999999997,0.2,0.2,0.5,0.21499999999999997,0,0,0,13.337989,0,0,0,4797428224,2.71,7.3906868775662105,0,0,-11.268775539388242,-20.77598023922025,0,0,Balanced moderate growth candidate.
MODTHREAD.NS,MODTHREAD.NS,Consumer Cyclical,Textile Manufacturing,40.97,0.21499999999999997,0.2,0.2,0.5,0.21499999999999997,0,0,0,25.93038,0,0,0,1424738304,0,3.895985644759836,0,0,5.242265007681968,-24.851069669626558,0,0,Balanced moderate growth candidate.
ADVENTHTL.NS,ADVENTHTL.NS,Consumer Cyclical,Resorts & Casinos,178.85,0.21499999999999997,0.4,0,0.5,0.21499999999999997,0,0,0,Infinity,0.01467,80.095,0,9647685632,0,-1.9963702359346642,6.874,-3.3956248,0,0,3.1,0,High Financial Strength (F-Score 7/9).
BILVYAPAR.NS,BILVYAPAR.NS,Basic Materials,Specialty Chemicals,7.15,0.21499999999999997,0.4,0.0,0.5,0.21499999999999997,0,0,0,0,0,0,0,224268160,0,0,-402950.0,-0.8873625,-100.0,-66.3017783401142,0,0,Balanced moderate growth candidate.
GUJALKALI.NS,GUJALKALI.NS,Basic Materials,Chemicals,453.45,0.21499999999999997,0.4,0,0.5,0.21499999999999997,0,0,0,Infinity,3.0000001e-05,11.429,0,33319786496,3.55,-0.3568510701331152,-2.773,92.9255488,2.4386408318946673,nan,9.3,0,High Financial Strength (F-Score 7/9).
MADHUCON.NS,MADHUCON.NS,Industrials,Engineering & Construction,4.79,0.21499999999999997,0.4,0.0,0.5,0.21499999999999997,0,0,0,0,0,0,0,353477792,0,-23.132409781384712,-69.53399999999999,-883.0257152,-11.305527071798839,nan,-53.6,0,Balanced moderate growth candidate.
CLCIND.NS,CLCIND.NS,Consumer Cyclical,Textile Manufacturing,8.96,0.21499999999999997,0.4,0.0,0.5,0.21499999999999997,0,0,0,0,0,1024.584,0,93136336,0,-66.48043482298172,-9.432,0,inf,nan,436.5,0,Balanced moderate growth candidate.
ORTEL.NS,ORTEL.NS,Communication Services,Entertainment,1.33,0.21499999999999997,0.4,0.0,0.5,0.21499999999999997,0,0,0,0,0,0,0,43859280,0,-15.089821264513539,-87.775004,0,0,0,-42.4,0,Balanced moderate growth candidate.
MORARJEE.NS,MORARJEE.NS,Consumer Cyclical,Textile Manufacturing,6.54,0.21499999999999997,0.4,0.0,0.5,0.21499999999999997,0,0,0,0,0,0,0,227725120,0,-46.57156981647186,-133.964,89.324448,0,0,-74.2,0,Balanced moderate growth candidate.
SUPREMEENG.NS,SUPREMEENG.NS,Basic Materials,Steel,1.08,0.21499999999999997,0.4,0.0,0.5,0.21499999999999997,0,0,0,0,0,0,0,269946016,0,-65.95634095634095,-16.003999,10.2629504,0,0,31.2,0,Balanced moderate growth candidate.
QUINTEGRA.NS,QUINTEGRA.NS,Technology,Information Technology Services,1.2,0.21499999999999997,0.4,0.0,0.5,0.21499999999999997,0,0,0,0,0,0,0,45929496,0,-29.770305034913637,0,0,nan,nan,0,0,Balanced moderate growth candidate.
GFSTEELS.NS,GFSTEELS.NS,Basic Materials,Steel,11.78,0.21499999999999997,0.4,0.0,0.5,0.21499999999999997,0,0,0,0,0,0,0,358465376,0,0,-1911.7070999999999,0,nan,nan,0,0,Balanced moderate growth candidate.
BUILDPRO.NS,BUILDPRO.NS,Consumer Cyclical,Home Improvement Retail,1132.15,0.21499999999999997,0.2,0.2,0.5,0.21499999999999997,0,0,0,0,0,18.635,0,26979799040,0,0,3.1199999999999997,0,0,0,29.099999999999998,38.800000000000004,Balanced moderate growth candidate.
KWIL.NS,KWIL.NS,Consumer Defensive,Packaged Foods,27.12,0.21499999999999997,0.4,0.0,0.5,0.21499999999999997,0,0,0,0,0,0,0,63720919040,0,0,-45.808998,0,0,0,0,0,Balanced moderate growth candidate.
DCMSIL.NS,DCMSIL.NS,Industrials,Industrial Distribution,71.5,0.21499999999999997,0.4,0.0,0.5,0.21499999999999997,0,0,0,0,0,0,0,5985931776,0,0,5.639,0,0,0,-18.7,-74.4,Balanced moderate growth candidate.
TCC.NS,TCC.NS,,,369.0,0.21499999999999997,0.2,0.2,0.5,0.21499999999999997,0,0,0,0,0,5.002,0,0,0,0,42.455999999999996,0,0,0,107.69999999999999,-4.1000000000000005,Balanced moderate growth candidate.
GAUDIUMIVF.NS,GAUDIUMIVF.NS,Healthcare,Medical Care Facilities,110.45,0.21499999999999997,0.2,0.2,0.5,0.21499999999999997,0,23.73,-78.51,33.26807,0,0,0,8039310848,0,41.104735566494305,24.715999999999998,0,24.64632398488824,29.398107774921712,69.89999999999999,7.3,Overvalued by 78.51%. Balanced moderate growth candidate.
VISACHROME.NS,VISACHROME.NS,Basic Materials,Steel,50.34,0.21499999999999997,0.4,0.0,0.5,0.21499999999999997,0,0,0,0,0,0,0,7376948736,0,0,-2.5899999,0,-20.83537707844124,nan,27.700000000000003,0,Balanced moderate growth candidate.
VIVIANA.NS,VIVIANA.NS,Unknown,Unknown,953.4,0.21499999999999997,0.4,0.0,0.5,0.21499999999999997,0,0,0,42.14036,0,0,0,8472270848,0,28.343843107438193,0,0,88.66618716619794,89.56287646453731,0,0,Balanced moderate growth candidate.
EBGNG.NS,EBGNG.NS,Technology,Computer Hardware,279.6,0.21311291666666665,0.0,0.3333333333333333,0.642975,0.21311291666666665,0,97.59,-64.84,37.31183,0,34.381,0,31649599488,0,17.08198688399943,10.074,0,40.237327913428736,46.89987140215477,24.7,33.7,Overvalued by 64.84%. Positive Market Sentiment.
EMMVEE.NS,EMMVEE.NS,Technology,Solar,190.95,0.21270683333333334,0.2,0.16666666666666666,0.56249,0.21270683333333334,0,68.53,-64.11,14.756569,0,214.9,0,132203282432,0,23.45002962015023,29.454002000000003,0,0,0,118.10000000000001,146.1,Overvalued by 64.11%. Balanced moderate growth candidate.
S&SPOWER.NS,S&SPOWER.NS,Industrials,Electrical Equipment & Parts,266.3,0.2121225,0.2,0.14285714285714285,0.61415,0.2121225,0,0,0,0,-0.00988,45.956,0,3286554624,0,0.3406209634980625,-5.6350004,-0.79215,18.833239049424666,nan,10.5,-23.5,Positive Market Sentiment.
VAISHALI.NS,VAISHALI.NS,Healthcare,Drug Manufacturers - Specialty & Generic,8.32,0.2119725,0.2,0.14285714285714285,0.61315,0.2119725,0,2.63,-68.2,137.66667,-0.00569,23.153,0,1077617152,0,4.300081096646046,3.642,0,11.017414415676473,-41.21457259585591,60.9,-40.400000000000006,Overvalued by 68.2%. Positive Market Sentiment.
ARISINFRA.NS,ARISINFRA.NS,Industrials,Engineering & Construction,129.29,0.21000458333333333,0.2,0.16666666666666666,0.544475,0.21000458333333333,0,67.04,-49.06,64.50981,0,7.91,0,10718675968,0,9.414332293237036,9.022000400000001,0,19.280012328633166,-30.663872564936533,38.4,0,Overvalued by 49.06%. Balanced moderate growth candidate.
DWARKESH.NS,DWARKESH.NS,Consumer Defensive,Confectioners,35.22,0.2080275,0.0,0.42857142857142855,0.38685,0.2080275,0,27.24,-22.38,43.333332,0.02001,23.127,0,6504081408,1.42,5.347821547950628,-21.751,117.4169984,-11.874455487708978,-46.82649991056349,-0.1,0,Overvalued by 22.38%. High Financial Strength (F-Score 7/9).
MANGALAM.NS,MANGALAM.NS,Healthcare,Drug Manufacturers - Specialty & Generic,44.77,0.2061,0.2,0.14285714285714285,0.574,0.2061,0,0,0,0,-0.1437,79.535,0,710114624,0,6.7307242372594835,-15.156998999999999,7.2524,-11.017876925923964,-30.075601082193103,-38.2,0,Balanced moderate growth candidate.
GTLINFRA.NS,GTLINFRA.NS,Technology,Communication Equipment,1.15,0.20592,0.2,0.2,0.43946666666666667,0.20592,0,0,0,0,0,0,0,14858568704,0,0,14.407,830.2750208,-2.780681364823445,nan,6.0,0,Balanced moderate growth candidate.
ATHERENERG.NS,ATHERENERG.NS,Consumer Cyclical,Auto Manufacturers,646.6,0.20524333333333333,0.2,0.16666666666666666,0.5127333333333334,0.20524333333333333,0,0,0,0,0,15.813,0,247814914048,0,-113.22093023255815,-19.479,0,0,0,54.1,0,Balanced moderate growth candidate.
NITCO.NS,NITCO.NS,Industrials,Building Products & Equipment,89.2,0.2033333333333333,0.2,0.16666666666666666,0.5,0.2033333333333333,0,0,0,0,0,101.391,0,20606703616,0,-125.30473379405048,2.9879998000000003,-223.8255616,-8.267958236927441,nan,64.8,0,Balanced moderate growth candidate.
VIKASLIFE.NS,VIKASLIFE.NS,Consumer Defensive,Farm Products,1.79,0.2033333333333333,0.2,0.16666666666666666,0.5,0.2033333333333333,0,0,0,0,0,14.385,0,3359141888,0,-1.3822564640202613,-4.8049998,0,16.84297807748878,nan,0.3,0,Balanced moderate growth candidate.
SCODATUBES.NS,SCODATUBES.NS,Basic Materials,Steel,153.8,0.2033333333333333,0.2,0.16666666666666666,0.5,0.2033333333333333,0,66.79,-56.62,50.32026,0,54.523,0,9224772608,0,16.467561731292836,14.193,0,0,0,4.2,-6.9,Overvalued by 56.62%. Balanced moderate growth candidate.
GCSL.NS,GCSL.NS,Financial Services,Capital Markets,333.95,0.2033333333333333,0.2,0.16666666666666666,0.5,0.2033333333333333,0,0,0,0,0,3.959,0,7561922048,0,2.8284462318040826,20.742,0,110.77374789589113,-28.602647583792486,-31.8,105.60000000000001,Balanced moderate growth candidate.
CREATIVEYE.NS,CREATIVEYE.NS,Communication Services,Entertainment,7.11,0.2033333333333333,0.2,0.16666666666666666,0.5,0.2033333333333333,0,0,0,0,0,28.762,0,146522848,0,0.5791877196946672,-321.41001,0,-5.383755730625516,nan,-1.6,0,Balanced moderate growth candidate.
JAINREC.NS,JAINREC.NS,Basic Materials,Other Industrial Metals & Mining,392.75,0.2033333333333333,0.2,0.16666666666666666,0.5,0.2033333333333333,0,78.3,-80.06,60.330257,0,94.847,0,135532453888,0,23.071819740434584,7.416,0,35.626731989495084,37.23337651396845,51.800000000000004,81.10000000000001,Overvalued by 80.06%. Balanced moderate growth candidate.
TARAPUR.NS,TARAPUR.NS,Industrials,Specialty Industrial Machinery,25.53,0.2033333333333333,0.2,0.16666666666666666,0.5,0.2033333333333333,0,1.75,-93.13,25.78788,0,3604.419,0,501296064,0,161.03481987044194,-464.362,0.3982375,-100.0,38.1261914846821,0,0,Overvalued by 93.13%. Balanced moderate growth candidate.
CAPILLARY.NS,CAPILLARY.NS,Technology,Software - Infrastructure,607.7,0.2033333333333333,0.2,0.16666666666666666,0.5,0.2033333333333333,0,69.87,-88.5,217.03572,0,16.8,0,48197767168,0,2.6113914902721813,5.1020004,0,0,0,17.0,-23.5,Overvalued by 88.5%. Balanced moderate growth candidate.
NEPHROPLUS.NS,NEPHROPLUS.NS,Healthcare,Medical Care Facilities,563.85,0.2033333333333333,0.2,0.16666666666666666,0.5,0.2033333333333333,0,250.0,-55.49,79.11268,0,36.468,0,56361381888,0,13.125327966515005,15.017,0,16.482350798505664,67.6940259097752,31.7,40.2,Overvalued by 55.49%. Balanced moderate growth candidate.
KSHINTL.NS,KSHINTL.NS,Industrials,Electrical Equipment & Parts,371.1,0.2033333333333333,0.2,0.16666666666666666,0.5,0.2033333333333333,0,138.82,-62.95,26.992075,0,139.569,0,25384671232,0,17.854371806649002,5.178,0,30.960867808877722,35.10305406212226,58.5,-11.899999999999999,Overvalued by 62.95%. Balanced moderate growth candidate.
AEPL.NS,AEPL.NS,Industrials,Electrical Equipment & Parts,16.52,0.2033333333333333,0.2,0.16666666666666666,0.5,0.2033333333333333,0,5.54,-66.45,43.473686,0,2.301,0,4147129600,0,11.750830023792508,24.391001000000003,0,28.209168521945593,-14.324040238584324,-76.9,-70.0,Overvalued by 66.45%. Balanced moderate growth candidate.
VMART.NS,VMART.NS,Consumer Cyclical,Department Stores,607.5,0.20276666666666665,0.0,0.3333333333333333,0.574,0.20276666666666665,0,198.57,-67.31,37.02011,0,94.737,0,48534093824,0,18.750130325082885,11.684,0,25.086621705381475,57.83401532230741,9.700000000000001,23.200000000000003,Overvalued by 67.31%. Balanced moderate growth candidate.
DEVYANI.NS,DEVYANI.NS,Consumer Cyclical,Restaurants,134.79,0.2021085,0.2,0.14285714285714285,0.54739,0.2021085,0,3.79,-97.19,2693.5999,-0.02553,170.712,0,166043238400,0,13.701614375891461,2.842,160.9501312,33.58652388515553,-61.17558887559254,12.6,0,Overvalued by 97.19%. Balanced moderate growth candidate.
CORONA.NS,CORONA.NS,Healthcare,Drug Manufacturers - General,1581.4,0.20204633333333333,0.2,0.16666666666666666,0.49142,0.20204633333333333,0,260.55,-83.38,55.998573,0,9.507,0,0,0,30.877767780006515,21.525997999999998,0,0,0,15.0,-8.200000000000001,Overvalued by 83.38%. Balanced moderate growth candidate.
SHADOWFAX.NS,SHADOWFAX.NS,Industrials,Integrated Freight & Logistics,156.85,0.2007658333333333,0.2,0.16666666666666666,0.48288333333333333,0.2007658333333333,0,13.88,-91.13,521.2333,0,21.259,0,91163549696,0,5.037118328358797,2.949,0,0,0,65.5,415.4,Overvalued by 91.13%. Balanced moderate growth candidate.
IDEAFORGE.NS,IDEAFORGE.NS,Technology,Computer Hardware,458.05,0.2000575,0.2,0.14285714285714285,0.5337166666666666,0.2000575,0,0,0,0,-0.15204,7.632,0,19816810496,0,-10.117188590993251,-53.566,-118.632256,0.3583334091333823,nan,9.9,0,Balanced moderate growth candidate.
GSS.NS,GSS.NS,Technology,Information Technology Services,15.7,0.2000575,0.2,0.14285714285714285,0.5337166666666666,0.2000575,0,0,0,0,-0.0081,41.074,0,405817280,0,-0.030213600074992096,2.8280000999999997,-119.2223872,2.335211880594157,nan,-38.3,145.6,Balanced moderate growth candidate.
PCBL.NS,PCBL.NS,Basic Materials,Specialty Chemicals,269.95,0.1991625,0.0,0.2857142857142857,0.6610833333333334,0.1991625,0,145.61,-46.06,29.374323,0.09061,135.218,0,106215235584,2.31,11.336849028189821,8.014000000000001,-99.5537472,23.602739643225725,0.6668729040934851,0,-50.3,Overvalued by 46.06%. Positive Market Sentiment.
HGS.NS,HGS.NS,Industrials,Specialty Business Services,427.85,0.19887625,0.0,0.2857142857142857,0.6591750000000001,0.19887625,0,0,0,0,-0.0105,23.446,0,19915153408,1.32,3.079026241649822,-8.446,-92.7950016,0.7674959912895796,-72.81971293789387,0.4,0,Positive Market Sentiment.
RAYMOND.NS,RAYMOND.NS,Industrials,Specialty Industrial Machinery,387.2,0.196605,0.2,0.14285714285714285,0.5107,0.196605,0,294.11,-24.04,49.199493,0.01086,29.425,0,25768716288,0,3.2625001422734154,0.9129999999999999,0,-32.70987723121237,208.33063475224213,11.4,-81.0,Overvalued by 24.04%. Balanced moderate growth candidate.
A2ZINFRA.NS,A2ZINFRA.NS,Industrials,Engineering & Construction,14.97,0.195,0.2,0.14285714285714285,0.5,0.195,0,2.91,-80.54,106.92857,-0.018609999,353.886,0,2644337664,0,12.526451688409534,4.593,-21.9231248,-1.635850207749956,-63.190289537222796,20.8,0,Overvalued by 80.54%. Balanced moderate growth candidate.
VISHWARAJ.NS,VISHWARAJ.NS,Consumer Defensive,Confectioners,6.63,0.195,0.2,0.14285714285714285,0.5,0.195,0,0,0,0,-0.10869,123.11,0,1450732416,2.35,0.22579832696718463,-17.718,-1.8300624,-0.867301319648961,nan,-40.699999999999996,0,Balanced moderate growth candidate.
ASHIMASYN.NS,ASHIMASYN.NS,Real Estate,Real Estate - Development,17.52,0.195,0.2,0.14285714285714285,0.5,0.195,0,0,0,0,-0.03534,58.263,0,3344468480,0,1.5876489180646731,39.401,27.4287488,-63.069606216791044,nan,-24.099999999999998,0,Balanced moderate growth candidate.
QUADFUTURE.NS,QUADFUTURE.NS,Industrials,Railroads,331.35,0.195,0.2,0.14285714285714285,0.5,0.195,0,0,0,0,-0.23773001,9.292,0,13058000896,0,-4.8202043180181775,-50.711,-107.1351232,12.227670505221822,nan,-13.200000000000001,0,Balanced moderate growth candidate.
KHANDSE.NS,KHANDSE.NS,Financial Services,Capital Markets,20.18,0.195,0.2,0.14285714285714285,0.5,0.195,0,0,0,0,-0.06303,10.031,0,308889536,0,1.0106155880247945,6.8569995,0,16.0760780060756,nan,-55.300000000000004,6.7,Balanced moderate growth candidate.
ZEEMEDIA.NS,ZEEMEDIA.NS,Communication Services,Broadcasting,8.7,0.195,0.2,0.14285714285714285,0.5,0.195,0,0,0,0,-0.39273,54.648,0,5441229312,0,-43.36158333751233,-5.4050002,91.9974976,-10.478602126570147,nan,36.7,0,Balanced moderate growth candidate.
PENINLAND.NS,PENINLAND.NS,Real Estate,Real Estate - Development,23.77,0.195,0.2,0.14285714285714285,0.5,0.195,0,0,0,0,-0.2678,228.395,0,7891814912,0,2.845263205814959,5.962,-3.2975,-14.872240651508628,nan,-38.1,0,Balanced moderate growth candidate.
GANGAFORGE.NS,GANGAFORGE.NS,Industrials,Metal Fabrication,3.32,0.195,0.2,0.14285714285714285,0.5,0.195,0,0,0,0,-0.10439,58.263,0,444847328,0,3.4746430684640206,-31.780002000000003,3.079178,14.848703309097932,-16.000903964845314,-28.199999999999996,0,Balanced moderate growth candidate.
ELGIRUBCO.NS,ELGIRUBCO.NS,Consumer Cyclical,Auto Parts,42.2,0.195,0.2,0.14285714285714285,0.5,0.195,0,0,0,0,-0.14986,183.179,0,2108105984,0,4.71344288143219,-2.5710002,-43.9451872,-0.2790739009735699,nan,-4.2,0,Balanced moderate growth candidate.
RAJSREESUG.NS,RAJSREESUG.NS,Consumer Defensive,Confectioners,32.82,0.195,0.2,0.14285714285714285,0.5,0.195,0,0,0,0,-0.11401,138.15,0,1087799040,0,4.795472678382415,-3.712,33.390976,11.100454009947613,36.57298026417597,-20.0,0,Balanced moderate growth candidate.
FINKURVE.NS,FINKURVE.NS,Financial Services,Credit Services,95.92,0.195,0.2,0.14285714285714285,0.5,0.195,0,28.61,-70.51,62.17949,0.07829,116.173,0,13707264000,0,5.868767720199404,21.416001,0,83.00290416136463,-6.953454322907882,44.3,55.60000000000001,Overvalued by 70.51%. Balanced moderate growth candidate.
DIAMINESQ.NS,DIAMINESQ.NS,Basic Materials,Chemicals,256.75,0.195,0.2,0.14285714285714285,0.5,0.195,0,0,0,0,-0.03121,6.365,0,2524269312,0.39,3.145741660554287,-52.117000000000004,-16.8777248,1.702333079337004,-45.33248150150027,-51.5,0,Balanced moderate growth candidate.
NGIL.NS,NGIL.NS,Consumer Defensive,Packaged Foods,28.56,0.195,0.2,0.14285714285714285,0.5,0.195,0,0,0,0,-0.07538,41.959,0,518956704,0,-7.943942632045334,4.502,-10.6704752,-8.227563017209793,nan,57.599999999999994,0,Balanced moderate growth candidate.
BOHRAIND.NS,BOHRAIND.NS,Basic Materials,Agricultural Inputs,16.49,0.195,0.2,0.14285714285714285,0.5,0.195,0,0,0,0,-0.05726,1.562,0,174742656,0,-7.217183876637668,-319800.0,-0.0112625,nan,nan,0,0,Balanced moderate growth candidate.
UCAL.NS,UCAL.NS,Consumer Cyclical,Auto Parts,129.01,0.195,0.2,0.14285714285714285,0.5,0.195,0,0,0,0,-0.069180004,87.154,0,2858740736,0,2.9346956258986117,2.707,-10.3912496,0.9513663766448799,nan,-0.8,0,Balanced moderate growth candidate.
AHLEAST.NS,AHLEAST.NS,Consumer Cyclical,Lodging,133.0,0.195,0.2,0.14285714285714285,0.5,0.195,0,48.73,-63.36,166.25,0.00599,154.746,0,2308310528,0.75,11.678482031648416,18.895,369.474688,30.00975578428595,-20.21645014508191,13.200000000000001,0,Overvalued by 63.36%. Balanced moderate growth candidate.
UFBL.NS,UFBL.NS,Consumer Cyclical,Restaurants,198.66,0.195,0.2,0.14285714285714285,0.5,0.195,0,0,0,0,-0.15022,242.354,0,7740769792,0,11.240606026950985,-3.4590002,62.2208768,12.759138951046388,nan,-0.3,0,Balanced moderate growth candidate.
ENERGYDEV.NS,ENERGYDEV.NS,Utilities,Utilities - Regulated Electric,18.12,0.195,0.2,0.14285714285714285,0.5,0.195,0,0,0,0,-1.6540401,1500.784,0,871886464,0,-54.950459756211856,63.708,43.559824,-8.653692678779413,nan,36.9,60.9,Balanced moderate growth candidate.
TFL.NS,TFL.NS,Financial Services,Mortgage Finance,14.6,0.195,0.2,0.14285714285714285,0.5,0.195,0,0,0,0,-0.20444,101.481,0,804696448,0,-6.588773339276148,-56.172999999999995,0,5.3376224321117105,nan,-47.8,0,Balanced moderate growth candidate.
BCONCEPTS.NS,BCONCEPTS.NS,Consumer Cyclical,Footwear & Accessories,291.5,0.195,0.2,0.14285714285714285,0.5,0.195,0,23.02,-92.1,767.1053,0.00764,238.883,0,3620977408,0,10.10798792640701,6.526999999999999,0,50.1898903136961,102.49273274470659,38.3,24.2,Overvalued by 92.1%. Balanced moderate growth candidate.
ADANIENT.NS,ADANIENT.NS,Energy,Thermal Coal,2153.3,0.19390599999999997,0.0,0.2857142857142857,0.6260399999999999,0.19390599999999997,0,806.1,-62.54,33.204754,0.15823,177.767,0,2781852467200,0.06,12.142468477771462,9.083,-33349.206016,12.131531051328249,109.09359029776877,-6.0,84.8,Overvalued by 62.54%. Positive Market Sentiment.
IL&FSENGG.NS,IL&FSENGG.NS,Industrials,Engineering & Construction,26.24,0.193178,0.4,0.0,0.35452,0.193178,0,0,0,0,0,0,0,3514044928,0,0,-19.604,-80.5737472,11.117356345710716,nan,-17.2,0,Balanced moderate growth candidate.
KEEPLEARN.NS,KEEPLEARN.NS,Consumer Defensive,Education & Training Services,2.24,0.19166666666666665,0.0,0.3333333333333333,0.5,0.19166666666666665,0,0.45,-79.71,110.50001,0.05941,0,0,345361536,0,6.942172831761254,34.068,-1.5607,27.433941132147588,-36.332060690189714,3134.7000000000003,0,Overvalued by 79.71%. High Financial Strength (F-Score 7/9).
GFLLIMITED.NS,GFLLIMITED.NS,Financial Services,Asset Management,53.95,0.19166666666666665,0.0,0.3333333333333333,0.5,0.19166666666666665,0,0,0,0,-0.0028600001,0,0,5970727936,0,0.027734697288533644,43.478,0.0399875,14.670878956394407,nan,19.0,0,High Financial Strength (F-Score 7/9).
LMW.NS,LMW.NS,Industrials,Specialty Industrial Machinery,14234.0,0.19166666666666665,0.0,0.3333333333333333,0.5,0.19166666666666665,0,2588.6,-81.8,126.50956,0.04281,0,0,151976361984,0.21,1.0570961539846333,1.6900001000000002,62.0487488,-2.2644954289173236,-17.244449352384173,6.9,67.2,Overvalued by 81.8%. High Financial Strength (F-Score 7/9).
MBEL.NS,MBEL.NS,Industrials,Engineering & Construction,341.6,0.19166666666666665,0.0,0.3333333333333333,0.5,0.19166666666666665,0,192.69,-43.58,22.57105,0,19.131,0,19516114944,0,23.996127201537753,10.041001,0,12.829669954062517,67.78017085648813,48.5,-14.7,Overvalued by 43.58%. Balanced moderate growth candidate.
LOTUSDEV.NS,LOTUSDEV.NS,Industrials,Engineering & Construction,150.92,0.19166666666666665,0.0,0.3333333333333333,0.5,0.19166666666666665,0,59.71,-60.36,35.271664,0,7.958,0,73606676480,0,29.128128665245285,28.398,0,74.99236320148479,160.15276560275015,43.5,-21.6,Overvalued by 60.36%. Balanced moderate growth candidate.
IGIL.NS,IGIL.NS,Basic Materials,Other Precious Metals & Mining,312.5,0.19166666666666665,0.0,0.3333333333333333,0.5,0.19166666666666665,0,87.12,-72.26,26.587637,0,10.626,0,135698153472,1.6,55.8537340425632,54.379003999999995,0,41.90672563365816,35.558747383516256,21.4,5.4,Overvalued by 72.26%. Balanced moderate growth candidate.
SAURASHCEM.NS,SAURASHCEM.NS,Basic Materials,Building Materials,78.29,0.19166666666666665,0.0,0.3333333333333333,0.5,0.19166666666666665,0,77.09,-1.77,25.316132,0,14.325,0,8731148288,1.68,2.3401628907916283,5.6950003,0,2.2864756256050667,-32.897278895072525,9.8,69.69999999999999,Balanced moderate growth candidate.
PROSTARM.NS,PROSTARM.NS,Industrials,Electrical Equipment & Parts,157.1,0.19166666666666665,0.0,0.3333333333333333,0.5,0.19166666666666665,0,66.2,-57.97,39.772728,0,6.147,0,9272748032,0,27.142927616510566,15.867999999999999,0,0,0,-33.1,-64.8,Overvalued by 57.97%. Balanced moderate growth candidate.
GANESHCP.NS,GANESHCP.NS,Consumer Defensive,Packaged Foods,204.17,0.19166666666666665,0.0,0.3333333333333333,0.5,0.19166666666666665,0,136.36,-33.48,24.967113,0,52.589,0,8283845120,2.45,19.598323941626933,7.531000000000001,0,23.293346961366,9.340759240363461,7.199999999999999,16.5,Overvalued by 33.48%. Balanced moderate growth candidate.
ATLANTAELE.NS,ATLANTAELE.NS,Industrials,Electrical Equipment & Parts,808.95,0.19166666666666665,0.0,0.3333333333333333,0.5,0.19166666666666665,0,372.65,-53.85,57.019775,0,46.263,0,62086336512,0,33.91621808092622,15.55,0,25.67964934448359,23.525027694245402,17.299999999999997,-6.9,Overvalued by 53.85%. Balanced moderate growth candidate.
BANSALWIRE.NS,BANSALWIRE.NS,Basic Materials,Steel,277.8,0.19166666666666665,0.0,0.3333333333333333,0.5,0.19166666666666665,0,137.85,-50.38,28.31804,0,44.37,0,43526434816,0,12.834659344570065,6.819,0,16.951171072008453,36.15946708777309,11.3,3.8,Overvalued by 50.38%. Balanced moderate growth candidate.
AHCL.NS,AHCL.NS,Healthcare,Drug Manufacturers - Specialty & Generic,128.36,0.19166666666666665,0.0,0.3333333333333333,0.5,0.19166666666666665,0,76.47,-40.42,25.218075,0,26.981,0,6822526464,0,20.859173702391068,25.451002,0,28.159901254277607,475.40337095548233,115.99999999999999,441.5,Overvalued by 40.42%. Balanced moderate growth candidate.
OMNI.NS,OMNI.NS,Industrials,Specialty Industrial Machinery,406.85,0.18995499999999998,0.2,0.0,0.7997000000000001,0.18995499999999998,0,41.85,-89.71,114.283714,0,182.683,0,50313519104,0,15.7278744001138,31.775,0,0,0,81.6,175.7,Overvalued by 89.71%. Positive Market Sentiment.
FIRSTCRY.NS,FIRSTCRY.NS,Consumer Cyclical,Internet Retail,269.95,0.18070299999999997,0.0,0.2857142857142857,0.5380199999999999,0.18070299999999997,0,0,0,0,-0.04593,31.483,0,130744107008,0,-1.507490613714525,-1.7309999999999999,283.2502528,27.566229023465326,nan,10.2,0,Balanced moderate growth candidate.
HCL-INSYS.NS,HCL-INSYS.NS,Technology,Electronics & Computer Distribution,13.55,0.18001999999999999,0.2,0.0,0.7334666666666666,0.18001999999999999,0,0,0,0,0,0,0,4473963008,0,-32.97158494526916,-345.168,-11.5708248,-29.22989357991964,nan,-25.3,0,Positive Market Sentiment.
MOHITIND.NS,MOHITIND.NS,Consumer Cyclical,Textile Manufacturing,27.0,0.1795175,0.0,0.14285714285714285,0.86345,0.1795175,0,0,0,0,-0.00654,40.091,0,380838752,0,-0.0694668847867943,2.459,-5.0326124,-12.346944934995129,nan,34.300000000000004,0,Positive Market Sentiment.
RPOWER.NS,RPOWER.NS,Utilities,Utilities - Independent Power Producers,33.18,0.17681199999999997,0.0,0.2857142857142857,0.51208,0.17681199999999997,0,23.02,-30.67,56.27119,0.01938,92.224,0,137338552320,0,15.080059675594931,20.777,-196.5312512,0.8159462197330214,45.147134640222795,12.2,-97.1,Overvalued by 30.67%. Balanced moderate growth candidate.
SAPPHIRE.NS,SAPPHIRE.NS,Consumer Cyclical,Restaurants,224.05,0.1760455,0.0,0.2857142857142857,0.50697,0.1760455,0,0,0,0,0.00017000001,99.226,0,71668391936,0,9.473766614054613,0.6520000300000001,112.4443776,18.787810130135885,-25.445636218824475,6.7,0,Balanced moderate growth candidate.
NDTV.NS,NDTV.NS,Communication Services,Broadcasting,91.99,0.175612,0.2,0.0,0.70408,0.175612,0,0,0,0,-5.39258,0,0,10391156736,0,-61.705021999981234,-53.734,-182.0032512,5.467231784330107,nan,9.8,0,Positive Market Sentiment.
SAGCEM.NS,SAGCEM.NS,Basic Materials,Building Materials,200.0,0.175,0.0,0.2857142857142857,0.5,0.175,0,0,0,0,-0.08926,93.295,0,26068592640,0,-3.9812988067522217,-0.72600003,79.4137472,11.312709168908363,nan,26.700000000000003,0,Balanced moderate growth candidate.
EMAMIPAP.NS,EMAMIPAP.NS,Basic Materials,Paper & Paper Products,83.27,0.175,0.0,0.2857142857142857,0.5,0.175,0,62.83,-23.98,34.58159,0.02664,101.476,0,5003411456,1.92,6.94778426657506,4.9910000000000005,46.1924992,-0.3715312450135899,-39.03702468510003,-9.0,-6.3,Overvalued by 23.98%. Balanced moderate growth candidate.
MBLINFRA.NS,MBLINFRA.NS,Industrials,Engineering & Construction,27.66,0.175,0.0,0.2857142857142857,0.5,0.175,0,0,0,0,-0.08364,98.238,0,4199130368,0,20.120347385805907,-66.293997,4.5420752,-7.925360141472049,981.7325208084073,52.1,-75.5,Balanced moderate growth candidate.
KAKATCEM.NS,KAKATCEM.NS,Basic Materials,Building Materials,120.06,0.175,0.0,0.2857142857142857,0.5,0.175,0,0,0,0,-0.13124,4.858,0,932862976,2.5,-3.716907925830668,-22.665001,10.5305504,-16.707332064520664,nan,15.299999999999999,0,Balanced moderate growth candidate.
RAJRILTD.NS,RAJRILTD.NS,Consumer Cyclical,Textile Manufacturing,21.18,0.175,0.0,0.2857142857142857,0.5,0.175,0,4.64,-78.18,43.34694,0.30111998,152.096,0,11960028160,0,5.678841381211233,3.474,-64.4054656,inf,-72.17369967436238,50.6,0,Overvalued by 78.18%. Balanced moderate growth candidate.
PRIMO.NS,PRIMO.NS,Basic Materials,Chemicals,22.05,0.175,0.0,0.2857142857142857,0.5,0.175,0,10.83,-51.02,69.09375,0.0257,40.547,0,5358208512,0,6.822854512537431,4.84,11.9413128,6.955443862127719,-60.82513668872096,0.3,-67.9,Overvalued by 51.02%. Balanced moderate growth candidate.
THEMISMED.NS,THEMISMED.NS,Healthcare,Drug Manufacturers - Specialty & Generic,95.65,0.175,0.0,0.2857142857142857,0.5,0.175,0,0,0,0,-0.06813,25.148,0,8970570752,0.52,9.968424932486226,-7.26,-11.3846496,0.7382983260279419,-25.75031782788264,-33.300000000000004,0,Balanced moderate growth candidate.
SUDARSCHEM.NS,SUDARSCHEM.NS,Basic Materials,Specialty Chemicals,911.85,0.175,0.0,0.2857142857142857,0.5,0.175,0,263.55,-71.0,132.8728,0.029260002,64.493,0,71446454272,0.49,2.5624493865202798,0.54900004,-1605.396992,14.90696489495269,-24.58122115962108,243.00000000000003,-64.7,Overvalued by 71.0%. Balanced moderate growth candidate.
USK.NS,USK.NS,Industrials,Engineering & Construction,21.45,0.175,0.0,0.2857142857142857,0.5,0.175,0,0,0,0,-0.06968,39.287,0,1198025472,0,-0.9904175731814621,6.2,4.95125,15.917125371115715,nan,-24.5,0,Balanced moderate growth candidate.
KARMAENG.NS,KARMAENG.NS,Utilities,Utilities - Renewable,45.98,0.175,0.0,0.2857142857142857,0.5,0.175,0,19.76,-57.31,96.416664,0.01353,4.177,0,535562688,0,4.177922906510046,23.592,-7.1577872,-31.8827099023693,-9.814571955369944,4.6,-38.9,Overvalued by 57.31%. Balanced moderate growth candidate.
SEPC.NS,SEPC.NS,Industrials,Engineering & Construction,8.95,0.175,0.0,0.2857142857142857,0.5,0.175,0,6.7,-25.31,40.772728,0.02379,19.359,0,17403217920,0,4.293092484003549,3.848,-359.048576,21.96173216957149,-54.49977568408541,38.9,100.0,Overvalued by 25.31%. Balanced moderate growth candidate.
ASAL.NS,ASAL.NS,Consumer Cyclical,Auto Parts,447.6,0.175,0.0,0.2857142857142857,0.5,0.175,0,46.61,-89.59,46.107105,1.8990101,717.719,0,7158076928,0,31.60017361005478,3.6140001999999996,-20.770088,8.460606904774526,-31.547280274337098,7.3999999999999995,2.6,Overvalued by 89.59%. Balanced moderate growth candidate.
WALCHANNAG.NS,WALCHANNAG.NS,Industrials,Engineering & Construction,161.3,0.175,0.0,0.2857142857142857,0.5,0.175,0,0,0,0,-0.27368,55.731,0,10973454336,0,-9.261842128493495,-11.221,-27.3975008,-4.667556632499781,nan,-23.7,0,Balanced moderate growth candidate.
NECLIFE.NS,NECLIFE.NS,Healthcare,Drug Manufacturers - Specialty & Generic,15.58,0.175,0.0,0.2857142857142857,0.5,0.175,0,0,0,0,-0.12687,64.007,0,3510186752,0,-5.49236575463142,-10.130999000000001,-597.8776576,0.02278519867726647,nan,-98.8,0,Balanced moderate growth candidate.
IFGLEXPOR.NS,IFGLEXPOR.NS,Basic Materials,Building Materials,193.93,0.175,0.0,0.2857142857142857,0.5,0.175,0,121.09,-37.39,46.83051,0.02654,19.053,0,13973975040,3.61,5.597530701079421,3.733,-73.1019136,9.838631426494192,-17.836128812216945,18.9,5.1,Overvalued by 37.39%. Balanced moderate growth candidate.
SUNDRMBRAK.NS,SUNDRMBRAK.NS,Consumer Cyclical,Auto Parts,634.75,0.175,0.0,0.2857142857142857,0.5,0.175,0,0,0,0,-0.01501,40.966,0,2484388864,0.24,6.558234405338983,-4.9289998,8.123,6.064196642249753,305.2921786851052,-6.3,0,Balanced moderate growth candidate.
MASKINVEST.NS,MASKINVEST.NS,Financial Services,Capital Markets,131.5,0.175,0.0,0.2857142857142857,0.5,0.175,0,0,0,0,-0.00023,0.826,0,401272256,0,0.04780235750694501,-18.181998999999998,-0.0113375,23.094566832661556,142.57580515192222,-92.4,0,Balanced moderate growth candidate.
GOLDTECH.NS,GOLDTECH.NS,Technology,Information Technology Services,47.12,0.175,0.0,0.2857142857142857,0.5,0.175,0,34.74,-25.69,38.31967,0.030669998,33.574,0,2446824960,0,14.23261781597491,0.059999997,-11.6952752,13.425728983734754,169.12439709371517,65.8,0,Overvalued by 25.69%. Balanced moderate growth candidate.
PRAJIND.NS,PRAJIND.NS,Industrials,Engineering & Construction,308.35,0.175,0.0,0.2857142857142857,0.5,0.175,0,95.66,-68.75,53.32753,0.08116,16.118,0,56364691456,1.95,22.969428060633373,3.4619999999999997,-162.3707136,11.595135702760452,13.368913969285433,3.1,-64.2,Overvalued by 68.75%. Balanced moderate growth candidate.
AROGRANITE.NS,AROGRANITE.NS,Industrials,Building Products & Equipment,28.72,0.175,0.0,0.2857142857142857,0.5,0.175,0,0,0,0,-0.013099999,80.851,0,440640000,0,1.7428072119194524,-9.866,25.1767872,-18.18216399570909,nan,-29.099999999999998,0,Balanced moderate growth candidate.
SFL.NS,SFL.NS,Consumer Cyclical,"Furnishings, Fixtures & Appliances",561.7,0.175,0.0,0.2857142857142857,0.5,0.175,0,175.69,-68.68,114.72393,0.01732,40.731,0,61121916928,0,5.347755833562654,4.299,-49.3987488,6.145189470526957,-23.81788288331692,7.7,-2.1999999999999997,Overvalued by 68.68%. Balanced moderate growth candidate.
PLAZACABLE.NS,PLAZACABLE.NS,Industrials,Electrical Equipment & Parts,39.42,0.175,0.0,0.2857142857142857,0.5,0.175,0,21.67,-44.72,49.620255,0.029790001,27.229,0,1721573120,0,4.534908962635335,1.9529999999999998,-21.9101248,7.26602781609611,-21.465200030788058,56.2,175.0,Overvalued by 44.72%. Balanced moderate growth candidate.
YASHO.NS,YASHO.NS,Basic Materials,Specialty Chemicals,1287.7,0.175,0.0,0.2857142857142857,0.5,0.175,0,292.09,-77.36,120.67353,0.03507,138.322,0,15581560832,0.04,6.726784414989319,10.809000000000001,-90.6478144,2.9785379206063833,-51.12296804000567,11.799999999999999,5.5,Overvalued by 77.36%. High Financial Strength (F-Score 7/9).
VALIANTLAB.NS,VALIANTLAB.NS,Healthcare,Drug Manufacturers - Specialty & Generic,57.39,0.175,0.0,0.2857142857142857,0.5,0.175,0,17.72,-69.12,260.86365,0.01847,16.944,0,3155631616,0,-0.37615884800262833,-0.9820000000000001,-75.7825472,-22.94370322694741,nan,115.10000000000001,0,Overvalued by 69.12%. Balanced moderate growth candidate.
LOVABLE.NS,LOVABLE.NS,Consumer Cyclical,Apparel Manufacturing,71.7,0.175,0.0,0.2857142857142857,0.5,0.175,0,63.46,-11.49,46.258064,0.01321,1.621,0,1061159936,0,-1.9050531820874546,-20.052,-1.130225,-24.28823508712028,-32.11976411820008,-12.7,0,Balanced moderate growth candidate.
KCPSUGIND.NS,KCPSUGIND.NS,Consumer Defensive,Confectioners,22.59,0.175,0.0,0.2857142857142857,0.5,0.175,0,0,0,0,-0.08234,13.03,0,2561368320,0.45,6.552154794083869,2.585,31.3173888,-0.9391026133135028,59.026902145889416,-8.9,-97.8,Balanced moderate growth candidate.
GLOSTERLTD.NS,GLOSTERLTD.NS,Consumer Cyclical,Textile Manufacturing,591.1,0.175,0.0,0.2857142857142857,0.5,0.175,0,431.63,-26.98,70.53699,0.00848,69.656,0,6468560896,3.43,1.3231991463567396,6.821000000000001,-508.0426496,-0.24657134905835543,nan,152.1,0,Overvalued by 26.98%. Balanced moderate growth candidate.
ABFRL.NS,ABFRL.NS,Consumer Cyclical,Apparel Manufacturing,72.8,0.1746235,0.0,0.2857142857142857,0.49749,0.1746235,0,0,0,0,-0.14866,84.682,0,88625192960,0,-1.9375264387209539,-12.937000000000001,900.74624,-3.3400384626359747,nan,-45.6,0,Balanced moderate growth candidate.
FOCUS.NS,FOCUS.NS,Consumer Cyclical,"Furnishings, Fixtures & Appliances",71.03,0.1692415,0.2,0.0,0.66161,0.1692415,0,18.32,-74.2,100.04225,0,0,0,4768657408,0.53,13.187445079051221,4.6680003,0,20.266316746085856,49.38977401965852,8.799999999999999,-65.8,Overvalued by 74.2%. Positive Market Sentiment.
OFSS.NS,OFSS.NS,Unknown,Unknown,7531.0,0.16516499999999998,0.2,0,0.6344333333333333,0.16516499999999998,0,0,0,0,0,0,0,0,0,0,0,0,0,0,0,0,Positive Market Sentiment.
TTML.NS,TTML.NS,Communication Services,Telecom Services,46.5,0.16074624999999998,0.0,0.2,0.604975,0.16074624999999998,0,0,0,0,0,0,0,91080081408,0,0,35.746,-732.489984,6.111327220125884,nan,-16.7,0,Positive Market Sentiment.
KALYANI.NS,KALYANI.NS,Consumer Cyclical,Auto & Truck Dealerships,138.09,0.1588075,0.0,0.2,0.59205,0.1588075,0,0,0,5.9215264,0,0,0,138090000,0,11.23543648534921,0,0,19.09867058014081,-2.125740234486495,0,0,Balanced moderate growth candidate.
RENUKA.NS,RENUKA.NS,Consumer Defensive,Confectioners,24.82,0.1581475,0.2,0.0,0.58765,0.1581475,0,0,0,0,0,0,0,52909985792,0,8.624163932368688,-7.01,-269.3143808,18.43206521584331,nan,5.0,0,Balanced moderate growth candidate.
GLOBALE.NS,GLOBALE.NS,Consumer Cyclical,Textile Manufacturing,12.46,0.1561,0.2,0.0,0.574,0.1561,0,0,0,0,-0.18201,107.309,0,134821568,0,-0.7167056983050688,-1.8319999999999999,-0.6241375,0,0,-83.8,0,Balanced moderate growth candidate.
SUVIDHAA.NS,SUVIDHAA.NS,Technology,Information Technology Services,3.45,0.1551425,0.0,0.14285714285714285,0.70095,0.1551425,0,0,0,0,-0.36733,3.774,0,761080320,0,-39.54543237574989,-177.0,0.391375,-36.074970104560876,nan,-70.8,0,Positive Market Sentiment.
ABB.NS,ABB.NS,Industrials,Specialty Industrial Machinery,4935.0,0.15192133333333332,0.0,0.16666666666666666,0.62392,0.15192133333333332,0,798.2,-83.83,59.178658,0,1.018,0,1045934505984,0.88,35.73875681940243,14.008999999999999,0,20.759512626116774,53.280561130943106,13.700000000000001,-7.1,Overvalued by 83.83%. Positive Market Sentiment.
INDIQUBE.NS,INDIQUBE.NS,Real Estate,Real Estate Services,198.19,0.1475455,0.2,0.0,0.51697,0.1475455,0,0,0,0,0,866.823,0,42276450304,0,50.269121728133115,19.451999999999998,0,45.46937031529341,nan,38.800000000000004,0,Balanced moderate growth candidate.
INDIGO.NS,INDIGO.NS,Industrials,Airlines,4749.0,0.14693049999999996,0.2,0.0,0.5128699999999999,0.14693049999999996,0,645.78,-86.4,57.230656,0,866.462,0,1835921178624,0.21,113.47755233609713,15.758,0,44.11723486844552,5.6112159257334815,6.2,-77.60000000000001,Overvalued by 86.4%. Balanced moderate growth candidate.
DELTAMAGNT.NS,DELTAMAGNT.NS,Consumer Cyclical,Textile Manufacturing,66.55,0.145,0.2,0.0,0.5,0.145,0,0,0,0,-0.48499,308.765,0,737945856,0,-14.46711083961947,-8.894,9.4437376,-11.394403573914557,nan,-28.000000000000004,0,Balanced moderate growth candidate.
HAVISHA.NS,HAVISHA.NS,Consumer Cyclical,Lodging,1.78,0.145,0.2,0.0,0.5,0.145,0,0,0,0,-0.23645,208.219,0,527418368,0,-0.4468932119793324,-10.767999,-7.4012624,25.674590150573962,nan,-29.7,0,Balanced moderate growth candidate.
TPHQ.NS,TPHQ.NS,Industrials,Engineering & Construction,0.62,0.145,0.2,0.0,0.5,0.145,0,0.53,-16.16,63.0,0.01192,0,0,701082240,0,3.555658193179043,0.54,-43.2740384,733.2496900175341,676.8388139922589,-64.9,0,Balanced moderate growth candidate.
SHYAMTEL.NS,SHYAMTEL.NS,Technology,Communication Equipment,12.09,0.145,0.2,0.0,0.5,0.145,0,0,0,0,0,0,0,136367008,0,0,-1449.849,12.3775872,-100.0,nan,0,0,Balanced moderate growth candidate.
ICDSLTD.NS,ICDSLTD.NS,Real Estate,Real Estate Services,42.05,0.145,0.2,0.0,0.5,0.145,0,0,0,48.895348,0,0,0,547772736,0,10.298261652611288,0,0,20.989125270216146,-37.82200019187818,0,0,Balanced moderate growth candidate.
TECILCHEM.NS,TECILCHEM.NS,Financial Services,Shell Companies,17.53,0.145,0.2,0.0,0.5,0.145,0,0,0,0,0,0,0,371517056,0,0,0,0,nan,nan,0,0,Balanced moderate growth candidate.
TNTELE.NS,TNTELE.NS,Technology,Communication Equipment,9.71,0.145,0.2,0.0,0.5,0.145,0,0,0,0,0,0,0,449501056,0,0,0,3.9220212,nan,nan,0,0,Balanced moderate growth candidate.
LYPSAGEMS.NS,LYPSAGEMS.NS,Consumer Cyclical,Luxury Goods,4.93,0.145,0.2,0.0,0.5,0.145,0,0,0,0,-0.62558,0,0,148017584,0,-51.56092511835474,1.37600005,14.867488,5.968321971450541,nan,159.8,512.5,Balanced moderate growth candidate.
RAMANEWS.NS,RAMANEWS.NS,Consumer Defensive,Beverages - Non-Alcoholic,30.54,0.145,0.2,0.0,0.5,0.145,0,0,0,0,-1.58258,0,0,4555480064,0,2.16591947786895,20.034,76.1056384,12.451145297527578,nan,-24.099999999999998,0,Balanced moderate growth candidate.
PRUDMOULI.NS,PRUDMOULI.NS,Consumer Defensive,Confectioners,18.95,0.145,0.0,0.2,0.5,0.145,0,0,0,12.227273,0,0,0,607305152,0,7.072606603823424,0,0,20.18707599678935,31.36864699307049,0,0,Balanced moderate growth candidate.
CPEDU.NS,CPEDU.NS,Consumer Defensive,Education & Training Services,244.2,0.145,0.0,0.2,0.5,0.145,0,0,0,20.34053,0,0,0,4455451136,2.05,40.662757235543815,0,0,120.10982094641487,318.40654792498134,0,0,Balanced moderate growth candidate.
FELDVR.NS,FELDVR.NS,Consumer Cyclical,Department Stores,3.15,0.145,0.2,0.0,0.5,0.145,0,0,0,0,-2.38273,0,0,1557061120,0,-33.7894890289953,-97.987,1364.0474624,0,0,-13.200000000000001,0,Balanced moderate growth candidate.
VARDMNPOLY.NS,VARDMNPOLY.NS,Consumer Cyclical,Textile Manufacturing,5.46,0.145,0.0,0.2,0.5,0.145,0,0,0,5.6979165,0,0,0,2510150144,0,19.801271496680013,14.602,-142.4536192,-32.54762942432502,-1.3719556626944907,-4.2,600.0,Balanced moderate growth candidate.
PARSVNATH.NS,PARSVNATH.NS,Real Estate,Real Estate - Development,9.57,0.145,0.2,0.0,0.5,0.145,0,0,0,0,0,0,0,4215990016,0,11.533956085839302,-64.342004,-499.5670016,-34.46510823951689,nan,14.7,0,Balanced moderate growth candidate.
GOACARBON.NS,GOACARBON.NS,Basic Materials,Specialty Chemicals,392.65,0.145,0.2,0.0,0.5,0.145,0,0,0,0,-0.21045,207.636,0,3595448320,4.37,-3.466634226760157,-10.462,-60.3583744,-12.781102900744068,nan,-13.900000000000002,0,Balanced moderate growth candidate.
TIPSFILMS.NS,TIPSFILMS.NS,Communication Services,Entertainment,412.2,0.145,0.2,0.0,0.5,0.145,0,0,0,0,-0.76641,453.425,0,1776273792,0,-18.458247003626486,-28.055000000000003,-117.2967168,3.4740515048988785,nan,13771.9,0,Balanced moderate growth candidate.
PEARLPOLY.NS,PEARLPOLY.NS,Consumer Cyclical,Packaging & Containers,21.73,0.145,0.2,0.0,0.5,0.145,0,0,0,0,-0.15285,0,0,365826176,0,-15.621070406342438,-35.18,-3.175875,16.23385971301865,nan,-8.7,0,Balanced moderate growth candidate.
LAKPRE.NS,LAKPRE.NS,Industrials,Tools & Accessories,4.84,0.145,0.2,0.0,0.5,0.145,0,0,0,0,-0.86243,0,0,110041912,0,0,8.817001,-2.481164,0,0,20.9,-9.9,Balanced moderate growth candidate.
CELEBRITY.NS,CELEBRITY.NS,Consumer Cyclical,Apparel Manufacturing,8.11,0.145,0.2,0.0,0.5,0.145,0,0,0,0,-1.04147,565.147,0,495754752,0,-17.116432281768656,-6.138,7.3025,-21.240156637717,nan,8.1,0,Balanced moderate growth candidate.
ESAFSFB.NS,ESAFSFB.NS,Financial Services,Banks - Regional,25.96,0.145,0.2,0.0,0.5,0.145,0,0,0,0,-0.2888,0,0,13415894016,2.31,-15.541695327274633,-59.650999999999996,0,22.96059826204886,nan,-12.3,0,Balanced moderate growth candidate.
RAYMONDREL.NS,RAYMONDREL.NS,Real Estate,Real Estate - Development,474.3,0.145,0.0,0.2,0.5,0.145,0,0,0,0,0,42.016,0,32969166848,0,0,12.4110006,0,0,0,207.9,-69.69999999999999,Balanced moderate growth candidate.
SETCO.NS,SETCO.NS,Consumer Cyclical,Auto Parts,14.34,0.145,0.0,0.2,0.5,0.145,0,0,0,0,0,0,0,1885050496,0,15.796234703925451,9.782,-90.942336,18.21453540497988,nan,12.0,0,Balanced moderate growth candidate.
OMAXE.NS,OMAXE.NS,Real Estate,Real Estate - Development,77.98,0.145,0.2,0.0,0.5,0.145,0,0,0,0,0,0,0,14167323648,0,-149.4082766524653,-55.271,175.0462464,42.77941910509762,nan,-17.599999999999998,0,Balanced moderate growth candidate.
NAGAFERT.NS,NAGAFERT.NS,Basic Materials,Agricultural Inputs,4.76,0.145,0.2,0.0,0.5,0.145,0,0,0,0,0,0,0,2870712320,0,0,-690.4010000000001,0,-36.07723427287084,52.10789214490852,-99.9,0,Balanced moderate growth candidate.
INFOMEDIA.NS,INFOMEDIA.NS,Financial Services,Shell Companies,6.25,0.145,0.2,0.0,0.5,0.145,0,0,0,0,0,0,0,316382528,0,0,88.158,0,nan,nan,0,0,Balanced moderate growth candidate.
KREBSBIO.NS,KREBSBIO.NS,Healthcare,Drug Manufacturers - Specialty & Generic,64.72,0.145,0.2,0.0,0.5,0.145,0,0,0,0,0,0,0,1413617408,0,-31.856643059833623,-105.819,-3.4929,-10.146130467508051,nan,-67.60000000000001,0,Balanced moderate growth candidate.
BLAL.NS,BLAL.NS,Financial Services,Shell Companies,205.3,0.145,0.2,0.0,0.5,0.145,0,0,0,0,0,0,0,8525878272,0,-30.562274516234833,0,0,nan,nan,0,0,Balanced moderate growth candidate.
ANSALAPI.NS,ANSALAPI.NS,Real Estate,Real Estate - Development,3.28,0.145,0.2,0.0,0.5,0.145,0,0,0,0,0,0,0,519862240,0,0,3.4979999999999998,0,-11.552289032265072,nan,71.0,572.1,Balanced moderate growth candidate.
ORISSAMINE.NS,ORISSAMINE.NS,Basic Materials,Other Industrial Metals & Mining,4839.5,0.145,0.2,0.0,0.5,0.145,0,0,0,0,0,0,0,28985999360,0,-20.562183422764054,27.37,-156.5614336,-7.888203466620347,nan,7.3999999999999995,297.0,Balanced moderate growth candidate.
VINEETLAB.NS,VINEETLAB.NS,Basic Materials,Chemicals,33.17,0.145,0.2,0.0,0.5,0.145,0,0,0,0,-0.74232,300.832,0,368286208,0,-30.98069831263358,14.681,4.5158876,-26.795836654425354,nan,-9.0,0,Balanced moderate growth candidate.
IMPEXFERRO.NS,IMPEXFERRO.NS,Basic Materials,Other Industrial Metals & Mining,1.76,0.145,0.2,0.0,0.5,0.145,0,0,0,0,0,0,0,158149248,0,0,0,1.6539375,-91.13557758232815,nan,0,0,Balanced moderate growth candidate.
NKIND.NS,NKIND.NS,Consumer Defensive,Household & Personal Products,65.91,0.145,0.2,0.0,0.5,0.145,0,0,0,0,0,0,0,442773312,0,0,-60.043,-1.4828,-8.647427987102441,nan,-57.599999999999994,0,Balanced moderate growth candidate.
CHEMBONDCH.NS,CHEMBONDCH.NS,Basic Materials,Specialty Chemicals,143.99,0.145,0.0,0.2,0.5,0.145,0,136.15,-5.13,11.950042,0,0,0,3860196608,0.52,24.255673573226062,12.815999999999999,0,-5.6979175943979605,30.64582207942763,-2.6,4.7,Balanced moderate growth candidate.
ALOKINDS.NS,ALOKINDS.NS,Consumer Cyclical,Textile Manufacturing,15.82,0.145,0.2,0.0,0.5,0.145,0,0,0,0,0,0,0,78401142784,0,-9.45361557785645,-6.766,22.9924992,-20.827120066726057,nan,6.3,0,Balanced moderate growth candidate.
FEL.NS,FEL.NS,Consumer Cyclical,Department Stores,0.46,0.145,0.2,0.0,0.5,0.145,0,0,0,0,-2.38273,0,0,404474656,0,-33.7894890289953,-97.987,1364.0474624,0,0,-13.200000000000001,0,Balanced moderate growth candidate.
BFUTILITIE.NS,BFUTILITIE.NS,Industrials,Infrastructure Operations,524.3,0.145,0.0,0.2,0.5,0.145,0,217.38,-58.54,13.357962,0,0,0,19765565440,0,49.79370454750001,-38.112,0,17.65666939166104,42.31463917741698,-97.1,-82.69999999999999,Overvalued by 58.54%. Balanced moderate growth candidate.
TVVISION.NS,TVVISION.NS,Communication Services,Broadcasting,6.46,0.145,0.2,0.0,0.5,0.145,0,0,0,0,0,0,0,256330944,0,0,-167.38299,6.8122872,-12.786360230029125,nan,-52.900000000000006,0,Balanced moderate growth candidate.
SELMC.NS,SELMC.NS,Consumer Cyclical,Textile Manufacturing,28.57,0.145,0.2,0.0,0.5,0.145,0,0,0,0,0,0,0,947930752,0,-8.111285302921596,-446.83599999999996,31.3075488,-57.83795716201896,nan,8.7,0,Balanced moderate growth candidate.
KOHINOOR.NS,KOHINOOR.NS,Consumer Defensive,Packaged Foods,24.27,0.145,0.0,0.2,0.5,0.145,0,0,0,0.24684703,0,0,0,900820992,0,340.95292145703604,-4.8660003,148.7524224,-4.182371639346538,286.479444287438,106.5,0,Balanced moderate growth candidate.
PIRAMALFIN.NS,PIRAMALFIN.NS,Financial Services,Credit Services,1789.0,0.145,0.2,0.0,0.5,0.145,0,63.98,-96.42,65.603226,0,261.148,0,403879198720,0,7.797994446911666,8.988,0,15.857441696594021,nan,51.9,0,Overvalued by 96.42%. Balanced moderate growth candidate.
FLEXITUFF.NS,FLEXITUFF.NS,Consumer Cyclical,Textile Manufacturing,11.29,0.145,0.2,0.0,0.5,0.145,0,0,0,0,0,0,0,376161888,0,163.4220508231642,-168.067,32.323936,-36.859466747724866,39.92013627372331,-93.30000000000001,0,Balanced moderate growth candidate.
GVKPIL.NS,GVKPIL.NS,Utilities,Utilities - Independent Power Producers,2.97,0.145,0.2,0.0,0.5,0.145,0,0,0,0,-2.7135599,0,0,4690254848,0,38.9558641381139,-191.66701,-1261.3812224,-2.22810263283284,-40.21956063638804,-99.7,0,Balanced moderate growth candidate.
MARALOVER.NS,MARALOVER.NS,Consumer Cyclical,Textile Manufacturing,39.57,0.145,0.2,0.0,0.5,0.145,0,0,0,0,-0.24774,447.299,0,1642471552,0,2.107089737233515,0.541,50.5694496,-0.34668398732270456,nan,-7.9,0,Balanced moderate growth candidate.
AGRITECH.NS,AGRITECH.NS,Consumer Defensive,Farm Products,137.73,0.145,0.2,0.0,0.5,0.145,0,0,0,0,0,0,0,819085504,0,-1.1110556326705878,0,0,-14.120236726737645,nan,0,0,Balanced moderate growth candidate.
JPASSOCIAT.NS,JPASSOCIAT.NS,Industrials,Conglomerates,3.09,0.145,0.2,0.0,0.5,0.145,0,0,0,0,0,0,0,7815812608,0,-13.376101110685562,-10.373000000000001,-968.1887232,-0.14259097874826931,nan,-49.1,0,Balanced moderate growth candidate.
EDUCOMP.NS,EDUCOMP.NS,Consumer Defensive,Education & Training Services,1.01,0.145,0.2,0.0,0.5,0.145,0,0,0,0,0,0,0,123691840,0,0,-220.28300000000002,0.267,37.919249473763195,nan,-14.799999999999999,0,Balanced moderate growth candidate.
GKSL.NS,GKSL.NS,Healthcare,Medical Care Facilities,106.66,0.145,0.2,0.0,0.5,0.145,0,14.93,-86.01,49.152073,0,0,0,8409421312,0,48.32603214222041,23.938000000000002,0,0,0,97.2,0,Overvalued by 86.01%. Balanced moderate growth candidate.
AARNAV.NS,AARNAV.NS,,,21.85,0.145,0.0,0.2,0.5,0.145,0,0,0,0,0,52.66,0,0,0,0,4.935,0,0,0,4.3,-56.89999999999999,Balanced moderate growth candidate.
63MOONS.NS,63MOONS.NS,Technology,Software - Application,678.55,0.1448575,0.0,0.2857142857142857,0.29905000000000004,0.1448575,0,0,0,0,-0.01773,0.148,0,31344492544,0.18,-1.6016937057477976,-461.615,-120.046208,-33.57710114789227,nan,-46.6,0,Balanced moderate growth candidate.
EXICOM.NS,EXICOM.NS,Industrials,Electrical Equipment & Parts,104.85,0.144119,0.0,0.14285714285714285,0.62746,0.144119,0,0,0,0,-0.35738,78.314,0,14555874304,0,-6.227403987629472,-21.207,-379.1684864,0.9714356263933244,nan,83.7,0,Positive Market Sentiment.
SUPREME.NS,SUPREME.NS,Real Estate,Real Estate - Development,68.17,0.138461,0.0,0.14285714285714285,0.58974,0.138461,0,49.19,-28.17,91.32,0.00524,1.06,0,2646922752,0,2.4125260183089416,-740.687,-5.7823124,-4.648847549798796,-6.599721728819752,-99.6,-93.60000000000001,Overvalued by 28.17%. Balanced moderate growth candidate.
RBA.NS,RBA.NS,Consumer Cyclical,Restaurants,64.11,0.13704499999999997,0.2,0.0,0.4469666666666667,0.13704499999999997,0,0,0,0,-0.34268,229.249,0,37359902720,0,-5.971501557963553,-3.691,-88.9577472,19.445070687184973,nan,11.200000000000001,0,Balanced moderate growth candidate.
BLUESTONE.NS,BLUESTONE.NS,Consumer Cyclical,Luxury Goods,465.5,0.1339,0.2,0.0,0.426,0.1339,0,0,0,0,0,113.663,0,70708944896,0,-0.9030906202134167,-1.908,0,56.547174604288955,nan,37.6,0,Balanced moderate growth candidate.
ITCHOTELS.NS,ITCHOTELS.NS,Consumer Cyclical,Resorts & Casinos,180.98,0.13336333333333333,0.0,0.16666666666666666,0.5002,0.13336333333333333,0,66.02,-63.52,49.719776,0,0.724,0,377161809920,0,8.330395046094479,29.483998,0,0,0,0,15649.100000000002,Overvalued by 63.52%. Balanced moderate growth candidate.
DEVX.NS,DEVX.NS,Real Estate,Real Estate Services,38.52,0.13333333333333333,0.0,0.16666666666666666,0.5,0.13333333333333333,0,14.76,-62.03,107.97221,0,177.212,0,3505588736,0,25.77110434237583,22.438,0,72.62831337237901,-38.542102716376434,50.4,-73.5,Overvalued by 62.03%. Balanced moderate growth candidate.
DPSCLTD.NS,DPSCLTD.NS,Utilities,Utilities - Regulated Electric,9.58,0.13333333333333333,0.0,0.16666666666666666,0.5,0.13333333333333333,0,2.85,-70.27,239.75002,0,17.775,0,9338642432,0.52,3.357309858445311,-1.95,0,3.783329084977627,-22.98527651121425,-4.7,0,Overvalued by 70.27%. Balanced moderate growth candidate.
ALKALI.NS,ALKALI.NS,Basic Materials,Specialty Chemicals,75.93,0.13333333333333333,0.0,0.16666666666666666,0.5,0.13333333333333333,0,0,0,0,-0.060879998,0,0,775818944,0.66,-9.217490873889837,-0.9560000000000001,2.4146876,-3.2957326704452172,nan,5.3,0,Balanced moderate growth candidate.
SRD.NS,SRD.NS,Basic Materials,Specialty Chemicals,60.36,0.13333333333333333,0.0,0.16666666666666666,0.5,0.13333333333333333,0,0,0,0,0,16.288,0,3845043200,0.08,12.798893265612326,5.034000000000001,0,9.827681271199395,-25.055642533734012,23.799999999999997,22.2,Balanced moderate growth candidate.
CPPLUS.NS,CPPLUS.NS,Industrials,Building Products & Equipment,1401.2,0.13333333333333333,0.0,0.16666666666666666,0.5,0.13333333333333333,0,232.28,-83.47,82.890854,0,8.041,0,165150752768,0,33.27197984166313,10.644,0,23.649358714213786,53.61498512547005,37.5,-72.5,Overvalued by 83.47%. Balanced moderate growth candidate.
NETWORK18.NS,NETWORK18.NS,Communication Services,Entertainment,40.92,0.13333333333333333,0.0,0.16666666666666666,0.5,0.13333333333333333,0,0,0,0,0,64.359,0,63261999104,0,-17.216938847874676,-1.7129999999999999,0,5.337924037298425,nan,-59.3,0,Balanced moderate growth candidate.
ODIGMA.NS,ODIGMA.NS,Communication Services,Advertising Agencies,28.93,0.13333333333333333,0.0,0.16666666666666666,0.5,0.13333333333333333,0,7.88,-72.83,207.14285,0.0071799997,0,0,908884224,0,1.0256904107830118,-1.429,-6.2884376,125.55408619634565,25.152486941247076,49.4,100.0,Overvalued by 72.83%. Balanced moderate growth candidate.
SCHAEFFLER.NS,SCHAEFFLER.NS,Consumer Cyclical,Auto Parts,3640.4,0.13333333333333333,0.0,0.16666666666666666,0.5,0.13333333333333333,0,732.04,-79.89,53.23779,0,1.012,0,569007865856,0.77,24.0175613889394,15.118,0,13.98118433933484,14.276197650289157,15.0,22.5,Overvalued by 79.89%. Balanced moderate growth candidate.
KSB.NS,KSB.NS,Industrials,Specialty Industrial Machinery,693.4,0.13333333333333333,0.0,0.16666666666666666,0.5,0.13333333333333333,0,172.96,-75.06,45.92053,0,0.3,0,120678793216,0.59,22.443666475914767,10.776,0,19.383976852587104,18.323471852348195,5.4,9.3,Overvalued by 75.06%. Balanced moderate growth candidate.
MODINATUR.NS,MODINATUR.NS,Consumer Defensive,Packaged Foods,319.05,0.13333333333333333,0.0,0.16666666666666666,0.5,0.13333333333333333,0,257.1,-19.42,11.614489,0,106.715,0,4245405696,0,17.891209055431222,8.0579996,0,10.417348800698555,49.07333417915724,-2.8000000000000003,28.599999999999998,Balanced moderate growth candidate.
WESTLIFE.NS,WESTLIFE.NS,Consumer Cyclical,Restaurants,496.45,0.133151,0.0,0.14285714285714285,0.5543399999999999,0.133151,0,46.78,-90.55,203.7037,0.061539996,266.799,0,77037395968,0.3,15.189563763653297,1.4830001000000002,13.5069376,16.715828447541114,93.90901999776557,3.5999999999999996,8800.0,Overvalued by 90.55%. Balanced moderate growth candidate.
WAKEFIT.NS,WAKEFIT.NS,Consumer Cyclical,"Furnishings, Fixtures & Appliances",172.12,0.13208233333333333,0.0,0.16666666666666666,0.49166,0.13208233333333333,0,31.12,-81.9,136.42857,0,49.699,0,56181846016,0,-1.088714905500424,7.515,0,0,0,9.4,0,Overvalued by 81.9%. Balanced moderate growth candidate.
GODREJCP.NS,GODREJCP.NS,Consumer Defensive,Household & Personal Products,1171.8,0.12948395833333332,0.0,0.16666666666666666,0.47433749999999997,0.12948395833333332,0,218.46,-81.36,65.68386,0,33.818,0,1199038136320,1.7,18.78250576131169,19.858999999999998,0,5.473763054618219,1.2717543033310186,8.799999999999999,0,Overvalued by 81.36%. Balanced moderate growth candidate.
ESSARSHPNG.NS,ESSARSHPNG.NS,Industrials,Marine Shipping,24.97,0.1280275,0.0,0.2,0.38685,0.1280275,0,0,0,8.129033,0,0,0,5217828864,0,0,-33800.0,-6.28625,-92.27552460056195,103.35775947986372,-100.0,0,Balanced moderate growth candidate.
HALDER.NS,HALDER.NS,Consumer Defensive,Farm Products,249.91,0.1280275,0.2,0.0,0.38685,0.1280275,0,13.84,-94.46,3571.4285,0,199.222,0,3109533696,0,15.548533359896597,18.708,0,-1.3649954727243507,-2.263124218038748,-59.199999999999996,-2.3,Overvalued by 94.46%. Balanced moderate growth candidate.
RKDL.NS,RKDL.NS,Consumer Defensive,Beverages - Wineries & Distilleries,22.02,0.125,0.0,0.14285714285714285,0.5,0.125,0,5.3,-75.92,367.00003,0.00285,101.046,0,528480000,0,0.323618702878944,0.89300005,1.118475,52.37924292147562,-78.46233063917627,-49.6,0,Overvalued by 75.92%. Balanced moderate growth candidate.
UGARSUGAR.NS,UGARSUGAR.NS,Consumer Defensive,Confectioners,40.39,0.125,0.0,0.14285714285714285,0.5,0.125,0,17.28,-57.28,46.494255,0.05849,256.285,0,4550625280,0.55,2.497174533731846,-3.898,-5.4372876,6.0675220996051715,nan,73.6,0,Overvalued by 57.28%. Balanced moderate growth candidate.
ABMINTLLTD.NS,ABMINTLLTD.NS,Basic Materials,Specialty Chemicals,36.85,0.125,0.0,0.14285714285714285,0.5,0.125,0,0,0,0,-0.28386998,109.454,0,346684800,0,-5.90871828721694,-4.44,5.6403248,-14.205143770016694,nan,-37.4,0,Balanced moderate growth candidate.
GTECJAINX.NS,GTECJAINX.NS,Consumer Defensive,Education & Training Services,21.8,0.125,0.0,0.14285714285714285,0.5,0.125,0,0,0,0,-0.98508,62.029,0,222631824,0,-136.40058055152394,6.583,0.77985,16.331034012145818,nan,-0.7000000000000001,1400.2,Balanced moderate growth candidate.
KSHITIJPOL.NS,KSHITIJPOL.NS,Industrials,Business Equipment & Supplies,2.33,0.125,0.0,0.14285714285714285,0.5,0.125,0,0,0,0,-0.11685,18.781,0,207371104,0,-12.774877076092702,-0.20600000000000002,-5.1704124,2.392453067386713,nan,-8.5,0,Balanced moderate growth candidate.
KANORICHEM.NS,KANORICHEM.NS,Basic Materials,Chemicals,71.64,0.125,0.0,0.14285714285714285,0.5,0.125,0,0,0,0,-0.16405001,61.61,0,3128442624,0,-5.061882198250849,-1.201,71.3644992,3.645503075233525,nan,-43.8,0,Balanced moderate growth candidate.
CTE.NS,CTE.NS,Technology,Information Technology Services,34.95,0.125,0.0,0.14285714285714285,0.5,0.125,0,0,0,0,-0.21295999,117.654,0,674026240,0,-24.678757310064782,-7.3389999999999995,-22.5809552,21.015373225374834,nan,2.5,0,Balanced moderate growth candidate.
ANDHRAPAP.NS,ANDHRAPAP.NS,Basic Materials,Paper & Paper Products,64.83,0.125,0.0,0.14285714285714285,0.5,0.125,0,47.4,-26.39,62.524277,0.010620001,13.63,0,12805952512,1.54,5.971309221599964,-9.314,-297.1317248,3.653183900388224,-13.989253280936786,-16.2,0,Overvalued by 26.39%. Balanced moderate growth candidate.
SWSOLAR.NS,SWSOLAR.NS,Technology,Solar,198.09,0.125,0.0,0.14285714285714285,0.5,0.125,0,0,0,0,-0.51939,266.51,0,46403903488,0,13.44437865791997,0.068000006,503.4162688,6.6237847334919,-55.25932877499813,69.69999999999999,0,Balanced moderate growth candidate.
ASTEC.NS,ASTEC.NS,Basic Materials,Agricultural Inputs,651.5,0.125,0.0,0.14285714285714285,0.5,0.125,0,0,0,0,-0.32265,88.605,0,14750459904,0,-13.266795837723885,-23.23,-66.6630016,-17.398705628695353,nan,-25.2,0,Balanced moderate growth candidate.
KOTARISUG.NS,KOTARISUG.NS,Consumer Defensive,Confectioners,26.22,0.125,0.0,0.14285714285714285,0.5,0.125,0,0,0,0,-0.00448,17.173,0,2187429632,0,6.0089270625662525,-17.023,-57.5692992,-9.659918034265157,-32.5888933375981,-33.0,0,Balanced moderate growth candidate.
ALBERTDAVD.NS,ALBERTDAVD.NS,Healthcare,Drug Manufacturers - Specialty & Generic,710.85,0.125,0.0,0.14285714285714285,0.5,0.125,0,0,0,0,-0.03737,10.514,0,4071535360,0.7,6.340877732635816,0.358,-44.4829376,3.1856439876585707,-21.278065260002144,-11.4,0,Balanced moderate growth candidate.
SHANTI.NS,SHANTI.NS,Consumer Defensive,Farm Products,8.02,0.125,0.0,0.14285714285714285,0.5,0.125,0,0,0,0,-0.15116,38.071,0,88625880,0,-27.27109753150892,1.3359999,-5.1858124,-50.434072549752585,nan,29.299999999999997,0,Balanced moderate growth candidate.
BAJAJHIND.NS,BAJAJHIND.NS,Consumer Defensive,Confectioners,17.83,0.125,0.0,0.14285714285714285,0.5,0.125,0,0,0,0,-0.04,87.126,0,22176632832,0,1.1850155852098543,-9.345,-405.7999872,-0.36589856618572947,nan,-0.2,0,Balanced moderate growth candidate.
PALASHSECU.NS,PALASHSECU.NS,Consumer Defensive,Packaged Foods,101.27,0.125,0.0,0.14285714285714285,0.5,0.125,0,0,0,0,-0.028080001,6.863,0,1007966784,0,-2.375735829832886,-1.276,-29.5216128,-3.422218611928618,nan,62.0,0,Balanced moderate growth candidate.
DANGEE.NS,DANGEE.NS,Consumer Cyclical,Restaurants,3.41,0.125,0.0,0.14285714285714285,0.5,0.125,0,0,0,0,-0.036259998,121.846,0,526594528,0,4.950801719036057,3.3640000000000003,1.9203124,9.277212347927444,nan,2.1999999999999997,0,Balanced moderate growth candidate.
ORIENTPPR.NS,ORIENTPPR.NS,Basic Materials,Paper & Paper Products,22.02,0.125,0.0,0.14285714285714285,0.5,0.125,0,0,0,0,-0.01538,16.377,0,4689299968,0.86,-2.9200940554019255,-23.250999999999998,-81.0873728,14.874200899538593,nan,-4.0,0,Balanced moderate growth candidate.
HBSL.NS,HBSL.NS,Financial Services,Capital Markets,69.33,0.125,0.0,0.14285714285714285,0.5,0.125,0,0,0,0,-0.15645,13.379,0,496181472,1.44,-9.287506010346485,-303.32,-8.6391872,7.098428588172467,nan,-79.60000000000001,0,Balanced moderate growth candidate.
IL&FSTRANS.NS,IL&FSTRANS.NS,Industrials,Infrastructure Operations,2.86,0.12317799999999998,0.2,0.0,0.35452,0.12317799999999998,0,0,0,0,0,385.701,0,967142528,0,0,34.367999999999995,-517.6137728,0,0,76.0,0,Balanced moderate growth candidate.
RCOM.NS,RCOM.NS,Communication Services,Telecom Services,1.05,0.11183499999999999,0.2,0.0,0.27890000000000004,0.11183499999999999,0,0,0,0,0,0,0,2930298112,0,0,-94.253,10049.4999552,-13.648594316011275,nan,-1.0999999999999999,0,Balanced moderate growth candidate.
MADHAV.NS,MADHAV.NS,Industrials,Building Products & Equipment,39.71,0.10450999999999999,0.0,0.14285714285714285,0.3634,0.10450999999999999,0,0,0,0,-0.01459,8.785,0,362085088,0,-0.2712961589112186,-20.297001,2.931594,-16.41560463710352,nan,15.4,0,Balanced moderate growth candidate.
SPANDANA.NS,SPANDANA.NS,Financial Services,Credit Services,242.45,0.0972,0.0,0.0,0.648,0.0972,0,0,0,0,-0.51758,147.688,0,21490647040,0,-16.618588989548382,236.16100000000003,0,15.980672905250692,nan,0,0,Positive Market Sentiment.
RHFL.NS,RHFL.NS,Financial Services,Mortgage Finance,2.77,0.0972,0.0,0.0,0.648,0.0972,0,0,0,0,0,0,0,1356490112,0,0,431.952,0,-89.57870587268044,-83.55917558774826,0,0,Positive Market Sentiment.
DISHTV.NS,DISHTV.NS,Communication Services,Entertainment,3.83,0.09590249999999999,0.0,0.0,0.63935,0.09590249999999999,0,0,0,0,0,0,0,7066551296,0,0,-24.663,227.1375104,-17.575221703909328,nan,-26.400000000000002,0,Positive Market Sentiment.
SWANDEF.NS,SWANDEF.NS,Industrials,Aerospace & Defense,2020.8,0.0945125,0.0,0.0,0.6300833333333333,0.0945125,0,0,0,0,0,1067.325,0,106460094464,0,-5.887676456568768,-605.8589999999999,0,3.6352365770191186,nan,189.3,0,Positive Market Sentiment.
RTNINDIA.NS,RTNINDIA.NS,Consumer Cyclical,Internet Retail,38.64,0.09362749999999999,0.0,0.0,0.6241833333333333,0.09362749999999999,0,0,0,0,-0.33999002,107.296,0,53509394432,0,13.261240467345356,0.827,1053.5530496,677.8711296889386,-46.57968351659558,18.0,0,Positive Market Sentiment.
ADANIGREEN.NS,ADANIGREEN.NS,Utilities,Utilities - Renewable,822.9,0.08570399999999999,0.0,0.0,0.57136,0.08570399999999999,0,148.37,-81.97,96.24561,0,296.223,0,1355461296128,0,7.817661796332838,51.757,0,29.748976776100513,43.467251409479026,10.7,0,Overvalued by 81.97%. Balanced moderate growth candidate.
SUVEN.NS,SUVEN.NS,Healthcare,Drug Manufacturers - Specialty & Generic,154.49,0.08504749999999998,0.0,0.0,0.5669833333333333,0.08504749999999998,0,0,0,0,-0.89414,0,0,35326746624,0,-146.1069873839406,-8821.572999999999,-132.7077888,-17.479163541505926,nan,-64.3,0,Balanced moderate growth candidate.
NFL.NS,NFL.NS,Basic Materials,Agricultural Inputs,83.25,0.0781325,0.0,0.14285714285714285,0.18755,0.0781325,0,50.29,-39.6,38.725582,0.04123,176.918,0,40908046336,1.87,9.285207934493313,0.43099998000000006,-3082.591232,6.3049348441902575,24.594706380555742,54.0,0,Overvalued by 39.6%. Balanced moderate growth candidate.
WILLAMAGOR.NS,WILLAMAGOR.NS,Financial Services,Credit Services,28.05,0.075,0.0,0.0,0.5,0.075,0,0,0,0,0,0,0,307325888,0,-70.33757641479664,52.010999999999996,0,-52.232670772126546,nan,-2.9000000000000004,0,Balanced moderate growth candidate.
AGSTRA.NS,AGSTRA.NS,Technology,Software - Infrastructure,3.93,0.075,0.0,0.0,0.5,0.075,0,0,0,0,0,199.958,0,512533984,0,0.07693520120973972,-103.956,0,-5.792778207781013,nan,-43.9,0,Balanced moderate growth candidate.
LOYALTEX.NS,LOYALTEX.NS,Consumer Cyclical,Textile Manufacturing,200.39,0.075,0.0,0.0,0.5,0.075,0,0,0,0,-0.06112,137.189,0,1042028160,0,-4.468320502488727,-12.962000000000002,10.9148376,-27.47730113347672,nan,-42.5,0,Balanced moderate growth candidate.
DCMFINSERV.NS,DCMFINSERV.NS,Financial Services,Credit Services,4.85,0.075,0.0,0.0,0.5,0.075,0,0,0,0,0,0,0,107641208,0,-3.4118281502786263,-565.49797,0,-100.0,nan,-66.2,0,Balanced moderate growth candidate.
RSSOFTWARE.NS,RSSOFTWARE.NS,Technology,Information Technology Services,45.8,0.075,0.0,0.0,0.5,0.075,0,0,0,0,-0.18381001,0,0,1188235776,0.56,17.390387594682924,-99.44100399999999,-4.4806248,27.703443632961978,-16.747271828649968,-64.7,0,Balanced moderate growth candidate.
GLOBALVECT.NS,GLOBALVECT.NS,Industrials,Airports & Air Services,184.3,0.075,0.0,0.0,0.5,0.075,0,0,0,0,-0.71669996,14097.473,0,2568999936,0,26.13415577158007,-11.4259996,-97.0406016,17.24180777540072,nan,-5.4,0,Balanced moderate growth candidate.
MALUPAPER.NS,MALUPAPER.NS,Basic Materials,Paper & Paper Products,33.97,0.075,0.0,0.0,0.5,0.075,0,0,0,0,0,0,0,581106816,0,-4.378717576894456,-8.004,2.2983376,9.462245154319815,nan,-12.8,0,Balanced moderate growth candidate.
CENTRUM.NS,CENTRUM.NS,Financial Services,Financial Conglomerates,26.77,0.075,0.0,0.0,0.5,0.075,0,0,0,0,-0.088470004,307.801,0,11935003648,0,21.980997006377716,-217.17,0,59.18929080230262,nan,-48.699999999999996,0,Balanced moderate growth candidate.
EMAMIREAL.NS,EMAMIREAL.NS,Real Estate,Real Estate - Development,77.76,0.075,0.0,0.0,0.5,0.075,0,0,0,0,0,0,0,3421235200,0,-2.058175306487901,-266.49702,60.2891264,-25.216216210775745,nan,52.800000000000004,0,Balanced moderate growth candidate.
ABLBL.NS,ABLBL.NS,Consumer Cyclical,Apparel Retail,117.8,0.075,0.0,0.0,0.5,0.075,0,0,0,0,0,266.809,0,144118874112,0,0,5.289,0,0,0,3.6999999999999997,0,Balanced moderate growth candidate.
BLUECOAST.NS,BLUECOAST.NS,Consumer Cyclical,Lodging,30.26,0.075,0.0,0.0,0.5,0.075,0,0,0,0,0,0,0,512163264,0,0,28.262999999999998,-0.9286875,nan,186.32019476974423,0,0,Balanced moderate growth candidate.
MTEDUCARE.NS,MTEDUCARE.NS,Consumer Defensive,Education & Training Services,1.64,0.075,0.0,0.0,0.5,0.075,0,0,0,0,-3.7745402,0,0,120170736,0,-5.604444052552685,11.969000000000001,-45.9620512,-6.7026545568065865,nan,7.5,0,Balanced moderate growth candidate.
AKSHOPTFBR.NS,AKSHOPTFBR.NS,Technology,Communication Equipment,5.95,0.075,0.0,0.0,0.5,0.075,0,0,0,0,-1.79515,0,0,966425920,0,-15.169813454174614,-3.8440000000000003,-23.651912,-25.157310248456575,nan,19.400000000000002,0,Balanced moderate growth candidate.
21STCENMGM.NS,21STCENMGM.NS,Financial Services,Capital Markets,44.65,0.075,0.0,0.0,0.5,0.075,0,0,0,0,-0.28151,0,0,468825024,4.15,38.33678994146636,109.396,18.604312,17.84725638564202,-5.581925802362786,0,0,Balanced moderate growth candidate.
COMPINFO.NS,COMPINFO.NS,Technology,Electronics & Computer Distribution,1.47,0.075,0.0,0.0,0.5,0.075,0,0,0,0,0,292.783,0,130528912,0,-88.23170895444052,-35.296002,82.0061248,-81.16277932131032,nan,-69.8,0,Balanced moderate growth candidate.
TIL.NS,TIL.NS,Industrials,Farm & Heavy Construction Machinery,253.0,0.075,0.0,0.0,0.5,0.075,0,0,0,0,0,379.131,0,16881628160,0,8.49967254192887,1.865,0,68.83238674944023,-81.21090629106126,15.7,0,Balanced moderate growth candidate.
EIHAHOTELS.NS,EIHAHOTELS.NS,Unknown,Unknown,341.65,0.075,0.0,0,0.5,0.075,0,0,0,0,0,0,0,0,0,0,0,0,0,0,0,0,Balanced moderate growth candidate.
HMT.NS,HMT.NS,Industrials,Farm & Heavy Construction Machinery,45.42,0.075,0.0,0.0,0.5,0.075,0,0,0,0,0,0,0,54244327424,0,0,-89.585996,-40.7618112,-6.791360739689556,nan,-37.9,0,Balanced moderate growth candidate.
SHRENIK.NS,SHRENIK.NS,Basic Materials,Paper & Paper Products,0.42,0.075,0.0,0.0,0.5,0.075,0,0,0,0,0,0,0,257039984,0,1.7591800338166312,-3.879,-0.582975,0,0,75.7,0,Balanced moderate growth candidate.
FCSSOFT.NS,FCSSOFT.NS,Technology,Information Technology Services,1.74,0.075,0.0,0,0.5,0.075,0,0,0,Infinity,0.00104,0,0,3008813568,0,2.354020872942033,-14.745,12.0850376,2.0083848187058884,314.72013238326235,-11.700000000000001,0,Balanced moderate growth candidate.
SITINET.NS,SITINET.NS,Communication Services,Entertainment,0.33,0.075,0.0,0.0,0.5,0.075,0,0,0,0,0,0,0,306545888,0,0,-9.5790006,0,-6.107478829229606,nan,-12.2,0,Balanced moderate growth candidate.
BALKRISHNA.NS,BALKRISHNA.NS,Consumer Cyclical,Packaging & Containers,16.63,0.075,0.0,0.0,0.5,0.075,0,0,0,0,0,0,0,535810784,0,0,-18.153,-10.3386496,-78.63040257384533,20.423936228848483,0,0,Balanced moderate growth candidate.
MUKTAARTS.NS,MUKTAARTS.NS,Communication Services,Entertainment,55.85,0.075,0.0,0.0,0.5,0.075,0,0,0,0,0,0,0,1305579008,0,-7.2923930764828375,-2.881,-24.639448,6.524464013318343,nan,8.6,0,Balanced moderate growth candidate.
RADAAN.NS,RADAAN.NS,Communication Services,Entertainment,3.0,0.075,0.0,0.0,0.5,0.075,0,0,0,0,0,0,0,164902544,0,14.465054543020948,-38.157000000000004,-4.8178376,32.224438650576495,-57.74306161721361,-14.7,0,Balanced moderate growth candidate.
SKFINDUS.NS,SKFINDUS.NS,Industrials,Tools & Accessories,2419.4,0.075,0.0,0.0,0.5,0.075,0,0,0,0,0,0,0,121167503360,0,0,0,0,0,0,0,0,Balanced moderate growth candidate.
SPENCERS.NS,SPENCERS.NS,Consumer Cyclical,Department Stores,38.28,0.05982749999999999,0.0,0.0,0.39885,0.05982749999999999,0,0,0,0,0,0,0,3483464704,0,-34.43424607501687,-6.027,-152.3612288,-4.748105751490006,nan,-14.099999999999998,0,Balanced moderate growth candidate.
